Contract testCommand failure log
Command: npm run typecheck && SPINE_WORKER_STUB=1 npm test -- tests/doctor/inherit-provider-auth.test.mjs && npm run coverage:check
Exit code: 1
Attempt: 1 of 2
Timestamp: 2026-07-05T10:01:21.376Z
Buffer overflow: no
---

> pi-spine@1.5.0 typecheck
> tsc --project tsconfig.json --noEmit && tsc --project tsconfig.batch.json --noEmit


> pi-spine@1.5.0 test
> SPINE_SUPPRESS_JOURNAL_ATTACH=1 node --experimental-strip-types --test tests/*.test.mjs tests/cli/*.test.mjs tests/compat/*.test.mjs tests/tasks/*.test.mjs tests/config/*.test.mjs tests/config/cursor-rules/*.test.mjs tests/planner/*.test.mjs tests/batch/*.test.mjs tests/agents/*.test.mjs tests/adoption/*.test.mjs tests/dashboard/*.test.mjs tests/doctor/*.test.mjs tests/migrate/*.test.mjs tests/worker-tools/*.test.mjs tests/coverage/*.test.mjs tests/extensions/*.test.mjs tests/doctor/inherit-provider-auth.test.mjs

✔ adoption fixture: init, plan, stub batch AD-001 creates .DONE (19656.776167ms)
✔ adoption integration: REPLAN final verdict surfaces needs_replan diagnosis (17205.459625ms)
✔ worker.md documents spine tools, stall checkpoint, and coverage policy (0.767ms)
✔ worker.md documents engine-owned code and final review after .DONE (0.316042ms)
✔ reviewer.md documents final PASS REVISE REPLAN verdicts (0.277458ms)
✔ worker-prompt tail aligns with worker.md commit and review conventions (0.14425ms)
✔ buildWorkerTailPrompt does not contradict worker.md on commit format (26.257292ms)
✔ buildAgentSessionWorkerPrompt includes review hint when level > 0 (7.396291ms)
✔ buildWorkerPiArgs omits -ne when no pi-web-access conflict (57.949625ms)
✔ buildWorkerPiArgs includes -ne before -p when extension conflict detected (55.148542ms)
✔ formatPiExtensionConflictHint surfaces pi-web-access remediation (0.330833ms)
✔ abortBatch archives batch-state before clearing active file (1521.498334ms)
✔ abortBatch journals batch.aborted and preserves prior journal tail (1424.626458ms)
✔ abortBatch writes abort signal without killing on graceful abort (1503.514541ms)
✔ hard abort removes lane worktree when cleanup enabled (1642.862417ms)
✔ hard abort keeps worktree when cleanupOnHardAbort is false (1279.337625ms)
✔ abortBatch fails when no active batch (804.120292ms)
✔ mergeLaneToOrch auto-resolves disjoint adoption doc edits without force-merge (6113.655417ms)
✔ mergeLaneToOrch fails adoption doc merge with recovery commands when hunks overlap (5252.670292ms)
✔ formatAdoptionDocMergeFailure names file and wave recovery (0.201333ms)
✔ agent session abort failure journals lane.worker_abort_failed (1553.296167ms)
✔ formatAttachedMilestoneLine renders land-loop journal types (0.522625ms)
[spine] batch.started
[spine] task.started SP-343
[spine] task.completed SP-343
[spine] batch.merge_started wave=0
[spine] batch.merge_completed wave=0
[spine] gate.opened
[spine] gate.evidence_collecting
[spine] gate.evidence_completed
[spine] batch.completed
[spine] batch.land_loop_finalized

Batch started

Batch 20260705T095344 completed: SP-343 succeeded; merged to orch/spine-20260705T095344.
  → spine gate status
  → spine gate approve
  → spine integrate
  → spine batch complete

Batch 20260705T095344 ready to integrate orch branch to main

  → spine integrate

  Alternatives:
    • /spine-integrate
    • /spine-gate
    • spine status --diagnose

  Batch: 20260705T095344
  Task: SP-343
✔ runSpineBatch attached start returns integrate handoff without process.exit in tests (17552.302709ms)
✔ attached batch CLI subprocess exits after completed with stdout milestones (15959.565959ms)
✔ formatAttachedBatchCliResult includes diagnosis suggested command (0.656ms)
✔ enforceAttachedEngineSingleOwner fails fast when engine PID is alive (1219.326791ms)
✔ enforceAttachedEngineSingleOwner orphans prior engine with --force (1586.611542ms)
✔ resumeBatch rejects second attached resume when engine PID is alive (1470.7405ms)
✔ resumeBatchDetached rejects spawn when attached engine PID is alive (1121.686917ms)
✔ runAttachedBatchEngine blocks attached start when engine PID is alive (887.260833ms)
✔ isLastWaveIndex matches batch 20260618T000943 wave plan (0.538333ms)
✔ maybeFinalizeAfterWaveMerge opens gate for last-wave post-merge limbo (4518.515542ms)
✔ resumeMultiTaskBatch finalizes post-merge limbo even with stale engine pid (4583.510291ms)
✔ terminateStaleDetachedEngine still clears stale engine during post-merge limbo resume handoff (731.613375ms)
✔ startBatch multi-wave attached path opens gate after wave 1 without resume (23731.758333ms)
✔ attached milestone types include batch.merge_blocked (0.526417ms)
✔ formatAttachedBatchCliResult prints merge failure headline and exits non-zero for merge_blocked (4062.683959ms)
✔ runAttachedBatchEngine streams merge_blocked milestone before merge failure CLI output (4563.154959ms)
✔ mergeEngineStateWithDiskPause adopts operator pause from disk (1394.158375ms)
✔ saveEngineBatchState does not clobber phase paused during heartbeat-style saves (1671.829334ms)
✔ enforceOperatorPauseOnDisk re-asserts paused after engine overwrite (1734.223916ms)
✔ pauseBatch confirms when attached engine heartbeat saves honor pause (2719.979666ms)
✔ batch 20260620T194352 fixture is post-merge limbo without gate (1467.023667ms)
✔ attemptPostMergeLandLoopHandoff finalizes in-process after SIGTERM-shaped limbo (5175.371125ms)
✔ finalizeAttachedPostMergeLimbo is idempotent when gate already open (4137.735458ms)
✔ resume after orphan_terminated journal opens gate for batch 20260620T194352 pattern (4656.640541ms)
✔ installAttachedEngineShutdownHandlers finalizes on SIGTERM without manual resume (4026.4015ms)
✔ terminateStaleDetachedEngine during post-merge limbo still allows resume finalize (3409.068917ms)
✔ shouldAutoIntegrateAfterWave is false by default (0.487958ms)
✔ shouldAutoIntegrateAfterWave is true when configured and not last wave (0.076917ms)
✔ shouldAutoIntegrateAfterWave is false on last wave (0.057958ms)
✔ issue #25: retry unblocks failed phase when only pending tasks remain (10096.237709ms)
✔ issue #25: failed phase with pending-only limbo resumes without --force (4847.080166ms)
✔ retry keeps failed phase when other failed tasks remain (1279.291083ms)
✔ diagnosis suggests resume --force for failed-phase pending-only limbo (0.226875ms)
✔ parseSupersededReplacementIds extracts child task IDs (1.125ms)
✔ assertBatchStartTasksNotSuperseded rejects superseded IDs (1843.869083ms)
✔ assertBatchStartTasksNotSuperseded allows pending IDs (2019.622666ms)
✔ assertBatchStartTasksNotSuperseded honors --force-superseded (1427.878541ms)
✔ resolveBatchStartScope rejects explicit superseded task IDs (1073.295042ms)
✔ resolveBatchStartScope allows superseded IDs with forceSuperseded (1274.257875ms)
✔ startBatch dry-run rejects superseded explicit scope (776.181291ms)
✔ startBatch dry-run allows superseded scope with forceSuperseded (1111.244625ms)
✔ parseBatchArgs maps --wave on start to waveFilter (0.662417ms)
✔ parseBatchArgs strips --wave value from scope for wave 0 (0.091042ms)
✔ buildAttachedBatchStartArgv forwards waveFilter to detached engine (1.014916ms)
✔ startBatch dry-run with pending scope and --wave 0 selects planner wave 0 (1704.510209ms)
✔ startBatch dry-run with --wave selects planner wave task IDs (1757.856209ms)
✔ wave-filtered dry-run matches explicit wave task scope dry-run (1680.903708ms)
✔ evaluateBatchStateWriteGuard rejects writes from non-owner live engine (61.541791ms)
✔ saveSpineBatchState rejects resurrecting archived batch cache (52.410667ms)
✔ resolveStallConfig defaults checkpoint warning and no file-scope grace extension (0.532833ms)
✔ file-scope mtime is activity only — does not extend stall deadline by default (0.17675ms)
✔ checkpoint signals extend grace; STATUS update moves deadline (0.070834ms)
✔ shouldEmitCheckpointWarning after activity without checkpoint threshold (0.105083ms)
✔ resolveScopedDirtyPaths limits porcelain to file scope and task folder (870.701708ms)
✔ lane.checkpoint_warning journal event and diagnose hints (25.281334ms)
✔ extractJournalDiagnosisHints omits stale checkpoint_warning older than 30 minutes (0.182708ms)
✔ collectProgressSignals includes dirtyPaths for scoped changes (1228.501917ms)
✔ runFinalReviewPhase fails fast with contract_failed and does not consume finalAttempts (8021.878959ms)
✔ reconcileBatch surfaces contract_failed headline for failed task (3554.368625ms)
✔ verifyContract satisfies pre-landed fileScopeMustChange when testCommand and artifacts pass (3618.491708ms)
✔ verifyContract still fails pre-landed scope when testCommand fails (7668.972333ms)
✔ verifyStubFileScopeMustChange passes delivery-only STATUS when source scope pre-landed (2444.01825ms)
✔ verifyContract passes delivery-only STATUS.md fileScopeMustChange contract (1599.482084ms)
✔ resolvePromptRelPath derives task PROMPT from spine-tasks delivery changes (1161.482333ms)
✔ isFileScopePatternPrelanded detects scope changed on main after task intro (2090.406875ms)
✔ testCommand fails once then succeeds on retry — contract passes (266.164ms)
✔ testCommand fails all retries — contract_failed as before (180.792459ms)
✔ retry count configurable via spine-config contract.testRetries (593.970833ms)
✔ failed output captured to .reviews/ directory (395.756125ms)
✔ no retry when testCommand succeeds first time (no performance cost) (135.653166ms)
✔ writeContractFailureLog creates log file with header (9.987666ms)
✔ writeContractFailureLog returns null when taskFolder is undefined (0.375375ms)
✔ CONTRACT_TEST_DEFAULT_RETRIES is 1 (0.128125ms)
✔ CONTRACT_TEST_RETRY_DELAY_MS is 5000 (0.231083ms)
✔ multiple failure logs captured across retry attempts (276.129791ms)
✔ parseContract extracts stallTimeoutMinutes and extendGraceOnFileScope (1.172375ms)
✔ resolveTaskStallMinutes uses max of global, size floor, and contract override (0.119958ms)
✔ resolveStallConfigForTask applies contract stallTimeoutMinutes to stallTimeoutMs (0.131542ms)
✔ resolveStallConfigForTask honors contract extendGraceOnFileScope (0.07025ms)
✔ resolveWorkerPiTimeoutMs aligns with contract stall budget (0.102375ms)
✔ runWorker with contract stall override survives beyond global stall budget (scaled) (10384.732291ms)
✔ runWorker without contract override stalls at scaled global budget (5216.914ms)
✔ isDeliveryArtifactPath accepts STATUS.md-only patterns (0.853292ms)
✔ isDeliveryArtifactPath accepts .DONE-only patterns (0.210584ms)
✔ isDeliveryArtifactPath accepts task-folder delivery globs (0.121541ms)
✔ isDeliveryArtifactPath rejects implementation and tasks-root paths (0.1015ms)
✔ isImplementationScopePattern detects source and tooling roots (8.796875ms)
✔ isStubDeliveryOnlyScope is true for delivery-only pattern sets (0.700333ms)
✔ isStubDeliveryOnlyScope rejects mixed implementation and delivery patterns (0.131291ms)
✔ isStubDeliveryOnlyScope rejects empty pattern lists (0.058667ms)
✔ isDeliveryArtifactPath honors custom tasksRoot (0.210959ms)
✔ resolveTaskStartCommit returns distinct start commits for serialized lane tasks (0.681208ms)
✔ resolveTaskStartCommit prefers task.started payload commit over prior lane.committed (0.102125ms)
✔ resolveTaskStartCommit returns null when task.started is missing (main...HEAD fallback) (0.074708ms)
✔ resolveTaskStartCommit resolves git HEAD at task.started timestamp when journal lacks commit (2234.565333ms)
✔ CONTRACT_TEST_COMMAND_MAX_BUFFER exceeds legacy 256KB limit (0.4865ms)
✔ runContractTestCommand captures large stdout without killing child (129.658292ms)
✔ runContractTestCommand surfaces ENOBUFS with scoped testCommand guidance (132.392917ms)
✔ verifyContract reports buffer overflow with scoped testCommand guidance (5515.186958ms)
✔ buildContractTestEnv moves SPINE_BATCH_ID to SPINE_PARENT_BATCH_ID (0.51675ms)
✔ detectNestedWorkerContext blocks parent batch in lane worktree (0.214584ms)
✔ startBatch blocks nested spawn when SPINE_PARENT_BATCH_ID set in lane worktree (88.02825ms)
✔ buildContractTestEnv allows isolated fixture batch start without parent batch id (2.722584ms)
✔ listChangedFiles with sinceCommit scopes diff to commits after anchor (3152.695792ms)
✔ listChangedFiles without sinceCommit preserves baseBranch...HEAD (1530.925708ms)
✔ verifyContract with sinceCommit ignores prior same-lane task fileScopeMustNotChange violations (2489.566458ms)
✔ verifyContract without sinceCommit preserves cumulative lane branch behavior (1244.744292ms)
✔ buildContractTestEnv removes worker-only keys (0.506958ms)
✔ runContractTestCommand subprocess does not inherit SPINE_IS_WORKER (139.864083ms)
✔ verifyContract testCommand passes under worker env when subprocess is sanitized (294.622125ms)
✔ verifyContract passes when testCommand exits 0 (237.63925ms)
✔ verifyContract fails when testCommand exits non-zero (211.341625ms)
✔ verifyContract checks artifactsMustExist paths in worktree (272.787209ms)
✔ verifyContract expands glob patterns in artifactsMustExist (150.28ms)
✔ verifyContract returns ok with empty checks when contract has no verify fields (158.411833ms)
✔ verifyContract enforces fileScopeMustChange and fileScopeMustNotChange (1675.883667ms)
✔ verifyContract checks minLineCoverage from command output (174.60975ms)
✔ shouldRunContractVerify skips legacy TP-* tasks and absent contract sections (0.283583ms)
✔ matchesContractPattern supports glob paths (0.390125ms)
✔ parseAggregateLineCoverage parses coverage table rows (0.180625ms)
✔ SP-193-shaped placeholder contract fails validateContract in required mode (1.384708ms)
✔ verifyContract passes SP-193-shaped contract when scoped files changed (1671.695708ms)
✔ fileScopeMustChange trailing-slash pattern matches files under directory prefix (2424.850125ms)
✔ fileScopeMustChange trailing-slash pattern fails when no files under prefix changed (1529.17075ms)
✔ fileScopeMustChange exact-path and glob behavior preserved alongside trailing-slash (1553.910541ms)
✔ waitForDetachedBatchResume waits for integrate gate after batch completes (1259.249208ms)
✔ waitForDetachedBatchResume completes without gate when integrate gate not required (898.492917ms)
✔ prepareDetachedResumeEngineHandoff terminates stale engine before resume spawn (70.066ms)
✔ resolveDefaultResumeWaitTerminal returns true for engine_orphaned without flags (0.502542ms)
✔ resolveDefaultResumeWaitTerminal respects explicit flags (0.093584ms)
✔ detectPostMergeLimboForResume matches journal-only limbo for batch 20260629T210738 (2519.688708ms)
✔ postMergeLimbo diagnosis suggests spine batch resume --force (0.248791ms)
✔ resumeBatchDetached --force finalizes journal-only limbo without spawning engine (6888.801083ms)
✔ detached batch start opens integrate gate after stub engine completes (14223.817458ms)
✔ timeout_waiting_for_batch with dead enginePid reconciles as engine_orphaned not running (3605.14525ms)
✔ startBatchDetached persists spawn enginePid before wait on timeout failure path (32858.392459ms)
✔ parseBatchArgs defaults to detached start (attached flag off) (0.710959ms)
✔ parseBatchArgs --attached opts into foreground engine (0.0805ms)
✔ buildAttachedBatchStartArgv forwards scope and skip-preflight (0.51525ms)
✔ formatDetachedBatchStartOutput includes monitor hints (0.208042ms)
✔ batch start returns quickly and runs engine in background (14496.174542ms)
✔ parseBatchArgs resume defaults to detached (attached flag off) (0.176375ms)
✔ buildAttachedBatchResumeArgv forwards force (0.083709ms)
✔ formatDetachedEngineOutput includes resume wording (0.111791ms)
✔ waitForDetachedBatchResume returns engine_started by default (927.792083ms)
✔ waitForDetachedBatchResume with waitTerminal returns resume_completed (1106.093375ms)
✔ collectDetachedFailureDiagnostics includes task.failed summary and log tails (855.611459ms)
✔ parseBatchArgs accepts --wait-terminal (0.44075ms)
✔ batch resume returns quickly and runs engine in background (13495.145208ms)
✔ inferLaunchFailureKind ignores DirtyWorktree exitReason (1.494125ms)
✔ buildHeadline prefers DirtyWorktree over worker launch (0.327666ms)
✔ buildSuggestedCommand for DirtyWorktree suggests coverage cleanup and retry (0.161333ms)
✔ buildHeadline surfaces review_exhausted primary failure (0.123417ms)
✔ buildSuggestedCommand for review_exhausted suggests batch retry (0.067583ms)
✔ buildHeadline surfaces contract_failed primary failure (0.077875ms)
✔ buildSuggestedCommand for contract_failed suggests PROMPT edit and retry (0.065ms)
✔ buildDiagnosisOutput bundles primary failure class without launch headline (0.141708ms)
✔ reconcileBatch aligns hasFailedTasks with segment drift and DirtyWorktree headline (3822.969583ms)
✔ reconcileBatch diagnoses review_exhausted from failed task exitReason (3673.049959ms)
✔ buildHeadline surfaces PI_SPINE_ROOT launch failure (0.669834ms)
✔ buildHeadline surfaces lane commit failures after worker completion (0.106042ms)
✔ buildSuggestedCommand prefers spine doctor for launch failures (0.18575ms)
✔ inferLaunchFailureKind reads worker output hints from journal (0.169458ms)
✔ extractJournalDiagnosisHints prioritizes setup hook and merge blocked events (12.4505ms)
✔ formatMixedOutcomeMessage lists succeeded tasks and spine batch retry guidance (0.167291ms)
✔ reconcileBatch diagnoses launch failure wave from fixture (3606.6295ms)
✔ buildDiagnosisOutput bundles launch failure headline and command (0.199875ms)
✔ DIAGNOSIS_TAXONOMY includes worker_orphaned distinct from needs_retry (0.607792ms)
✔ inferLaunchFailureFromWorkerOutputTail reads PI_SPINE_ROOT hints from log tail (0.142083ms)
✔ buildSuggestedCommand prefers abort for ghost running cluster (0.13475ms)
✔ buildHeadline surfaces worker_orphaned launch failure from worker output context (0.242958ms)
✔ worker_orphaned after plan review nested_spawn_blocked suggests batch retry (0.124667ms)
✔ dead lane workerPid diagnoses worker_orphaned not needs_retry (3615.256625ms)
✔ dead workerPid after lane.completed does not diagnose worker_orphaned (3433.576875ms)
✔ worker_orphaned enriches launch headline from worker output log without task.failed (3857.059542ms)
✔ multiple ghost running tasks on one lane prefer spine batch abort (2655.897584ms)
✔ segment drift still diagnoses needs_retry (2292.562459ms)
✔ buildDiagnosisOutput bundles worker_orphaned headline and command (0.460125ms)
✔ isRunningWithoutActiveWorkers is false when workers are active (0.585292ms)
✔ isRunningWithoutActiveWorkers detects all-terminal tail state (0.079959ms)
✔ buildRunningTailHeadline maps macroPhase merging to operator text (0.199583ms)
✔ buildRunningTailHeadline maps gating / post-merge limbo (0.120167ms)
✔ buildHeadline preserves generic running when workers are active (0.192042ms)
✔ deriveMacroPhase uses journal merge tail when diagnosis is running without workers (0.227ms)
✔ deriveMacroPhase stays executing when workers are active (0.072917ms)
✔ tail-state fixture reconciles without bare is running headline (3491.901375ms)
✔ tail-state headline matches batch 20260701T031142 shape via buildHeadline (0.426791ms)
✔ isCoverageArtifactPath matches extension/coverage and root coverage dirs (0.590958ms)
✔ isPathInFileScope matches exact paths and directory prefixes (0.130583ms)
✔ filterOutOfScopeCoveragePorcelain drops modified coverage outside file scope (0.142375ms)
✔ filterOutOfScopeCoveragePorcelain keeps in-scope coverage modifications (0.071042ms)
✔ restoreOutOfScopeCoverageArtifacts resets tracked coverage files (2022.937958ms)
✔ resolvePostLaneCommitPorcelain restores and filters out-of-scope coverage (1958.285458ms)
✔ commitLaneAndValidateWorktree succeeds when only out-of-scope coverage is dirty (2316.712125ms)
✔ commitLaneAndValidateWorktree fails when dirty without .DONE (1805.008875ms)
✔ isWorktreeDeletionPorcelainLine matches unstaged deletions (0.516292ms)
✔ isSymlinkOnlyDriftPorcelain is true only for deletion-only porcelain (0.101ms)
✔ filterSetupHookSymlinkDriftPorcelain clears deletion-only drift (0.076625ms)
✔ parseLaneWorktreeIdentity extracts batch and lane from worktree path (0.511834ms)
✔ resolvePostLaneCommitPorcelain repairs hook symlink drift (2743.895833ms)
✔ commitLaneAndValidateWorktree succeeds when hook symlink drifts after PASS (3796.60975ms)
✔ dismissBatch kills live stub worker PID and journals lane.worker_terminated (3851.796292ms)
✔ shouldRunCodeReview requires review level 2 or higher (0.548125ms)
✔ findCodeReviewStepNumber prefers step with code review checkpoint (2.105458ms)
✔ findCompletedCodeReview honors journal review.completed code APPROVE (1.241375ms)
✔ findCompletedCodeReview honors step artifact APPROVE for code review step (3.296334ms)
✔ runTaskOnLane runs engine code review for RL2 without worker nested spawn (8537.829791ms)
✔ runTaskOnLane skips engine code review when review level is 0 (8033.465875ms)
✔ runTaskOnLane skips engine code review when review level is 1 (7156.1535ms)
✔ runTaskOnLane honors journal review.completed code APPROVE without duplicate spawn (6604.649458ms)
✔ runTaskOnLane re-invokes worker after code REVISE and succeeds on APPROVE (11945.3905ms)
✔ resolveReviewSpawnTimeoutMs aligns with stall budget for M tasks (0.59725ms)
✔ runStepReview journals review.failed with review_timeout on hung spawn (480.521291ms)
✔ async reviewer spawn does not block the event loop while waiting for timeout (385.568583ms)
✔ startBatch opens integrate gate before batch.completed journal event (11336.191917ms)
✔ startBatch serializes multiple tasks on one physical lane (18950.326583ms)
✔ startBatch runs disjoint-scope tasks on separate lanes in parallel (10992.196334ms)
✔ startBatch records lane commit before task.completed (13751.864334ms)
✔ runTaskOnLane emits task.failed not task.completed when lane commit fails (6476.7525ms)
✔ validateSpineConfig accepts worktreeSetupIgnorePaths (0.228416ms)
✔ engine_orphaned diagnosis suggests retry when task id known, attached resume otherwise (0.602959ms)
✔ dead engine with phase running passes validateMultiTaskResume without pause (2099.142834ms)
✔ running phase with live engine pid rejects resume without force (1616.554375ms)
✔ reconcile engine_orphaned recommends attached resume for batch 20260618T191236 pattern (2914.663167ms)
✔ engine_orphaned with failedTaskId suggests retry (SP-315) (0.573375ms)
✔ reconcileOrphanRunningState transitions running task to failed with journal events (1889.042708ms)
✔ retryTask succeeds on orphan without manual pause (issue #20 trap) (1407.193125ms)
✔ diagnose then retry: suggestedCommand matches working recovery path (3135.362458ms)
✔ resume --force allowed after orphan reconcile when phase was running (1124.725208ms)
✔ terminateStaleDetachedEngine SIGTERM stale pid on failed resume (112.787209ms)
✔ runStepReview honors existing final PASS without re-spawn (86.68175ms)
✔ runStepReview skips review.failed journal when batch already completed (125.984417ms)
✔ startBatch lane branch has commit before merge when stub touches files (13942.003458ms)
✔ startBatch completes single task with stub worker (9612.487167ms)
✔ isExplicitBatchScope treats pending as explicit (0.254083ms)
✔ startBatch all dry-run allows multi-wave pending backlog (671.914917ms)
✔ startBatch pending dry-run excludes done tasks (763.088708ms)
✔ startBatch all fails when every task has .DONE (637.873791ms)
✔ startBatch skips worker when .DONE exists on disk (2893.570542ms)
✔ resolveBatchStartScope normalizes all to pending IDs (513.928541ms)
✔ startBatch explicit IDs still allow multi-wave when scope is not bare all (646.748209ms)
✔ startBatch completes two-lane wave with stub workers (9521.870042ms)
✔ startBatch blocks merge on mixed outcomes (6461.300125ms)
✔ assessWaveMergeEligibility blocks failed and pending tasks (0.213542ms)
✔ collectCoreEvidenceBundle writes summary without complete marker (3169.510208ms)
✔ openIntegrateGate persists gate before extended evidence and journals milestones (2607.794875ms)
✔ openIntegrateGate keeps gate when extended evidence command fails (3287.245625ms)
✔ collectExtendedEvidenceBundle appends to existing refs (3338.648625ms)
✔ parseEvidenceCommandArgv accepts npm run test (5.292584ms)
✔ parseEvidenceCommandArgv preserves quoted arguments (0.161208ms)
✔ parseEvidenceCommandArgv rejects shell command chaining (0.244042ms)
✔ parseEvidenceCommandArgv rejects unknown binary (0.098417ms)
✔ runEvidenceCommand executes allowlisted argv without shell (265.670708ms)
✔ runEvidenceCommand rejects malicious config strings (0.157ms)
✔ runEvidenceCommand skips empty command (0.104375ms)
✔ runEvidenceCommand rejects disallowed build binary (0.105791ms)
✔ parseEvidenceCommandArgv rejects subshell injection (0.0995ms)
✔ collectEvidenceBundle writes summary and .complete marker atomically (3279.107ms)
✔ collectEvidenceBundle writes rejected output for unsafe testing.test (1985.437917ms)
✔ findCompletedFinalReview honors journal review.completed final PASS (5.061625ms)
✔ findCompletedFinalReview honors latest final artifact PASS (7.808583ms)
✔ runTaskOnLane honors pre-existing worker final review without spawn failure (8083.517958ms)
✔ runTaskOnLane honors journal review.completed final PASS without duplicate spawn (8309.050416ms)
✔ parseFinalReviewVerdict accepts PASS, REVISE, and REPLAN (0.927375ms)
✔ shouldRunFinalReview skips when review level is 0 (0.101958ms)
✔ runTaskOnLane skips final review when review level is 0 (8415.184583ms)
✔ runTaskOnLane journals task.verdict_recorded on PASS final review (7615.777458ms)
✔ runTaskOnLane re-invokes worker after REVISE and succeeds on PASS (11961.933167ms)
✔ runTaskOnLane caps REVISE at maxFinalAttempts with review_exhausted (15867.498584ms)
✔ runTaskOnLane fails with needs_replan and does not keep .DONE (5365.388708ms)
✔ mergeWaveLanesToOrch blocks when a wave task has exitReason needs_replan (138.012916ms)
✔ runEngineFinalReview stub writes final artifact path (1.435666ms)
✔ buildTaskScorecard lists task rows (0.670666ms)
✔ openIntegrateGate persists pending gate and journals gate.opened (2964.584ms)
✔ collectEvidenceBundle writes summary and diff-stat (4697.547167ms)
✔ approve and reject enforce gate FSM (2733.25425ms)
✔ rejectIntegrateGate journals gate.rejected (1850.877417ms)
✔ checkIntegrateGate blocks until approved (exit 2) (1671.693416ms)
✔ integrateOrchToBase fails with exit 2 when gate pending (2240.166291ms)
✔ integrateOrchToBase succeeds after gate approval (3359.648625ms)
✔ force integrate requires SPINE_ALLOW_FORCE=1 (737.997375ms)
✔ openIntegrateGateAfterBatchComplete skips non-completed batches (357.050542ms)
✔ runSpineGate CLI approve updates gate record (1701.862709ms)
✔ isGitignoredArtifactPath matches extension/coverage and node_modules (0.61025ms)
✔ listGitignoredArtifactRoots deduplicates nested artifact dirs (0.509625ms)
✔ sanitizeGitignoredArtifactsBeforeLaneCommit removes worktree-only coverage (701.471834ms)
✔ sanitizeGitignoredArtifactsBeforeLaneCommit skips when disabled (1021.125709ms)
✔ commitLaneAndValidateWorktree succeeds when only extension/coverage is gitignored dirty (2328.264625ms)
✔ commitLaneAndValidateWorktree succeeds when only node_modules is gitignored dirty (2947.711583ms)
✔ sanitizeGitignoredArtifactsBeforeLaneCommit does not clean index-tracked gitignored paths (1147.012583ms)
✔ commitLaneWorktree still fails for index-tracked gitignored coverage (1632.292167ms)
✔ classifyGitignoredPaths returns empty arrays for empty input (660.86775ms)
✔ classifyGitignoredPaths detects index-tracked gitignored paths (1307.161083ms)
✔ classifyGitignoredPaths detects worktree-only gitignored paths (1201.566458ms)
✔ classifyGitignoredPaths handles mixed index-tracked and worktree-only (2080.128333ms)
✔ formatGitignoredRemediationMessage: worktree-only does not suggest git rm --cached (0.31725ms)
✔ formatGitignoredRemediationMessage: index-tracked suggests git rm --cached (0.074375ms)
✔ formatGitignoredRemediationMessage: mixed suggests both remediation paths (0.066708ms)
✔ commitLaneWorktree: worktree-only gitignored does not suggest git rm --cached (1389.375958ms)
✔ commitLaneWorktree: index-tracked gitignored still suggests git rm --cached (1792.385375ms)
✔ regression: SP-011 worktree-only coverage after npm test does not suggest git rm --cached (1400.962125ms)
✔ resolveHeartbeatKind marks launching as worker_alive only (0.600833ms)
✔ shouldEmitCheckpointWarning skips launching phase (0.150292ms)
✔ buildHeartbeatPayloadFields omits stale checkpoint signals during launching (0.088ms)
✔ recordLaneHeartbeat journals kind and phase (541.088833ms)
✔ runWorker launching heartbeat does not journal stale STATUS mtime on fast-fail retry (5427.063875ms)
✔ resolveStallConfig applies lane overrides (0.184958ms)
✔ progressSignalsChanged detects STATUS mtime updates (624.326458ms)
✔ computeStallDeadline extends past hard timeout after progress (0.12275ms)
✔ stall false positive avoided when STATUS updates extend deadline (I-01) (0.0975ms)
✔ findLatestStepCompletedMs returns newest matching task.step_completed (0.125666ms)
✔ progressSignalsChanged detects journal task.step_completed (silent tools) (493.106667ms)
✔ activitySignalsChanged detects file-scope mtime updates (FR-WORK-10 / FR-STALL-02) (466.709459ms)
✔ startBatch records lane.heartbeat during stub worker delay (9528.919292ms)
✔ isFastForwardCapableIntegrate detects orch ahead of main (#93) (2291.846334ms)
✔ integrateOrchToBase fast-forwards when orch is strictly ahead (#93 batch 20260702T071449) (7235.4225ms)
✔ integrateOrchToBase fast-forwards with generatedAt-only rules-manifest drift on main (#93) (3953.020459ms)
✔ recordBatchBaseSnapshot stores head sha and journals batch.base_snapshot (984.441958ms)
✔ integrateOrchToBase succeeds with uncommitted edits on main (7053.890458ms)
✔ integrateOrchToBase conflict path leaves human checkout and files unchanged (3482.627834ms)
✔ integrateOrchToBase dry-run advertises isolated merge plan (848.8955ms)
✔ resolveRulesManifestIntegrateDrift restores main when worker manifest matches orch (#22) (1898.552833ms)
✔ integrateOrchToBase succeeds with worker manifest drift on main matching orch (#22) (4482.703333ms)
✔ resolveRulesManifestIntegrateDrift blocks unrelated dirty files on main (615.653375ms)
✔ resolveRulesManifestIntegrateDrift blocks substantive manifest drift not matching orch (915.016833ms)
✔ resolveRulesManifestIntegrateDrift still clears generatedAt-only drift on main (1074.826625ms)
✔ resolveRulesManifestIntegrateDrift clears generatedAt-only dirty manifest on main (1781.51675ms)
✔ integrateOrchToBase succeeds with dirty generatedAt-only rules-manifest on main (4193.666167ms)
✔ DEFAULT_SYNC_TIMEOUT_MS is 60 seconds (0.679042ms)
✔ syncPlumbingMergePathsToWorktree returns ok: true on successful sync (1122.268167ms)
✔ syncPlumbingMergePathsToWorktree returns ok: false with timedOut on timeout (775.968208ms)
✔ integrateOrchToBase emits integrate.failed with IntegrateTimeout on sync timeout (3234.060667ms)
✔ successful integrate still emits integrate.completed (regression) (3379.901167ms)
✔ partial sync failure returns ok: false with correct failureClass from integrateOrchToBase (3591.047375ms)
✔ assertOrchIntegratable refuses empty orch when mergeResults claim success (414.139958ms)
✔ assertOrchIntegratable requires integrate when orch is ahead of base (636.02475ms)
✔ reconcileBatch reports needs_integrate when batch completed but orch not on main (2151.420084ms)
✔ completeBatch refuses when orch is ahead but not integrated (1850.95275ms)
✔ integrateOrchToBase merges orch into main and journals events (3732.446458ms)
✔ integrateOrchToBase dry-run does not change main HEAD (1398.639792ms)
✔ completeBatch succeeds after integrate lands orch on main (4517.430166ms)
✔ integrateOrchToBase aborts merge on conflict and restores checkout (2986.778209ms)
✔ integrateOrchToBase fails when batch state is missing (0.248667ms)
✔ runSpineIntegrate CLI succeeds when orch tip already matches main (435.681ms)
✔ PRD §20.2 planner yields wave0 {A,C} and wave1 {B} (451.563375ms)
✔ PRD §20.2 two-lane stub batch completes ABC waves (16584.414042ms)
✔ PRD §20.2 mixed-outcome blocks merge; retry resets wave B for resume (13456.336834ms)
✔ runStepReview with worker attach env does not journal when attach suppressed (17.632917ms)
✔ runSpineReviewStep with worker attach env does not journal when attach suppressed (11.233875ms)
✔ runSpineReportProgress with worker attach env does not journal when attach suppressed (2.777542ms)
✔ readJournalEventsCached returns same events as readJournalEvents (47.844083ms)
✔ readJournalEventsCached returns cached copy on second call without file change (73.280292ms)
✔ readJournalEventsCached invalidates when file mtime changes (26.6275ms)
✔ readJournalEventsCached returns empty array for missing file (4.434209ms)
✔ clearJournalCache forces re-read on next call (20.805708ms)
✔ invalidateJournalCache with matching path clears cache (15.031125ms)
✔ invalidateJournalCache with non-matching path preserves cache (18.313958ms)
✔ readJournalEventsCached handles transition from missing to existing file (16.283ms)
✔ readJournalEventsCached handles switch between different batch IDs (20.863917ms)
✔ runSpineJournal replay exits non-zero when journal missing (3.463292ms)
✔ runSpineJournal replay prints human table (26.577375ms)
✔ runSpineJournal replay --json returns events array (36.569792ms)
✔ exportJournalJsonl returns null when journal missing (3.538542ms)
✔ runSpineJournal export exits non-zero when journal missing (0.899833ms)
✔ runSpineJournal export writes jsonl to stdout (21.268584ms)
✔ runSpineJournal export --output writes file (9.698834ms)
✔ exportJournalMarkdown returns null when journal missing (3.057875ms)
✔ formatJournalMarkdownTimeline produces stable table shape (1.770583ms)
✔ formatJournalMarkdownTimeline escapes pipe characters in summary (0.110667ms)
✔ runSpineJournal export markdown exits non-zero when journal missing (1.483875ms)
✔ runSpineJournal export writes markdown to stdout (21.355542ms)
✔ runSpineJournal export markdown --output writes file (10.612167ms)
✔ detectBatchStateDrift flags running cache when reconcile sees doneInLane without journal terminal (0.704833ms)
✔ deriveStructuralBatchStateFromJournal rebuilds multi-lane skeleton without cache seed (2.290667ms)
✔ resume-parallel-lane-orphan fixture: journal-only rebuild marks resumed tasks running (1.397208ms)
✔ orphan-running-resume fixture: structural + lifecycle rebuild without seed (1.284166ms)
✔ pidless-ghost-running fixture: post-resume task.started wins over historical failure (0.81625ms)
✔ resume-orphan-historical-failure fixture: rebuild ignores pre-resume failure for active task (0.894708ms)
✔ retry-clears-failed-classification fixture: rebuild fixes stale failed cache (1.176208ms)
✔ retry-clears-failed-classification fixture: detectBatchStateDrift flags cache vs journal (1.513625ms)
✔ incident fixtures rebuild from disk matches in-memory journal rebuild (320.653542ms)
✔ readJournalTimeline filters task and batch lifecycle events (0.534708ms)
✔ rebuildBatchStateFromJournal applies task.completed over stale failed cache (0.832333ms)
✔ detectBatchStateDrift flags journal completed vs cache failed (0.257167ms)
✔ detectBatchStateDrift ignores incomplete journal when cache failed (0.1115ms)
✔ incident orphan-running fixture: journal timeline is readable (294.523042ms)
✔ appendJournalEvent writes schema v1 with ISO timestamp and payload (42.237959ms)
✔ readLastTaskFailedEvent returns most recent task.failed (23.463208ms)
✔ redactSecrets masks sensitive keys (0.268125ms)
✔ capPayloadSize truncates oversized payloads (0.210583ms)
✔ normalizeJournalEvent upgrades legacy lines (0.100958ms)
✔ readJournalEvents reads mixed legacy and v1 lines (9.798041ms)
✔ extractJournalDiagnosisHints surfaces failure events from tail (0.441959ms)
✔ commitLaneWorktree commits dirty worktree when .DONE exists (990.642166ms)
✔ commitLaneWorktree fails loud when dirty without .DONE (734.913916ms)
✔ filterPorcelain drops lines matching ignore patterns by full path (0.276458ms)
✔ filterPorcelain drops lines matching ignore patterns by basename (0.077333ms)
✔ filterPorcelain keeps rename targets when only source matches ignore (0.068083ms)
✔ filterPorcelain returns empty for empty input (0.069292ms)
✔ mergeLaneToOrch rejects empty merge when lane commits were required (634.246208ms)
✔ mergeLaneToOrch prefers orch for conflicts outside lane file scope (1867.029417ms)
✔ mergeLaneToOrch does not auto-resolve in-scope lane conflicts (1358.561667ms)
✔ dismiss archives batch-state before clearing active file (1721.896375ms)
✔ complete with --detect-manual-merge succeeds when orch merged to main (1636.375792ms)
✔ complete refused when mergeResults succeeded but orch not on main (6307.559917ms)
✔ dismiss refused when diagnosis is running without --force (1284.051583ms)
✔ isPostMergeLimbo is true when tasks and merges succeeded with open orch branch (0.529041ms)
✔ isPostMergeLimbo rejects non-running or ended batches (0.090375ms)
✔ isPostMergeLimbo rejects empty or partial task/merge state (0.073666ms)
✔ isPostMergeLimbo respects git orch branch signals (0.589875ms)
✔ isPostMergeLimbo rejects null or non-object state (0.098792ms)
✔ resolveWorkerOutputConfig defaults live log streaming off (0.609042ms)
✔ workerLiveLogPath matches runtime layout (0.089708ms)
✔ truncateLiveLogBytes applies truncation marker when over cap (0.1545ms)
✔ appendWorkerLiveLogChunk redacts secrets and enforces byte cap (5.644833ms)
✔ createWorkerLiveLogWriter returns null when streaming disabled (0.271042ms)
✔ runWorker streams subprocess stub output to live log when enabled (5087.124917ms)
✔ runWorker skips live log when streamWorkerOutputLive is false (5113.276459ms)
✔ runWorker still writes terminal failure log when live streaming enabled (5080.740125ms)
✔ startAgentSessionWorker flushes transcript chunks to live log (17.640625ms)
✔ appendWorkerLiveLogChunk rolls file with truncation marker when over max bytes (2.1865ms)
✔ MACRO_PHASES exports all eleven lifecycle values (1.021875ms)
✔ deriveMacroPhase: idle when no batch signals (0.106792ms)
✔ deriveMacroPhase: planning from batch phase (0.145084ms)
✔ deriveMacroPhase: executing for active running batch (0.099208ms)
✔ deriveMacroPhase: merging phase and needs_merge diagnosis (0.067167ms)
✔ deriveMacroPhase: reviewing when review.started is open (0.12125ms)
✔ deriveMacroPhase: gating for pending gate or post-merge limbo (0.070959ms)
✔ deriveMacroPhase: integrating for needs_integrate and open integrate.started (0.083333ms)
✔ deriveMacroPhase: completed, failed, aborted, paused terminal phases (0.081875ms)
✔ fixture running-batch.json reconciles to executing macro-phase (1558.192334ms)
✔ fixture taskplane-executing.json maps to executing (0.322709ms)
✔ fixture needs-retry-batch.json maps to failed macro-phase (1529.225666ms)
✔ fixture limbo-stale maps to completed macro-phase (2030.593917ms)
✔ all macro-phase enum values are reachable via deriveMacroPhase (0.2435ms)
✔ recordMergeBlocked sets terminal merge_blocked phase and clears enginePid (316.242791ms)
✔ reconcileBatch diagnoses merge_blocked as failed merge, not needs_merge (1433.677042ms)
✔ legacy merging phase with endedAt and failed mergeResults reconciles as failed (2008.43675ms)
✔ findResumableWave skips succeeded merged waves when later wave has pending tasks (0.576958ms)
✔ validateMultiTaskResume allows force resume from merge_blocked (863.6105ms)
✔ buildSuggestedCommand recommends resume --force for merge_blocked phase (0.259791ms)
✔ summarizeMergeFailures extracts failed wave and lane from mergeResults (0.57925ms)
✔ buildMergeFailureHeadline uses 1-based wave number and lane label (0.15625ms)
✔ buildHeadline for failed diagnosis surfaces merge conflict instead of zero failed tasks (0.192041ms)
✔ buildSuggestedCommand for merge failure suggests resume --force (0.1205ms)
✔ buildDiagnosisOutput bundles merge failure headline and command (0.131666ms)
✔ reconcileBatch surfaces merge failure fields distinct from failedTasks (2163.16575ms)
✔ spine status --json includes merge failure fields for monitors (1592.003291ms)
✔ spine status --diagnose prints merge failure details in text output (1481.298917ms)
✔ filterGitignoredPaths separates ignored and stageable paths (796.124875ms)
✔ gitAddFilteredPaths skips gitignored paths without failing (867.163125ms)
✔ mergeLaneToOrch succeeds when task branch committed gitignored coverage (2391.499542ms)
✔ commitLaneWorktree refuses gitignored-only dirty paths (828.511542ms)
✔ commitLaneWorktree commits tracked files while skipping gitignored dirty paths (1353.176208ms)
✔ inferMergeGitignoredFailure detects gitignored merge and lane commit failures (0.218375ms)
✔ buildSuggestedCommand returns git rm --cached repair for gitignored merge failures (0.183625ms)
✔ reconcileBatch surfaces gitignored merge repair command from journal (1553.261792ms)
✔ filterPorcelain remains unchanged for SP-104 ignore patterns (0.293ms)
✔ mergeLaneToOrch auto-resolves additive docs/PRD.md after origin/main merge task (2339.10975ms)
✔ mergeLaneToOrch fails PRD merge with recovery commands when hunks overlap (2065.479875ms)
✔ formatPrdDocMergeFailure names file and wave recovery (0.198ms)
✔ isActiveWorkerSession true when SPINE_WORKER_RUNNER is set (0.587083ms)
✔ isActiveWorkerSession false outside worker context (0.087875ms)
✔ runStepReview skips nested reviewer spawn when worker env is set (54.793708ms)
✔ runStepReview skips nested plan review spawn when worker env is set (27.935917ms)
✔ runStepReview stub path still works inside worker session (19.435125ms)
✔ runStepReview reaches pi availability check when worker env absent (5.814834ms)
✔ engine parent with leaked worker runner reaches reviewer spawn (4.257917ms)
✔ batch 20260619T020951 SP-306 plan step 0 journals review.skipped not review.failed (25.303875ms)
✔ detectNestedWorkerContext returns reason when SPINE_IS_WORKER=1 (0.578584ms)
✔ detectNestedWorkerContext returns reason when projectRoot is inside .worktrees/spine-* (0.116458ms)
✔ detectNestedWorkerContext returns null for normal projectRoot without worker env (0.114292ms)
✔ startBatch returns error when SPINE_IS_WORKER=1 (11.343417ms)
✔ startBatch returns error when projectRoot is inside .worktrees/spine-* (32.529917ms)
✔ startBatch succeeds normally (no env, normal CWD) — regression (8267.654917ms)
✔ buildWorkerChildEnv includes SPINE_IS_WORKER=1 (1.206917ms)
✔ journalEventsSinceResume excludes pre-resume terminal events (1.3165ms)
✔ detectOrphanRunning: historical task.failed + post-resume silence + dead engine (0.553625ms)
✔ resume orphan with historical failure fixture is not diagnosed as running (1375.328208ms)
✔ terminal event within scoped window still suppresses engine orphan (0.646375ms)
✔ journalIndicatesStalledSession: post-resume start without terminal (0.7055ms)
✔ detectOrphanRunning: PID-less ghost running with post-resume journal stall (0.373625ms)
✔ pidless ghost fixture reconcile is engine_orphaned, not running (1372.351042ms)
✔ terminal event within scoped window suppresses PID-less ghost signal (1.488166ms)
✔ isProcessAlive returns false for absent pid (0.751333ms)
✔ resume parallel lane orphan fixture: multiple running on lane 1 (1.267125ms)
✔ resume parallel lane orphan fixture: reconcile is actionable after scoped orphan detect (1464.707375ms)
✔ searchATon orphan incident fixture: dead workerPid is not diagnosed as running (1760.636791ms)
✔ dead workerPid with running task is not diagnosed as running (1293.736167ms)
✔ dead enginePid mid-resume without terminal journal is engine_orphaned (1343.644292ms)
✔ running batch without recorded pids still reports running (1253.102041ms)
✔ detectOrphanRunning ignores dead engine when terminal journal exists (0.242333ms)
✔ recordBatchEnginePid persists under resilience and clears on terminal save (366.432ms)
✔ confirmed pause records batch.paused only after engine persists phase (265.439292ms)
✔ unconfirmed pause does not leave orphan batch.paused journal entry (708.2245ms)
✔ pauseBatch succeeds immediately when no attached engine is alive (283.797125ms)
✔ pauseBatch fails loud when attached engine keeps phase running (705.414791ms)
✔ waitForPauseConfirmation returns true when phase stays paused (562.549292ms)
✔ retryTask succeeds when batch phase is paused (463.955833ms)
✔ retryTask rejects when batch phase is running (245.162209ms)
✔ batch 20260630T212050 orphan-after-merge fixture describes GitHub #59 incident (0.8185ms)
✔ batch 20260630T212050 journal fixture is limbo via resume detect but not bare state (806.25975ms)
✔ hydrateMergeResultsFromJournal enables state limbo detection for batch 20260630T212050 (763.650459ms)
✔ finalizeAttachedLandLoopBeforeExit opens gate for batch 20260630T212050 journal limbo (1843.552625ms)
✔ installAttachedExitFinalizeHandlers finalizes journal limbo on SIGTERM without manual resume (1760.026375ms)
✔ batch 20260629T021550 fixture is post-merge limbo without gate (396.683917ms)
✔ attemptPostMergeLandLoopHandoff finalizes batch 20260629T021550 limbo after SIGTERM (1904.57925ms)
✔ resumeBatchDetached --force finalizes post-merge limbo without spawning engine (1584.801666ms)
✔ resumeBatch attached path finalizes batch 20260629T021550 limbo immediately (1699.324416ms)
✔ resumeMultiTaskBatch still finalizes batch 20260629T021550 after orphan_terminated (1515.847291ms)
✔ finalizeResumePostMergeLimbo clears stale engine pid during post-merge limbo (1601.041625ms)
✔ isPostMergeLimbo detects running phase with successful merges (0.4995ms)
✔ deriveDiagnosis returns needs_integrate for post-merge limbo (0.388417ms)
✔ finalizeBatchForIntegrate opens gate from post-merge limbo without resume (2031.568291ms)
✔ resumeMultiTaskBatch opens gate from post-merge limbo without re-running tasks (1469.266708ms)
✔ mixed-outcome post-mortem lists failed IDs and retry hint, not smooth success (1649.099042ms)
✔ false-success reconciliation headline is overridden when failures exist (0.364ms)
✔ listFailedTaskIds prefers classified terminal-failure tasks (0.532958ms)
✔ collectEvidenceBundle summary.md is honest post-mortem markdown (1253.781416ms)
✔ dismissBatch writes post-mortem path into batch history (1291.543292ms)
✔ writeBatchPostMortem persists markdown under runtime batch dir (1174.796791ms)
✔ spine status --verbose includes post-mortem section for active batch (1010.309833ms)
✔ resolveStallConfig defaults progressSnapshotIntervalMinutes to 2 (0.5235ms)
✔ resolveStallConfig applies progressSnapshotIntervalMinutes override (0.075542ms)
✔ buildProgressSnapshotPayload is bounded and omits dirty path lists (0.496791ms)
✔ progressSnapshotPayloadChanged detects field deltas (0.105ms)
✔ shouldEmitProgressSnapshot respects interval (0.075041ms)
✔ recordLaneProgressSnapshot journals bounded payload (162.334042ms)
✔ runWorker emits lane.progress_snapshot on interval and dedupes unchanged signals (10145.147833ms)
✔ startBatch fails closed on invalid PROMPT before batch starts (339.291708ms)
fatal: malformed object name missing-base-branch
✔ inspectGitState records gitInspectionError when merged-branch scan fails (372.572ms)
✔ deriveDiagnosis returns git_unavailable when git inspection failed (0.417375ms)
✔ reconcileBatch surfaces git_unavailable instead of limbo_stale on git failure (1190.129125ms)
fatal: malformed object name missing-base-branch
✔ reconcileBatch records count_commits_ahead git errors from real git refs (1461.200459ms)
✔ idle-no-batch returns healthy idle state (253.991ms)
✔ limbo_stale detected from incident fixture (1346.891416ms)
✔ completed_manual when orch branch merged to main (1539.917833ms)
✔ needs_retry when a task failed (1005.2125ms)
✔ running diagnosis for active batch (1478.991042ms)
✔ runReconciliationCheck matches reconcileBatch output shape (1074.738708ms)
✔ reconcileBatch includes journal hints when journal exists (1391.950083ms)
✔ reconcileBatch exposes macroPhase for running batch (1343.312542ms)
✔ reconcileBatch exposes macroPhase for limbo_stale (892.750584ms)
✔ failBatchFromEngineError writes batch.failed and clears enginePid (303.063042ms)
✔ reconcileGhostRunningTasks marks running tasks failed without worker (0.231292ms)
✔ resumeMultiTaskBatch fail-closed when post-commit gitPorcelain throws (6818.276541ms)
✔ resumeBatch opens integrate gate before batch.completed journal event (8475.260667ms)
✔ refreshLaneHeartbeatsOnResume aligns lane heartbeats to engineStartedAt (0.591375ms)
✔ taskAlreadyComplete returns false for failed task with stale .DONE on disk (0.459083ms)
✔ resumeBatch after failed retry runs contract verification before succeed (2947.175792ms)
✔ resumeBatch continues paused 2-task 2-lane batch with stub workers (8978.458083ms)
✔ resumeBatch multi path requires existing lane worktrees (426.149291ms)
✔ multi-task batch start → pause → resume completes both tasks (9176.245875ms)
✔ paused multi-task batch diagnose suggests multi-task resume (1207.490958ms)
✔ multi-task startBatch completes two-lane stub batch (start path) (10339.712667ms)
✔ resumeBatch serializes four tasks on one lane (31348.692375ms)
✔ resumeBatch runs two lanes with two tasks each in parallel (31903.540167ms)
✔ validateMultiTaskResume accepts paused 2-task 2-lane batch (449.291875ms)
✔ validateMultiTaskResume rejects batch with zero tasks (279.769667ms)
✔ validateMultiTaskResume rejects missing worktree per lane (933.289959ms)
✔ validateMultiTaskResume allows force resume when wave merge is pending (753.430833ms)
✔ validateResumeBatch delegates to multi validator for single-task batch (487.296541ms)
✔ resolveDetachedWaitTimeoutMs uses long default for wait-terminal orphan resume (0.495333ms)
✔ prepareOrphanResumeHandoff clears stale workerPid before orphan resume (337.535167ms)
✔ clearStaleLaneWorkerPids preserves live worker pid (298.453708ms)
✔ dual-dead lane+engine orphan reconciles as engine_orphaned with attached resume (1346.473625ms)
✔ attached resume --force completes stuck task after plan review orphan stall (7859.53725ms)
✔ detached resume with wait-terminal uses extended timeout constant (0.164917ms)
✔ taskTerminalSuccessInBatch requires succeeded status and journal task.completed (0.523791ms)
✔ resume --force after partial retry does not review.start succeeded task IDs (9188.485042ms)
✔ pauseBatch sets phase paused and journals batch.paused (383.959875ms)
✔ resumeBatch continues paused single-lane batch (7654.084958ms)
✔ paused spine batch reconciliation suggests spine batch resume (900.239709ms)
✔ validateBatchState requires segments aligned with tasks (0.295583ms)
✔ retryTask clears stale failure metadata before re-run (221.019541ms)
✔ retry then task.completed updates counters and reconcile diagnosis (1092.372417ms)
✔ retry-clears-failed-classification fixture reconciles after success state (1797.846125ms)
✔ retryTask atomically resets task and segment records (218.575292ms)
✔ retryTask fixes segment drift (GAP-RETRY-01) (279.483ms)
✔ resumeBatch refuses segment drift without retry (320.609958ms)
✔ skipTask marks task skipped and updates counters (345.246125ms)
✔ retryTask rejects when batch is running (763.994375ms)
✔ defaultSegmentId used in segment records (0.372125ms)
✔ detectOrphanedReviewStarted finds orphaned review.started with no matching review.completed (0.564208ms)
✔ detectOrphanedReviewStarted returns empty when review.completed exists (0.073125ms)
✔ detectOrphanedReviewStarted distinguishes code and final review types (0.067208ms)
✔ reconcileOrphanedReviewEvents synthesizes completion when APPROVE artifact on disk (62.818791ms)
✔ reconcileOrphanedReviewEvents does NOT synthesize when no artifact on disk (33.958083ms)
✔ reconcileOrphanedReviewEvents does NOT synthesize for REVISE verdict (51.542625ms)
✔ findCompletedCodeReview honors artifact at attempt > 0 (55.443208ms)
✔ normal review flow (no crash) still works correctly (0.172709ms)
✔ reconcileOrphanedReviewEvents handles final review with PASS verdict (62.427167ms)
✔ buildReviewerSystemPrompt includes project standards when rules manifest exists (21.806416ms)
✔ buildReviewerSystemPrompt emits reviewer.rules_selected journal event (59.378875ms)
✔ buildReviewRequest user prompt does not include injected standards block (0.316292ms)
✔ runStepReview stub path does not emit reviewer.rules_selected (75.721083ms)
✔ isNoiseReviewScopePath matches runtime artifact paths (0.707708ms)
✔ filterReviewScopeNoise dedupes and drops noise (0.513125ms)
✔ resolvePlanReviewScopePaths returns PROMPT File Scope minus noise (6.294958ms)
✔ resolveReviewScopePaths plan uses task PROMPT file scope (20.568875ms)
✔ resolveReviewScopePaths final returns empty scope (0.105333ms)
✔ resolveCodeReviewScopePaths uses baseline..HEAD when baseline provided (520.975667ms)
✔ resolveCodeReviewScopePaths falls back to git diff --name-only without baseline (404.001166ms)
✔ resolveReviewScopePaths code honors injectable git runner (0.304375ms)
✔ resolveCodeReviewScopePaths returns empty array when git fails (0.121208ms)
✔ parseReviewLevel reads PROMPT heading (0.744041ms)
✔ isReviewTypeRequired follows Taskplane rubric (0.097875ms)
✔ formatReviewTimestamp strips separators from ISO time (1.149875ms)
✔ buildReviewArtifactPath uses step-timestamp pattern (0.210833ms)
✔ buildFinalReviewArtifactPath uses final-timestamp pattern (0.121417ms)
✔ normalizeVerdict maps enums by review type (0.090125ms)
✔ normalizeFinalVerdict and normalizeCodeVerdict are type-specific aliases (0.074958ms)
✔ parseReviewVerdict reads JSON and markdown verdicts (0.495459ms)
✔ parseReviewVerdict accepts PASS REVISE REPLAN when reviewType is final (0.107959ms)
✔ parseReviewVerdict step mode rejects final-only verdict enums (0.178167ms)
✔ parseFinalReviewVerdict accepts PASS, REVISE, and REPLAN (0.136125ms)
✔ parseFinalReviewVerdict omits heading summary unlike parseReviewVerdict (0.095833ms)
✔ shouldRunCodeReview requires review level 2 or higher (0.072459ms)
✔ shouldRunFinalReview skips when review level is 0 (0.063625ms)
✔ DEFAULT_REVIEW_SPAWN_TIMEOUT_MS is 90 minutes (0.555291ms)
✔ honorReviewSpawnFailureWhenEligible honors final review when contract passed (13.152292ms)
✔ honorReviewSpawnFailureWhenEligible skips when contract failed (1.250167ms)
✔ honorReviewSpawnFailureWhenEligible honors code review with .DONE (1.874417ms)
✔ buildReviewerPiArgs includes --model when config pins reviewer (4.348041ms)
✔ buildReviewerPiArgs omits --model when reviewer model is inherit (2.720792ms)
✔ buildReviewerPiArgs uses per-type model override for matching reviewType (8.006792ms)
✔ buildReviewerPiArgs falls back to top-level reviewer pin when per-type block missing (1.958584ms)
✔ buildReviewerPiArgs cascades per-type inherit to top-level reviewer pin (2.849875ms)
✔ spawnReviewerPi fails closed when pi unavailable via SPINE_REVIEW_TEST_NO_PI (2.116375ms)
✔ buildReviewerChildEnv strips SPINE_WORKER_RUNNER from reviewer child env (0.345917ms)
✔ shouldBlockNestedReviewerSpawn false when only worker runner leaked on engine (0.10125ms)
✔ spawnReviewerPi allows engine spawn when worker runner leaked without journal attach (2.15275ms)
✔ shouldBlockNestedReviewerSpawn true inside live worker child session (0.217292ms)
✔ parseReviewLevel reads PROMPT heading (0.671375ms)
✔ isReviewTypeRequired follows Taskplane rubric (0.080334ms)
✔ buildReviewArtifactPath uses step-timestamp pattern (1.285375ms)
✔ buildFinalReviewArtifactPath uses final-timestamp pattern (0.13275ms)
✔ parseReviewVerdict reads JSON and markdown verdicts (0.52775ms)
✔ parseReviewVerdict accepts PASS REVISE REPLAN when reviewType is final (0.171458ms)
✔ parseReviewVerdict step mode rejects final-only verdict enums (0.100709ms)
✔ parseReviewVerdict accepts PASS REVISE REPLAN for final review type (0.070666ms)
✔ resolveBatchJournalContext ignores SPINE_BATCH_ID without SPINE_JOURNAL_ATTACH (0.180208ms)
✔ isJournalAttachBlocked honors SPINE_SUPPRESS_JOURNAL_ATTACH (0.125791ms)
✔ resolveBatchJournalContext blocked when attach suppressed (0.09925ms)
✔ runStepReview ignores SPINE_REVIEW_STUB_FAIL without stub mode (11.070583ms)
✔ runStepReview stub APPROVE writes artifact and journal events (34.845208ms)
✔ runStepReview stub REVISE returns exitCode 2 (14.587875ms)
✔ runStepReview fail-closed on stub spawn failure (20.456791ms)
✔ runStepReview skips when review level does not require type (5.005167ms)
✔ runStepReview final stub PASS writes final artifact path (10.807ms)
✔ runStepReview final spawn failure exits non-zero at review level >= 1 (4.013125ms)
✔ runSpineReviewStep CLI --type final emits JSON verdict (3.993375ms)
✔ runSpineReviewStep CLI emits JSON verdict (19.465458ms)
✔ assertReviewToolAvailable fails closed without pi at review level > 0 (3.657625ms)
✔ runWorker fails closed when review tool unavailable at level > 0 (29.514417ms)
✔ stub worker stops when enforced review spawn fails (75.839125ms)
✔ DEFAULT_REVIEW_SPAWN_TIMEOUT_MS remains 90 minutes (backstop unchanged) (0.46375ms)
✔ runStepReview honors on-disk APPROVE while pi hangs — seconds not stall timeout (266.494833ms)
✔ resolveReviewerModelPin returns per-type override when set (0.54925ms)
✔ resolveReviewerModelPin falls back to top-level when per-type block missing (0.174333ms)
✔ resolveReviewerModelPin cascades per-type inherit to top-level pin (0.075167ms)
✔ resolveReviewerModelPin returns null for top-level inherit (0.065958ms)
✔ resolveReviewerModelPin returns null when reviewer block absent (0.07025ms)
✔ resolveReviewerThinkingPin returns per-type override when set (0.084958ms)
✔ resolveReviewerThinkingPin falls back to top-level when per-type block missing (0.06275ms)
✔ resolveReviewerThinkingPin cascades per-type inherit to top-level pin (0.04875ms)
✔ resolveReviewerThinkingPin returns null for off at any level (0.08375ms)
✔ resolveReviewerThinkingPin returns null when reviewer block absent (0.21225ms)
✔ resolveRulesManifestGeneratedAtMerge keeps newest generatedAt (0.58875ms)
✔ resolveRulesManifestGeneratedAtMerge fails when rules differ (0.082ms)
✔ fingerprintRulesManifest ignores generatedAt (0.066417ms)
✔ mergeLaneToOrch clears generatedAt-only dirty rules-manifest before merge (1271.409125ms)
✔ mergeLaneToOrch auto-resolves generatedAt-only rules-manifest conflict (1422.214458ms)
✔ mergeLaneToOrch fails loud when rules[] differ (1097.720875ms)
✔ mergeLaneToOrch does not auto-resolve when other paths conflict (956.434167ms)
✔ tryAutoResolveRulesManifestMergeConflict resolves in-progress merge (731.712791ms)
✔ appendTaskMetric writes TaskMetricRecord JSONL line (15.37625ms)
✔ buildTaskMetricRecord includes laneNumber and durationMs when available (0.199709ms)
✔ buildTaskMetricRecord omits laneNumber when not a positive lane (0.113833ms)
✔ metrics.enabled false skips append without error (3.225167ms)
✔ resolveTaskMetricOutcome maps skipped_done_on_disk to skipped (0.152875ms)
✔ appendTaskMetric redacts secret-like fields and omits prompt text (10.038125ms)
✔ skipTaskDoneOnDisk records skipped task metric (25.063667ms)
✔ appendBatchMetric writes BatchMetricRecord JSONL line (1.611666ms)
✔ recordBatchTerminalMetric skips when metrics disabled (0.487667ms)
✔ dismissBatch appends batch metric line (673.919ms)
✔ spine metrics show filters by batch and formats table output (2.113167ms)
✔ spine metrics show CLI filters by batch id (102.044542ms)
✔ resolveSalvageConfig defaults autoCommitOnStall to false (0.537792ms)
✔ validateSpineConfig rejects non-boolean autoCommitOnStall (0.45275ms)
✔ recordTaskFailureSalvage with autoCommitOnStall commits scoped paths on lane branch (575.703458ms)
✔ recordTaskFailureSalvage without autoCommitOnStall does not commit (326.361833ms)
✔ salvage commit refuses merge_in_progress and index_conflicts (631.902042ms)
✔ salvage commit refuses pre-commit hook failure (533.117292ms)
✔ atomic retry retains salvage WIP commit on lane branch (668.654375ms)
✔ inspectLaneSalvage scopes porcelain to file scope and task folder (197.702583ms)
✔ recordTaskFailureSalvage journals inspection and writes evidence without committing (519.29875ms)
✔ writeSalvageEvidence writes pretty JSON atomically without temp files (298.75ms)
✔ startBatch worker failure with dirty scoped file emits salvage and diagnose hint (7195.879292ms)
✔ parseSequenceArgs honors --auto-approve-gate and --force (0.508708ms)
✔ spine run sequence --auto-approve-gate dry-run succeeds under stub (470.9685ms)
✔ spine run sequence --auto-approve-gate refused for real pi without --force (521.121709ms)
✔ spine run sequence --auto-approve-gate --force dry-run succeeds for real pi (446.809041ms)
✔ validateSequenceAutoApproveGate allows stub mode without force (0.546708ms)
✔ validateSequenceAutoApproveGate blocks real pi without force (0.138417ms)
✔ validateSequenceAutoApproveGate allows real pi with force (0.073625ms)
✔ validateSequenceAutoApproveGate skips check when flag is false (0.068208ms)
✔ buildSequenceAutoApproveDoctorCheck warns for real pi (0.082958ms)
✔ buildSequenceAutoApproveDoctorCheck passes for stub mode (0.063541ms)
✔ runSequence refuses auto-approve on dry-run for real pi (0.385666ms)
✔ runSequence allows auto-approve dry-run with force on real pi (0.169ms)
✔ readCurrentBatchLogTail returns null for missing file (0.536875ms)
✔ readCurrentBatchLogTail filters to last batch session header (5.492041ms)
✔ readCurrentBatchLogTail returns full content when no header exists (0.537458ms)
✔ readCurrentBatchLogTail respects lineCount limit (0.358583ms)
✔ waitForSequenceBatchTerminal returns settled when batch completes before timeout (1040.321833ms)
✔ waitForSequenceBatchTerminal does not exit while engine PID is alive (2372.524292ms)
✔ waitForSequenceBatchTerminal returns failure diagnosis even with alive engine (794.774625ms)
✔ isMergeBlockedBatchOutcome detects mixed-outcome and merge_blocked phases (0.52525ms)
✔ evaluateWaveTaskDependencies filters runnable tasks by satisfied deps (0.548917ms)
✔ formatSequenceWaveSkipMessage names blocked dependencies per §17.4 (0.190167ms)
✔ resolveWaveAfterMergeBlocked continues wave 1 and skips wave 2 tasks (0.18875ms)
✔ planSequenceWaveTasks skips wave when no deps are satisfied (0.1015ms)
✔ 3-wave sequence continues wave 1 after wave 0 merge_blocked and skips wave 2 (35731.541334ms)
✔ isPiSessionMetadataPath matches .pi session roots and children (0.955459ms)
✔ checkGitClean ignores untracked .pi/ session metadata (256.87375ms)
✔ checkGitClean still fails when non-.pi paths are dirty (267.491916ms)
✔ runSequence with only .pi/ dirty passes preflight (33336.955666ms)
✔ runSequence surfaces preflight failure on stderr-equivalent output (18933.671708ms)
✔ resolveResumeFromWave continues after last completed wave (0.462875ms)
✔ sequence persists fromWave, completedWaves, and lastBatchId after wave 0 (29693.127667ms)
✔ resume after interrupted wave 0 integrate completes remaining waves (74799.030875ms)
✔ sequence halts on wave failure with --stop-on-failure and preserves completed waves (35055.61425ms)
✔ resolveWaveTaskIds and resolveSequenceWaves honor planner waves (0.944959ms)
✔ diagnosis helpers classify settled, waiting, and failure states (0.098167ms)
✔ dry-run prints operator-equivalent land loop commands per wave (0.243291ms)
✔ 2-wave stub sequence completes with auto-approve land loop (65656.0055ms)
✔ buildSequencePlan resolves pending scope for dry-run integration (4055.952667ms)
✔ skipTask leaves phase paused when all tasks terminal without merge (1475.562875ms)
✔ skipTask clears failed segment drift for reconcile (1511.429958ms)
✔ resolveWorkerOutputConfig applies lane defaults and overrides (0.584792ms)
✔ captureWorkerOutputTail keeps last lines and marks byte truncation (0.265458ms)
✔ redactWorkerOutput applies built-in and config deny patterns (0.38725ms)
✔ runWorker stall_timeout captures stderr, persists log, journals stall_killed (5226.9205ms)
✔ collectEvidenceBundle references persisted worker output logs (144.483833ms)
✔ successful worker skips log unless retainWorkerOutputOnSuccess (5177.026167ms)
✔ SAT-020 replay: checkpoint_warning → stall_killed → salvage_inspection → task.failed (68269.872334ms)
✔ regression: stub worker still requires .DONE for batch success (20767.702208ms)
✔ recordTaskTransition writes batch-state then journal in order (152.347791ms)
✔ saveSpineBatchState leaves prior JSON intact when atomic write fails (127.986291ms)
✔ saveGateRecord leaves prior JSON intact when atomic write fails (128.772875ms)
✔ validateBatchState accepts healthy schema v1 state (0.743875ms)
✔ validateBatchState rejects counter drift (0.141291ms)
✔ runSpineState validate passes on archived batch-state (4.412583ms)
✔ runSpineState validate fails loud on corrupt active state (1.81ms)
✔ computeStatusProgress derives wave and task counts from batch raw (0.950875ms)
✔ computeStatusProgress returns null without batch raw (0.093292ms)
✔ formatStatusJson includes documented progress field names (0.150333ms)
✔ spine status --json includes task and wave progress for active batch (3973.046ms)
✔ spine status --json omits progress counts when no batch is active (1230.985584ms)
✔ reconcileBatch exposes progress fields for spine watch consumers (4883.854833ms)
✔ classifyTaskDoneSemantics distinguishes lane vs main .DONE (issue #35) (1282.751042ms)
✔ spine status --diagnose --json exposes explicit done flags mid-batch (4746.288334ms)
✔ verifyStubFileScopeMustChange fails when contract paths are unchanged (2183.280125ms)
✔ verifyStubFileScopeMustChange passes when contract path changed (2804.188584ms)
✔ verifyStubFileScopeMustChange passes for comma-in-single-backtick fileScopeMustChange (SP-396) (2434.453542ms)
✔ commitLaneWorktree rejects stub completion without fileScopeMustChange diffs (2468.464625ms)
✔ commitLaneWorktree allows stub completion when fileScopeMustChange is satisfied (4105.810875ms)
✔ stub contract helpers detect release-critical contracts and legacy markers (0.779667ms)
✔ shouldEnforceStubContractAtLaneCommit uses env or legacy .DONE marker (1076.773791ms)
✔ stub cannot succeed merge/version task without file-scope changes (2650.664417ms)
✔ checkStubReleaseCritical warns when stub mode has pending fileScopeMustChange tasks (2228.943375ms)
✔ diagnosis surfaces exitReason stub for M/L legacy stub .DONE markers (0.99825ms)
✔ reconcileBatch surfaces exitReason stub for succeeded M/L tasks with legacy stub .DONE (4835.444625ms)
✔ applyStubDeliveryStatusBlock updates existing header lines (0.653958ms)
✔ applyStubDeliveryStatusBlock appends block when header lines are missing (0.101917ms)
✔ writeStubDeliveryStatusIfNeeded updates STATUS for delivery-only contracts (63.188792ms)
✔ writeStubDeliveryStatusIfNeeded skips implementation scopes (38.453875ms)
✔ stub worker auto-writes STATUS for delivery-only fileScopeMustChange (235.619083ms)
✔ stub worker does not auto-write STATUS for implementation fileScopeMustChange (162.036167ms)
✔ stub worker STATUS delivery satisfies verifyStubFileScopeMustChange (2773.093ms)
✔ parseTaskSizeFromMarkdown reads Size line (0.649084ms)
✔ resolveTaskStallMinutes uses max of config and size floor (0.708333ms)
✔ resolveStallConfigForTask applies minutes to stallTimeoutMs (0.1275ms)
✔ journalTaskAwaitingFirstHeartbeat: true after task.started before lane.heartbeat (0.603834ms)
✔ journalTaskAwaitingFirstHeartbeat: false after matching lane.heartbeat (0.08325ms)
✔ detectOrphanRunning suppresses lane orphan during first-heartbeat debounce when engine alive (0.339292ms)
✔ detectOrphanRunning still reports lane orphan before heartbeat when engine is dead (0.126708ms)
✔ detectOrphanRunning still reports lane orphan after first heartbeat (0.1005ms)
✔ reconcileBatch: transient dead workerPid mid-start diagnoses running not worker_orphaned (4290.267708ms)
✔ reconcileOrphanRunningState does not fail running task during debounce window (1710.596333ms)
✔ post-heartbeat dead pid still worker_orphaned with retry (4305.558ms)
✔ hasPendingWaveMerge is true when an intermediate wave lacks mergeResults (0.623125ms)
✔ hasPendingWaveMerge is false when every terminal wave is recorded (0.437584ms)
✔ recordWaveMergeResult records forceMerged flag and updates existing wave row (0.135084ms)
✔ resolveWorkerBackend defaults to subprocess (0.603959ms)
✔ resolveWorkerBackend honors agentSession flag (0.070584ms)
✔ validateWorkerBackendConfig rejects invalid values (0.10625ms)
✔ validateSpineConfig accepts optional workerBackend (0.264458ms)
✔ settings registry validates workerBackend enum case-sensitively (0.143125ms)
✔ buildAgentSessionWorkerPrompt includes PROMPT reference and review hint (24.580583ms)
✔ createStubAgentSession writes .DONE (32.148417ms)
✔ startAgentSessionWorker completes with injected mock session (38.971209ms)
✔ runWorker uses agentSession backend with mock factory (5240.179292ms)
✔ runWorker keeps subprocess default when workerBackend unset (5223.989459ms)
✔ WORKER_BACKENDS lists supported values (1.403333ms)
✔ buildWorkerBackendDoctorCheck reports subprocess as production default (0.31775ms)
✔ buildWorkerBackendDoctorCheck warns or fails on opt-in agentSession (0.560584ms)
✔ buildWorkerBackendDoctorCheck falls back to subprocess for invalid config (0.114917ms)
✔ DIAGNOSIS_TAXONOMY includes worker_done_missing distinct from worker_orphaned and needs_retry (0.497209ms)
✔ outputIndicatesWorkerDoneMissing matches runner stderr message (0.109666ms)
✔ inferWorkerDoneMissingFailure reads task.failed payload from journal (0.187208ms)
✔ buildHeadline and buildSuggestedCommand for worker_done_missing cite worker log (0.305417ms)
✔ reconcileBatch diagnoses worker_done_missing for issue #18 journal pattern (4559.4445ms)
✔ buildDiagnosisOutput bundles worker_done_missing headline and retry command (0.292375ms)
✔ resolvePiSpineRoot defaults to pi-spine package root (0.7155ms)
✔ resolvePiSpineRoot honors development.piSpineRoot override (76.291667ms)
✔ buildWorkerChildEnv sets PI_SPINE_ROOT for worker spawn (19.896541ms)
✔ validateWorkerLaunchScriptPath requires scripts/ prefix (121.78625ms)
✔ validateWorkerLaunchScriptPath rejects traversal (23.447125ms)
✔ validateWorkerLaunchScriptPath rejects symlink escape (38.550458ms)
✔ resolveSafeWorkerLaunchScript returns default when present (28.83925ms)
✔ validateSpineConfig rejects unsafe development.workerLaunchScript (1.558791ms)
✔ DEFAULT_WORKER_LAUNCH_SCRIPT matches conventional path (0.184333ms)
✔ runWorker classifies launch script fast-fail as launch_failed (5363.152208ms)
✔ appendWorkerAgentModelArgs adds --model when configured and not inherit (0.522334ms)
✔ appendWorkerAgentModelArgs omits --model for inherit and empty (0.080583ms)
✔ appendWorkerAgentModelArgs adds --thinking when set and not off (0.062041ms)
✔ buildWorkerPiArgs includes --model cursor/auto from spine-config (159.438ms)
✔ buildWorkerPiArgs omits --model when agents.worker.model is inherit (82.683542ms)
✔ parseWorkerDoneMarker accepts legacy empty and text markers (1.536458ms)
✔ parseWorkerDoneMarker accepts structured JSON markers (0.13475ms)
✔ parseWorkerDoneMarker rejects partial JSON markers (0.08125ms)
✔ isWorkerDoneMarkerValid mirrors parseWorkerDoneMarker (0.073917ms)
✔ writeWorkerDoneMarker writes atomic structured JSON (66.167709ms)
✔ readWorkerDoneMarker reports absent marker (7.315833ms)
✔ persistWorkerOutputLog writes atomically without temp leftovers (51.691416ms)
✔ resolveWorkerPiTimeoutMs uses per-size stall floor (0.542ms)
✔ resolveWorkerPiTimeoutMs honors SPINE_WORKER_PI_TIMEOUT_MS override (0.102917ms)
✔ buildWorkerChildEnv sets SPINE_WORKER_PI_TIMEOUT_MS from stall budget (0.410875ms)
✔ buildPiWorkerTimeoutDoctorCheck reports stall-aligned timeout for M floor (0.188334ms)
✔ runWorker terminates hung child after .DONE and returns ok: true (10297.577292ms)
✔ runWorker pre-.DONE stall_timeout still works (5700.295708ms)
✔ buildWorkerTailPrompt includes critical-rules for JS-scoped task (22.088209ms)
✔ buildWorkerContextAsync appends config.standards end-to-end (3.116958ms)
✔ buildWorkerContextAsync emits worker.rules_selected journal event (91.557416ms)
✔ buildWorkerContextAsync falls back to static context without .cursor/rules (30.425792ms)
✔ buildReviewLevelHint delegates code and final review to engine (0.674208ms)
✔ buildCommitBoundaryHint uses SP-064 feat(taskId) convention (0.086542ms)
✔ buildDoneCheckpointHint references done path and uncommitted failure (0.185208ms)
✔ buildWorkerTailPrompt includes tools hint and task id from folder (0.528083ms)
✔ buildWorkerTailPrompt appends worker agent and PROMPT when present (82.674667ms)
✔ shouldSlideStallAnchorOnHeartbeat only slides worker_alive in pi phase (0.486708ms)
✔ computeStallDeadline slides silent stall window when lastAliveAt advances (0.163042ms)
✔ nextStallAnchorAt advances only on pi worker_alive (0.078292ms)
✔ runWorker worker_alive heartbeats extend stall deadline past initial window (20644.165208ms)
✔ runWorker silent stall still fails without heartbeats (5285.792417ms)
✔ SP-190 wedge fixture describes hung-child-after-.DONE incident (0.896791ms)
✔ SP-190 wedge class: engine completes within post-done grace (SP-193) (10480.314875ms)
✔ completeBatch removes lane worktrees and journals batch.worktrees_cleaned (6127.728042ms)
✔ dismissBatch removes lane worktrees and journals batch.worktrees_cleaned (6284.18025ms)
✔ completeBatch keeps worktree when cleanupWorktreesOnComplete is false (4703.896292ms)
✔ provisionLaneWorktree normalizes git metadata to relative posix paths (2430.049583ms)
✔ repairLaneWorktreeGitMetadata fixes broken absolute gitdir pointers (2578.682417ms)
✔ normalizeLaneWorktreeGitPaths is idempotent (1650.835875ms)
✔ validateMultiTaskResume repairs unhealthy lane worktree git metadata (4016.365792ms)
✔ validateWorktreeSetupHookPath accepts ./scripts/ prefix when file exists (21.785916ms)
✔ validateWorktreeSetupHookPath rejects ./scripts/../ traversal (5.12275ms)
✔ validateSpineConfig rejects unsafe worktreeSetupHook (1.681417ms)
✔ checkWorktreeSetupHook fails preflight for unsafe hook path (10.739708ms)
✔ runWorktreeSetupHook succeeds with JSON stdout (412.687833ms)
✔ runWorktreeSetupHook throws when hook returns ok false (492.320125ms)
✔ runWorktreeSetupHook throws on malformed JSON stdout (384.802958ms)
✔ runWorktreeSetupHook is no-op when hook not configured (12.916458ms)
✔ batch help helpers detect help invocations (0.511334ms)
✔ printBatchHelp returns usage text (0.114167ms)
✔ runSpineBatch exits 0 for help without starting a batch (1529.523542ms)
✔ spine batch start --help does not create batch state (1471.2365ms)
✔ isCliEntrypoint returns true when argv[1] is a symlink to the module (8.505833ms)
✔ isCliEntrypoint returns false for an unrelated script path (0.188042ms)
✔ isCliEntrypoint returns false when argv[1] is missing (0.132167ms)
✔ spine help via symlink produces stdout and exit 0 (395.721ms)
✔ spine version via symlink produces stdout and exit 0 (2101.405583ms)
✔ HANDOFF_DEFAULTS autoWriteOn includes session_start (0.854166ms)
✔ /spine auto-writes handoff on session_start when batch needs attention (8659.242958ms)
✔ /spine skips auto-write when autoWriteOn excludes session_start (3916.134ms)
✔ /spine skips auto-write for idle diagnosis even with session_start enabled (16731.480083ms)
✔ /spine merges default autoWriteOn when config omits handoff.autoWriteOn (10212.827666ms)
✔ formatIssueDraftMarkdown renders all issue checklist sections (0.818791ms)
✔ formatIssueDraftMarkdown applies redaction to section content (0.128292ms)
✔ buildIssueDraftBody returns title, body, and labels for idle repo (14266.766375ms)
✔ buildIssueDraftBody includes batch context and journal tail (25493.016917ms)
✔ buildIssueDraftBody maps issueType to GitHub labels (37996.757958ms)
✔ buildIssueDraftBody rejects invalid issueType (1581.642166ms)
✔ buildIssueDraftBody redacts sk- token patterns in title and body (14775.783958ms)
✔ parseJournalFollowArgs reads batch, lane, and json flags (1.394542ms)
✔ resolveFollowBatchId uses reconcile then batch-state (2470.529208ms)
✔ formatJournalFollowLine uses summarizeJournalEvent (5.314083ms)
✔ formatJournalFollowOutputLine filters by lane and supports json passthrough (0.196125ms)
✔ readJournalFollowSnapshot prints header once in human mode (61.849583ms)
✔ runJournalFollow exits non-zero when journal missing (14.56425ms)
✔ runJournalFollow exits non-zero when no batch can be resolved (7.904958ms)
✔ runJournalFollow prints existing events without following (118.516625ms)
✔ runJournalFollow defaults batch from batch-state (3439.375166ms)
✔ spine journal follow exits non-zero when journal missing (403.458125ms)
✔ parseLaneNumber accepts positive integers (0.619583ms)
✔ parseLaneLogsArgs reads lane, task, batch, and follow flags (0.495416ms)
✔ extractTaskIdFromLogFilename parses worker log names (0.083334ms)
✔ resolveLaneLogPath prefers live log when present (71.534916ms)
✔ resolveLaneLogPath falls back to worker-output log (39.2765ms)
✔ findMostRecentLogTaskId picks newest log in lane directory (46.881708ms)
✔ resolveLaneLogTaskId uses explicit task id (11.572458ms)
✔ resolveLaneLogTaskId infers running task from batch state (46.846125ms)
✔ runLaneLogs exits non-zero when lane is missing (11.236958ms)
✔ runLaneLogs exits non-zero when no batch can be resolved (9.782375ms)
✔ runLaneLogs prints existing log without following (2885.353292ms)
✔ runLaneLogs prefers live log content (3041.842792ms)
✔ spine lane logs exits non-zero when log file missing (2968.581625ms)
✔ isExitVerificationTask detects exit verification headings (0.713541ms)
✔ shouldRunContractVerifyForWorker skips stub for normal tasks (0.905708ms)
✔ shouldRunContractVerifyForWorker runs stub contract for exit tasks (0.194125ms)
✔ runPhase23ExitVerify --skip-test passes structural checks in repo (41.239708ms)
✔ spine verify phase23-exit CLI is wired (66.807083ms)
✔ runScenariosList prints empty registry message (2.0255ms)
✔ runScenariosList returns sorted scenarios as JSON (27.478542ms)
✔ runScenariosShow returns scenario details (17.278875ms)
✔ runScenariosShow rejects unknown scenario (5.591625ms)
✔ loadScenarioFixture reads incident fixture from registry entry (14.22075ms)
✔ loadScenarioFixture rejects recipe kind (0.286958ms)
✔ materializeFixtureToProject writes batch-state and journal tail (1684.26875ms)
✔ assertMaterializeAllowed blocks when batch-state exists (1790.263958ms)
✔ runScenariosMaterialize blocks active batch without --force (1716.906166ms)
✔ runScenariosMaterialize writes fixture with --force (1842.291ms)
✔ runScenariosMaterialize rejects recipe scenarios (30.353958ms)
✔ spine scenarios CLI routes list and materialize (1854.574458ms)
✔ parseSequenceArgs defaults scope to pending and stopOnFailure to true (0.576542ms)
✔ parseSequenceArgs honors wave and attached flags (0.093708ms)
✔ formatSequenceResult emits JSON when requested (0.485792ms)
✔ spine run sequence pending --dry-run prints per-wave land loop commands (2683.8335ms)
✔ spine run sequence pending --dry-run --json returns structured payload (2264.040792ms)
✔ spine run sequence pending --from-wave 1 limits dry-run to later waves (1250.000625ms)
✔ runSpineSequence rejects invalid through-wave with non-zero exit (858.4985ms)
✔ spine run pending still aliases batch start (875.278875ms)
✔ buildSuggestedCommand for state_drift uses retry with task id (0.630291ms)
✔ buildSuggestedCommand for state_drift while running suggests pause then retry (0.078459ms)
✔ buildSuggestedCommand for state_drift without task id falls back to diagnose (0.064917ms)
✔ assembleHandoffData returns idle shape when no active batch (1679.623542ms)
✔ assembleHandoffData includes reconciliation fields for active batch (3443.683292ms)
✔ assembleHandoffData redacts secret-like payload fields in journal tail (3101.248625ms)
✔ paused batch handoff lists pending tasks and spine batch resume (4306.427792ms)
✔ renderHandoffMarkdown matches golden snapshot structure (5528.39375ms)
✔ redactHandoffText removes KEY TOKEN and SECRET value patterns (0.501417ms)
✔ recordHandoffWritten appends handoff.written journal event (2859.228333ms)
✔ handleNext appends handoff path hint when handoff file exists (6075.333292ms)
✔ runSpineHandoff --json writes handoff file and returns structured output (6252.244709ms)
✔ runInit copies rules profile, discovers manifest, standards default [] (254.991708ms)
✔ runInit dry-run plans rules files without writing (48.30675ms)
✔ rules-manifest.json is not listed in .gitignore (1.613459ms)
✔ parseIssueDraftArgs applies defaults and flags (0.588166ms)
✔ buildIssueDraftBody works in idle repo without batch context (13237.893542ms)
✔ runSpineIssueDraft writes draft file and prints human output by default (14706.642459ms)
✔ runSpineIssueDraft --json returns structured payload without writing file (15014.0375ms)
✔ runSpineIssueDraft --create fails clearly when gh is missing (2779.779042ms)
✔ runSpineIssue rejects unknown subcommands (2687.236208ms)
✔ spine issue draft routes through spine.mjs help and dispatch (15129.691292ms)
✔ buildIssueDraftBody redacts secret-like values (14127.328791ms)
✔ get-version helpers use spawnSync without shell (20.914375ms)
✔ spine help and version route through thin CLI entry (1887.649916ms)
✔ spine rejects unknown commands (281.37575ms)
✔ router dispatches plan, status, batch, gate, and integrate (1824.401834ms)
✔ spine rules --help lists subcommands (308.97825ms)
✔ runSpineRules discover writes manifest in initialized project (588.991292ms)
✔ runSpineRules select rejects invalid PROMPT before manifest check (687.134375ms)
✔ runSpineRules select uses validated file scope (653.672375ms)
✔ runSpineRules select requires manifest (650.314292ms)
✔ spine rules sync via CLI exits zero in pi-spine repo (301.87025ms)
✔ parseRulesArgv defaults role to worker (0.108792ms)
✔ parseRulesArgv requires review-type for reviewer role (0.301292ms)
✔ runSpineRules select worker default unchanged (894.964875ms)
✔ runSpineRules select reviewer plan uses PROMPT file scope (1149.29125ms)
✔ runSpineRules select reviewer final returns empty scope (1369.65825ms)
✔ runSpineRules select reviewer code honors baseline (3081.879875ms)
✔ spine status prints macro phase for idle repo (502.736334ms)
✔ spine status prints macro phase for active batch (3267.103167ms)
✔ spine status --diagnose verbose signals include macroPhase (4213.058083ms)
✔ spine status --json includes macroPhase fields (5293.728167ms)
✔ parseDurationMs accepts plain seconds and suffix forms (0.783625ms)
✔ parseDurationMs rejects invalid values (0.268084ms)
✔ parseUntilDiagnoses parses comma-separated diagnoses (0.48325ms)
✔ parseUntilDiagnoses rejects unknown diagnoses (0.096208ms)
✔ parseWaitArgs requires --until and applies defaults (0.118458ms)
✔ parseWaitArgs accepts timeout interval and json (0.07275ms)
✔ parseWaitArgs rejects unknown flags (0.075208ms)
✔ diagnosisMatchesUntil matches only non-null diagnoses in set (0.086791ms)
✔ runSpineWait exits 0 when diagnosis matches (0.272583ms)
✔ runSpineWait exits 1 on timeout and emits final json snapshot (0.1785ms)
✔ runSpineWait polls until diagnosis changes (0.140708ms)
✔ spine wait --json exits 0 when diagnosis matches fixture (3602.33175ms)
✔ spine wait times out with exit 1 (4544.313375ms)
✔ spine wait rejects missing --until (235.637084ms)
✔ spine help lists wait command (289.914542ms)
✔ parseWatchArgs defaults (0.655459ms)
✔ parseWatchArgs accepts interval json and once (0.083625ms)
✔ parseWatchArgs rejects invalid interval (0.239167ms)
✔ parseWatchArgs rejects unknown flags (0.070791ms)
✔ formatWatchHumanLine renders compact reconcile summary (0.091375ms)
✔ formatWatchHumanLine uses idle placeholders when batch absent (0.1105ms)
✔ buildWatchSnapshot includes core fields and progress block when present (0.5075ms)
✔ buildWatchSnapshot prefers explicit progress object (0.0865ms)
✔ runSpineWatch --once human mode prints one line (0.221042ms)
✔ runSpineWatch --once json mode prints NDJSON snapshot (0.215875ms)
✔ runSpineWatch polls until once breaks loop without extra reconcile calls (0.127292ms)
✔ spine watch --once integrates with reconcileBatch in idle repo (984.33675ms)
✔ spine watch --json --once emits reconcile snapshot for active batch (3877.42375ms)
✔ spine watch rejects invalid interval (363.097833ms)
✔ spine help lists watch command (300.65975ms)
✔ DIAGNOSIS_TAXONOMY includes needs_replan (0.502417ms)
✔ needs_replan diagnosis messaging matches handoff §9.1 shape (0.734417ms)
✔ buildDiagnosisOutput bundles needs_replan operator fields (0.165167ms)
✔ deriveDiagnosis prefers needs_replan over needs_retry for replan failures (0.297917ms)
✔ needs_replan blocks needs_merge diagnosis when replan task remains (0.084334ms)
✔ reconcileBatch surfaces needs_replan with edit-PROMPT suggestion (3397.688625ms)
✔ I-01 progress signals extend stall deadline past hard timeout (0.644792ms)
✔ I-02 spine batch retry resets task and segment with pendingSegments > 0 (1527.996125ms)
✔ I-03 spine state validate rejects corrupt batch-state (17.647208ms)
✔ I-04 spine batch abort archives batch-state before clearing active file (1151.030459ms)
✔ I-05 wave merge blocked on failed/pending tasks; force-merge override exists (1193.473417ms)
✔ I-06 retry refused while batch phase is executing or merging (2072.158083ms)
✔ I-07 stall logic uses STATUS, lane commit, and file-scope mtime signals (1084.418333ms)
✔ I-08 post-mortem does not claim success when failures exist (5546.652084ms)
✔ I-09 CONTEXT documents serial bootstrap and preflight execution policy (1.867416ms)
✔ I-10 runStepReview fail-closed when review tool unavailable at level > 0 (63.241292ms)
✔ CONFIG_V2_SECTION_DEFAULTS match handoff §6.2 (0.867083ms)
✔ applyConfigDefaults merges missing v2 sections without overwriting existing keys (0.198417ms)
✔ loadSpineConfig merges defaults for legacy config missing v2 keys (54.327875ms)
✔ init scaffold includes v2 config sections from template (38.174292ms)
✔ CONTRACT_DEFAULTS match handoff §3.1 (0.895416ms)
✔ applyConfigDefaults merges contract section (0.238666ms)
✔ validateContractConfig rejects invalid mode (0.154ms)
✔ validateContractConfig rejects non-array legacyTaskIdPrefixes (0.074833ms)
✔ validateSpineConfig accepts valid contract block (0.194875ms)
✔ validateSpineConfig rejects invalid contract.mode via validateSpineConfig (0.064166ms)
✔ discoverCursorRules returns empty manifest when rules root is missing (30.477458ms)
✔ discoverCursorRules excludes brutal-audit rules via profile patterns (153.658291ms)
✔ discoverCursorRules records parse warn entries in manifest rules (26.129292ms)
✔ discoverCursorRules manifest round-trip via atomic write (43.827583ms)
✔ classifyCursorRuleSpineClass prefers always over globs (0.208042ms)
✔ getCursorRuleExclusionReason matches excludeRelPaths exactly (0.169417ms)
✔ expandFileScopeProbes returns empty for empty scope (0.895084ms)
✔ expandFileScopeProbes adds synthetic probes for dir/* and dir/** (1.355292ms)
✔ expandFileScopeProbes keeps literal file paths (0.200333ms)
✔ expandFileScopeProbes expands in-path wildcards (0.082417ms)
✔ ruleGlobsMatchFileScope is false for empty file scope (0.11575ms)
✔ ruleGlobsMatchFileScope matches **/* when file scope is non-empty (0.100083ms)
✔ ruleGlobsMatchFileScope matches JS globs against mjs scope (0.56875ms)
✔ ruleGlobsMatchFileScope matches scope glob entries against rule globs (0.894ms)
✔ parseCursorRuleFrontmatter returns skip when frontmatter missing (1.190167ms)
✔ parseCursorRuleFrontmatter parses array globs fixture (0.755917ms)
✔ parseCursorRuleFrontmatter splits comma-separated globs (0.208083ms)
✔ parseCursorRuleFrontmatter treats empty globs array as no patterns (0.239041ms)
✔ parseCursorRuleFrontmatter defaults missing globs key to empty array (0.182167ms)
✔ parseCursorRuleFrontmatter coerces alwaysApply booleans (0.171542ms)
✔ parseCursorRuleFrontmatter matches repo comma-separated task authoring layout (0.139708ms)
✔ parseCursorRuleFrontmatter matches general-llm alwaysApply true layout (0.072666ms)
✔ parseCursorRuleFrontmatter matches audit-workflow empty globs layout (0.092916ms)
✔ parseCursorRuleFrontmatter warns on invalid alwaysApply and bad globs (0.190583ms)
✔ DEFAULT_RULES_PROFILE seeds worker include and discovery excludes (0.867292ms)
✔ loadRulesProfile returns built-in defaults when file missing (14.09075ms)
✔ mergeRulesProfile applies neverInclude over alwaysInclude (0.229083ms)
✔ mergeRulesProfile applies reviewer defaults when file omits reviewer (0.088292ms)
✔ mergeRulesProfile applies reviewer neverInclude over alwaysInclude (0.113667ms)
✔ loadRulesProfile rejects invalid JSON with RULES_PROFILE_INVALID (6.519917ms)
✔ validateRulesProfile rejects unsupported profileVersion (0.232916ms)
✔ loadRulesProfile merges partial file overrides (18.885083ms)
✔ validateRulesProfile rejects schema and path traversal errors (0.406584ms)
✔ loadRulesProfile rejects validated file errors (15.144042ms)
✔ selectRulesForReviewer returns empty when reviewer.enabled is false (61.689625ms)
✔ selectRulesForReviewer never selects taskplane-worker-cursor.mdc (0.36075ms)
✔ selectRulesForReviewer selects glob rules when scopePaths match (0.648792ms)
✔ selectRulesForReviewer appends standards without duplicates (0.222667ms)
✔ selectRulesForReviewer respects neverLoad (0.127875ms)
✔ selectRulesForReviewer uses profile.reviewer.maxRules cap (8.356167ms)
✔ context path helpers round-trip under .cursor/rules (0.576583ms)
✔ selectRulesForWorker includes alwaysInclude and always-class rules (4.229875ms)
✔ selectRulesForWorker selects JS globs and excludes Swift for JS-only scope (15.570208ms)
✔ selectRulesForWorker matches OWASP for bin/*.mjs scope via scope glob (0.250416ms)
✔ selectRulesForWorker appends standards without duplicates (0.221375ms)
✔ selectRulesForWorker respects neverLoad and neverInclude (0.128042ms)
✔ selectRulesForWorker exports journal-friendly entries shape (0.101916ms)
✔ normalizeTasksRootFromEnv accepts relative and rejects parent traversal (0.768292ms)
✔ applyEnvOverrides: SPINE_MAX_LANES overrides file value (0.339458ms)
✔ applyEnvOverrides: SPINE_TASKS_ROOT overrides paths.tasksRoot (0.112916ms)
✔ applyEnvOverrides rejects invalid SPINE_MAX_LANES (0.174917ms)
✔ loadSpineConfig applies env overrides after file load (1666.035458ms)
✔ SPINE_TASKS_ROOT env discovers tasks under alternate root in plan (3136.896417ms)
✔ spine settings show reports env source for overridden lanes.maxParallel (3047.350708ms)
✔ runDoctorChecks lists effective config with env source (14274.745959ms)
✔ DEFAULT_REVIEWER_CONTEXT_BYTE_CAP is 16KiB (0.610834ms)
✔ buildReviewerContext skips when .cursor/rules is missing (5.092ms)
✔ buildReviewerContext does not inject referenceDocs (17.438334ms)
✔ buildReviewerContext truncates at byte cap (23.412833ms)
✔ buildReviewerContext emits reviewer.rules_selected journal event (245.477084ms)
✔ buildReviewerContext degrades gracefully on invalid rules profile (88.291084ms)
✔ buildReviewerContext selects rules for scoped plan review (138.35125ms)
✔ emitReviewerRulesSelected is no-op without journal context (0.744125ms)
✔ SETTINGS_FIELDS lists editable paths including reviewer per-type pins (1.033ms)
✔ listEditableFields returns shallow copies (0.11925ms)
✔ parseSettingPath rejects unknown path (0.129084ms)
✔ parseSettingPath accepts registered path (0.06525ms)
✔ lanes.maxParallel accepts valid integer and coerces string (0.144458ms)
✔ lanes.maxParallel rejects below min and above max (0.077292ms)
✔ gates.requireBeforeIntegrate accepts booleans and CLI strings (0.1335ms)
✔ agents.worker.model accepts inherit and optional empty (0.10075ms)
✔ agents.worker.thinking accepts enum values case-insensitively (0.113125ms)
✔ agents.reviewer.model accepts inherit and optional empty (0.113625ms)
✔ agents.reviewer.thinking accepts inherit and enum values (0.074833ms)
✔ agents.reviewer.plan.model accepts per-type override values (0.054875ms)
✔ agents.reviewer.code.thinking accepts per-type inherit (0.046ms)
✔ dashboard.port accepts valid port range (0.064375ms)
✔ lanes.workerBackend accepts registered enum values (0.055958ms)
✔ validateSettingValue rejects unknown path (0.053375ms)
✔ src/cli and src/migrate do not import from bin/ (77.635083ms)
✔ src/** has no bin/ imports (35.675875ms)
✔ spine-config template defaults mirror package.json script patterns (1.743917ms)
✔ init applies testing defaults including coverage command (89.434958ms)
✔ dogfood spine-config has non-empty testing fields (1.063416ms)
✔ buildTestingEvidenceDoctorChecks warns on empty build when collectBuildEvidence (0.288583ms)
✔ buildTestingEvidenceDoctorChecks warns on empty test when collectTestEvidence (0.203958ms)
✔ buildTestingEvidenceDoctorChecks passes when commands configured (1.016541ms)
✔ buildTestingEvidenceDoctorChecks treats collectTestEvidence default as enabled (0.217583ms)
✔ SPINE_GITIGNORE_ENTRIES includes run-metrics.jsonl (0.4905ms)
✔ ensureGitignoreEntries adds run-metrics path on fresh init (14.919709ms)
✔ isMergeOriginMainTask detects merge-origin-main packet shapes (0.669542ms)
✔ checkOrchMergeConflictWarn passes without pending merge-origin-main tasks (9758.979792ms)
✔ checkOrchMergeConflictWarn warns on PRD + manifest divergence with merge-origin-main pending (11820.224333ms)
✔ runBatchPreflight and plan check surface orch merge conflict warning (20947.279791ms)
✔ checkPrelandedFileScopeWarn passes when no stale pending tasks (4368.087625ms)
✔ checkPrelandedFileScopeWarn warns for prelanded fileScopeMustChange (6439.634875ms)
✔ runBatchPreflight and plan check surface prelanded file-scope warning (12064.527042ms)
✔ checkGitClean passes when only metrics file has append-only drift (3982.5565ms)
✔ checkGitClean fails when metrics file content is truncated (4194.261208ms)
✔ checkGitClean passes when metrics file is gitignored and not tracked (3412.988667ms)
✔ runDoctorChecks warns when metrics file is git-tracked (15690.102125ms)
✔ tsconfig.batch.json scopes checkJs hot paths (3.336291ms)
✔ npm run typecheck validates extensions and batch hot paths (7739.637042ms)
✔ normalizeContextPathList rejects non-arrays (0.925208ms)
✔ buildWorkerContext honors neverLoad and byte cap (23.740833ms)
✔ buildWorkerTailPrompt injects configured standards (59.936333ms)
✔ buildWorkerContextAsync uses auto selection when cursor rules exist (30.971583ms)
✔ spine init defaults standards to [] for auto-discovery (SP-093) (60.689791ms)
✔ validateSpineConfig rejects invalid referenceDocs (0.219083ms)
✔ loadContextDocEntries stops at byte cap (5.064416ms)
✔ DEFAULT_WORKER_CONTEXT_BYTE_CAP is 32KiB (3.688125ms)
✔ validateWorkerLaunchScriptPath accepts ./scripts/ prefix when file exists (66.943125ms)
✔ validateWorkerLaunchScriptPath rejects ./scripts/../ traversal (8.893458ms)
✔ COVERAGE_THRESHOLD is 77 (0.66375ms)
✔ COVERAGE_INCLUDES scopes src, bin, and extensions (0.49225ms)
✔ FILE_COVERAGE_THRESHOLDS enforces slash-commands.ts floor (0.064417ms)
✔ TEST_GLOBS has bidirectional parity with package.json test script (0.407667ms)
✔ parseAggregateLineCoverage reads all files line percent (0.188083ms)
✔ parseAggregateLineCoverage returns null when summary missing (0.168875ms)
✔ parseAggregateLineCoverage reads coverage:check summary line (0.070834ms)
✔ parsePerFileLineCoverage reads per-file rows (0.304083ms)
✔ findFileCoverageFailures reports missing and below-threshold files (0.277208ms)
✔ formatDashboardStartupMessage includes URL, port, and operator hints (0.619958ms)
✔ formatDashboardStartupMessage notes --port source (0.083667ms)
✔ resolveDashboardPortWithSource prefers CLI over config (2655.69775ms)

pi-spine dashboard

  Open in browser: http://127.0.0.1:60196/
  Listen:          127.0.0.1:0 (--port)

  While running:   keep this terminal open; dashboard updates via SSE (~2s)

  In another terminal:
    spine status
    spine batch start <task-id>

  → Open http://127.0.0.1:60196/ in your browser

  API:  http://127.0.0.1:60196/api/snapshot
        http://127.0.0.1:60196/api/events

  Stop: Ctrl+C

✔ runSpineDashboard writes startup to stdout before shutdown (3070.093542ms)
✔ spine dashboard CLI prints URL before process exits (6484.157916ms)
✔ emptyLaneThroughputStats returns zeroed task-based fields (2.379541ms)
✔ computeThroughputTasksPerHour is task-based and guards zero elapsed (0.094666ms)
✔ deriveLaneThroughputStats counts completed and failed journal events per lane (14.161959ms)
✔ deriveLaneThroughputStats includes open running task elapsed through now (2.250875ms)
✔ deriveLaneThroughputStats prefers run-metrics duration when present (0.145667ms)
✔ deriveLaneThroughputStats falls back to journal when metrics missing (0.097834ms)
✔ deriveLaneThroughputStats maps tasks by laneNumber when lane metadata is sparse (0.094667ms)
✔ deriveLanesThroughput returns isolated stats per lane (0.170375ms)
✔ summarizeLaneThroughput aggregates counts and recomputes rate from totals (0.140125ms)
✔ NFR-OBS-02: dashboard SSE poll interval defaults to 2s (0.54175ms)
✔ parity: idle — no batch (2739.475ms)
✔ parity: running batch (9445.167958ms)
✔ parity: needs_retry (9027.969875ms)
✔ parity: limbo_stale (9812.56575ms)
✔ parity: completed_manual after manual merge (10458.167292ms)
✔ parity: needs_integrate (9832.964667ms)
✔ parity: completed after integrate (11630.8755ms)
✔ parity: failed phase still reconciles consistently (7546.332583ms)
✔ assertLoopbackHost throws for 0.0.0.0 (0.680084ms)
✔ formatSseDataFrame valid data: line (0.2145ms)
✔ dashboard server serves browser view-model dependency graph (2576.660041ms)
✔ dashboard server serves snapshot and one SSE frame (3223.898084ms)
✔ resolveLaneActivityPhase: heartbeat pi → worker (0.673334ms)
✔ resolveLaneActivityPhase: open code review.started → code review (0.118375ms)
✔ resolveLaneActivityPhase: open final review.started → final review (0.073958ms)
✔ resolveLaneActivityPhase: closed review.started falls through to worker heartbeat (0.083334ms)
✔ resolveLaneActivityPhase: lane.completed code_rework → rework (0.068ms)
✔ resolveLaneActivityPhase: no active tasks → em dash (0.061709ms)
✔ buildLaneRows exposes activityPhase fields (0.852667ms)
✔ computeActiveTaskIdsForLane returns running/pending tasks in current wave only (0.926333ms)
✔ computeRunningTaskIdForLane returns at most one running task in current wave (0.102666ms)
✔ computeQueuedTaskIdsForLane returns pending tasks in lane.taskIds order (0.084459ms)
✔ buildLaneRows exposes runningTaskId, queuedTaskIds, and deprecated activeTaskIds union (0.716167ms)
✔ buildLaneRows exposes activeTaskIds separate from batch assignment (0.167625ms)
✔ buildLaneRows attaches per-lane throughput stats from journal (13.741917ms)
✔ resolveLaneHeartbeatMeta reads latest lane heartbeat kind and phase (0.991834ms)
✔ formatLaneHeartbeatDisplay shows launching instead of age (0.116667ms)
✔ dashboard snapshot exposes launching heartbeat display from journal (6343.868375ms)
✔ buildDefaultViewStatus exposes gate missing affordance for needs_integrate (0.225041ms)
✔ idle snapshot diagnosis null matches reconcile (3022.2895ms)
✔ running batch fixture has lanes and waves (6322.756583ms)
✔ truncateWorktreePath keeps trailing segments (0.194292ms)
✔ classifyLaneStatus stale when heartbeat old (0.11475ms)
✔ classifyLaneStatus does not mark lane completed when doneInLane but cache pending under engine_orphaned (0.131542ms)
✔ buildWaveProgress marks prior waves completed (0.11575ms)
✔ buildWaveProgress marks last wave completed when all tasks terminal-success (0.079709ms)
✔ buildWaveProgress keeps in-flight current wave active (0.064583ms)
✔ diagnosisBadgeClass maps needs_integrate separately from running (0.719709ms)
✔ idle snapshot uses reconcile headline (1.809ms)
✔ buildActionChips exposes copyable primary and alternatives (0.304375ms)
✔ needs_integrate banner ignores completed phase for badge color (0.122583ms)
✔ needs_integrate without gate record shows default gate affordance (0.194958ms)
✔ buildDashboardViewModel includes all §16.1 panels (7.2715ms)
✔ buildLaneTableModel exposes throughput columns for lanes (0.134042ms)
✔ buildLaneTableSummaryModel aggregates when multiple lanes present (0.377166ms)
✔ buildLaneTableSummaryModel is null for single lane (0.074416ms)
✔ lane-throughput-multi-lane fixture drives throughput column values (4.220875ms)
✔ lane-throughput-multi-lane fixture documents SP-327 throughput field contract (0.466458ms)
✔ buildLaneTableModel exposes heartbeatDisplay for launching lanes (0.081ms)
✔ dashboard.js uses heartbeatDisplay without double-formatting (0.18125ms)
✔ buildBannerModel uses finalizing badge and macro phase during tail state (0.136125ms)
✔ buildBannerModel reflects gating macro phase during post-merge tail (0.131625ms)
✔ buildBannerModel keeps running badge when workers are active (0.0705ms)
✔ resolveTailActivityLabel prefers recent journal over macro phase during tail (0.193959ms)
✔ buildTailActivityModel exposes lane table subline when lanes are idle during tail (0.1045ms)
✔ resolveTailActivityLabel returns null when running task is active (0.110042ms)
✔ dashboard.js renders lane table tail activity footer row (0.485291ms)
✔ banner uses diagnosis badge class, not macro phase (0.104709ms)
✔ resolveStaticAsset serves dashboard public files and view.mjs (0.51625ms)
✔ dashboard server GET / returns HTML shell (2879.084416ms)
✔ running batch view model exposes journal for bottom panel (1.658833ms)
✔ idle snapshot has empty journal via idle flag (0.078875ms)
✔ buildLaneDetailModel exposes recent events and log tail (0.058125ms)
✔ buildLaneTableModel includes lane detail on each row (0.0625ms)
✔ buildLaneRecentEvents returns last five lane-scoped journal entries (0.111ms)
✔ buildJournalModel filters by lane id (0.055958ms)
✔ buildJournalLaneFilterOptions lists lane ids (0.443875ms)
✔ buildLaneRows attaches recentEvents and logTail from snapshot inputs (3191.570375ms)
✔ resolveLaneWorkerLog prefers live log over terminal output (2850.766917ms)
✔ dashboard HTML exposes lane detail and journal lane filter hooks (1.980209ms)
✔ dashboard server HTML includes journal lane filter (2960.2785ms)
✔ spineAgentsUseInherit is true when worker or reviewer effective pin inherits (0.631042ms)
✔ formatReviewerEffectivePins shows resolved per-type model and thinking (0.187917ms)
✔ buildReviewerPerTypePinsDoctorCheck reports effective per-type pins (0.0875ms)
✔ resolvePiDefaultProvider prefers project settings over global (12.496375ms)
✔ buildAgentModelInheritDoctorCheck warns on inherit + lmstudio (0.314875ms)
✔ buildAgentModelInheritDoctorCheck passes when models pinned (0.0835ms)
✔ buildAgentModelInheritDoctorCheck passes when inherit but pi not lmstudio (0.0775ms)
✔ readPiSettingsFile returns null for missing or invalid JSON (0.105ms)
✔ countMediumLargeTasks counts only M and L sizes with per-size breakdown (56.424291ms)
✔ buildBatchSizeGuidanceWarning returns null below threshold (53.624666ms)
✔ buildBatchSizeGuidanceWarning M-only batch does not mention L (10.14525ms)
✔ formatPlanHuman appends batch size guidance warning (38.5055ms)
✔ buildBatchSizeGuidanceWarning mixed batch shows both M and L counts (88.963417ms)
✔ appendBatchSizeGuidanceToPlanOutput skips warning in stub mode (21.197917ms)
✔ isPiWebAccessPackageSource matches npm and path entries (1.499458ms)
✔ detectPiWebAccessExtensionConflict flags npm plus local checkout (17.362417ms)
✔ detectPiWebAccessExtensionConflict ok with single source (10.292375ms)
✔ buildPiExtensionConflictDoctorCheck warns with actionable command (15.076333ms)
✔ shouldWorkerUsePiNoExtensions mirrors conflict assessment (15.331417ms)
✔ isPiExtensionConflictOutput detects worker spawn conflict text (0.162333ms)
✔ resolvePiPackageSourcePath resolves npm and relative entries (0.073ms)
✔ readPiPackageSources returns empty for missing settings (0.464167ms)
✔ isAuthErrorText detects authentication failures (28.121042ms)
✔ parsePiListModelsRows and listModelsForProvider filter by provider (2.59625ms)
✔ resolveModelIdForProvider prefers defaultModel when provider matches (0.16375ms)
✔ buildInheritProviderAuthDoctorCheck passes when agents pinned to cursor/auto (0.237625ms)
✔ buildInheritProviderAuthDoctorCheck passes when inherit resolves to cursor (0.099875ms)
✔ buildInheritProviderAuthDoctorCheck fails when probe reports 401 (203.736333ms)
✔ buildInheritProviderAuthDoctorCheck fails when provider has no authenticated models (289.444584ms)
✔ probeInheritProviderAuth succeeds when list and probe pass (45.5715ms)
✔ isDisplayLabel matches pi TUI display labels (0.921292ms)
✔ isDisplayLabel rejects canonical ids and invalid strings (0.07975ms)
✔ displayLabelToCanonical converts to provider/model (0.08075ms)
✔ displayLabelToCanonical returns null for non-labels (0.069375ms)
✔ isCanonicalModelId validates provider/model format (0.13075ms)
✔ isCanonicalModelId rejects non-canonical strings (0.062084ms)
✔ normalizeModelId passes canonical ids through (0.091833ms)
✔ normalizeModelId converts display labels to canonical (0.064417ms)
✔ normalizeModelId passes special values through (0.512125ms)
✔ normalizeModelId rejects unrecognized formats (0.162667ms)
✔ normalizeModelId rejects non-string input (0.072209ms)
✔ validateModelIdFormat accepts canonical ids (0.109458ms)
✔ validateModelIdFormat accepts special values and non-strings (0.056167ms)
✔ validateModelIdFormat flags display labels with canonical hint (0.055375ms)
✔ validateModelIdFormat flags unrecognized formats (0.044333ms)
✔ buildAgentModelIdsDoctorCheck passes when all pins are canonical (0.130708ms)
✔ buildAgentModelIdsDoctorCheck fails when display label is in config (0.130584ms)
✔ buildAgentModelIdsDoctorCheck fails on invalid format (0.060375ms)
✔ buildAgentModelIdsDoctorCheck passes when no models configured (0.045417ms)
✔ buildAgentModelIdsDoctorCheck skips inherit and empty values (0.041042ms)
✔ settings set normalizes display label to canonical id (0.547125ms)
✔ settings set passes canonical id through unchanged (0.078458ms)
✔ settings set rejects invalid model id format (1.02225ms)
✔ settings set allows inherit for model fields (0.17525ms)
✔ settings set rejects invalid model id in JSON mode (0.104083ms)
✔ settings set normalizes worker model display label (0.086083ms)
✔ settings set normalizes per-type reviewer model display label (0.093959ms)
✔ fingerprintRulesManifest ignores generatedAt (0.577791ms)
✔ buildRulesManifestDoctorCheck warns when manifest missing (26.159208ms)
✔ buildRulesManifestDoctorCheck warns when manifest stale (29.602583ms)
✔ resolveSpineOnPath uses which by default (0.510125ms)
✔ readPackageVersion reads package.json version (6.404292ms)
✔ buildStalePathDoctorCheck warns when spine not on PATH (0.257542ms)
✔ buildStalePathDoctorCheck ok when PATH matches package bin (0.318084ms)
✔ buildStalePathDoctorCheck warns on version mismatch (9.0255ms)
✔ buildStalePathDoctorCheck warns on mtime mismatch only (15.773ms)
✔ isStalePathSpineBlocking true only for stale PATH label (0.087417ms)
✔ isStalePathSpinePreflightBlocking requires version mismatch detail (0.070541ms)
✔ readSpineCliVersion parses spine --version output (1882.966333ms)
✔ resolveInProgressSpineBatchId returns batchId for running batch (3187.159125ms)
✔ resolveInProgressSpineBatchId returns null for completed batch (2892.536833ms)
✔ listStaleSpineWorktreeBatchIds flags dirs without matching active batch (2905.555041ms)
✔ buildStaleWorktreesDoctorCheck warns on stale worktree dirs (3144.319375ms)
✔ buildStaleWorktreesDoctorCheck passes when only active batch dir exists (2857.195792ms)
✔ runDoctorChecks includes stale worktrees warning (20440.137084ms)
✔ buildStallConfigDoctorCheck warns when stall timeout unset for real pi (1.10825ms)
✔ buildStallConfigDoctorCheck passes when stall timeout configured high (0.100292ms)
✔ isStubWorkerMode respects SPINE_WORKER_STUB (0.07175ms)
✔ resolveConfiguredStallMinutes returns null when missing (0.072667ms)
✔ suggestMaxParallel(4) → 2 (0.587875ms)
✔ suggestMaxParallel(8) → 4 (0.083292ms)
✔ suggestMaxParallel(1) → 1 (0.10625ms)
✔ suggestMaxParallel(2) → 1 (0.069708ms)
✔ buildMaxParallelDoctorCheck warns when configured exceeds suggested + 1 (0.228541ms)
✔ buildMaxParallelDoctorCheck no warning when configured matches suggested (0.076083ms)
✔ buildMaxParallelDoctorCheck no warning at default 3 when suggested is 2 (4-core) (0.064709ms)
✔ collectTaskPacketSizeIssues flags XL and too many steps on pending packet (11.208167ms)
✔ collectTaskPacketSizeIssues ignores tasks with .DONE (9.682875ms)
✔ classifyBatchStateSource uses path and content markers (0.629125ms)
✔ assessOrchestratorCoexistence passes when no batch-state files (3448.495584ms)
✔ assessOrchestratorCoexistence fails on active Taskplane batch in .pi (8766.257417ms)
✔ assessOrchestratorCoexistence fails when spine and Taskplane batches both active (15497.246584ms)
✔ buildCoexistencePreflightCheck blocks spine start when Taskplane batch active (7552.9655ms)
✔ runBatchPreflight fails with orchestrator-coexistence when Taskplane batch active (13665.701083ms)
✔ runDoctorChecks reports mutual exclusion failure for Taskplane batch (20774.651375ms)
✔ buildCoexistenceDoctorCheck passes when only pi-spine batch is active (7649.004125ms)
✔ buildWorktreeHealthDoctorCheck passes with no worktrees (3138.9945ms)
✔ buildWorktreeHealthDoctorCheck flags absolute gitdir (2733.848292ms)
✔ /spine-status reports idle reconciliation on clean repo (3346.466292ms)
✔ /spine-deps delegates to CLI and notifies graph output (3151.750625ms)
✔ /spine-plan succeeds after preflight passes (20163.8785ms)
✔ /spine-dismiss archives limbo batch state (5330.757583ms)
✔ /spine-pause pauses a running spine batch (2012.989041ms)
✔ /spine-resume resumes a paused spine batch (5815.529375ms)
✔ /spine-retry-task resets a failed task (2620.828458ms)
✔ /spine-skip-task skips a failed task (2779.288542ms)
✔ /spine-abort archives an active spine batch (2858.584958ms)
✔ /spine-next prints reconciliation suggestion (2543.896042ms)
✔ /spine-validate checks pending task packets (3374.403709ms)
✔ /spine-handoff writes operator note and notifies (6954.035584ms)
✔ /spine-gate inspects integrate gate state (3085.825833ms)
✔ /spine-integrate dry-run reports merge preview (4868.119792ms)
✔ /spine-settings shows interactive configuration menu (1818.12ms)
✔ /spine-dashboard notifies listen URL and port source (1719.253583ms)
✔ /spine entry warns on limbo_stale diagnosis (4829.005667ms)
✔ /spine entry warns on needs_retry diagnosis (5137.833042ms)
✔ /spine entry reports running batch headline (4875.280666ms)
✔ /spine entry starts batch when scope provided after preflight (31396.834459ms)
✔ /spine-deps truncates very large dependency output (7814.797125ms)
✔ parseMigrateArgs rejects --source without value (0.747292ms)
✔ runMigrateFromTaskplane fails when source file is missing (61.215375ms)
✔ runMigrateFromTaskplane refuses overwrite without force (15.831375ms)
✔ runMigrateFromTaskplane dry-run does not write config (9.033708ms)
✔ loadTaskplaneConfig reads repo fixture (1.257833ms)
✔ mapTaskplaneToSpine maps repo fixture to valid spine config (1.569542ms)
✔ mapTaskplaneToSpine honors tasksRootOverride (0.361792ms)
✔ mapTaskplaneToSpine ignores unknown keys (0.350333ms)
✔ mapMaxParallel clamps invalid and excessive values (0.066542ms)
✔ loadTaskplaneConfig fails loud on missing file (0.248917ms)
✔ DEFAULT_TASKPLANE_SOURCE_PATH matches repo layout (0.125209ms)
✔ normalizeFileScopePath strips trailing globs and normalizes separators (0.805583ms)
✔ pathsOverlap detects parent/child and rejects unrelated prefixes (0.093791ms)
✔ fileScopesOverlap detects parent/child directory overlap (1.9025ms)
✔ fileScopesOverlap detects exact file overlap in same wave scenario (0.084709ms)
✔ fileScopePatternsOverlap handles wildcard file globs (0.303042ms)
✔ fileScopePatternsOverlap does not treat dotted sibling paths as overlapping (0.820083ms)
✔ fileScopePatternsOverlap handles literal paths with regex metacharacters (0.667708ms)
✔ expandFileScopeProbes produces nested paths for directory globs (0.177834ms)
✔ findWaveFileScopeOverlaps returns pairs within the same wave only (3.260125ms)
✔ findWaveFileScopeOverlaps matches issue #31 parent/child safety paths (0.141209ms)
✔ findWaveFileScopeOverlaps ignores single-task waves (0.259791ms)
✔ planWaves serializes two tasks with the same file to one virtual lane (0.267125ms)
✔ assignLanesToWaves uses glob-aware overlap for wildcard scopes (0.680875ms)
✔ formatFileScopeOverlapWarnings lists wave and task pairs (0.155041ms)
✔ buildPlan reports file-scope overlaps and serializes conflicting tasks (132.300333ms)
✔ formatPlanHuman shows serial lane as bullet list with titles (0.733917ms)
✔ formatPlanHuman shows parallel lanes and omits tick jargon (0.111ms)
✔ formatPlanHuman includes start hints for multi-wave plans (0.102625ms)
✔ topoWaves groups tasks into deterministic dependency waves (1.019375ms)
✔ buildGraph includes nodes that only appear as dependencies (0.1695ms)
✔ findCyclePath returns a closed cycle path (1.450041ms)
✔ repo spine-tasks plan has wave0 TP-006||TP-007 and wave1 TP-008 (39.85875ms)
✔ TP-034/038/041 disjoint scopes get three virtual lanes in tick 0 (1.216834ms)
✔ overlapping file scopes share one virtual lane (serialized) (0.12225ms)
✔ buildPlan for TP-034 TP-038 TP-041 lists three lanes in human output (70.403833ms)
✔ spine plan CLI shows three lanes for TP-034 TP-038 TP-041 (568.381625ms)
✔ assignLanesToWaves assigns disjoint file scopes to separate virtual lanes (0.730917ms)
✔ assignLanesToWaves packs overlapping file scopes into same virtual lane (0.138833ms)
✔ assignLanesToWaves respects maxParallel by queueing excess virtual lanes into ticks (0.113792ms)
✔ filterPendingTaskIds excludes tasks with .DONE marker (42.346416ms)
✔ parseScope pending mode returns pending IDs and excluded count (12.565292ms)
✔ parseScope pending throws when all tasks are done (17.116459ms)
✔ buildPlan pending scope preserves dependency waves (27.062ms)
✔ filterPendingTaskIds excludes tasks with .SUPERSEDED marker (27.908125ms)
✔ summarizePendingScope counts excluded tasks (128.066417ms)
✔ runSpinePlan pending with all .DONE returns exit 0 informational output (188.443ms)
✔ runSpinePlan pending JSON with all .DONE returns synthetic plan (42.17475ms)
✔ runSpinePlan pending with all .DONE does not throw (32.384167ms)
✔ parseScope pending empty error carries structured metadata (33.886625ms)
✔ runSpinePlan pending output includes maxParallel from config (32.702958ms)
✔ buildPlan rejects invalid heading separator (39.30775ms)
✔ buildPlan rejects missing testing coverage (25.500708ms)
✔ buildPlan rejects missing File Scope section (25.984833ms)
✔ runSpinePlan exits with validation errors for invalid PROMPT (33.959208ms)
✔ buildPlan accepts valid PROMPT packets (34.26625ms)
✔ parseScope glob escapes literal dots in path patterns (21.778541ms)
✔ parseScope glob escapes literal parentheses in path patterns (15.969333ms)
✔ parseScope glob with plus in path pattern matches literally (24.074208ms)
✔ parseScope TP-* glob scopes remain unchanged (61.805459ms)
✔ parseScope('all') selects all discovered tasks (189.723125ms)
✔ parseScope('TP-002') selects explicit task IDs (58.488833ms)
✔ parseScope supports glob path patterns (98.821125ms)
✔ resolveWaveTaskIds returns wave task IDs (0.9195ms)
✔ resolveWaveTaskIds rejects out-of-range and empty waves (0.139167ms)
✔ filterPlanToWave narrows plan to one wave (3.65125ms)
✔ parseBatchStartWaveFilter accepts --wave and --through-wave (0.253333ms)
✔ parseBatchStartWaveFilter rejects conflicting and invalid flags (0.097125ms)
✔ registerSpineSlashCommands registers all PRD §15.1 command names (1.616416ms)
✔ /spine-retry-task without task id notifies usage error (0.221625ms)
✔ /spine-skip-task without task id notifies usage error (0.130875ms)
✔ /spine-plan notifies error when preflight fails (17488.781125ms)
✔ /spine handler runs preflight before batch guidance (18980.260542ms)
✔ buildDepsReport returns empty graph for isolated task with no deps (3001.047833ms)
✔ buildDepsReport detects synthetic dependency cycle (2728.877833ms)
✔ cycleNodesFromPath deduplicates closing node (0.213292ms)
✔ depsToEdges and formatDepsHuman render dependency flow (0.172334ms)
✔ repo fixture TP-031 scope shows TP-030 dependency edge (32.440667ms)
✔ spine deps CLI emits JSON shape with nodes, edges, cycles, waves (3660.210792ms)
✔ spine deps CLI exits 1 when cycle detected (3496.993667ms)
✔ findCyclePath returns path for cyclic graph (0.536166ms)
✔ init --preset taskplane-compat --tasks-root taskplane-tasks --dry-run produces expected keys (29.633708ms)
✔ init --preset taskplane-compat defaults tasksRoot to taskplane-tasks (11.060333ms)
✔ plain init applies spine defaults without preset flag (9.380792ms)
✔ init rejects unknown preset (3.742916ms)
✔ fresh init creates config, agents, tasks root, and gitignore entries (46.445334ms)
✔ init skips constitution.md when it already exists without --force (46.55625ms)
✔ buildConstitutionMd substitutes project title from directory name (1.212083ms)
✔ init without --force refuses when spine-config.json exists (69.939458ms)
✔ --tasks-root taskplane-tasks sets paths.tasksRoot correctly (186.110209ms)
✔ --dry-run makes no filesystem changes (26.685833ms)
✔ init skips CONTEXT.md when it already exists without --force (61.681625ms)
✔ init --force overwrites existing CONTEXT.md (49.554ms)
✔ buildContextMd substitutes project title from directory name (0.506917ms)
✔ --dry-run plans CONTEXT.md create without writing files (9.392541ms)
✔ ensureGitignoreEntries appends only missing entries (3.221167ms)
✔ runPreflightPlanCheck builds wave plan during preflight (7860.274166ms)
✔ runReconciliationCheck returns real diagnosis for running batch (6773.978292ms)
✔ checkDoctor fails when doctor reports issues (0.319292ms)
✔ checkStalePathSpine fails when PATH spine version is stale (3.764417ms)
✔ checkGitClean lists up to 20 dirty paths (604.168834ms)
✔ checkNoActiveBatch passes when no batch-state file exists (2331.747417ms)
✔ checkNoActiveBatch calls reconciliation when batch-state exists (2421.424917ms)
✔ checkTasksRoot validates discoverable task folders (2624.708042ms)
✔ checkDependenciesJson validates version and task IDs (2452.96775ms)
✔ runBatchPreflight passes on initialized clean fixture (5871.936708ms)
✔ runBatchPreflight fails when git working tree is dirty (5248.083333ms)
✔ runPreflightPlanCheck validates pending scope only (SP-122) (3642.437417ms)
✔ checkTasksValidate exposes distinct tasks-validate check id (3367.663375ms)
✔ runBatchPreflight includes tasks-validate check distinct from plan (6098.064583ms)
✔ runBatchPreflight fails on limbo fixture with dismiss suggestion (12345.345292ms)
✔ runBatchPreflight passes when all tasks have .DONE (zero pending) (5800.153917ms)
✔ checkGitClean passes when only rules-manifest generatedAt drifted (2473.763458ms)
✔ checkGitClean still fails when rules-manifest rules[] differ (2364.3925ms)
✔ spine run pending is alias for batch start pending (3440.356125ms)
✔ spine run all dry-run matches pending-filtered batch start (2916.68875ms)
✔ applySetting merges nested dotted paths (0.633917ms)
✔ runSettingsSetOperation rejects unknown path (0.20925ms)
✔ runSettingsSetOperation rejects invalid value (0.12875ms)
✔ runSettingsSetOperation returns merged config on success (0.304958ms)
✔ writeSpineConfigAtomic writes valid JSON atomically (2549.003209ms)
✔ spine settings set updates maxParallel on disk (3840.600791ms)
✔ spine settings set rejects bad value (4081.152916ms)
✔ spine settings set --dry-run leaves config unchanged (2881.998583ms)
✔ spine settings set --json reports write metadata (2328.532667ms)
✔ spine settings set exits 1 with suggestedCommand when config missing (3382.454917ms)
✔ getValueAtPath reads nested config values (0.61875ms)
✔ formatSettingsShow lists all editable fields in human mode (0.402292ms)
✔ formatSettingsShow returns JSON fields array for all settings (0.562083ms)
✔ formatSettingsShow single path mode prints one value (0.1365ms)
✔ formatSettingsShow rejects unknown path (0.083625ms)
✔ buildSettingsShowFields mirrors registry order (0.237084ms)
✔ spine settings show CLI prints editable fields from temp config (3580.798917ms)
✔ spine settings show CLI single path and JSON modes (3561.883667ms)
✔ spine settings show CLI exits 1 with suggestedCommand when config missing (3434.27375ms)
✔ formatSettingsSlashMenu lists at least five editable fields with set hints (0.773541ms)
✔ runSpineSettingsSlash notifies menu with live config fields (3295.810417ms)
✔ runSpineSettingsSlash set subcommand persists a valid change (3493.495833ms)
✔ runSpineSettingsSlash set reports usage error without path and value (3131.589833ms)
✔ runSpineSettingsSlash reports missing config with suggested init (3013.184875ms)
✔ fileScopesOverlap detects parent/child path overlap (0.678ms)
✔ extractExploreSlugsFromContext finds explore findings paths (0.545625ms)
✔ collectWaveMCountFindings warns when a wave has more than four M tasks (0.10425ms)
✔ collectPromptJsonDepsDriftFindings reports missing JSON entry (0.100375ms)
✔ runSpineTasksAnalyze exits 0 for clean scope (3572.548416ms)
✔ runSpineTasksAnalyze reports parallel file-scope overlap as blocking (2895.542125ms)
✔ runSpineTasksAnalyze reports dependency cycle as blocking (2886.818041ms)
✔ runSpineTasksAnalyze exits 0 when only warnings are present (2604.84725ms)
✔ runSpineTasksAnalyze warns for missing explore findings referenced in CONTEXT (2944.75725ms)
✔ runSpineTasksAnalyze --json emits AnalyzeTasksResult (2257.895ms)
✔ spine tasks analyze CLI exits 1 for blocking overlap (2248.715292ms)
✔ spine tasks analyze CLI exits 0 for warnings-only scope (2424.786541ms)
✔ spine help tasks documents analyze subcommand (410.542625ms)
✔ parseContract extracts all five contract fields from a valid table (1.939292ms)
✔ validateContract passes for a valid contract table (1.90325ms)
✔ parseContract and validateContract handle an empty contract table (0.183416ms)
✔ validateContract warns on unknown contract fields (0.115667ms)
✔ parseContract reports duplicate field rows as errors (0.106042ms)
✔ parseContract accepts plain-text testCommand values (0.080209ms)
✔ parseContract returns hasSection false when Contract heading is absent (0.077834ms)
✔ CONTRACT_FIELD_NAMES lists all normative contract fields (0.060583ms)
✔ parseContract resolves see File Scope to File Scope bullet paths (0.114083ms)
✔ parseContract excludes optional File Scope bullets from see File Scope expansion (1.775625ms)
✔ validateContract errors on em-dash placeholders in required mode (0.388875ms)
✔ validateContract errors on see File Scope with empty File Scope section in required mode (0.555334ms)
✔ validateContract warns on placeholders in optional mode (0.220209ms)
✔ parseContract treats em dash contract cells as empty path lists (0.188417ms)
✔ parseContract splits comma-separated paths inside a single backtick wrapper (SP-396) (0.216375ms)
✔ parseContract splits comma-separated artifacts inside a single backtick wrapper (0.645208ms)
✔ validateContract warns on comma-in-single-backtick path lists in optional mode (0.515417ms)
✔ validateContract errors on comma-in-single-backtick path lists in required mode (0.455583ms)
✔ mergeDeps unions identical sets from PROMPT and JSON (1.009166ms)
✔ mergeDeps JSON wins when PROMPT and JSON disagree (0.105125ms)
✔ mergeTaskDeps uses golden fixtures end-to-end (0.976666ms)
✔ mergeDeps returns PROMPT deps when JSON has no entry (0.072ms)
✔ TASK_HEADING_RE requires em dash (U+2014) (0.602042ms)
✔ parsePrompt extracts required sections and steps from golden S fixture (1.269709ms)
✔ validatePrompt rejects hyphen separator in heading (0.547ms)
✔ discoverTasks finds three golden fixtures (14.256875ms)
✔ parsePromptDependencies parses list and Requires forms (0.753417ms)
✔ parseStatus mirrors step numbers and checkbox state (3.455792ms)
✔ getStepProgress aggregates checkbox completion (1.098625ms)
✔ listIncompleteSteps returns unchecked items per step (1.697084ms)
✔ FX-invalid-no-testing fails validatePrompt for missing Testing step (1.615833ms)
✔ FX-missing-contract fails validatePrompt in required contract mode (0.847958ms)
✔ FX-valid-contract passes validatePrompt in required contract mode (1.943208ms)
✔ FX-final-replan has Review Level >= 1 for REPLAN integration path (0.329375ms)
✔ formatTasksValidateHuman prefixes summary before failure details (0.773208ms)
✔ runSpineTasksValidate exits 0 for valid PROMPT packets (2965.307ms)
✔ runSpineTasksValidate reports same failure message as planner for invalid PROMPT (2832.491208ms)
✔ runSpineTasksValidate returns exit 2 for missing config (2307.695167ms)
✔ runSpineTasksValidate returns exit 2 for unresolved scope (2696.019042ms)
✔ spine tasks validate CLI exits 0 for valid scope (2330.082875ms)
✔ spine tasks validate CLI exits 1 for invalid PROMPT (2789.505666ms)
✔ buildTasksValidateResult matches TasksValidateResult schema (0.288ms)
✔ collectTaskAdvisoryWarnings reports folder, STATUS, and deps mismatches (0.28225ms)
✔ runSpineTasksValidate --json emits TasksValidateResult (2189.72175ms)
✔ runSpineTasksValidate --warnings-only keeps exit 0 for advisory issues (1696.356792ms)
✔ spine tasks validate CLI --json exits 0 for valid scope (2134.956292ms)
✔ spine help tasks documents validate subcommand (437.384333ms)
✔ spine tasks validate CLI exits 2 for config error (2587.662834ms)
✔ validateContract warns when fileScopeMustNotChange includes spine-tasks/** (3.534416ms)
✔ validateContract warns when pattern matches current task folder only (0.649ms)
✔ validateContract is quiet for parallel product-path guards (0.548292ms)
✔ collectFileScopeMustNotChangeWarnings dedupes broad spine-tasks ban over task folder (0.141625ms)
✔ collectFileScopeMustNotChangeWarnings ignores other task folders (0.169292ms)
✔ collectFileScopeMustNotChangeWarnings respects custom tasksRoot (0.202708ms)
✔ collectFileScopeMustNotChangeWarnings skips current-task check without taskId (0.704ms)
✔ collectStaleFileScopeMustChangeWarnings is quiet when scope paths unchanged since task intro (5130.741375ms)
✔ collectStaleFileScopeMustChangeWarnings warns when scope paths changed on main after task intro (4684.938458ms)
✔ collectStaleFileScopeMustChangeWarnings ignores tasks without fileScopeMustChange (3998.767ms)
✔ parseReportProgressArgs reads step and checkbox flags (0.545875ms)
✔ reportTaskProgress appends task.step_completed with metadata (4.459583ms)
✔ reportTaskProgress writes journal line on disk (21.128709ms)
✔ reportTaskProgress fails closed without batch context (0.181708ms)
✔ runSpineReportProgress returns non-zero when batchId missing (0.212875ms)
✔ runSpineReportProgress does not write with attach env when attach suppressed (2.022375ms)
✔ requestWorkerGate fails closed without batch context (0.567583ms)
✔ requestWorkerGate returns not_supported for integrate gate (5.008667ms)
✔ requestWorkerGate returns not_supported when no gate record (manual deferred) (0.995875ms)
✔ buildReviewStepCliArgs maps params and adds --stub when SPINE_WORKER_STUB=1 (0.878083ms)
✔ executeSpineReviewStep fails closed without SPINE_TASK_FOLDER (0.240167ms)
✔ spine_review_step handler returns APPROVE via stub review (26.08ms)
✔ spine_review_step handler marks stub spawn failure as tool error (27.29725ms)
✔ spine_review_step skips nested reviewer spawn inside worker session (364.497167ms)
✔ registerSpineWorkerTools registers all three PRD worker tools (0.889417ms)
✔ executeSpineReportProgress appends task.step_completed via tool handler (18.372458ms)
✔ executeSpineReportProgress fails closed without batch context (1.009292ms)
✔ spine_request_gate tool returns structured not_supported shape (7.100125ms)
✔ executeSpineRequestGate fails closed without batch context (0.253166ms)
ℹ tests 1621
ℹ suites 0
ℹ pass 1621
ℹ fail 0
ℹ cancelled 0
ℹ skipped 0
ℹ todo 0
ℹ duration_ms 246133.471709

> pi-spine@1.5.0 coverage:check
> node scripts/run-coverage.mjs

✔ adoption fixture: init, plan, stub batch AD-001 creates .DONE (28012.491917ms)
✔ adoption integration: REPLAN final verdict surfaces needs_replan diagnosis (21183.355041ms)
✔ worker.md documents spine tools, stall checkpoint, and coverage policy (0.845958ms)
✔ worker.md documents engine-owned code and final review after .DONE (0.306417ms)
✔ reviewer.md documents final PASS REVISE REPLAN verdicts (0.220083ms)
✔ worker-prompt tail aligns with worker.md commit and review conventions (0.123458ms)
✔ buildWorkerTailPrompt does not contradict worker.md on commit format (16.228833ms)
✔ buildAgentSessionWorkerPrompt includes review hint when level > 0 (1.557208ms)
✔ buildWorkerPiArgs omits -ne when no pi-web-access conflict (26.3755ms)
✔ buildWorkerPiArgs includes -ne before -p when extension conflict detected (37.927417ms)
✔ formatPiExtensionConflictHint surfaces pi-web-access remediation (0.364625ms)
✔ abortBatch archives batch-state before clearing active file (2060.300042ms)
✔ abortBatch journals batch.aborted and preserves prior journal tail (2482.561833ms)
✔ abortBatch writes abort signal without killing on graceful abort (2820.6075ms)
✔ hard abort removes lane worktree when cleanup enabled (2424.144083ms)
✔ hard abort keeps worktree when cleanupOnHardAbort is false (3509.549958ms)
✔ abortBatch fails when no active batch (2740.538209ms)
✔ mergeLaneToOrch auto-resolves disjoint adoption doc edits without force-merge (10032.940583ms)
✔ mergeLaneToOrch fails adoption doc merge with recovery commands when hunks overlap (14328.832959ms)
✔ formatAdoptionDocMergeFailure names file and wave recovery (0.192458ms)
✔ agent session abort failure journals lane.worker_abort_failed (3002.317ms)
✔ formatAttachedMilestoneLine renders land-loop journal types (0.665375ms)
[spine] batch.started
[spine] task.started SP-343
[spine] task.completed SP-343
[spine] batch.merge_started wave=0
[spine] batch.merge_completed wave=0
[spine] gate.opened
[spine] gate.evidence_collecting
[spine] gate.evidence_completed
[spine] batch.completed
[spine] batch.land_loop_finalized

Batch started

Batch 20260705T095753 completed: SP-343 succeeded; merged to orch/spine-20260705T095753.
  → spine gate status
  → spine gate approve
  → spine integrate
  → spine batch complete

Batch 20260705T095753 ready to integrate orch branch to main

  → spine integrate

  Alternatives:
    • /spine-integrate
    • /spine-gate
    • spine status --diagnose

  Batch: 20260705T095753
  Task: SP-343
✔ runSpineBatch attached start returns integrate handoff without process.exit in tests (25261.898ms)
✔ attached batch CLI subprocess exits after completed with stdout milestones (24946.118625ms)
✔ formatAttachedBatchCliResult includes diagnosis suggested command (0.325667ms)
✔ enforceAttachedEngineSingleOwner fails fast when engine PID is alive (2141.204875ms)
✔ enforceAttachedEngineSingleOwner orphans prior engine with --force (2513.221667ms)
✔ resumeBatch rejects second attached resume when engine PID is alive (2422.122709ms)
✔ resumeBatchDetached rejects spawn when attached engine PID is alive (1941.428666ms)
✔ runAttachedBatchEngine blocks attached start when engine PID is alive (2445.869959ms)
✔ isLastWaveIndex matches batch 20260618T000943 wave plan (0.622ms)
✔ maybeFinalizeAfterWaveMerge opens gate for last-wave post-merge limbo (6172.53025ms)
✔ resumeMultiTaskBatch finalizes post-merge limbo even with stale engine pid (6547.954292ms)
✔ terminateStaleDetachedEngine still clears stale engine during post-merge limbo resume handoff (2586.564ms)
✔ startBatch multi-wave attached path opens gate after wave 1 without resume (39725.359708ms)
✔ attached milestone types include batch.merge_blocked (0.649041ms)
✔ formatAttachedBatchCliResult prints merge failure headline and exits non-zero for merge_blocked (5548.716833ms)
✔ runAttachedBatchEngine streams merge_blocked milestone before merge failure CLI output (6345.072292ms)
✔ mergeEngineStateWithDiskPause adopts operator pause from disk (2226.156167ms)
✔ saveEngineBatchState does not clobber phase paused during heartbeat-style saves (2489.090958ms)
✔ enforceOperatorPauseOnDisk re-asserts paused after engine overwrite (2891.78575ms)
✔ pauseBatch confirms when attached engine heartbeat saves honor pause (3488.667541ms)
✔ batch 20260620T194352 fixture is post-merge limbo without gate (2554.464667ms)
✔ attemptPostMergeLandLoopHandoff finalizes in-process after SIGTERM-shaped limbo (6361.458958ms)
✔ finalizeAttachedPostMergeLimbo is idempotent when gate already open (6570.780708ms)
✔ resume after orphan_terminated journal opens gate for batch 20260620T194352 pattern (7414.805959ms)
✔ installAttachedEngineShutdownHandlers finalizes on SIGTERM without manual resume (6668.164459ms)
✔ terminateStaleDetachedEngine during post-merge limbo still allows resume finalize (6891.886959ms)
✔ shouldAutoIntegrateAfterWave is false by default (0.582334ms)
✔ shouldAutoIntegrateAfterWave is true when configured and not last wave (0.074167ms)
✔ shouldAutoIntegrateAfterWave is false on last wave (0.056583ms)
✔ issue #25: retry unblocks failed phase when only pending tasks remain (13287.364917ms)
✔ issue #25: failed phase with pending-only limbo resumes without --force (8261.07425ms)
✔ retry keeps failed phase when other failed tasks remain (3495.374333ms)
✔ diagnosis suggests resume --force for failed-phase pending-only limbo (0.1945ms)
✔ parseSupersededReplacementIds extracts child task IDs (1.375583ms)
✔ assertBatchStartTasksNotSuperseded rejects superseded IDs (3570.921084ms)
✔ assertBatchStartTasksNotSuperseded allows pending IDs (3197.795791ms)
✔ assertBatchStartTasksNotSuperseded honors --force-superseded (2733.709625ms)
✔ resolveBatchStartScope rejects explicit superseded task IDs (4111.372459ms)
✔ resolveBatchStartScope allows superseded IDs with forceSuperseded (3463.044917ms)
✔ startBatch dry-run rejects superseded explicit scope (3139.739ms)
✔ startBatch dry-run allows superseded scope with forceSuperseded (3115.89475ms)
✔ parseBatchArgs maps --wave on start to waveFilter (0.783ms)
✔ parseBatchArgs strips --wave value from scope for wave 0 (0.088167ms)
✔ buildAttachedBatchStartArgv forwards waveFilter to detached engine (0.621667ms)
✔ startBatch dry-run with pending scope and --wave 0 selects planner wave 0 (2727.748042ms)
✔ startBatch dry-run with --wave selects planner wave task IDs (2649.14675ms)
✔ wave-filtered dry-run matches explicit wave task scope dry-run (2668.680458ms)
✔ evaluateBatchStateWriteGuard rejects writes from non-owner live engine (19.997875ms)
✔ saveSpineBatchState rejects resurrecting archived batch cache (76.016083ms)
✔ resolveStallConfig defaults checkpoint warning and no file-scope grace extension (0.63775ms)
✔ file-scope mtime is activity only — does not extend stall deadline by default (0.198083ms)
✔ checkpoint signals extend grace; STATUS update moves deadline (0.066875ms)
✔ shouldEmitCheckpointWarning after activity without checkpoint threshold (0.1095ms)
✔ resolveScopedDirtyPaths limits porcelain to file scope and task folder (1757.131917ms)
✔ lane.checkpoint_warning journal event and diagnose hints (19.574083ms)
✔ extractJournalDiagnosisHints omits stale checkpoint_warning older than 30 minutes (0.346959ms)
✔ collectProgressSignals includes dirtyPaths for scoped changes (2620.961959ms)
✔ runFinalReviewPhase fails fast with contract_failed and does not consume finalAttempts (10355.831083ms)
✔ reconcileBatch surfaces contract_failed headline for failed task (5618.800833ms)
✔ verifyContract satisfies pre-landed fileScopeMustChange when testCommand and artifacts pass (5554.987917ms)
✔ verifyContract still fails pre-landed scope when testCommand fails (9914.226959ms)
✔ verifyStubFileScopeMustChange passes delivery-only STATUS when source scope pre-landed (6166.998125ms)
✔ verifyContract passes delivery-only STATUS.md fileScopeMustChange contract (5742.340583ms)
✔ resolvePromptRelPath derives task PROMPT from spine-tasks delivery changes (3174.890333ms)
✔ isFileScopePatternPrelanded detects scope changed on main after task intro (4091.26825ms)
✔ testCommand fails once then succeeds on retry — contract passes (700.362416ms)
✔ testCommand fails all retries — contract_failed as before (273.794209ms)
✔ retry count configurable via spine-config contract.testRetries (588.900125ms)
✔ failed output captured to .reviews/ directory (604.323292ms)
✔ no retry when testCommand succeeds first time (no performance cost) (235.176125ms)
✔ writeContractFailureLog creates log file with header (10.174042ms)
✔ writeContractFailureLog returns null when taskFolder is undefined (0.153166ms)
✔ CONTRACT_TEST_DEFAULT_RETRIES is 1 (0.043209ms)
✔ CONTRACT_TEST_RETRY_DELAY_MS is 5000 (0.0475ms)
✔ multiple failure logs captured across retry attempts (625.6385ms)
✔ parseContract extracts stallTimeoutMinutes and extendGraceOnFileScope (1.266875ms)
✔ resolveTaskStallMinutes uses max of global, size floor, and contract override (0.112833ms)
✔ resolveStallConfigForTask applies contract stallTimeoutMinutes to stallTimeoutMs (0.12775ms)
✔ resolveStallConfigForTask honors contract extendGraceOnFileScope (0.061917ms)
✔ resolveWorkerPiTimeoutMs aligns with contract stall budget (0.09225ms)
✖ runWorker with contract stall override survives beyond global stall budget (scaled) (16182.454333ms)
✔ runWorker without contract override stalls at scaled global budget (5288.4405ms)
✔ isDeliveryArtifactPath accepts STATUS.md-only patterns (0.867542ms)
✔ isDeliveryArtifactPath accepts .DONE-only patterns (0.297291ms)
✔ isDeliveryArtifactPath accepts task-folder delivery globs (0.124834ms)
✔ isDeliveryArtifactPath rejects implementation and tasks-root paths (0.108542ms)
✔ isImplementationScopePattern detects source and tooling roots (0.054209ms)
✔ isStubDeliveryOnlyScope is true for delivery-only pattern sets (0.093666ms)
✔ isStubDeliveryOnlyScope rejects mixed implementation and delivery patterns (0.064667ms)
✔ isStubDeliveryOnlyScope rejects empty pattern lists (0.0465ms)
✔ isDeliveryArtifactPath honors custom tasksRoot (0.160041ms)
✔ resolveTaskStartCommit returns distinct start commits for serialized lane tasks (0.910583ms)
✔ resolveTaskStartCommit prefers task.started payload commit over prior lane.committed (0.103709ms)
✔ resolveTaskStartCommit returns null when task.started is missing (main...HEAD fallback) (0.07575ms)
✔ resolveTaskStartCommit resolves git HEAD at task.started timestamp when journal lacks commit (4196.652375ms)
✔ CONTRACT_TEST_COMMAND_MAX_BUFFER exceeds legacy 256KB limit (0.5605ms)
✔ runContractTestCommand captures large stdout without killing child (170.440167ms)
✔ runContractTestCommand surfaces ENOBUFS with scoped testCommand guidance (115.599125ms)
✔ verifyContract reports buffer overflow with scoped testCommand guidance (5676.562458ms)
✔ buildContractTestEnv moves SPINE_BATCH_ID to SPINE_PARENT_BATCH_ID (0.620417ms)
✔ detectNestedWorkerContext blocks parent batch in lane worktree (0.241917ms)
✔ startBatch blocks nested spawn when SPINE_PARENT_BATCH_ID set in lane worktree (123.179875ms)
✔ buildContractTestEnv allows isolated fixture batch start without parent batch id (7.137709ms)
✔ listChangedFiles with sinceCommit scopes diff to commits after anchor (4895.250708ms)
✔ listChangedFiles without sinceCommit preserves baseBranch...HEAD (4326.616333ms)
✔ verifyContract with sinceCommit ignores prior same-lane task fileScopeMustNotChange violations (5905.711417ms)
✔ verifyContract without sinceCommit preserves cumulative lane branch behavior (4097.9095ms)
✔ buildContractTestEnv removes worker-only keys (0.629834ms)
✔ runContractTestCommand subprocess does not inherit SPINE_IS_WORKER (191.014083ms)
✔ verifyContract testCommand passes under worker env when subprocess is sanitized (332.134417ms)
✔ verifyContract passes when testCommand exits 0 (327.676125ms)
✔ verifyContract fails when testCommand exits non-zero (269.188083ms)
✔ verifyContract checks artifactsMustExist paths in worktree (307.696792ms)
✔ verifyContract expands glob patterns in artifactsMustExist (320.430416ms)
✔ verifyContract returns ok with empty checks when contract has no verify fields (337.314667ms)
✔ verifyContract enforces fileScopeMustChange and fileScopeMustNotChange (5603.3085ms)
✔ verifyContract checks minLineCoverage from command output (451.149ms)
✔ shouldRunContractVerify skips legacy TP-* tasks and absent contract sections (0.275625ms)
✔ matchesContractPattern supports glob paths (0.200167ms)
✔ parseAggregateLineCoverage parses coverage table rows (0.105667ms)
✔ SP-193-shaped placeholder contract fails validateContract in required mode (1.566709ms)
✔ verifyContract passes SP-193-shaped contract when scoped files changed (3675.468625ms)
✔ fileScopeMustChange trailing-slash pattern matches files under directory prefix (4728.602042ms)
✔ fileScopeMustChange trailing-slash pattern fails when no files under prefix changed (4491.651583ms)
✔ fileScopeMustChange exact-path and glob behavior preserved alongside trailing-slash (3971.050333ms)
✔ waitForDetachedBatchResume waits for integrate gate after batch completes (3055.823833ms)
✔ waitForDetachedBatchResume completes without gate when integrate gate not required (2597.074791ms)
✔ prepareDetachedResumeEngineHandoff terminates stale engine before resume spawn (54.206208ms)
✔ resolveDefaultResumeWaitTerminal returns true for engine_orphaned without flags (0.588792ms)
✔ resolveDefaultResumeWaitTerminal respects explicit flags (0.093542ms)
✔ detectPostMergeLimboForResume matches journal-only limbo for batch 20260629T210738 (6333.372459ms)
✔ postMergeLimbo diagnosis suggests spine batch resume --force (0.313334ms)
✔ resumeBatchDetached --force finalizes journal-only limbo without spawning engine (13828.319ms)
✔ detached batch start opens integrate gate after stub engine completes (21053.64375ms)
✔ timeout_waiting_for_batch with dead enginePid reconciles as engine_orphaned not running (5920.11275ms)
✔ startBatchDetached persists spawn enginePid before wait on timeout failure path (35713.862625ms)
✔ parseBatchArgs defaults to detached start (attached flag off) (0.786208ms)
✔ parseBatchArgs --attached opts into foreground engine (0.0765ms)
✔ buildAttachedBatchStartArgv forwards scope and skip-preflight (0.632709ms)
✔ formatDetachedBatchStartOutput includes monitor hints (0.256917ms)
✔ batch start returns quickly and runs engine in background (22438.050458ms)
✔ parseBatchArgs resume defaults to detached (attached flag off) (0.159459ms)
✔ buildAttachedBatchResumeArgv forwards force (0.0925ms)
✔ formatDetachedEngineOutput includes resume wording (0.099708ms)
✔ waitForDetachedBatchResume returns engine_started by default (2532.14475ms)
✔ waitForDetachedBatchResume with waitTerminal returns resume_completed (2475.074917ms)
✔ collectDetachedFailureDiagnostics includes task.failed summary and log tails (1636.99725ms)
✔ parseBatchArgs accepts --wait-terminal (0.204917ms)
✔ batch resume returns quickly and runs engine in background (24333.022833ms)
✔ inferLaunchFailureKind ignores DirtyWorktree exitReason (0.725084ms)
✔ buildHeadline prefers DirtyWorktree over worker launch (0.356666ms)
✔ buildSuggestedCommand for DirtyWorktree suggests coverage cleanup and retry (0.177583ms)
✔ buildHeadline surfaces review_exhausted primary failure (0.120708ms)
✔ buildSuggestedCommand for review_exhausted suggests batch retry (0.048583ms)
✔ buildHeadline surfaces contract_failed primary failure (0.063208ms)
✔ buildSuggestedCommand for contract_failed suggests PROMPT edit and retry (0.054375ms)
✔ buildDiagnosisOutput bundles primary failure class without launch headline (0.122875ms)
✔ reconcileBatch aligns hasFailedTasks with segment drift and DirtyWorktree headline (5126.965042ms)
✔ reconcileBatch diagnoses review_exhausted from failed task exitReason (6528.622917ms)
✔ buildHeadline surfaces PI_SPINE_ROOT launch failure (0.836416ms)
✔ buildHeadline surfaces lane commit failures after worker completion (0.109458ms)
✔ buildSuggestedCommand prefers spine doctor for launch failures (0.224ms)
✔ inferLaunchFailureKind reads worker output hints from journal (0.205ms)
✔ extractJournalDiagnosisHints prioritizes setup hook and merge blocked events (11.632792ms)
✔ formatMixedOutcomeMessage lists succeeded tasks and spine batch retry guidance (0.176875ms)
✔ reconcileBatch diagnoses launch failure wave from fixture (4671.803125ms)
✔ buildDiagnosisOutput bundles launch failure headline and command (0.213708ms)
✔ DIAGNOSIS_TAXONOMY includes worker_orphaned distinct from needs_retry (0.69625ms)
✔ inferLaunchFailureFromWorkerOutputTail reads PI_SPINE_ROOT hints from log tail (0.134833ms)
✔ buildSuggestedCommand prefers abort for ghost running cluster (0.157417ms)
✔ buildHeadline surfaces worker_orphaned launch failure from worker output context (0.26425ms)
✔ worker_orphaned after plan review nested_spawn_blocked suggests batch retry (0.088958ms)
✔ dead lane workerPid diagnoses worker_orphaned not needs_retry (5205.347542ms)
✔ dead workerPid after lane.completed does not diagnose worker_orphaned (5849.800458ms)
✔ worker_orphaned enriches launch headline from worker output log without task.failed (5375.239625ms)
✔ multiple ghost running tasks on one lane prefer spine batch abort (4871.131166ms)
✔ segment drift still diagnoses needs_retry (4922.053667ms)
✔ buildDiagnosisOutput bundles worker_orphaned headline and command (0.247667ms)
✔ isRunningWithoutActiveWorkers is false when workers are active (0.653542ms)
✔ isRunningWithoutActiveWorkers detects all-terminal tail state (0.084917ms)
✔ buildRunningTailHeadline maps macroPhase merging to operator text (0.207167ms)
✔ buildRunningTailHeadline maps gating / post-merge limbo (0.11725ms)
✔ buildHeadline preserves generic running when workers are active (0.199917ms)
✔ deriveMacroPhase uses journal merge tail when diagnosis is running without workers (0.271916ms)
✔ deriveMacroPhase stays executing when workers are active (0.085875ms)
✔ tail-state fixture reconciles without bare is running headline (5607.405916ms)
✔ tail-state headline matches batch 20260701T031142 shape via buildHeadline (0.43325ms)
✔ isCoverageArtifactPath matches extension/coverage and root coverage dirs (0.716958ms)
✔ isPathInFileScope matches exact paths and directory prefixes (0.128541ms)
✔ filterOutOfScopeCoveragePorcelain drops modified coverage outside file scope (0.153875ms)
✔ filterOutOfScopeCoveragePorcelain keeps in-scope coverage modifications (0.063708ms)
✔ restoreOutOfScopeCoverageArtifacts resets tracked coverage files (4245.488834ms)
✔ resolvePostLaneCommitPorcelain restores and filters out-of-scope coverage (4348.33525ms)
✔ commitLaneAndValidateWorktree succeeds when only out-of-scope coverage is dirty (6299.201917ms)
✔ commitLaneAndValidateWorktree fails when dirty without .DONE (3432.851917ms)
✔ isWorktreeDeletionPorcelainLine matches unstaged deletions (0.689875ms)
✔ isSymlinkOnlyDriftPorcelain is true only for deletion-only porcelain (0.114375ms)
✔ filterSetupHookSymlinkDriftPorcelain clears deletion-only drift (0.092ms)
✔ parseLaneWorktreeIdentity extracts batch and lane from worktree path (0.675333ms)
✔ resolvePostLaneCommitPorcelain repairs hook symlink drift (6621.945417ms)
✔ commitLaneAndValidateWorktree succeeds when hook symlink drifts after PASS (8465.785917ms)
✔ dismissBatch kills live stub worker PID and journals lane.worker_terminated (5999.080625ms)
✔ shouldRunCodeReview requires review level 2 or higher (0.659917ms)
✔ findCodeReviewStepNumber prefers step with code review checkpoint (3.966625ms)
✔ findCompletedCodeReview honors journal review.completed code APPROVE (4.515417ms)
✔ findCompletedCodeReview honors step artifact APPROVE for code review step (11.937625ms)
✔ runTaskOnLane runs engine code review for RL2 without worker nested spawn (12692.794375ms)
✔ runTaskOnLane skips engine code review when review level is 0 (11797.450125ms)
✔ runTaskOnLane skips engine code review when review level is 1 (12198.963ms)
✔ runTaskOnLane honors journal review.completed code APPROVE without duplicate spawn (9757.703792ms)
✔ runTaskOnLane re-invokes worker after code REVISE and succeeds on APPROVE (13516.674875ms)
✔ resolveReviewSpawnTimeoutMs aligns with stall budget for M tasks (0.672792ms)
✔ runStepReview journals review.failed with review_timeout on hung spawn (569.766084ms)
✔ async reviewer spawn does not block the event loop while waiting for timeout (637.184209ms)
✔ startBatch opens integrate gate before batch.completed journal event (20625.307458ms)
✔ startBatch serializes multiple tasks on one physical lane (30488.013291ms)
✔ startBatch runs disjoint-scope tasks on separate lanes in parallel (19426.4055ms)
✔ startBatch records lane commit before task.completed (20867.195667ms)
✔ runTaskOnLane emits task.failed not task.completed when lane commit fails (10100.002875ms)
✔ validateSpineConfig accepts worktreeSetupIgnorePaths (0.269959ms)
✔ engine_orphaned diagnosis suggests retry when task id known, attached resume otherwise (0.69075ms)
✔ dead engine with phase running passes validateMultiTaskResume without pause (4381.858333ms)
✔ running phase with live engine pid rejects resume without force (3140.06175ms)
✔ reconcile engine_orphaned recommends attached resume for batch 20260618T191236 pattern (5610.921292ms)
✔ engine_orphaned with failedTaskId suggests retry (SP-315) (1.372292ms)
✔ reconcileOrphanRunningState transitions running task to failed with journal events (3944.660625ms)
✔ retryTask succeeds on orphan without manual pause (issue #20 trap) (2811.069458ms)
✔ diagnose then retry: suggestedCommand matches working recovery path (5962.511791ms)
✔ resume --force allowed after orphan reconcile when phase was running (4009.476334ms)
✔ terminateStaleDetachedEngine SIGTERM stale pid on failed resume (56.624ms)
✔ runStepReview honors existing final PASS without re-spawn (25.778375ms)
✔ runStepReview skips review.failed journal when batch already completed (65.78825ms)
✔ startBatch lane branch has commit before merge when stub touches files (20920.038209ms)
✔ startBatch completes single task with stub worker (17682.042667ms)
✔ isExplicitBatchScope treats pending as explicit (0.235917ms)
✔ startBatch all dry-run allows multi-wave pending backlog (1327.922375ms)
✔ startBatch pending dry-run excludes done tasks (1518.980292ms)
✔ startBatch all fails when every task has .DONE (1241.243ms)
✔ startBatch skips worker when .DONE exists on disk (6262.966166ms)
✔ resolveBatchStartScope normalizes all to pending IDs (656.980541ms)
✔ startBatch explicit IDs still allow multi-wave when scope is not bare all (787.072625ms)
✔ startBatch completes two-lane wave with stub workers (12232.50875ms)
✔ startBatch blocks merge on mixed outcomes (7538.036666ms)
✔ assessWaveMergeEligibility blocks failed and pending tasks (0.2185ms)
✔ collectCoreEvidenceBundle writes summary without complete marker (4777.184584ms)
✔ openIntegrateGate persists gate before extended evidence and journals milestones (6951.902917ms)
✔ openIntegrateGate keeps gate when extended evidence command fails (6464.836584ms)
✔ collectExtendedEvidenceBundle appends to existing refs (5253.042333ms)
✔ parseEvidenceCommandArgv accepts npm run test (1.311292ms)
✔ parseEvidenceCommandArgv preserves quoted arguments (0.126542ms)
✔ parseEvidenceCommandArgv rejects shell command chaining (0.277792ms)
✔ parseEvidenceCommandArgv rejects unknown binary (0.096291ms)
✔ runEvidenceCommand executes allowlisted argv without shell (170.659375ms)
✔ runEvidenceCommand rejects malicious config strings (0.213459ms)
✔ runEvidenceCommand skips empty command (0.070458ms)
✔ runEvidenceCommand rejects disallowed build binary (0.131792ms)
✔ parseEvidenceCommandArgv rejects subshell injection (0.08125ms)
✔ collectEvidenceBundle writes summary and .complete marker atomically (4933.321709ms)
✔ collectEvidenceBundle writes rejected output for unsafe testing.test (4922.645708ms)
✔ findCompletedFinalReview honors journal review.completed final PASS (2.180667ms)
✔ findCompletedFinalReview honors latest final artifact PASS (7.304375ms)
✔ runTaskOnLane honors pre-existing worker final review without spawn failure (12723.535125ms)
✔ runTaskOnLane honors journal review.completed final PASS without duplicate spawn (11799.269ms)
✔ parseFinalReviewVerdict accepts PASS, REVISE, and REPLAN (1.070458ms)
✔ shouldRunFinalReview skips when review level is 0 (0.124792ms)
✔ runTaskOnLane skips final review when review level is 0 (12239.930125ms)
✔ runTaskOnLane journals task.verdict_recorded on PASS final review (11699.02225ms)
✔ runTaskOnLane re-invokes worker after REVISE and succeeds on PASS (14309.354417ms)
✔ runTaskOnLane caps REVISE at maxFinalAttempts with review_exhausted (16669.832125ms)
✔ runTaskOnLane fails with needs_replan and does not keep .DONE (6548.893708ms)
✔ mergeWaveLanesToOrch blocks when a wave task has exitReason needs_replan (507.304125ms)
✔ runEngineFinalReview stub writes final artifact path (6.447ms)
✔ buildTaskScorecard lists task rows (1.036ms)
✔ openIntegrateGate persists pending gate and journals gate.opened (7830.778792ms)
✔ collectEvidenceBundle writes summary and diff-stat (8093.143416ms)
✔ approve and reject enforce gate FSM (5443.180542ms)
✔ rejectIntegrateGate journals gate.rejected (4520.824958ms)
✔ checkIntegrateGate blocks until approved (exit 2) (3889.916208ms)
✔ integrateOrchToBase fails with exit 2 when gate pending (5483.902833ms)
✔ integrateOrchToBase succeeds after gate approval (6393.001917ms)
✔ force integrate requires SPINE_ALLOW_FORCE=1 (1189.129542ms)
✔ openIntegrateGateAfterBatchComplete skips non-completed batches (1140.810292ms)
✔ runSpineGate CLI approve updates gate record (3167.623167ms)
✔ isGitignoredArtifactPath matches extension/coverage and node_modules (0.73925ms)
✔ listGitignoredArtifactRoots deduplicates nested artifact dirs (0.673166ms)
✔ sanitizeGitignoredArtifactsBeforeLaneCommit removes worktree-only coverage (3375.614333ms)
✔ sanitizeGitignoredArtifactsBeforeLaneCommit skips when disabled (2529.899042ms)
✔ commitLaneAndValidateWorktree succeeds when only extension/coverage is gitignored dirty (6084.114291ms)
✔ commitLaneAndValidateWorktree succeeds when only node_modules is gitignored dirty (6362.275083ms)
✔ sanitizeGitignoredArtifactsBeforeLaneCommit does not clean index-tracked gitignored paths (3856.258125ms)
✔ commitLaneWorktree still fails for index-tracked gitignored coverage (4176.887541ms)
✔ classifyGitignoredPaths returns empty arrays for empty input (1697.3465ms)
✔ classifyGitignoredPaths detects index-tracked gitignored paths (3447.952167ms)
✔ classifyGitignoredPaths detects worktree-only gitignored paths (3295.9985ms)
✔ classifyGitignoredPaths handles mixed index-tracked and worktree-only (3970.468417ms)
✔ formatGitignoredRemediationMessage: worktree-only does not suggest git rm --cached (0.337833ms)
✔ formatGitignoredRemediationMessage: index-tracked suggests git rm --cached (0.057708ms)
✔ formatGitignoredRemediationMessage: mixed suggests both remediation paths (0.054084ms)
✔ commitLaneWorktree: worktree-only gitignored does not suggest git rm --cached (4863.967041ms)
✔ commitLaneWorktree: index-tracked gitignored still suggests git rm --cached (4039.988584ms)
✔ regression: SP-011 worktree-only coverage after npm test does not suggest git rm --cached (2650.107166ms)
✔ resolveHeartbeatKind marks launching as worker_alive only (0.759958ms)
✔ shouldEmitCheckpointWarning skips launching phase (0.16325ms)
✔ buildHeartbeatPayloadFields omits stale checkpoint signals during launching (0.092958ms)
✔ recordLaneHeartbeat journals kind and phase (384.524792ms)
✔ runWorker launching heartbeat does not journal stale STATUS mtime on fast-fail retry (5956.293958ms)
✔ resolveStallConfig applies lane overrides (0.183666ms)
✔ progressSignalsChanged detects STATUS mtime updates (833.598334ms)
✔ computeStallDeadline extends past hard timeout after progress (0.105583ms)
✔ stall false positive avoided when STATUS updates extend deadline (I-01) (0.093291ms)
✔ findLatestStepCompletedMs returns newest matching task.step_completed (0.071ms)
✔ progressSignalsChanged detects journal task.step_completed (silent tools) (810.682375ms)
✔ activitySignalsChanged detects file-scope mtime updates (FR-WORK-10 / FR-STALL-02) (449.149459ms)
✔ startBatch records lane.heartbeat during stub worker delay (16162.565958ms)
✔ isFastForwardCapableIntegrate detects orch ahead of main (#93) (6826.875334ms)
✔ integrateOrchToBase fast-forwards when orch is strictly ahead (#93 batch 20260702T071449) (14714.737167ms)
✔ integrateOrchToBase fast-forwards with generatedAt-only rules-manifest drift on main (#93) (9520.639916ms)
✔ recordBatchBaseSnapshot stores head sha and journals batch.base_snapshot (2867.215667ms)
✔ integrateOrchToBase succeeds with uncommitted edits on main (14051.496166ms)
✔ integrateOrchToBase conflict path leaves human checkout and files unchanged (8796.40625ms)
✔ integrateOrchToBase dry-run advertises isolated merge plan (2809.205875ms)
✔ resolveRulesManifestIntegrateDrift restores main when worker manifest matches orch (#22) (6551.877959ms)
✔ integrateOrchToBase succeeds with worker manifest drift on main matching orch (#22) (11924.309458ms)
✔ resolveRulesManifestIntegrateDrift blocks unrelated dirty files on main (2223.756542ms)
✔ resolveRulesManifestIntegrateDrift blocks substantive manifest drift not matching orch (2070.749458ms)
✔ resolveRulesManifestIntegrateDrift still clears generatedAt-only drift on main (1849.117125ms)
✔ resolveRulesManifestIntegrateDrift clears generatedAt-only dirty manifest on main (6466.764625ms)
✔ integrateOrchToBase succeeds with dirty generatedAt-only rules-manifest on main (11351.651584ms)
✔ DEFAULT_SYNC_TIMEOUT_MS is 60 seconds (0.60375ms)
✔ syncPlumbingMergePathsToWorktree returns ok: true on successful sync (5026.384ms)
✔ syncPlumbingMergePathsToWorktree returns ok: false with timedOut on timeout (3089.555834ms)
✔ integrateOrchToBase emits integrate.failed with IntegrateTimeout on sync timeout (8376.77575ms)
✔ successful integrate still emits integrate.completed (regression) (7261.178083ms)
✔ partial sync failure returns ok: false with correct failureClass from integrateOrchToBase (6411.209083ms)
✔ assertOrchIntegratable refuses empty orch when mergeResults claim success (2976.578875ms)
✔ assertOrchIntegratable requires integrate when orch is ahead of base (3576.25725ms)
✔ reconcileBatch reports needs_integrate when batch completed but orch not on main (5512.596042ms)
✔ completeBatch refuses when orch is ahead but not integrated (4251.612708ms)
✔ integrateOrchToBase merges orch into main and journals events (7137.047167ms)
✔ integrateOrchToBase dry-run does not change main HEAD (2132.764375ms)
✔ completeBatch succeeds after integrate lands orch on main (8268.818292ms)
✔ integrateOrchToBase aborts merge on conflict and restores checkout (3822.862ms)
✔ integrateOrchToBase fails when batch state is missing (0.304ms)
✔ runSpineIntegrate CLI succeeds when orch tip already matches main (1104.616542ms)
✔ PRD §20.2 planner yields wave0 {A,C} and wave1 {B} (2738.960291ms)
✔ PRD §20.2 two-lane stub batch completes ABC waves (27798.835917ms)
✔ PRD §20.2 mixed-outcome blocks merge; retry resets wave B for resume (15262.721709ms)
✔ runStepReview with worker attach env does not journal when attach suppressed (51.558791ms)
✔ runSpineReviewStep with worker attach env does not journal when attach suppressed (25.041708ms)
✔ runSpineReportProgress with worker attach env does not journal when attach suppressed (2.424583ms)
✔ readJournalEventsCached returns same events as readJournalEvents (47.633083ms)
✔ readJournalEventsCached returns cached copy on second call without file change (29.065208ms)
✔ readJournalEventsCached invalidates when file mtime changes (95.093083ms)
✔ readJournalEventsCached returns empty array for missing file (10.821834ms)
✔ clearJournalCache forces re-read on next call (135.739625ms)
✔ invalidateJournalCache with matching path clears cache (104.33025ms)
✔ invalidateJournalCache with non-matching path preserves cache (153.782459ms)
✔ readJournalEventsCached handles transition from missing to existing file (189.97425ms)
✔ readJournalEventsCached handles switch between different batch IDs (38.428083ms)
✔ runSpineJournal replay exits non-zero when journal missing (19.127708ms)
✔ runSpineJournal replay prints human table (104.9385ms)
✔ runSpineJournal replay --json returns events array (32.816291ms)
✔ exportJournalJsonl returns null when journal missing (12.943375ms)
✔ runSpineJournal export exits non-zero when journal missing (20.394958ms)
✔ runSpineJournal export writes jsonl to stdout (258.995834ms)
✔ runSpineJournal export --output writes file (221.001125ms)
✔ exportJournalMarkdown returns null when journal missing (6.625416ms)
✔ formatJournalMarkdownTimeline produces stable table shape (1.787042ms)
✔ formatJournalMarkdownTimeline escapes pipe characters in summary (0.117292ms)
✔ runSpineJournal export markdown exits non-zero when journal missing (6.125916ms)
✔ runSpineJournal export writes markdown to stdout (80.749625ms)
✔ runSpineJournal export markdown --output writes file (49.699666ms)
✔ detectBatchStateDrift flags running cache when reconcile sees doneInLane without journal terminal (1.217209ms)
✔ deriveStructuralBatchStateFromJournal rebuilds multi-lane skeleton without cache seed (2.799375ms)
✔ resume-parallel-lane-orphan fixture: journal-only rebuild marks resumed tasks running (1.650875ms)
✔ orphan-running-resume fixture: structural + lifecycle rebuild without seed (0.466625ms)
✔ pidless-ghost-running fixture: post-resume task.started wins over historical failure (0.506ms)
✔ resume-orphan-historical-failure fixture: rebuild ignores pre-resume failure for active task (0.415541ms)
✔ retry-clears-failed-classification fixture: rebuild fixes stale failed cache (0.986625ms)
✔ retry-clears-failed-classification fixture: detectBatchStateDrift flags cache vs journal (1.5935ms)
✔ incident fixtures rebuild from disk matches in-memory journal rebuild (1577.855083ms)
✔ readJournalTimeline filters task and batch lifecycle events (0.620125ms)
✔ rebuildBatchStateFromJournal applies task.completed over stale failed cache (1.0245ms)
✔ detectBatchStateDrift flags journal completed vs cache failed (0.294292ms)
✔ detectBatchStateDrift ignores incomplete journal when cache failed (0.100709ms)
✔ incident orphan-running fixture: journal timeline is readable (794.8795ms)
✔ appendJournalEvent writes schema v1 with ISO timestamp and payload (42.776417ms)
✔ readLastTaskFailedEvent returns most recent task.failed (97.857584ms)
✔ redactSecrets masks sensitive keys (0.235083ms)
✔ capPayloadSize truncates oversized payloads (0.129375ms)
✔ normalizeJournalEvent upgrades legacy lines (0.095625ms)
✔ readJournalEvents reads mixed legacy and v1 lines (120.678167ms)
✔ extractJournalDiagnosisHints surfaces failure events from tail (0.996125ms)
✔ commitLaneWorktree commits dirty worktree when .DONE exists (2320.918042ms)
✔ commitLaneWorktree fails loud when dirty without .DONE (1444.272041ms)
✔ filterPorcelain drops lines matching ignore patterns by full path (0.294958ms)
✔ filterPorcelain drops lines matching ignore patterns by basename (0.067083ms)
✔ filterPorcelain keeps rename targets when only source matches ignore (0.0855ms)
✔ filterPorcelain returns empty for empty input (0.0505ms)
✔ mergeLaneToOrch rejects empty merge when lane commits were required (2118.506917ms)
✔ mergeLaneToOrch prefers orch for conflicts outside lane file scope (3955.11075ms)
✔ mergeLaneToOrch does not auto-resolve in-scope lane conflicts (4934.099708ms)
✔ dismiss archives batch-state before clearing active file (3051.960792ms)
✔ complete with --detect-manual-merge succeeds when orch merged to main (4545.272417ms)
✔ complete refused when mergeResults succeeded but orch not on main (11745.705917ms)
✔ dismiss refused when diagnosis is running without --force (2561.778041ms)
✔ isPostMergeLimbo is true when tasks and merges succeeded with open orch branch (0.635708ms)
✔ isPostMergeLimbo rejects non-running or ended batches (0.097209ms)
✔ isPostMergeLimbo rejects empty or partial task/merge state (0.073666ms)
✔ isPostMergeLimbo respects git orch branch signals (0.068708ms)
✔ isPostMergeLimbo rejects null or non-object state (0.0535ms)
✔ resolveWorkerOutputConfig defaults live log streaming off (0.68475ms)
✔ workerLiveLogPath matches runtime layout (0.093417ms)
✔ truncateLiveLogBytes applies truncation marker when over cap (0.184083ms)
✔ appendWorkerLiveLogChunk redacts secrets and enforces byte cap (12.651167ms)
✔ createWorkerLiveLogWriter returns null when streaming disabled (0.196375ms)
✔ runWorker streams subprocess stub output to live log when enabled (5247.297541ms)
✔ runWorker skips live log when streamWorkerOutputLive is false (5183.90675ms)
✔ runWorker still writes terminal failure log when live streaming enabled (5198.930125ms)
✔ startAgentSessionWorker flushes transcript chunks to live log (195.314292ms)
✔ appendWorkerLiveLogChunk rolls file with truncation marker when over max bytes (12.289416ms)
✔ MACRO_PHASES exports all eleven lifecycle values (1.216417ms)
✔ deriveMacroPhase: idle when no batch signals (0.1145ms)
✔ deriveMacroPhase: planning from batch phase (0.130959ms)
✔ deriveMacroPhase: executing for active running batch (0.101958ms)
✔ deriveMacroPhase: merging phase and needs_merge diagnosis (0.063166ms)
✔ deriveMacroPhase: reviewing when review.started is open (0.119875ms)
✔ deriveMacroPhase: gating for pending gate or post-merge limbo (0.06275ms)
✔ deriveMacroPhase: integrating for needs_integrate and open integrate.started (0.077083ms)
✔ deriveMacroPhase: completed, failed, aborted, paused terminal phases (0.061959ms)
✔ fixture running-batch.json reconciles to executing macro-phase (3430.993792ms)
✔ fixture taskplane-executing.json maps to executing (1.293708ms)
✔ fixture needs-retry-batch.json maps to failed macro-phase (3236.441625ms)
✔ fixture limbo-stale maps to completed macro-phase (2918.98875ms)
✔ all macro-phase enum values are reachable via deriveMacroPhase (0.534375ms)
✔ recordMergeBlocked sets terminal merge_blocked phase and clears enginePid (1065.661ms)
✔ reconcileBatch diagnoses merge_blocked as failed merge, not needs_merge (3315.846417ms)
✔ legacy merging phase with endedAt and failed mergeResults reconciles as failed (2758.422167ms)
✔ findResumableWave skips succeeded merged waves when later wave has pending tasks (0.734792ms)
✔ validateMultiTaskResume allows force resume from merge_blocked (2807.693458ms)
✔ buildSuggestedCommand recommends resume --force for merge_blocked phase (0.285042ms)
✔ summarizeMergeFailures extracts failed wave and lane from mergeResults (0.745917ms)
✔ buildMergeFailureHeadline uses 1-based wave number and lane label (0.18225ms)
✔ buildHeadline for failed diagnosis surfaces merge conflict instead of zero failed tasks (0.2275ms)
✔ buildSuggestedCommand for merge failure suggests resume --force (0.145167ms)
✔ buildDiagnosisOutput bundles merge failure headline and command (0.133958ms)
✔ reconcileBatch surfaces merge failure fields distinct from failedTasks (3302.550416ms)
✔ spine status --json includes merge failure fields for monitors (2748.913292ms)
✔ spine status --diagnose prints merge failure details in text output (3252.062834ms)
✔ filterGitignoredPaths separates ignored and stageable paths (973.875125ms)
✔ gitAddFilteredPaths skips gitignored paths without failing (1164.395625ms)
✔ mergeLaneToOrch succeeds when task branch committed gitignored coverage (4777.0195ms)
✔ commitLaneWorktree refuses gitignored-only dirty paths (2050.912917ms)
✔ commitLaneWorktree commits tracked files while skipping gitignored dirty paths (2111.815417ms)
✔ inferMergeGitignoredFailure detects gitignored merge and lane commit failures (0.746708ms)
✔ buildSuggestedCommand returns git rm --cached repair for gitignored merge failures (0.224333ms)
✔ reconcileBatch surfaces gitignored merge repair command from journal (2326.194042ms)
✔ filterPorcelain remains unchanged for SP-104 ignore patterns (0.679833ms)
✔ mergeLaneToOrch auto-resolves additive docs/PRD.md after origin/main merge task (4285.879708ms)
✔ mergeLaneToOrch fails PRD merge with recovery commands when hunks overlap (4273.934084ms)
✔ formatPrdDocMergeFailure names file and wave recovery (0.207834ms)
✔ isActiveWorkerSession true when SPINE_WORKER_RUNNER is set (0.707166ms)
✔ isActiveWorkerSession false outside worker context (0.083541ms)
✔ runStepReview skips nested reviewer spawn when worker env is set (174.266042ms)
✔ runStepReview skips nested plan review spawn when worker env is set (96.280708ms)
✔ runStepReview stub path still works inside worker session (18.8705ms)
✔ runStepReview reaches pi availability check when worker env absent (13.888292ms)
✔ engine parent with leaked worker runner reaches reviewer spawn (21.937666ms)
✔ batch 20260619T020951 SP-306 plan step 0 journals review.skipped not review.failed (83.953208ms)
✔ detectNestedWorkerContext returns reason when SPINE_IS_WORKER=1 (0.751208ms)
✔ detectNestedWorkerContext returns reason when projectRoot is inside .worktrees/spine-* (0.47025ms)
✔ detectNestedWorkerContext returns null for normal projectRoot without worker env (0.165625ms)
✔ startBatch returns error when SPINE_IS_WORKER=1 (18.073125ms)
✔ startBatch returns error when projectRoot is inside .worktrees/spine-* (62.433209ms)
✔ startBatch succeeds normally (no env, normal CWD) — regression (11437.702166ms)
✔ buildWorkerChildEnv includes SPINE_IS_WORKER=1 (5.028083ms)
✔ journalEventsSinceResume excludes pre-resume terminal events (4.074291ms)
✔ detectOrphanRunning: historical task.failed + post-resume silence + dead engine (2.23175ms)
✔ resume orphan with historical failure fixture is not diagnosed as running (2871.998416ms)
✔ terminal event within scoped window still suppresses engine orphan (6.684875ms)
✔ journalIndicatesStalledSession: post-resume start without terminal (1.103125ms)
✔ detectOrphanRunning: PID-less ghost running with post-resume journal stall (0.506166ms)
✔ pidless ghost fixture reconcile is engine_orphaned, not running (2968.7765ms)
✔ terminal event within scoped window suppresses PID-less ghost signal (0.361916ms)
✔ isProcessAlive returns false for absent pid (0.676333ms)
✔ resume parallel lane orphan fixture: multiple running on lane 1 (7.585542ms)
✔ resume parallel lane orphan fixture: reconcile is actionable after scoped orphan detect (3343.743167ms)
✔ searchATon orphan incident fixture: dead workerPid is not diagnosed as running (3175.219709ms)
✔ dead workerPid with running task is not diagnosed as running (2600.397416ms)
✔ dead enginePid mid-resume without terminal journal is engine_orphaned (2002.894083ms)
✔ running batch without recorded pids still reports running (1894.750791ms)
✔ detectOrphanRunning ignores dead engine when terminal journal exists (0.226334ms)
✔ recordBatchEnginePid persists under resilience and clears on terminal save (306.162916ms)
✔ confirmed pause records batch.paused only after engine persists phase (502.974875ms)
✔ unconfirmed pause does not leave orphan batch.paused journal entry (990.443125ms)
✔ pauseBatch succeeds immediately when no attached engine is alive (862.553917ms)
✔ pauseBatch fails loud when attached engine keeps phase running (1474.062083ms)
✔ waitForPauseConfirmation returns true when phase stays paused (849.05275ms)
✔ retryTask succeeds when batch phase is paused (779.21325ms)
✔ retryTask rejects when batch phase is running (617.387041ms)
✔ batch 20260630T212050 orphan-after-merge fixture describes GitHub #59 incident (0.956083ms)
✔ batch 20260630T212050 journal fixture is limbo via resume detect but not bare state (2220.340417ms)
✔ hydrateMergeResultsFromJournal enables state limbo detection for batch 20260630T212050 (1027.57475ms)
✔ finalizeAttachedLandLoopBeforeExit opens gate for batch 20260630T212050 journal limbo (3318.519333ms)
✔ installAttachedExitFinalizeHandlers finalizes journal limbo on SIGTERM without manual resume (2646.194458ms)
✔ batch 20260629T021550 fixture is post-merge limbo without gate (1294.316875ms)
✔ attemptPostMergeLandLoopHandoff finalizes batch 20260629T021550 limbo after SIGTERM (3906.490208ms)
✔ resumeBatchDetached --force finalizes post-merge limbo without spawning engine (2913.578542ms)
✔ resumeBatch attached path finalizes batch 20260629T021550 limbo immediately (2339.485584ms)
✔ resumeMultiTaskBatch still finalizes batch 20260629T021550 after orphan_terminated (2169.072375ms)
✔ finalizeResumePostMergeLimbo clears stale engine pid during post-merge limbo (2710.117625ms)
✔ isPostMergeLimbo detects running phase with successful merges (0.658458ms)
✔ deriveDiagnosis returns needs_integrate for post-merge limbo (0.538416ms)
✔ finalizeBatchForIntegrate opens gate from post-merge limbo without resume (4015.438375ms)
✔ resumeMultiTaskBatch opens gate from post-merge limbo without re-running tasks (3262.557042ms)
✔ mixed-outcome post-mortem lists failed IDs and retry hint, not smooth success (2865.207584ms)
✔ false-success reconciliation headline is overridden when failures exist (1.865959ms)
✔ listFailedTaskIds prefers classified terminal-failure tasks (2.839125ms)
✔ collectEvidenceBundle summary.md is honest post-mortem markdown (2335.927459ms)
✔ dismissBatch writes post-mortem path into batch history (1881.807375ms)
✔ writeBatchPostMortem persists markdown under runtime batch dir (1574.2405ms)
✔ spine status --verbose includes post-mortem section for active batch (1857.878666ms)
✔ resolveStallConfig defaults progressSnapshotIntervalMinutes to 2 (0.624416ms)
✔ resolveStallConfig applies progressSnapshotIntervalMinutes override (0.071625ms)
✔ buildProgressSnapshotPayload is bounded and omits dirty path lists (0.622ms)
✔ progressSnapshotPayloadChanged detects field deltas (0.089333ms)
✔ shouldEmitProgressSnapshot respects interval (0.063292ms)
✔ recordLaneProgressSnapshot journals bounded payload (332.272208ms)
✔ runWorker emits lane.progress_snapshot on interval and dedupes unchanged signals (10163.628166ms)
✔ startBatch fails closed on invalid PROMPT before batch starts (912.573125ms)
fatal: malformed object name missing-base-branch
✔ inspectGitState records gitInspectionError when merged-branch scan fails (703.209375ms)
✔ deriveDiagnosis returns git_unavailable when git inspection failed (0.537084ms)
✔ reconcileBatch surfaces git_unavailable instead of limbo_stale on git failure (2375.299167ms)
fatal: malformed object name missing-base-branch
✔ reconcileBatch records count_commits_ahead git errors from real git refs (2267.93275ms)
✔ idle-no-batch returns healthy idle state (717.401667ms)
✔ limbo_stale detected from incident fixture (2525.831125ms)
✔ completed_manual when orch branch merged to main (2332.929125ms)
✔ needs_retry when a task failed (1561.535917ms)
✔ running diagnosis for active batch (2196.853959ms)
✔ runReconciliationCheck matches reconcileBatch output shape (1899.455584ms)
✔ reconcileBatch includes journal hints when journal exists (1362.076125ms)
✔ reconcileBatch exposes macroPhase for running batch (1292.697292ms)
✔ reconcileBatch exposes macroPhase for limbo_stale (1816.599625ms)
✔ failBatchFromEngineError writes batch.failed and clears enginePid (740.238667ms)
✔ reconcileGhostRunningTasks marks running tasks failed without worker (0.2225ms)
✔ resumeMultiTaskBatch fail-closed when post-commit gitPorcelain throws (8346.497458ms)
✔ resumeBatch opens integrate gate before batch.completed journal event (10632.087ms)
✔ refreshLaneHeartbeatsOnResume aligns lane heartbeats to engineStartedAt (0.723375ms)
✔ taskAlreadyComplete returns false for failed task with stale .DONE on disk (0.621458ms)
✔ resumeBatch after failed retry runs contract verification before succeed (4653.7095ms)
✔ resumeBatch continues paused 2-task 2-lane batch with stub workers (9996.778167ms)
✔ resumeBatch multi path requires existing lane worktrees (707.256708ms)
✔ multi-task batch start → pause → resume completes both tasks (11126.654709ms)
✔ paused multi-task batch diagnose suggests multi-task resume (1784.462208ms)
✔ multi-task startBatch completes two-lane stub batch (start path) (8545.31625ms)
✔ resumeBatch serializes four tasks on one lane (24252.189291ms)
✔ resumeBatch runs two lanes with two tasks each in parallel (24706.521375ms)
✔ validateMultiTaskResume accepts paused 2-task 2-lane batch (942.916792ms)
✔ validateMultiTaskResume rejects batch with zero tasks (493.395333ms)
✔ validateMultiTaskResume rejects missing worktree per lane (477.743958ms)
✔ validateMultiTaskResume allows force resume when wave merge is pending (1521.843125ms)
✔ validateResumeBatch delegates to multi validator for single-task batch (1308.2515ms)
✔ resolveDetachedWaitTimeoutMs uses long default for wait-terminal orphan resume (0.601625ms)
✔ prepareOrphanResumeHandoff clears stale workerPid before orphan resume (214.544833ms)
✔ clearStaleLaneWorkerPids preserves live worker pid (292.281458ms)
✔ dual-dead lane+engine orphan reconciles as engine_orphaned with attached resume (2526.9545ms)
✔ attached resume --force completes stuck task after plan review orphan stall (9499.929416ms)
✔ detached resume with wait-terminal uses extended timeout constant (0.2005ms)
✔ taskTerminalSuccessInBatch requires succeeded status and journal task.completed (0.622792ms)
✔ resume --force after partial retry does not review.start succeeded task IDs (11304.712833ms)
✔ pauseBatch sets phase paused and journals batch.paused (854.482542ms)
✔ resumeBatch continues paused single-lane batch (8706.337542ms)
✔ paused spine batch reconciliation suggests spine batch resume (1307.123333ms)
✔ validateBatchState requires segments aligned with tasks (0.265125ms)
✔ retryTask clears stale failure metadata before re-run (685.855ms)
✔ retry then task.completed updates counters and reconcile diagnosis (1900.797583ms)
✔ retry-clears-failed-classification fixture reconciles after success state (1198.907042ms)
✔ retryTask atomically resets task and segment records (593.162166ms)
✔ retryTask fixes segment drift (GAP-RETRY-01) (529.202584ms)
✔ resumeBatch refuses segment drift without retry (604.236167ms)
✔ skipTask marks task skipped and updates counters (600.76075ms)
✔ retryTask rejects when batch is running (346.9805ms)
✔ defaultSegmentId used in segment records (0.173667ms)
✔ detectOrphanedReviewStarted finds orphaned review.started with no matching review.completed (0.707416ms)
✔ detectOrphanedReviewStarted returns empty when review.completed exists (0.090916ms)
✔ detectOrphanedReviewStarted distinguishes code and final review types (0.066458ms)
✔ reconcileOrphanedReviewEvents synthesizes completion when APPROVE artifact on disk (40.438ms)
✔ reconcileOrphanedReviewEvents does NOT synthesize when no artifact on disk (18.088375ms)
✔ reconcileOrphanedReviewEvents does NOT synthesize for REVISE verdict (31.449667ms)
✔ findCompletedCodeReview honors artifact at attempt > 0 (17.451958ms)
✔ normal review flow (no crash) still works correctly (0.180167ms)
✔ reconcileOrphanedReviewEvents handles final review with PASS verdict (28.514292ms)
✔ buildReviewerSystemPrompt includes project standards when rules manifest exists (25.886542ms)
✔ buildReviewerSystemPrompt emits reviewer.rules_selected journal event (29.88125ms)
✔ buildReviewRequest user prompt does not include injected standards block (0.340416ms)
✔ runStepReview stub path does not emit reviewer.rules_selected (22.986584ms)
✔ isNoiseReviewScopePath matches runtime artifact paths (0.723666ms)
✔ filterReviewScopeNoise dedupes and drops noise (0.647666ms)
✔ resolvePlanReviewScopePaths returns PROMPT File Scope minus noise (2.180625ms)
✔ resolveReviewScopePaths plan uses task PROMPT file scope (2.665959ms)
✔ resolveReviewScopePaths final returns empty scope (0.077709ms)
✔ resolveCodeReviewScopePaths uses baseline..HEAD when baseline provided (668.444917ms)
✔ resolveCodeReviewScopePaths falls back to git diff --name-only without baseline (631.957667ms)
✔ resolveReviewScopePaths code honors injectable git runner (0.259625ms)
✔ resolveCodeReviewScopePaths returns empty array when git fails (0.086792ms)
✔ parseReviewLevel reads PROMPT heading (0.679042ms)
✔ isReviewTypeRequired follows Taskplane rubric (0.083292ms)
✔ formatReviewTimestamp strips separators from ISO time (2.200666ms)
✔ buildReviewArtifactPath uses step-timestamp pattern (0.224333ms)
✔ buildFinalReviewArtifactPath uses final-timestamp pattern (0.116125ms)
✔ normalizeVerdict maps enums by review type (0.077208ms)
✔ normalizeFinalVerdict and normalizeCodeVerdict are type-specific aliases (0.065833ms)
✔ parseReviewVerdict reads JSON and markdown verdicts (0.776417ms)
✔ parseReviewVerdict accepts PASS REVISE REPLAN when reviewType is final (0.082042ms)
✔ parseReviewVerdict step mode rejects final-only verdict enums (0.228458ms)
✔ parseFinalReviewVerdict accepts PASS, REVISE, and REPLAN (0.162792ms)
✔ parseFinalReviewVerdict omits heading summary unlike parseReviewVerdict (0.103541ms)
✔ shouldRunCodeReview requires review level 2 or higher (0.064542ms)
✔ shouldRunFinalReview skips when review level is 0 (0.068583ms)
✔ DEFAULT_REVIEW_SPAWN_TIMEOUT_MS is 90 minutes (0.558542ms)
✔ honorReviewSpawnFailureWhenEligible honors final review when contract passed (9.912625ms)
✔ honorReviewSpawnFailureWhenEligible skips when contract failed (6.172458ms)
✔ honorReviewSpawnFailureWhenEligible honors code review with .DONE (22.244125ms)
✔ buildReviewerPiArgs includes --model when config pins reviewer (20.777833ms)
✔ buildReviewerPiArgs omits --model when reviewer model is inherit (23.697083ms)
✔ buildReviewerPiArgs uses per-type model override for matching reviewType (11.429417ms)
✔ buildReviewerPiArgs falls back to top-level reviewer pin when per-type block missing (14.72825ms)
✔ buildReviewerPiArgs cascades per-type inherit to top-level reviewer pin (12.793ms)
✔ spawnReviewerPi fails closed when pi unavailable via SPINE_REVIEW_TEST_NO_PI (12.190042ms)
✔ buildReviewerChildEnv strips SPINE_WORKER_RUNNER from reviewer child env (0.269583ms)
✔ shouldBlockNestedReviewerSpawn false when only worker runner leaked on engine (0.101459ms)
✔ spawnReviewerPi allows engine spawn when worker runner leaked without journal attach (6.015584ms)
✔ shouldBlockNestedReviewerSpawn true inside live worker child session (0.214083ms)
✔ parseReviewLevel reads PROMPT heading (0.759125ms)
✔ isReviewTypeRequired follows Taskplane rubric (0.098667ms)
✔ buildReviewArtifactPath uses step-timestamp pattern (1.24775ms)
✔ buildFinalReviewArtifactPath uses final-timestamp pattern (0.118458ms)
✔ parseReviewVerdict reads JSON and markdown verdicts (0.502584ms)
✔ parseReviewVerdict accepts PASS REVISE REPLAN when reviewType is final (0.125625ms)
✔ parseReviewVerdict step mode rejects final-only verdict enums (0.095334ms)
✔ parseReviewVerdict accepts PASS REVISE REPLAN for final review type (0.06525ms)
✔ resolveBatchJournalContext ignores SPINE_BATCH_ID without SPINE_JOURNAL_ATTACH (0.182458ms)
✔ isJournalAttachBlocked honors SPINE_SUPPRESS_JOURNAL_ATTACH (0.063958ms)
✔ resolveBatchJournalContext blocked when attach suppressed (0.104833ms)
✔ runStepReview ignores SPINE_REVIEW_STUB_FAIL without stub mode (14.2965ms)
✔ runStepReview stub APPROVE writes artifact and journal events (19.158541ms)
✔ runStepReview stub REVISE returns exitCode 2 (4.600958ms)
✔ runStepReview fail-closed on stub spawn failure (18.809375ms)
✔ runStepReview skips when review level does not require type (2.565208ms)
✔ runStepReview final stub PASS writes final artifact path (3.01925ms)
✔ runStepReview final spawn failure exits non-zero at review level >= 1 (2.653083ms)
✔ runSpineReviewStep CLI --type final emits JSON verdict (14.749834ms)
✔ runSpineReviewStep CLI emits JSON verdict (33.336875ms)
✔ assertReviewToolAvailable fails closed without pi at review level > 0 (2.427292ms)
✔ runWorker fails closed when review tool unavailable at level > 0 (44.899167ms)
✔ stub worker stops when enforced review spawn fails (77.002625ms)
✔ DEFAULT_REVIEW_SPAWN_TIMEOUT_MS remains 90 minutes (backstop unchanged) (0.546084ms)
✔ runStepReview honors on-disk APPROVE while pi hangs — seconds not stall timeout (260.453125ms)
✔ resolveReviewerModelPin returns per-type override when set (0.677834ms)
✔ resolveReviewerModelPin falls back to top-level when per-type block missing (0.088834ms)
✔ resolveReviewerModelPin cascades per-type inherit to top-level pin (0.061959ms)
✔ resolveReviewerModelPin returns null for top-level inherit (0.057875ms)
✔ resolveReviewerModelPin returns null when reviewer block absent (0.063334ms)
✔ resolveReviewerThinkingPin returns per-type override when set (0.084ms)
✔ resolveReviewerThinkingPin falls back to top-level when per-type block missing (0.102834ms)
✔ resolveReviewerThinkingPin cascades per-type inherit to top-level pin (0.047ms)
✔ resolveReviewerThinkingPin returns null for off at any level (0.078625ms)
✔ resolveReviewerThinkingPin returns null when reviewer block absent (0.048208ms)
✔ resolveRulesManifestGeneratedAtMerge keeps newest generatedAt (0.744042ms)
✔ resolveRulesManifestGeneratedAtMerge fails when rules differ (0.083458ms)
✔ fingerprintRulesManifest ignores generatedAt (0.060042ms)
✔ mergeLaneToOrch clears generatedAt-only dirty rules-manifest before merge (1375.105417ms)
✔ mergeLaneToOrch auto-resolves generatedAt-only rules-manifest conflict (2416.494583ms)
✔ mergeLaneToOrch fails loud when rules[] differ (1588.278125ms)
✔ mergeLaneToOrch does not auto-resolve when other paths conflict (1091.57325ms)
✔ tryAutoResolveRulesManifestMergeConflict resolves in-progress merge (1271.968042ms)
✔ appendTaskMetric writes TaskMetricRecord JSONL line (6.117208ms)
✔ buildTaskMetricRecord includes laneNumber and durationMs when available (0.20725ms)
✔ buildTaskMetricRecord omits laneNumber when not a positive lane (0.11275ms)
✔ metrics.enabled false skips append without error (0.913125ms)
✔ resolveTaskMetricOutcome maps skipped_done_on_disk to skipped (0.146917ms)
✔ appendTaskMetric redacts secret-like fields and omits prompt text (1.744ms)
✔ skipTaskDoneOnDisk records skipped task metric (16.369333ms)
✔ appendBatchMetric writes BatchMetricRecord JSONL line (1.682833ms)
✔ recordBatchTerminalMetric skips when metrics disabled (0.514292ms)
✔ dismissBatch appends batch metric line (798.354333ms)
✔ spine metrics show filters by batch and formats table output (8.063ms)
✔ spine metrics show CLI filters by batch id (124.994292ms)
✔ resolveSalvageConfig defaults autoCommitOnStall to false (0.634417ms)
✔ validateSpineConfig rejects non-boolean autoCommitOnStall (0.489084ms)
✔ recordTaskFailureSalvage with autoCommitOnStall commits scoped paths on lane branch (630.04275ms)
✔ recordTaskFailureSalvage without autoCommitOnStall does not commit (413.023833ms)
✔ salvage commit refuses merge_in_progress and index_conflicts (1266.632666ms)
✔ salvage commit refuses pre-commit hook failure (777.159209ms)
✔ atomic retry retains salvage WIP commit on lane branch (956.179583ms)
✔ inspectLaneSalvage scopes porcelain to file scope and task folder (226.691208ms)
✔ recordTaskFailureSalvage journals inspection and writes evidence without committing (782.169417ms)
✔ writeSalvageEvidence writes pretty JSON atomically without temp files (573.423292ms)
✔ startBatch worker failure with dirty scoped file emits salvage and diagnose hint (7995.818041ms)
✔ parseSequenceArgs honors --auto-approve-gate and --force (0.647375ms)
✔ spine run sequence --auto-approve-gate dry-run succeeds under stub (657.725916ms)
✔ spine run sequence --auto-approve-gate refused for real pi without --force (1102.538042ms)
✔ spine run sequence --auto-approve-gate --force dry-run succeeds for real pi (651.378292ms)
✔ validateSequenceAutoApproveGate allows stub mode without force (0.671334ms)
✔ validateSequenceAutoApproveGate blocks real pi without force (0.145125ms)
✔ validateSequenceAutoApproveGate allows real pi with force (0.070875ms)
✔ validateSequenceAutoApproveGate skips check when flag is false (0.064792ms)
✔ buildSequenceAutoApproveDoctorCheck warns for real pi (0.075917ms)
✔ buildSequenceAutoApproveDoctorCheck passes for stub mode (0.057167ms)
✔ runSequence refuses auto-approve on dry-run for real pi (0.486458ms)
✔ runSequence allows auto-approve dry-run with force on real pi (0.652375ms)
✔ readCurrentBatchLogTail returns null for missing file (0.656417ms)
✔ readCurrentBatchLogTail filters to last batch session header (1.108084ms)
✔ readCurrentBatchLogTail returns full content when no header exists (1.390542ms)
✔ readCurrentBatchLogTail respects lineCount limit (1.04225ms)
✔ waitForSequenceBatchTerminal returns settled when batch completes before timeout (1944.524666ms)
✔ waitForSequenceBatchTerminal does not exit while engine PID is alive (3497.001417ms)
✔ waitForSequenceBatchTerminal returns failure diagnosis even with alive engine (1434.366834ms)
✔ isMergeBlockedBatchOutcome detects mixed-outcome and merge_blocked phases (0.67525ms)
✔ evaluateWaveTaskDependencies filters runnable tasks by satisfied deps (0.70975ms)
✔ formatSequenceWaveSkipMessage names blocked dependencies per §17.4 (0.196958ms)
✔ resolveWaveAfterMergeBlocked continues wave 1 and skips wave 2 tasks (0.572792ms)
✔ planSequenceWaveTasks skips wave when no deps are satisfied (0.122292ms)
✔ 3-wave sequence continues wave 1 after wave 0 merge_blocked and skips wave 2 (20573.874667ms)
✔ isPiSessionMetadataPath matches .pi session roots and children (1.117375ms)
✔ checkGitClean ignores untracked .pi/ session metadata (857.650958ms)
✔ checkGitClean still fails when non-.pi paths are dirty (534.908166ms)
✔ runSequence with only .pi/ dirty passes preflight (22032.9105ms)
✔ runSequence surfaces preflight failure on stderr-equivalent output (20764.5325ms)
✔ resolveResumeFromWave continues after last completed wave (0.61625ms)
✔ sequence persists fromWave, completedWaves, and lastBatchId after wave 0 (11414.443333ms)
✔ resume after interrupted wave 0 integrate completes remaining waves (53719.705541ms)
✔ sequence halts on wave failure with --stop-on-failure and preserves completed waves (20992.821375ms)
✔ resolveWaveTaskIds and resolveSequenceWaves honor planner waves (1.228375ms)
✔ diagnosis helpers classify settled, waiting, and failure states (0.100042ms)
✔ dry-run prints operator-equivalent land loop commands per wave (0.229625ms)
✔ 2-wave stub sequence completes with auto-approve land loop (39215.573958ms)
✔ buildSequencePlan resolves pending scope for dry-run integration (1425.132041ms)
✔ skipTask leaves phase paused when all tasks terminal without merge (2297.370375ms)
✔ skipTask clears failed segment drift for reconcile (2219.744834ms)
✔ resolveWorkerOutputConfig applies lane defaults and overrides (0.681041ms)
✔ captureWorkerOutputTail keeps last lines and marks byte truncation (0.29375ms)
✔ redactWorkerOutput applies built-in and config deny patterns (0.385625ms)
✔ runWorker stall_timeout captures stderr, persists log, journals stall_killed (5104.71375ms)
✔ collectEvidenceBundle references persisted worker output logs (20.349834ms)
✔ successful worker skips log unless retainWorkerOutputOnSuccess (5070.389208ms)
✔ SAT-020 replay: checkpoint_warning → stall_killed → salvage_inspection → task.failed (65848.079542ms)
✔ regression: stub worker still requires .DONE for batch success (12557.525792ms)
✔ recordTaskTransition writes batch-state then journal in order (166.64625ms)
✔ saveSpineBatchState leaves prior JSON intact when atomic write fails (144.669416ms)
✔ saveGateRecord leaves prior JSON intact when atomic write fails (139.829167ms)
✔ validateBatchState accepts healthy schema v1 state (0.921459ms)
✔ validateBatchState rejects counter drift (0.162ms)
✔ runSpineState validate passes on archived batch-state (4.466875ms)
✔ runSpineState validate fails loud on corrupt active state (1.828958ms)
✔ computeStatus
Coverage run aborted: 1 test failure(s).
