Contract testCommand failure log
Command: npm run typecheck && SPINE_WORKER_STUB=1 npm test -- tests/batch/poll-interval-defaults.test.mjs && npm run coverage:check
Exit code: 1
Attempt: 1 of 2
Timestamp: 2026-07-05T22:04:07.761Z
Buffer overflow: no
---

> pi-spine@1.6.0 typecheck
> tsc --project tsconfig.json --noEmit && tsc --project tsconfig.batch.json --noEmit


> pi-spine@1.6.0 test
> SPINE_SUPPRESS_JOURNAL_ATTACH=1 node --experimental-strip-types --test tests/*.test.mjs tests/cli/*.test.mjs tests/compat/*.test.mjs tests/tasks/*.test.mjs tests/config/*.test.mjs tests/config/cursor-rules/*.test.mjs tests/planner/*.test.mjs tests/batch/*.test.mjs tests/agents/*.test.mjs tests/adoption/*.test.mjs tests/dashboard/*.test.mjs tests/doctor/*.test.mjs tests/migrate/*.test.mjs tests/worker-tools/*.test.mjs tests/coverage/*.test.mjs tests/extensions/*.test.mjs tests/batch/poll-interval-defaults.test.mjs

✔ adoption fixture: init, plan, stub batch AD-001 creates .DONE (54863.803291ms)
✔ adoption integration: REPLAN final verdict surfaces needs_replan diagnosis (39092.866417ms)
✔ worker.md documents spine tools, stall checkpoint, and coverage policy (0.80975ms)
✔ worker.md documents engine-owned code and final review after .DONE (0.343834ms)
✔ reviewer.md documents final PASS REVISE REPLAN verdicts (0.217208ms)
✔ worker-prompt tail aligns with worker.md commit and review conventions (0.127625ms)
✔ buildWorkerTailPrompt does not contradict worker.md on commit format (21.332875ms)
✔ buildAgentSessionWorkerPrompt includes review hint when level > 0 (11.684625ms)
✔ buildWorkerPiArgs omits -ne when no pi-web-access conflict (103.269416ms)
✔ buildWorkerPiArgs includes -ne before -p when extension conflict detected (106.858708ms)
✔ formatPiExtensionConflictHint surfaces pi-web-access remediation (0.380291ms)
✔ abortBatch archives batch-state before clearing active file (3488.296333ms)
✔ abortBatch journals batch.aborted and preserves prior journal tail (3703.888083ms)
✔ abortBatch writes abort signal without killing on graceful abort (4052.610166ms)
✔ hard abort removes lane worktree when cleanup enabled (10555.107542ms)
✔ hard abort keeps worktree when cleanupOnHardAbort is false (8482.251041ms)
✔ abortBatch fails when no active batch (7272.925917ms)
✔ mergeLaneToOrch auto-resolves disjoint adoption doc edits without force-merge (19192.786333ms)
✔ mergeLaneToOrch fails adoption doc merge with recovery commands when hunks overlap (35684.882875ms)
✔ formatAdoptionDocMergeFailure names file and wave recovery (1.071375ms)
✔ agent session abort failure journals lane.worker_abort_failed (3396.304958ms)
✔ formatAttachedMilestoneLine renders land-loop journal types (0.671208ms)
[spine] batch.started
[spine] task.started SP-343
[spine] task.completed SP-343
[spine] batch.merge_started wave=0
[spine] batch.merge_completed wave=0
[spine] gate.opened
[spine] gate.evidence_collecting
[spine] gate.evidence_completed
[spine] batch.completed
[spine] batch.land_loop_finalized

Batch started

Batch 20260705T215543 completed: SP-343 succeeded; merged to orch/spine-20260705T215543.
  → spine gate status
  → spine gate approve
  → spine integrate
  → spine batch complete

Batch 20260705T215543 ready to integrate orch branch to main

  → spine integrate

  Alternatives:
    • /spine-integrate
    • /spine-gate
    • spine status --diagnose

  Batch: 20260705T215543
  Task: SP-343
✔ runSpineBatch attached start returns integrate handoff without process.exit in tests (50997.406959ms)
✔ attached batch CLI subprocess exits after completed with stdout milestones (62257.753958ms)
✔ formatAttachedBatchCliResult includes diagnosis suggested command (1.244958ms)
✔ enforceAttachedEngineSingleOwner fails fast when engine PID is alive (3010.747292ms)
✔ enforceAttachedEngineSingleOwner orphans prior engine with --force (3398.030458ms)
✔ resumeBatch rejects second attached resume when engine PID is alive (3543.536875ms)
✔ resumeBatchDetached rejects spawn when attached engine PID is alive (4153.951ms)
✔ runAttachedBatchEngine blocks attached start when engine PID is alive (7212.45175ms)
✔ isLastWaveIndex matches batch 20260618T000943 wave plan (0.516292ms)
✔ maybeFinalizeAfterWaveMerge opens gate for last-wave post-merge limbo (8322.882833ms)
✔ resumeMultiTaskBatch finalizes post-merge limbo even with stale engine pid (10711.009ms)
✔ terminateStaleDetachedEngine still clears stale engine during post-merge limbo resume handoff (6759.273375ms)
✔ startBatch multi-wave attached path opens gate after wave 1 without resume (97133.054291ms)
✔ attached milestone types include batch.merge_blocked (0.509875ms)
✔ formatAttachedBatchCliResult prints merge failure headline and exits non-zero for merge_blocked (7089.772667ms)
✔ runAttachedBatchEngine streams merge_blocked milestone before merge failure CLI output (11147.317333ms)
✔ mergeEngineStateWithDiskPause adopts operator pause from disk (4293.813541ms)
✔ saveEngineBatchState does not clobber phase paused during heartbeat-style saves (4116.654292ms)
✔ enforceOperatorPauseOnDisk re-asserts paused after engine overwrite (6276.744583ms)
✔ pauseBatch confirms when attached engine heartbeat saves honor pause (9347.04275ms)
✔ batch 20260620T194352 fixture is post-merge limbo without gate (3140.016125ms)
✔ attemptPostMergeLandLoopHandoff finalizes in-process after SIGTERM-shaped limbo (8298.907708ms)
✔ finalizeAttachedPostMergeLimbo is idempotent when gate already open (11857.713875ms)
✔ resume after orphan_terminated journal opens gate for batch 20260620T194352 pattern (14429.448625ms)
✔ installAttachedEngineShutdownHandlers finalizes on SIGTERM without manual resume (11328.723958ms)
✔ terminateStaleDetachedEngine during post-merge limbo still allows resume finalize (14524.94875ms)
✔ shouldAutoIntegrateAfterWave is false by default (0.508833ms)
✔ shouldAutoIntegrateAfterWave is true when configured and not last wave (0.073083ms)
✔ shouldAutoIntegrateAfterWave is false on last wave (0.05875ms)
✔ issue #25: retry unblocks failed phase when only pending tasks remain (15606.692ms)
✔ issue #25: failed phase with pending-only limbo resumes without --force (17669.968541ms)
✔ retry keeps failed phase when other failed tasks remain (9915.58775ms)
✔ diagnosis suggests resume --force for failed-phase pending-only limbo (0.227416ms)
✔ parseSupersededReplacementIds extracts child task IDs (1.154541ms)
✔ assertBatchStartTasksNotSuperseded rejects superseded IDs (4966.439209ms)
✔ assertBatchStartTasksNotSuperseded allows pending IDs (5303.250041ms)
✔ assertBatchStartTasksNotSuperseded honors --force-superseded (5060.857833ms)
✔ resolveBatchStartScope rejects explicit superseded task IDs (8526.825291ms)
✔ resolveBatchStartScope allows superseded IDs with forceSuperseded (8953.081416ms)
✔ startBatch dry-run rejects superseded explicit scope (10062.608666ms)
✔ startBatch dry-run allows superseded scope with forceSuperseded (8650.135666ms)
✔ parseBatchArgs maps --wave on start to waveFilter (0.685417ms)
✔ parseBatchArgs strips --wave value from scope for wave 0 (0.098916ms)
✔ buildAttachedBatchStartArgv forwards waveFilter to detached engine (0.533542ms)
✔ startBatch dry-run with pending scope and --wave 0 selects planner wave 0 (4418.021792ms)
✔ startBatch dry-run with --wave selects planner wave task IDs (4706.409917ms)
✔ wave-filtered dry-run matches explicit wave task scope dry-run (3814.987083ms)
✔ complete handoff preserves newer active batch (073511 vs 073937 race) (11.056ms)
✔ clearStaleTerminalBatchStateForStart removes completed batch-state pointer (2.79325ms)
✔ assertNoActiveBatch clears stale completed pointer before start handoff (3.25425ms)
✔ runBatchComplete clears active batch-state when no newer batch took over (10131.303916ms)
✔ new batch save replaces terminal completed cache with different batchId (55.664333ms)
✔ evaluateBatchStateWriteGuard rejects writes from non-owner live engine (19.480875ms)
✔ saveSpineBatchState rejects resurrecting archived batch cache (30.991167ms)
✔ resolveStallConfig defaults checkpoint warning and no file-scope grace extension (0.559459ms)
✔ file-scope mtime is activity only — does not extend stall deadline by default (0.194708ms)
✔ checkpoint signals extend grace; STATUS update moves deadline (0.07675ms)
✔ shouldEmitCheckpointWarning after activity without checkpoint threshold (0.122125ms)
✔ resolveScopedDirtyPaths limits porcelain to file scope and task folder (3411.628583ms)
✔ lane.checkpoint_warning journal event and diagnose hints (32.753084ms)
✔ extractJournalDiagnosisHints omits stale checkpoint_warning older than 30 minutes (0.324ms)
✔ collectProgressSignals includes dirtyPaths for scoped changes (3485.192292ms)
✔ verifyContract uses base-satisfied when scope predates task PROMPT on base (8371.737791ms)
✔ verifyContract passes when scope is on base and lane has zero implementation diff (13383.049375ms)
✔ verifyContract fails base-satisfied scope when testCommand fails (21664.154917ms)
✔ verifyStubFileScopeMustChange passes when base already satisfies scope (15585.921875ms)
✔ isBaseScopeSatisfied is false when base lacks scope changes (15348.919292ms)
✔ runFinalReviewPhase fails fast with contract_failed and does not consume finalAttempts (12389.415458ms)
✔ reconcileBatch surfaces contract_failed headline for failed task (11038.880917ms)
✔ verifyContract satisfies pre-landed fileScopeMustChange when testCommand and artifacts pass (8809.271916ms)
✔ verifyContract still fails pre-landed scope when testCommand fails (20722.603417ms)
✔ verifyStubFileScopeMustChange passes delivery-only STATUS when source scope pre-landed (17315.728584ms)
✔ verifyContract passes delivery-only STATUS.md fileScopeMustChange contract (14111.653375ms)
✔ resolvePromptRelPath derives task PROMPT from spine-tasks delivery changes (10459.426125ms)
✔ isFileScopePatternPrelanded detects scope changed on main after task intro (15336.844958ms)
✔ testCommand fails once then succeeds on retry — contract passes (1079.655417ms)
✔ testCommand fails all retries — contract_failed as before (871.461209ms)
✔ retry count configurable via spine-config contract.testRetries (1147.91325ms)
✔ failed output captured to .reviews/ directory (614.603792ms)
✔ no retry when testCommand succeeds first time (no performance cost) (435.626125ms)
✔ writeContractFailureLog creates log file with header (48.165666ms)
✔ writeContractFailureLog returns null when taskFolder is undefined (0.4685ms)
✔ CONTRACT_TEST_DEFAULT_RETRIES is 1 (0.134417ms)
✔ CONTRACT_TEST_RETRY_DELAY_MS is 5000 (0.160042ms)
✔ multiple failure logs captured across retry attempts (663.803ms)
✔ parseContract extracts stallTimeoutMinutes and extendGraceOnFileScope (1.129167ms)
✔ resolveTaskStallMinutes uses max of global, size floor, and contract override (0.129708ms)
✔ resolveStallConfigForTask applies contract stallTimeoutMinutes to stallTimeoutMs (0.120583ms)
✔ resolveStallConfigForTask honors contract extendGraceOnFileScope (0.067375ms)
✔ resolveWorkerPiTimeoutMs aligns with contract stall budget (0.09925ms)
✖ runWorker with contract stall override survives beyond global stall budget (scaled) (16868.467ms)
✔ runWorker without contract override stalls at scaled global budget (6363.125625ms)
✔ isDeliveryArtifactPath accepts STATUS.md-only patterns (0.74625ms)
✔ isDeliveryArtifactPath accepts .DONE-only patterns (0.184541ms)
✔ isDeliveryArtifactPath accepts task-folder delivery globs (0.125792ms)
✔ isDeliveryArtifactPath rejects implementation and tasks-root paths (0.097166ms)
✔ isImplementationScopePattern detects source and tooling roots (0.06675ms)
✔ isStubDeliveryOnlyScope is true for delivery-only pattern sets (0.096125ms)
✔ isStubDeliveryOnlyScope rejects mixed implementation and delivery patterns (0.077ms)
✔ isStubDeliveryOnlyScope rejects empty pattern lists (0.047833ms)
✔ isDeliveryArtifactPath honors custom tasksRoot (0.177667ms)
✔ resolveTaskStartCommit returns distinct start commits for serialized lane tasks (0.647625ms)
✔ resolveTaskStartCommit prefers task.started payload commit over prior lane.committed (0.093083ms)
✔ resolveTaskStartCommit returns null when task.started is missing (main...HEAD fallback) (0.075583ms)
✔ resolveTaskStartCommit resolves git HEAD at task.started timestamp when journal lacks commit (6581.747708ms)
✔ CONTRACT_TEST_COMMAND_MAX_BUFFER exceeds legacy 256KB limit (0.484375ms)
✔ runContractTestCommand captures large stdout without killing child (110.933459ms)
✔ runContractTestCommand surfaces ENOBUFS with scoped testCommand guidance (122.494208ms)
✔ verifyContract reports buffer overflow with scoped testCommand guidance (6030.179875ms)
✔ buildContractTestEnv moves SPINE_BATCH_ID to SPINE_PARENT_BATCH_ID (0.736208ms)
✔ detectNestedWorkerContext blocks parent batch in lane worktree (0.522ms)
✔ startBatch blocks nested spawn when SPINE_PARENT_BATCH_ID set in lane worktree (49.568833ms)
✔ buildContractTestEnv allows isolated fixture batch start without parent batch id (4.944167ms)
✔ listChangedFiles with sinceCommit scopes diff to commits after anchor (16126.716208ms)
✔ listChangedFiles without sinceCommit preserves baseBranch...HEAD (12434.214625ms)
✔ verifyContract with sinceCommit ignores prior same-lane task fileScopeMustNotChange violations (15143.283584ms)
✔ verifyContract without sinceCommit preserves cumulative lane branch behavior (11458.036834ms)
✔ buildContractTestEnv removes worker-only keys (0.546042ms)
✔ runContractTestCommand subprocess does not inherit SPINE_IS_WORKER (284.029292ms)
✔ verifyContract testCommand passes under worker env when subprocess is sanitized (1545.107083ms)
✔ verifyContract passes when testCommand exits 0 (1026.754292ms)
✔ verifyContract fails when testCommand exits non-zero (898.634958ms)
✔ verifyContract checks artifactsMustExist paths in worktree (954.589083ms)
✔ verifyContract expands glob patterns in artifactsMustExist (1163.236125ms)
✔ verifyContract returns ok with empty checks when contract has no verify fields (1219.999792ms)
✔ verifyContract enforces fileScopeMustChange and fileScopeMustNotChange (16091.392417ms)
✔ verifyContract checks minLineCoverage from command output (744.772291ms)
✔ shouldRunContractVerify skips legacy TP-* tasks and absent contract sections (0.293834ms)
✔ matchesContractPattern supports glob paths (0.224ms)
✔ parseAggregateLineCoverage parses coverage table rows (0.156875ms)
✔ SP-193-shaped placeholder contract fails validateContract in required mode (1.403833ms)
✔ verifyContract passes SP-193-shaped contract when scoped files changed (10961.333667ms)
✔ fileScopeMustChange trailing-slash pattern matches files under directory prefix (11278.298334ms)
✔ fileScopeMustChange trailing-slash pattern fails when no files under prefix changed (15729.47875ms)
✔ fileScopeMustChange exact-path and glob behavior preserved alongside trailing-slash (13892.199417ms)
✔ waitForDetachedBatchResume waits for integrate gate after batch completes (6672.380625ms)
✔ waitForDetachedBatchResume completes without gate when integrate gate not required (6595.768834ms)
✔ prepareDetachedResumeEngineHandoff terminates stale engine before resume spawn (93.160209ms)
✔ resolveDefaultResumeWaitTerminal returns true for engine_orphaned without flags (0.461833ms)
✔ resolveDefaultResumeWaitTerminal respects explicit flags (0.094083ms)
✔ detectPostMergeLimboForResume matches journal-only limbo for batch 20260629T210738 (17309.584958ms)
✔ postMergeLimbo diagnosis suggests spine batch resume --force (0.268791ms)
✔ resumeBatchDetached --force finalizes journal-only limbo without spawning engine (33471.109375ms)
✔ detached batch start opens integrate gate after stub engine completes (48372.87575ms)
✔ timeout_waiting_for_batch with dead enginePid reconciles as engine_orphaned not running (12572.0305ms)
✔ startBatchDetached persists spawn enginePid before wait on timeout failure path (40367.300084ms)
✔ parseBatchArgs defaults to detached start (attached flag off) (0.731667ms)
✔ parseBatchArgs --attached opts into foreground engine (0.083417ms)
✔ buildAttachedBatchStartArgv forwards scope and skip-preflight (0.562791ms)
✔ formatDetachedBatchStartOutput includes monitor hints (0.214125ms)
✔ batch start returns quickly and runs engine in background (55759.497208ms)
✔ parseBatchArgs resume defaults to detached (attached flag off) (0.187208ms)
✔ buildAttachedBatchResumeArgv forwards force (0.096ms)
✔ formatDetachedEngineOutput includes resume wording (0.153667ms)
✔ waitForDetachedBatchResume returns engine_started by default (6766.873375ms)
✔ waitForDetachedBatchResume with waitTerminal returns resume_completed (8253.530292ms)
✔ collectDetachedFailureDiagnostics includes task.failed summary and log tails (6500.599458ms)
✔ parseBatchArgs accepts --wait-terminal (0.304041ms)
✔ batch resume returns quickly and runs engine in background (57110.246709ms)
✔ inferLaunchFailureKind ignores DirtyWorktree exitReason (0.576667ms)
✔ buildHeadline prefers DirtyWorktree over worker launch (0.326041ms)
✔ buildSuggestedCommand for DirtyWorktree suggests coverage cleanup and retry (0.141708ms)
✔ buildHeadline surfaces review_exhausted primary failure (0.111333ms)
✔ buildSuggestedCommand for review_exhausted suggests batch retry (0.05825ms)
✔ buildHeadline surfaces contract_failed primary failure (0.07075ms)
✔ buildSuggestedCommand for contract_failed suggests PROMPT edit and retry (0.054917ms)
✔ buildDiagnosisOutput bundles primary failure class without launch headline (0.119083ms)
✔ reconcileBatch aligns hasFailedTasks with segment drift and DirtyWorktree headline (12860.909ms)
✔ reconcileBatch diagnoses review_exhausted from failed task exitReason (11233.343ms)
✔ buildHeadline surfaces PI_SPINE_ROOT launch failure (0.737584ms)
✔ buildHeadline surfaces lane commit failures after worker completion (0.151708ms)
✔ buildSuggestedCommand prefers spine doctor for launch failures (0.201916ms)
✔ inferLaunchFailureKind reads worker output hints from journal (0.179167ms)
✔ extractJournalDiagnosisHints prioritizes setup hook and merge blocked events (5.588292ms)
✔ formatMixedOutcomeMessage lists succeeded tasks and spine batch retry guidance (0.156833ms)
✔ reconcileBatch diagnoses launch failure wave from fixture (13034.859417ms)
✔ buildDiagnosisOutput bundles launch failure headline and command (0.205084ms)
✔ DIAGNOSIS_TAXONOMY includes worker_orphaned distinct from needs_retry (0.581875ms)
✔ inferLaunchFailureFromWorkerOutputTail reads PI_SPINE_ROOT hints from log tail (0.133875ms)
✔ buildSuggestedCommand prefers abort for ghost running cluster (0.1255ms)
✔ buildHeadline surfaces worker_orphaned launch failure from worker output context (0.215917ms)
✔ worker_orphaned after plan review nested_spawn_blocked suggests batch retry (0.102ms)
✔ dead lane workerPid diagnoses worker_orphaned not needs_retry (11438.295625ms)
✔ dead workerPid after lane.completed does not diagnose worker_orphaned (11380.2595ms)
✔ worker_orphaned enriches launch headline from worker output log without task.failed (14444.48275ms)
✔ multiple ghost running tasks on one lane prefer spine batch abort (13193.389375ms)
✔ segment drift still diagnoses needs_retry (12332.530375ms)
✔ buildDiagnosisOutput bundles worker_orphaned headline and command (0.463583ms)
✔ isRunningWithoutActiveWorkers is false when workers are active (0.556542ms)
✔ isRunningWithoutActiveWorkers detects all-terminal tail state (0.077209ms)
✔ buildRunningTailHeadline maps macroPhase merging to operator text (0.197833ms)
✔ buildRunningTailHeadline maps gating / post-merge limbo (0.108625ms)
✔ buildHeadline preserves generic running when workers are active (0.178458ms)
✔ deriveMacroPhase uses journal merge tail when diagnosis is running without workers (0.215083ms)
✔ deriveMacroPhase stays executing when workers are active (0.074625ms)
✔ tail-state fixture reconciles without bare is running headline (10705.0685ms)
✔ tail-state headline matches batch 20260701T031142 shape via buildHeadline (0.461791ms)
✔ isCoverageArtifactPath matches extension/coverage and root coverage dirs (0.575ms)
✔ isPathInFileScope matches exact paths and directory prefixes (0.126625ms)
✔ filterOutOfScopeCoveragePorcelain drops modified coverage outside file scope (0.466417ms)
✔ filterOutOfScopeCoveragePorcelain keeps in-scope coverage modifications (0.40225ms)
✔ restoreOutOfScopeCoverageArtifacts resets tracked coverage files (12088.337125ms)
✔ resolvePostLaneCommitPorcelain restores and filters out-of-scope coverage (11974.973834ms)
✔ commitLaneAndValidateWorktree succeeds when only out-of-scope coverage is dirty (21116.396958ms)
✔ commitLaneAndValidateWorktree fails when dirty without .DONE (11278.665542ms)
✔ isWorktreeDeletionPorcelainLine matches unstaged deletions (0.577541ms)
✔ isSymlinkOnlyDriftPorcelain is true only for deletion-only porcelain (0.1085ms)
✔ filterSetupHookSymlinkDriftPorcelain clears deletion-only drift (0.080084ms)
✔ parseLaneWorktreeIdentity extracts batch and lane from worktree path (0.549125ms)
✔ resolvePostLaneCommitPorcelain repairs hook symlink drift (15813.086458ms)
✔ commitLaneAndValidateWorktree succeeds when hook symlink drifts after PASS (25604.415375ms)
✔ dismissBatch kills live stub worker PID and journals lane.worker_terminated (11065.595291ms)
✔ shouldRunCodeReview requires review level 2 or higher (0.524042ms)
✔ findCodeReviewStepNumber prefers step with code review checkpoint (31.907667ms)
✔ findCompletedCodeReview honors journal review.completed code APPROVE (17.30825ms)
✔ findCompletedCodeReview honors step artifact APPROVE for code review step (23.668542ms)
✔ runTaskOnLane runs engine code review for RL2 without worker nested spawn (30084.338542ms)
✔ runTaskOnLane skips engine code review when review level is 0 (23505.543833ms)
✔ runTaskOnLane skips engine code review when review level is 1 (29713.763833ms)
✔ runTaskOnLane honors journal review.completed code APPROVE without duplicate spawn (28314.446958ms)
✔ runTaskOnLane re-invokes worker after code REVISE and succeeds on APPROVE (31483.994084ms)
✔ resolveReviewSpawnTimeoutMs aligns with stall budget for M tasks (0.718333ms)
✔ runStepReview journals review.failed with review_timeout on hung spawn (447.619959ms)
✔ async reviewer spawn does not block the event loop while waiting for timeout (420.176125ms)
✔ startBatch opens integrate gate before batch.completed journal event (53062.740916ms)
✔ startBatch serializes multiple tasks on one physical lane (65049.080166ms)
✔ startBatch runs disjoint-scope tasks on separate lanes in parallel (68024.201833ms)
✔ startBatch records lane commit before task.completed (49410.51675ms)
✔ runTaskOnLane emits task.failed not task.completed when lane commit fails (21026.690458ms)
✔ validateSpineConfig accepts worktreeSetupIgnorePaths (0.904166ms)
✔ engine_orphaned diagnosis suggests retry when task id known, attached resume otherwise (0.60725ms)
✔ dead engine with phase running passes validateMultiTaskResume without pause (13396.675291ms)
✔ running phase with live engine pid rejects resume without force (14813.7135ms)
✔ reconcile engine_orphaned recommends attached resume for batch 20260618T191236 pattern (12804.29275ms)
✔ engine_orphaned with failedTaskId suggests retry (SP-315) (0.578792ms)
✔ reconcileOrphanRunningState transitions running task to failed with journal events (11480.367333ms)
✔ retryTask succeeds on orphan without manual pause (issue #20 trap) (10740.492542ms)
✔ diagnose then retry: suggestedCommand matches working recovery path (15264.279583ms)
✔ resume --force allowed after orphan reconcile when phase was running (14193.314959ms)
✔ terminateStaleDetachedEngine SIGTERM stale pid on failed resume (76.93875ms)
✔ runStepReview honors existing final PASS without re-spawn (72.705208ms)
✔ runStepReview skips review.failed journal when batch already completed (71.986291ms)
✔ startBatch lane branch has commit before merge when stub touches files (53067.576333ms)
✔ startBatch completes single task with stub worker (51804.968709ms)
✔ isExplicitBatchScope treats pending as explicit (0.46525ms)
✔ startBatch all dry-run allows multi-wave pending backlog (8844.425041ms)
✔ startBatch pending dry-run excludes done tasks (8256.558209ms)
✔ startBatch all fails when every task has .DONE (10156.364167ms)
✔ startBatch skips worker when .DONE exists on disk (31005.543208ms)
✔ resolveBatchStartScope normalizes all to pending IDs (7713.7105ms)
✔ startBatch explicit IDs still allow multi-wave when scope is not bare all (9766.236125ms)
✔ startBatch completes two-lane wave with stub workers (64869.578625ms)
✔ startBatch blocks merge on mixed outcomes (33299.60325ms)
✔ assessWaveMergeEligibility blocks failed and pending tasks (0.491083ms)
✔ collectCoreEvidenceBundle writes summary without complete marker (12281.243291ms)
✔ openIntegrateGate persists gate before extended evidence and journals milestones (17815.365083ms)
✔ openIntegrateGate keeps gate when extended evidence command fails (21518.675583ms)
✔ collectExtendedEvidenceBundle appends to existing refs (11270.853292ms)
✔ parseEvidenceCommandArgv accepts npm run test (5.370166ms)
✔ parseEvidenceCommandArgv preserves quoted arguments (0.164167ms)
✔ parseEvidenceCommandArgv rejects shell command chaining (0.248625ms)
✔ parseEvidenceCommandArgv rejects unknown binary (0.10175ms)
✔ runEvidenceCommand executes allowlisted argv without shell (289.515875ms)
✔ runEvidenceCommand rejects malicious config strings (0.142709ms)
✔ runEvidenceCommand skips empty command (0.085583ms)
✔ runEvidenceCommand rejects disallowed build binary (0.101667ms)
✔ parseEvidenceCommandArgv rejects subshell injection (0.152458ms)
✔ collectEvidenceBundle writes summary and .complete marker atomically (9809.459084ms)
✔ collectEvidenceBundle writes rejected output for unsafe testing.test (11322.917ms)
✔ findCompletedFinalReview honors journal review.completed final PASS (19.801375ms)
✔ findCompletedFinalReview honors latest final artifact PASS (73.42125ms)
✔ runTaskOnLane honors pre-existing worker final review without spawn failure (27530.679375ms)
✔ runTaskOnLane honors journal review.completed final PASS without duplicate spawn (27630.143042ms)
✔ parseFinalReviewVerdict accepts PASS, REVISE, and REPLAN (0.907542ms)
✔ shouldRunFinalReview skips when review level is 0 (0.091958ms)
✔ runTaskOnLane skips final review when review level is 0 (28082.399458ms)
✔ runTaskOnLane journals task.verdict_recorded on PASS final review (24213.456666ms)
✔ runTaskOnLane re-invokes worker after REVISE and succeeds on PASS (31568.947292ms)
✔ runTaskOnLane caps REVISE at maxFinalAttempts with review_exhausted (30360.282125ms)
✔ runTaskOnLane fails with needs_replan and does not keep .DONE (14826.763167ms)
✔ mergeWaveLanesToOrch blocks when a wave task has exitReason needs_replan (6778.750083ms)
✔ runEngineFinalReview stub writes final artifact path (2.272042ms)
✔ buildTaskScorecard lists task rows (0.616667ms)
✔ openIntegrateGate persists pending gate and journals gate.opened (23772.868209ms)
✔ collectEvidenceBundle writes summary and diff-stat (17575.592ms)
✔ approve and reject enforce gate FSM (11515.204541ms)
✔ rejectIntegrateGate journals gate.rejected (12528.930459ms)
✔ checkIntegrateGate blocks until approved (exit 2) (12827.679334ms)
✔ integrateOrchToBase fails with exit 2 when gate pending (21312.719166ms)
✔ integrateOrchToBase succeeds after gate approval (35487.50625ms)
✔ force integrate requires SPINE_ALLOW_FORCE=1 (11741.267333ms)
✔ openIntegrateGateAfterBatchComplete skips non-completed batches (5927.244375ms)
✔ runSpineGate CLI approve updates gate record (14214.536625ms)
✔ isGitignoredArtifactPath matches extension/coverage and node_modules (0.538417ms)
✔ listGitignoredArtifactRoots deduplicates nested artifact dirs (19.747334ms)
✔ sanitizeGitignoredArtifactsBeforeLaneCommit removes worktree-only coverage (14454.3525ms)
✔ sanitizeGitignoredArtifactsBeforeLaneCommit skips when disabled (9045.594833ms)
✔ commitLaneAndValidateWorktree succeeds when only extension/coverage is gitignored dirty (20049.422ms)
✔ commitLaneAndValidateWorktree succeeds when only node_modules is gitignored dirty (20648.8805ms)
✔ sanitizeGitignoredArtifactsBeforeLaneCommit does not clean index-tracked gitignored paths (13765.281917ms)
✔ commitLaneWorktree still fails for index-tracked gitignored coverage (17754.311708ms)
✔ classifyGitignoredPaths returns empty arrays for empty input (6392.785834ms)
✔ classifyGitignoredPaths detects index-tracked gitignored paths (14281.82525ms)
✔ classifyGitignoredPaths detects worktree-only gitignored paths (10078.425875ms)
✔ classifyGitignoredPaths handles mixed index-tracked and worktree-only (11482.421583ms)
✔ formatGitignoredRemediationMessage: worktree-only does not suggest git rm --cached (0.703ms)
✔ formatGitignoredRemediationMessage: index-tracked suggests git rm --cached (0.584667ms)
✔ formatGitignoredRemediationMessage: mixed suggests both remediation paths (0.267042ms)
✔ commitLaneWorktree: worktree-only gitignored does not suggest git rm --cached (16010.972458ms)
✔ commitLaneWorktree: index-tracked gitignored still suggests git rm --cached (16962.369166ms)
✔ regression: SP-011 worktree-only coverage after npm test does not suggest git rm --cached (14353.445458ms)
✔ isGitignoredArtifactPath matches graphify-out hook output (0.506875ms)
✔ listGitignoredArtifactRoots deduplicates nested graphify-out paths (0.494708ms)
✔ sanitizeGitignoredArtifactsBeforeLaneCommit removes worktree-only graphify-out (15276.45575ms)
✔ commitLaneAndValidateWorktree succeeds when only graphify-out is gitignored dirty (19298.715583ms)
✔ resolveHeartbeatKind marks launching as worker_alive only (0.584708ms)
✔ shouldEmitCheckpointWarning skips launching phase (0.154583ms)
✔ buildHeartbeatPayloadFields omits stale checkpoint signals during launching (0.091875ms)
✔ recordLaneHeartbeat journals kind and phase (904.127666ms)
✔ runWorker launching heartbeat does not journal stale STATUS mtime on fast-fail retry (6768.780125ms)
✔ resolveStallConfig applies lane overrides (0.212708ms)
✔ progressSignalsChanged detects STATUS mtime updates (1893.742125ms)
✔ computeStallDeadline extends past hard timeout after progress (0.482375ms)
✔ stall false positive avoided when STATUS updates extend deadline (I-01) (1.094667ms)
✔ findLatestStepCompletedMs returns newest matching task.step_completed (0.342041ms)
✔ progressSignalsChanged detects journal task.step_completed (silent tools) (2614.820917ms)
✔ activitySignalsChanged detects file-scope mtime updates (FR-WORK-10 / FR-STALL-02) (1378.739792ms)
✔ startBatch records lane.heartbeat during stub worker delay (51342.617834ms)
✔ startBatch persists baseBranchHeadAtStart and journals batch.base_snapshot (53832.562958ms)
✔ isFastForwardCapableIntegrate detects orch ahead of main (#93) (20028.413541ms)
✔ integrateOrchToBase fast-forwards when orch is strictly ahead (#93 batch 20260702T071449) (52876.95775ms)
✔ integrateOrchToBase fast-forwards with generatedAt-only rules-manifest drift on main (#93) (47506.075ms)
✔ recordBatchBaseSnapshot stores head sha and journals batch.base_snapshot (10085.02175ms)
✔ integrateOrchToBase succeeds with uncommitted edits on main (44322.910541ms)
✔ integrateOrchToBase conflict path leaves human checkout and files unchanged (42994.9965ms)
✔ integrateOrchToBase succeeds with uncommitted edits on feature branch (non-base) (42593.39425ms)
✔ integrateOrchToBase dry-run advertises isolated merge plan (16574.942834ms)
✔ resolveRulesManifestIntegrateDrift restores main when worker manifest matches orch (#22) (20413.422958ms)
✔ integrateOrchToBase succeeds with worker manifest drift on main matching orch (#22) (50143.323167ms)
✔ resolveRulesManifestIntegrateDrift blocks unrelated dirty files on main (16369.937333ms)
✔ resolveRulesManifestIntegrateDrift blocks substantive manifest drift not matching orch (15932.198292ms)
✔ resolveRulesManifestIntegrateDrift still clears generatedAt-only drift on main (16345.207833ms)
✔ resolveRulesManifestIntegrateDrift clears generatedAt-only dirty manifest on main (20798.398375ms)
✔ integrateOrchToBase succeeds with dirty generatedAt-only rules-manifest on main (48289.27575ms)
✔ inspectHumanBaseSync reports integrate_isolated_ok after plumbing integrate leaves HEAD behind (61067.768917ms)
✔ inspectHumanBaseSync reports human_base_diverged when human commits overlap orch paths (31764.335125ms)
✔ spine sync-base CLI merges landed main into feature branch (57992.54175ms)
✔ DEFAULT_SYNC_TIMEOUT_MS is 60 seconds (0.632959ms)
✔ syncPlumbingMergePathsToWorktree returns ok: true on successful sync (17001.084208ms)
✔ syncPlumbingMergePathsToWorktree returns ok: false with timedOut on timeout (12638.446166ms)
✔ integrateOrchToBase emits integrate.failed with IntegrateTimeout on sync timeout (35177.000917ms)
✔ successful integrate still emits integrate.completed (regression) (34467.0045ms)
✔ partial sync failure returns ok: false with correct failureClass from integrateOrchToBase (39205.193834ms)
✔ syncPlumbingMergePathsToWorktree succeeds when worktree has paths not in HEAD (14565.862083ms)
✔ syncPlumbingMergePathsToWorktree restores paths that exist in merge commit (20491.614917ms)
✔ syncPlumbingMergePathsToWorktree skips diff paths absent from merge commit (14669.12775ms)
✔ assertOrchIntegratable refuses empty orch when mergeResults claim success (11222.750083ms)
✔ assertOrchIntegratable requires integrate when orch is ahead of base (12992.080709ms)
✔ reconcileBatch reports needs_integrate when batch completed but orch not on main (15422.01825ms)
✔ completeBatch refuses when orch is ahead but not integrated (18564.815ms)
✔ integrateOrchToBase merges orch into main and journals events (34669.291667ms)
✔ integrateOrchToBase dry-run does not change main HEAD (19969.250791ms)
✔ completeBatch succeeds after integrate lands orch on main (39854.031417ms)
✔ integrateOrchToBase aborts merge on conflict and restores checkout (38514.546625ms)
✔ integrateOrchToBase fails when batch state is missing (0.820459ms)
✔ runSpineIntegrate CLI succeeds when orch tip already matches main (10849.66025ms)
✔ PRD §20.2 planner yields wave0 {A,C} and wave1 {B} (8798.260541ms)
✔ PRD §20.2 two-lane stub batch completes ABC waves (91970.027167ms)
✔ PRD §20.2 mixed-outcome blocks merge; retry resets wave B for resume (62559.595792ms)
✔ runStepReview with worker attach env does not journal when attach suppressed (31.830167ms)
✔ runSpineReviewStep with worker attach env does not journal when attach suppressed (19.524875ms)
✔ runSpineReportProgress with worker attach env does not journal when attach suppressed (7.606875ms)
✔ readJournalEventsCached returns same events as readJournalEvents (82.632834ms)
✔ readJournalEventsCached returns cached copy on second call without file change (66.395375ms)
✔ readJournalEventsCached invalidates when file mtime changes (78.186875ms)
✔ readJournalEventsCached returns empty array for missing file (19.037875ms)
✔ clearJournalCache forces re-read on next call (109.831125ms)
✔ invalidateJournalCache with matching path clears cache (259.033667ms)
✔ invalidateJournalCache with non-matching path preserves cache (92.691834ms)
✔ readJournalEventsCached handles transition from missing to existing file (43.651458ms)
✔ readJournalEventsCached handles switch between different batch IDs (154.014125ms)
✔ runSpineJournal replay exits non-zero when journal missing (14.23275ms)
✔ runSpineJournal replay prints human table (65.831708ms)
✔ runSpineJournal replay --json returns events array (28.2325ms)
✔ exportJournalJsonl returns null when journal missing (41.629625ms)
✔ runSpineJournal export exits non-zero when journal missing (11.537042ms)
✔ runSpineJournal export writes jsonl to stdout (87.672375ms)
✔ runSpineJournal export --output writes file (89.671291ms)
✔ exportJournalMarkdown returns null when journal missing (13.606917ms)
✔ formatJournalMarkdownTimeline produces stable table shape (6.059625ms)
✔ formatJournalMarkdownTimeline escapes pipe characters in summary (0.122334ms)
✔ runSpineJournal export markdown exits non-zero when journal missing (2.268417ms)
✔ runSpineJournal export writes markdown to stdout (78.115541ms)
✔ runSpineJournal export markdown --output writes file (86.980041ms)
✔ detectBatchStateDrift flags running cache when reconcile sees doneInLane without journal terminal (0.732333ms)
✔ deriveStructuralBatchStateFromJournal rebuilds multi-lane skeleton without cache seed (7.31575ms)
✔ resume-parallel-lane-orphan fixture: journal-only rebuild marks resumed tasks running (3.493375ms)
✔ orphan-running-resume fixture: structural + lifecycle rebuild without seed (0.890667ms)
✔ pidless-ghost-running fixture: post-resume task.started wins over historical failure (1.210166ms)
✔ resume-orphan-historical-failure fixture: rebuild ignores pre-resume failure for active task (1.955916ms)
✔ retry-clears-failed-classification fixture: rebuild fixes stale failed cache (1.625083ms)
✔ retry-clears-failed-classification fixture: detectBatchStateDrift flags cache vs journal (0.728791ms)
✔ incident fixtures rebuild from disk matches in-memory journal rebuild (7398.813875ms)
✔ readJournalTimeline filters task and batch lifecycle events (0.538167ms)
✔ rebuildBatchStateFromJournal applies task.completed over stale failed cache (0.857292ms)
✔ detectBatchStateDrift flags journal completed vs cache failed (0.278667ms)
✔ detectBatchStateDrift ignores incomplete journal when cache failed (0.136209ms)
✔ incident orphan-running fixture: journal timeline is readable (7944.743666ms)
✔ appendJournalEvent writes schema v1 with ISO timestamp and payload (88.9845ms)
✔ readLastTaskFailedEvent returns most recent task.failed (80.643625ms)
✔ redactSecrets masks sensitive keys (0.243292ms)
✔ capPayloadSize truncates oversized payloads (0.507292ms)
✔ normalizeJournalEvent upgrades legacy lines (0.096083ms)
✔ readJournalEvents reads mixed legacy and v1 lines (62.220209ms)
✔ extractJournalDiagnosisHints surfaces failure events from tail (0.489125ms)
✔ commitLaneWorktree commits dirty worktree when .DONE exists (17325.8175ms)
✔ commitLaneWorktree fails loud when dirty without .DONE (9425.86575ms)
✔ filterPorcelain drops lines matching ignore patterns by full path (0.821291ms)
✔ filterPorcelain drops lines matching ignore patterns by basename (0.226541ms)
✔ filterPorcelain keeps rename targets when only source matches ignore (0.180875ms)
✔ filterPorcelain returns empty for empty input (0.145ms)
✔ mergeLaneToOrch rejects empty merge when lane commits were required (16973.645333ms)
✔ mergeLaneToOrch prefers orch for conflicts outside lane file scope (33418.50175ms)
✔ mergeLaneToOrch does not auto-resolve in-scope lane conflicts (28684.043459ms)
✔ dismiss archives batch-state before clearing active file (9916.26925ms)
✔ complete with --detect-manual-merge succeeds when orch merged to main (16197.572125ms)
✔ complete refused when mergeResults succeeded but orch not on main (48085.7335ms)
✔ dismiss refused when diagnosis is running without --force (10182.43025ms)
✔ isPostMergeLimbo is true when tasks and merges succeeded with open orch branch (0.531459ms)
✔ isPostMergeLimbo rejects non-running or ended batches (0.090708ms)
✔ isPostMergeLimbo rejects empty or partial task/merge state (0.0895ms)
✔ isPostMergeLimbo respects git orch branch signals (0.614ms)
✔ isPostMergeLimbo rejects null or non-object state (0.063125ms)
✔ resolveWorkerOutputConfig defaults live log streaming off (0.588542ms)
✔ workerLiveLogPath matches runtime layout (0.087166ms)
✔ truncateLiveLogBytes applies truncation marker when over cap (0.16475ms)
✔ appendWorkerLiveLogChunk redacts secrets and enforces byte cap (33.196791ms)
✔ createWorkerLiveLogWriter returns null when streaming disabled (0.292833ms)
✔ runWorker streams subprocess stub output to live log when enabled (5310.796084ms)
✔ runWorker skips live log when streamWorkerOutputLive is false (6501.595292ms)
✔ runWorker still writes terminal failure log when live streaming enabled (6039.881791ms)
✔ startAgentSessionWorker flushes transcript chunks to live log (122.375084ms)
✔ appendWorkerLiveLogChunk rolls file with truncation marker when over max bytes (28.198458ms)
✔ MACRO_PHASES exports all eleven lifecycle values (1.047625ms)
✔ deriveMacroPhase: idle when no batch signals (0.119541ms)
✔ deriveMacroPhase: planning from batch phase (0.125708ms)
✔ deriveMacroPhase: executing for active running batch (0.100167ms)
✔ deriveMacroPhase: merging phase and needs_merge diagnosis (0.069666ms)
✔ deriveMacroPhase: reviewing when review.started is open (0.128125ms)
✔ deriveMacroPhase: gating for pending gate or post-merge limbo (0.074ms)
✔ deriveMacroPhase: integrating for needs_integrate and open integrate.started (0.105708ms)
✔ deriveMacroPhase: completed, failed, aborted, paused terminal phases (0.101ms)
✔ fixture running-batch.json reconciles to executing macro-phase (11717.503625ms)
✔ fixture taskplane-executing.json maps to executing (0.58425ms)
✔ fixture needs-retry-batch.json maps to failed macro-phase (12092.5125ms)
✔ fixture limbo-stale maps to completed macro-phase (10987.836625ms)
✔ all macro-phase enum values are reachable via deriveMacroPhase (0.932541ms)
✔ recordMergeBlocked sets terminal merge_blocked phase and clears enginePid (5913.342708ms)
✔ reconcileBatch diagnoses merge_blocked as failed merge, not needs_merge (13173.298083ms)
✔ legacy merging phase with endedAt and failed mergeResults reconciles as failed (12552.563042ms)
✔ findResumableWave skips succeeded merged waves when later wave has pending tasks (2.101792ms)
✔ validateMultiTaskResume allows force resume from merge_blocked (14153.745667ms)
✔ buildSuggestedCommand recommends resume --force for merge_blocked phase (0.891375ms)
✔ summarizeMergeFailures extracts failed wave and lane from mergeResults (0.63175ms)
✔ buildMergeFailureHeadline uses 1-based wave number and lane label (0.161083ms)
✔ buildHeadline for failed diagnosis surfaces merge conflict instead of zero failed tasks (0.203208ms)
✔ buildSuggestedCommand for merge failure suggests resume --force (0.135875ms)
✔ buildDiagnosisOutput bundles merge failure headline and command (0.151292ms)
✔ reconcileBatch surfaces merge failure fields distinct from failedTasks (14224.584584ms)
✔ spine status --json includes merge failure fields for monitors (12620.356041ms)
✔ spine status --diagnose prints merge failure details in text output (9057.740833ms)
✔ filterGitignoredPaths separates ignored and stageable paths (7822.154834ms)
✔ gitAddFilteredPaths skips gitignored paths without failing (10099.878083ms)
✔ mergeLaneToOrch succeeds when task branch committed gitignored coverage (41530.741ms)
✔ commitLaneWorktree refuses gitignored-only dirty paths (17691.756958ms)
✔ commitLaneWorktree commits tracked files while skipping gitignored dirty paths (20117.218709ms)
✔ inferMergeGitignoredFailure detects gitignored merge and lane commit failures (0.232125ms)
✔ buildSuggestedCommand returns git rm --cached repair for gitignored merge failures (0.192791ms)
✔ reconcileBatch surfaces gitignored merge repair command from journal (12287.049125ms)
✔ filterPorcelain remains unchanged for SP-104 ignore patterns (0.291875ms)
✔ mergeLaneToOrch auto-resolves additive docs/PRD.md after origin/main merge task (41224.993625ms)
✔ mergeLaneToOrch fails PRD merge with recovery commands when hunks overlap (34475.75475ms)
✔ formatPrdDocMergeFailure names file and wave recovery (0.292292ms)
✔ isActiveWorkerSession true when SPINE_WORKER_RUNNER is set (1.2545ms)
✔ isActiveWorkerSession false outside worker context (0.094125ms)
✔ runStepReview skips nested reviewer spawn when worker env is set (494.725833ms)
✔ runStepReview skips nested plan review spawn when worker env is set (71.978375ms)
✔ runStepReview stub path still works inside worker session (56.611458ms)
✔ runStepReview reaches pi availability check when worker env absent (24.638083ms)
✔ engine parent with leaked worker runner reaches reviewer spawn (16.976917ms)
✔ batch 20260619T020951 SP-306 plan step 0 journals review.skipped not review.failed (81.488916ms)
✔ detectNestedWorkerContext returns reason when SPINE_IS_WORKER=1 (0.628042ms)
✔ detectNestedWorkerContext returns reason when projectRoot is inside .worktrees/spine-* (0.122916ms)
✔ detectNestedWorkerContext returns null for normal projectRoot without worker env (0.10775ms)
✔ startBatch returns error when SPINE_IS_WORKER=1 (12.61175ms)
✔ startBatch returns error when projectRoot is inside .worktrees/spine-* (75.18825ms)
✔ startBatch succeeds normally (no env, normal CWD) — regression (47157.453166ms)
✔ buildWorkerChildEnv includes SPINE_IS_WORKER=1 (9.638958ms)
✔ journalEventsSinceResume excludes pre-resume terminal events (1.849583ms)
✔ detectOrphanRunning: historical task.failed + post-resume silence + dead engine (0.905083ms)
✔ resume orphan with historical failure fixture is not diagnosed as running (11501.450792ms)
✔ terminal event within scoped window still suppresses engine orphan (3.292709ms)
✔ journalIndicatesStalledSession: post-resume start without terminal (15.368667ms)
✔ detectOrphanRunning: PID-less ghost running with post-resume journal stall (0.964625ms)
✔ pidless ghost fixture reconcile is engine_orphaned, not running (9860.069625ms)
✔ terminal event within scoped window suppresses PID-less ghost signal (1.11625ms)
✔ isProcessAlive returns false for absent pid (0.595416ms)
✔ resume parallel lane orphan fixture: multiple running on lane 1 (1.425583ms)
✔ resume parallel lane orphan fixture: reconcile is actionable after scoped orphan detect (12005.463167ms)
✔ searchATon orphan incident fixture: dead workerPid is not diagnosed as running (14427.777209ms)
✔ dead workerPid with running task is not diagnosed as running (12638.36175ms)
✔ dead enginePid mid-resume without terminal journal is engine_orphaned (10314.842417ms)
✔ running batch without recorded pids still reports running (10090.8175ms)
✔ detectOrphanRunning ignores dead engine when terminal journal exists (0.245167ms)
✔ recordBatchEnginePid persists under resilience and clears on terminal save (7470.644292ms)
✔ confirmed pause records batch.paused only after engine persists phase (6893.85325ms)
✔ unconfirmed pause does not leave orphan batch.paused journal entry (6369.762209ms)
✔ pauseBatch succeeds immediately when no attached engine is alive (11551.535416ms)
✔ pauseBatch fails loud when attached engine keeps phase running (5810.737958ms)
✔ waitForPauseConfirmation returns true when phase stays paused (7373.840416ms)
✔ retryTask succeeds when batch phase is paused (5477.560917ms)
✔ retryTask rejects when batch phase is running (6289.032959ms)
✔ resolveAttachedMilestonePollMs defaults to 2000ms when config omitted (0.562083ms)
✔ resolveSequencePollMs defaults to 5000ms when config omitted (0.084959ms)
✔ resolveDashboardPollMs defaults to 2000ms when config omitted (0.085ms)
✔ resolveAttachedMilestonePollMs honors orchestrator.attachedMilestonePollMs override (0.06525ms)
✔ resolveSequencePollMs honors orchestrator.sequencePollMs override (0.055958ms)
✔ resolveDashboardPollMs honors orchestrator.dashboardPollMs override (0.053ms)
✔ validateOrchestratorConfig rejects invalid poll values (0.132208ms)
✔ validateSpineConfig accepts orchestrator poll overrides (0.2365ms)
✔ waitForSequenceBatchTerminal uses 5000ms default poll interval (0.078209ms)
✔ batch 20260630T212050 orphan-after-merge fixture describes GitHub #59 incident (1.373708ms)
✔ batch 20260630T212050 journal fixture is limbo via resume detect but not bare state (20505.311834ms)
✔ hydrateMergeResultsFromJournal enables state limbo detection for batch 20260630T212050 (9654.008875ms)
✔ finalizeAttachedLandLoopBeforeExit opens gate for batch 20260630T212050 journal limbo (14898.121166ms)
✔ installAttachedExitFinalizeHandlers finalizes journal limbo on SIGTERM without manual resume (16798.735417ms)
✔ batch 20260629T021550 fixture is post-merge limbo without gate (9815.477666ms)
✔ attemptPostMergeLandLoopHandoff finalizes batch 20260629T021550 limbo after SIGTERM (13326.663458ms)
✔ resumeBatchDetached --force finalizes post-merge limbo without spawning engine (15250.9085ms)
✔ resumeBatch attached path finalizes batch 20260629T021550 limbo immediately (13900.833167ms)
✔ resumeMultiTaskBatch still finalizes batch 20260629T021550 after orphan_terminated (16982.029459ms)
✔ finalizeResumePostMergeLimbo clears stale engine pid during post-merge limbo (13956.506875ms)
✔ isPostMergeLimbo detects running phase with successful merges (0.5455ms)
✔ deriveDiagnosis returns needs_integrate for post-merge limbo (0.42625ms)
✔ finalizeBatchForIntegrate opens gate from post-merge limbo without resume (12009.842042ms)
✔ resumeMultiTaskBatch opens gate from post-merge limbo without re-running tasks (15001.650583ms)
✔ mixed-outcome post-mortem lists failed IDs and retry hint, not smooth success (11410.397584ms)
✔ false-success reconciliation headline is overridden when failures exist (0.686333ms)
✔ listFailedTaskIds prefers classified terminal-failure tasks (0.636667ms)
✔ collectEvidenceBundle summary.md is honest post-mortem markdown (11922.8455ms)
✔ dismissBatch writes post-mortem path into batch history (11480.896792ms)
✔ writeBatchPostMortem persists markdown under runtime batch dir (10296.682416ms)
✔ spine status --verbose includes post-mortem section for active batch (10796.71375ms)
✔ resolveStallConfig defaults progressSnapshotIntervalMinutes to 2 (0.544083ms)
✔ resolveStallConfig applies progressSnapshotIntervalMinutes override (0.0755ms)
✔ buildProgressSnapshotPayload is bounded and omits dirty path lists (0.494792ms)
✔ progressSnapshotPayloadChanged detects field deltas (0.091958ms)
✔ shouldEmitProgressSnapshot respects interval (0.077208ms)
✔ recordLaneProgressSnapshot journals bounded payload (1434.312542ms)
✔ runWorker emits lane.progress_snapshot on interval and dedupes unchanged signals (13101.419708ms)
✔ startBatch fails closed on invalid PROMPT before batch starts (11135.11725ms)
fatal: malformed object name missing-base-branch
✔ inspectGitState records gitInspectionError when merged-branch scan fails (8174.231583ms)
✔ deriveDiagnosis returns git_unavailable when git inspection failed (0.441708ms)
✔ reconcileBatch surfaces git_unavailable instead of limbo_stale on git failure (10493.597458ms)
fatal: malformed object name missing-base-branch
✔ reconcileBatch records count_commits_ahead git errors from real git refs (16766.82325ms)
✔ idle-no-batch returns healthy idle state (5847.178125ms)
✔ limbo_stale detected from incident fixture (10210.867833ms)
✔ completed_manual when orch branch merged to main (17370.520875ms)
✔ needs_retry when a task failed (12602.662958ms)
✔ running diagnosis for active batch (12243.725291ms)
✔ runReconciliationCheck matches reconcileBatch output shape (10286.247542ms)
✔ reconcileBatch includes journal hints when journal exists (13164.134417ms)
✔ reconcileBatch exposes macroPhase for running batch (10708.556833ms)
✔ reconcileBatch exposes macroPhase for limbo_stale (9769.582625ms)
✔ failBatchFromEngineError writes batch.failed and clears enginePid (6759.516041ms)
✔ reconcileGhostRunningTasks marks running tasks failed without worker (0.209292ms)
✔ resumeMultiTaskBatch fail-closed when post-commit gitPorcelain throws (26711.396042ms)
✔ resumeBatch opens integrate gate before batch.completed journal event (46492.9315ms)
✔ refreshLaneHeartbeatsOnResume aligns lane heartbeats to engineStartedAt (0.5855ms)
✔ taskAlreadyComplete returns false for failed task with stale .DONE on disk (0.551292ms)
✔ resumeBatch after failed retry runs contract verification before succeed (38827.252709ms)
✔ resumeBatch continues paused 2-task 2-lane batch with stub workers (65028.873333ms)
✔ resumeBatch multi path requires existing lane worktrees (10646.099833ms)
✔ multi-task batch start → pause → resume completes both tasks (75497.935167ms)
✔ paused multi-task batch diagnose suggests multi-task resume (10682.247584ms)
✔ multi-task startBatch completes two-lane stub batch (start path) (56687.266375ms)
✔ resumeBatch serializes four tasks on one lane (86399.90725ms)
✔ resumeBatch runs two lanes with two tasks each in parallel (67719.940125ms)
✔ validateMultiTaskResume accepts paused 2-task 2-lane batch (14969.694292ms)
✔ validateMultiTaskResume rejects batch with zero tasks (8891.316833ms)
✔ validateMultiTaskResume rejects missing worktree per lane (9477.55275ms)
✔ validateMultiTaskResume allows force resume when wave merge is pending (13756.4315ms)
✔ validateResumeBatch delegates to multi validator for single-task batch (10045.56825ms)
✔ resolveDetachedWaitTimeoutMs uses long default for wait-terminal orphan resume (0.492041ms)
✔ prepareOrphanResumeHandoff clears stale workerPid before orphan resume (6077.063916ms)
✔ clearStaleLaneWorkerPids preserves live worker pid (5885.360042ms)
✔ dual-dead lane+engine orphan reconciles as engine_orphaned with attached resume (11279.132166ms)
✔ attached resume --force completes stuck task after plan review orphan stall (54308.890875ms)
✔ detached resume with wait-terminal uses extended timeout constant (0.19375ms)
✔ taskTerminalSuccessInBatch requires succeeded status and journal task.completed (0.544417ms)
✔ resume --force after partial retry does not review.start succeeded task IDs (71297.288125ms)
✔ pauseBatch sets phase paused and journals batch.paused (6478.836ms)
✔ resumeBatch continues paused single-lane batch (45049.266125ms)
✔ paused spine batch reconciliation suggests spine batch resume (9790.061042ms)
✔ validateBatchState requires segments aligned with tasks (0.252875ms)
✔ retryTask clears stale failure metadata before re-run (6977.581833ms)
✔ retry then task.completed updates counters and reconcile diagnosis (12818.453333ms)
✔ retry-clears-failed-classification fixture reconciles after success state (11646.926833ms)
✔ retryTask atomically resets task and segment records (5063.695875ms)
✔ retryTask fixes segment drift (GAP-RETRY-01) (8264.712333ms)
✔ resumeBatch refuses segment drift without retry (8714.495708ms)
✔ skipTask marks task skipped and updates counters (5746.051209ms)
✔ retryTask rejects when batch is running (6092.258125ms)
✔ defaultSegmentId used in segment records (0.179208ms)
✔ detectOrphanedReviewStarted finds orphaned review.started with no matching review.completed (0.646417ms)
✔ detectOrphanedReviewStarted returns empty when review.completed exists (0.090125ms)
✔ detectOrphanedReviewStarted distinguishes code and final review types (0.079167ms)
✔ reconcileOrphanedReviewEvents synthesizes completion when APPROVE artifact on disk (140.986958ms)
✔ reconcileOrphanedReviewEvents does NOT synthesize when no artifact on disk (39.649042ms)
✔ reconcileOrphanedReviewEvents does NOT synthesize for REVISE verdict (34.620833ms)
✔ findCompletedCodeReview honors artifact at attempt > 0 (20.640417ms)
✔ normal review flow (no crash) still works correctly (0.627458ms)
✔ reconcileOrphanedReviewEvents handles final review with PASS verdict (90.518834ms)
✔ buildReviewerSystemPrompt includes project standards when rules manifest exists (21.237958ms)
✔ buildReviewerSystemPrompt emits reviewer.rules_selected journal event (46.153834ms)
✔ buildReviewRequest user prompt does not include injected standards block (0.323583ms)
✔ runStepReview stub path does not emit reviewer.rules_selected (62.945542ms)
✔ isNoiseReviewScopePath matches runtime artifact paths (0.674542ms)
✔ filterReviewScopeNoise dedupes and drops noise (0.47325ms)
✔ resolvePlanReviewScopePaths returns PROMPT File Scope minus noise (20.029833ms)
✔ resolveReviewScopePaths plan uses task PROMPT file scope (34.548917ms)
✔ resolveReviewScopePaths final returns empty scope (0.124709ms)
✔ resolveCodeReviewScopePaths uses baseline..HEAD when baseline provided (8243.967208ms)
✔ resolveCodeReviewScopePaths falls back to git diff --name-only without baseline (9882.272375ms)
✔ resolveReviewScopePaths code honors injectable git runner (0.566834ms)
✔ resolveCodeReviewScopePaths returns empty array when git fails (0.324667ms)
✔ parseReviewLevel reads PROMPT heading (0.740416ms)
✔ isReviewTypeRequired follows Taskplane rubric (0.084375ms)
✔ formatReviewTimestamp strips separators from ISO time (18.169ms)
✔ buildReviewArtifactPath uses step-timestamp pattern (0.459666ms)
✔ buildFinalReviewArtifactPath uses final-timestamp pattern (0.1465ms)
✔ normalizeVerdict maps enums by review type (0.095042ms)
✔ normalizeFinalVerdict and normalizeCodeVerdict are type-specific aliases (0.077792ms)
✔ parseReviewVerdict reads JSON and markdown verdicts (0.560375ms)
✔ parseReviewVerdict accepts PASS REVISE REPLAN when reviewType is final (0.095833ms)
✔ parseReviewVerdict step mode rejects final-only verdict enums (0.1705ms)
✔ parseFinalReviewVerdict accepts PASS, REVISE, and REPLAN (0.119958ms)
✔ parseFinalReviewVerdict omits heading summary unlike parseReviewVerdict (0.096708ms)
✔ shouldRunCodeReview requires review level 2 or higher (0.064833ms)
✔ shouldRunFinalReview skips when review level is 0 (0.060208ms)
✔ DEFAULT_REVIEW_SPAWN_TIMEOUT_MS is 90 minutes (0.530333ms)
✔ honorReviewSpawnFailureWhenEligible honors final review when contract passed (14.633958ms)
✔ honorReviewSpawnFailureWhenEligible skips when contract failed (1.83625ms)
✔ honorReviewSpawnFailureWhenEligible honors code review with .DONE (1.443667ms)
✔ buildReviewerPiArgs includes --model when config pins reviewer (24.701375ms)
✔ buildReviewerPiArgs omits --model when reviewer model is inherit (7.460458ms)
✔ buildReviewerPiArgs uses per-type model override for matching reviewType (7.24775ms)
✔ buildReviewerPiArgs falls back to top-level reviewer pin when per-type block missing (9.976833ms)
✔ buildReviewerPiArgs cascades per-type inherit to top-level reviewer pin (3.955125ms)
✔ spawnReviewerPi fails closed when pi unavailable via SPINE_REVIEW_TEST_NO_PI (7.526042ms)
✔ buildReviewerChildEnv strips SPINE_WORKER_RUNNER from reviewer child env (0.534416ms)
✔ shouldBlockNestedReviewerSpawn false when only worker runner leaked on engine (0.139667ms)
✔ spawnReviewerPi allows engine spawn when worker runner leaked without journal attach (5.848041ms)
✔ shouldBlockNestedReviewerSpawn true inside live worker child session (0.239583ms)
✔ parseReviewLevel reads PROMPT heading (0.717833ms)
✔ isReviewTypeRequired follows Taskplane rubric (0.086792ms)
✔ buildReviewArtifactPath uses step-timestamp pattern (2.434792ms)
✔ buildFinalReviewArtifactPath uses final-timestamp pattern (0.16225ms)
✔ parseReviewVerdict reads JSON and markdown verdicts (0.538542ms)
✔ parseReviewVerdict accepts PASS REVISE REPLAN when reviewType is final (0.140417ms)
✔ parseReviewVerdict step mode rejects final-only verdict enums (0.108917ms)
✔ parseReviewVerdict accepts PASS REVISE REPLAN for final review type (0.083834ms)
✔ resolveBatchJournalContext ignores SPINE_BATCH_ID without SPINE_JOURNAL_ATTACH (0.169625ms)
✔ isJournalAttachBlocked honors SPINE_SUPPRESS_JOURNAL_ATTACH (0.130334ms)
✔ resolveBatchJournalContext blocked when attach suppressed (0.104542ms)
✔ runStepReview ignores SPINE_REVIEW_STUB_FAIL without stub mode (24.826167ms)
✔ runStepReview stub APPROVE writes artifact and journal events (72.077791ms)
✔ runStepReview stub REVISE returns exitCode 2 (21.490542ms)
✔ runStepReview fail-closed on stub spawn failure (59.764291ms)
✔ runStepReview skips when review level does not require type (17.998625ms)
✔ runStepReview final stub PASS writes final artifact path (52.528417ms)
✔ runStepReview final spawn failure exits non-zero at review level >= 1 (93.116291ms)
✔ runSpineReviewStep CLI --type final emits JSON verdict (93.136541ms)
✔ runSpineReviewStep CLI emits JSON verdict (134.503833ms)
✔ assertReviewToolAvailable fails closed without pi at review level > 0 (61.8985ms)
✔ runWorker fails closed when review tool unavailable at level > 0 (43.772167ms)
✔ stub worker stops when enforced review spawn fails (355.746292ms)
✔ DEFAULT_REVIEW_SPAWN_TIMEOUT_MS remains 90 minutes (backstop unchanged) (0.464083ms)
✔ runStepReview honors on-disk APPROVE while pi hangs — seconds not stall timeout (798.634208ms)
✔ resolveReviewerModelPin returns per-type override when set (0.579791ms)
✔ resolveReviewerModelPin falls back to top-level when per-type block missing (0.158584ms)
✔ resolveReviewerModelPin cascades per-type inherit to top-level pin (0.073667ms)
✔ resolveReviewerModelPin returns null for top-level inherit (0.063917ms)
✔ resolveReviewerModelPin returns null when reviewer block absent (0.067875ms)
✔ resolveReviewerThinkingPin returns per-type override when set (0.081083ms)
✔ resolveReviewerThinkingPin falls back to top-level when per-type block missing (0.059292ms)
✔ resolveReviewerThinkingPin cascades per-type inherit to top-level pin (0.052625ms)
✔ resolveReviewerThinkingPin returns null for off at any level (0.082ms)
✔ resolveReviewerThinkingPin returns null when reviewer block absent (0.099958ms)
✔ resolveRulesManifestGeneratedAtMerge keeps newest generatedAt (0.633417ms)
✔ resolveRulesManifestGeneratedAtMerge fails when rules differ (0.094208ms)
✔ fingerprintRulesManifest ignores generatedAt (0.078208ms)
✔ mergeLaneToOrch clears generatedAt-only dirty rules-manifest before merge (38188.371416ms)
✔ mergeLaneToOrch auto-resolves generatedAt-only rules-manifest conflict (35714.899084ms)
✔ mergeLaneToOrch fails loud when rules[] differ (25930.480334ms)
✔ mergeLaneToOrch does not auto-resolve when other paths conflict (27726.3965ms)
✔ tryAutoResolveRulesManifestMergeConflict resolves in-progress merge (16626.375541ms)
✔ appendTaskMetric writes TaskMetricRecord JSONL line (89.7775ms)
✔ buildTaskMetricRecord includes laneNumber and durationMs when available (0.258292ms)
✔ buildTaskMetricRecord omits laneNumber when not a positive lane (0.213042ms)
✔ metrics.enabled false skips append without error (1.4715ms)
✔ resolveTaskMetricOutcome maps skipped_done_on_disk to skipped (0.482709ms)
✔ appendTaskMetric redacts secret-like fields and omits prompt text (5.580792ms)
✔ skipTaskDoneOnDisk records skipped task metric (119.871042ms)
✔ appendBatchMetric writes BatchMetricRecord JSONL line (31.040583ms)
✔ recordBatchTerminalMetric skips when metrics disabled (14.643ms)
✔ dismissBatch appends batch metric line (2966.767667ms)
✔ spine metrics show filters by batch and formats table output (8.429416ms)
✔ spine metrics show CLI filters by batch id (477.692ms)
✔ resolveSalvageConfig defaults autoCommitOnStall to false (0.535458ms)
✔ validateSpineConfig rejects non-boolean autoCommitOnStall (0.522708ms)
✔ recordTaskFailureSalvage with autoCommitOnStall commits scoped paths on lane branch (18399.518375ms)
✔ recordTaskFailureSalvage without autoCommitOnStall does not commit (13463.58475ms)
✔ salvage commit refuses merge_in_progress and index_conflicts (13153.902416ms)
✔ salvage commit refuses pre-commit hook failure (9033.394792ms)
✔ atomic retry retains salvage WIP commit on lane branch (12322.714ms)
✔ inspectLaneSalvage scopes porcelain to file scope and task folder (7630.944833ms)
✔ recordTaskFailureSalvage journals inspection and writes evidence without committing (11283.310584ms)
✔ writeSalvageEvidence writes pretty JSON atomically without temp files (6944.061958ms)
✔ startBatch worker failure with dirty scoped file emits salvage and diagnose hint (34513.670083ms)
✔ parseSequenceArgs honors --auto-approve-gate and --force (0.571166ms)
✔ spine run sequence --auto-approve-gate dry-run succeeds under stub (8216.09175ms)
✔ spine run sequence --auto-approve-gate refused for real pi without --force (9687.154208ms)
✔ spine run sequence --auto-approve-gate --force dry-run succeeds for real pi (8667.967792ms)
✔ validateSequenceAutoApproveGate allows stub mode without force (0.574208ms)
✔ validateSequenceAutoApproveGate blocks real pi without force (0.210084ms)
✔ validateSequenceAutoApproveGate allows real pi with force (0.08275ms)
✔ validateSequenceAutoApproveGate skips check when flag is false (0.07825ms)
✔ buildSequenceAutoApproveDoctorCheck warns for real pi (0.102166ms)
✔ buildSequenceAutoApproveDoctorCheck passes for stub mode (0.064125ms)
✔ runSequence refuses auto-approve on dry-run for real pi (1.654875ms)
✔ runSequence allows auto-approve dry-run with force on real pi (1.282292ms)
✔ readCurrentBatchLogTail returns null for missing file (0.684333ms)
✔ readCurrentBatchLogTail filters to last batch session header (0.648583ms)
✔ readCurrentBatchLogTail returns full content when no header exists (1.457334ms)
✔ readCurrentBatchLogTail respects lineCount limit (0.9105ms)
✔ waitForSequenceBatchTerminal returns settled when batch completes before timeout (11700.156209ms)
✔ waitForSequenceBatchTerminal does not exit while engine PID is alive (24143.468625ms)
✔ waitForSequenceBatchTerminal returns failure diagnosis even with alive engine (11836.739541ms)
✔ isMergeBlockedBatchOutcome detects mixed-outcome and merge_blocked phases (0.575292ms)
✔ evaluateWaveTaskDependencies filters runnable tasks by satisfied deps (0.576041ms)
✔ formatSequenceWaveSkipMessage names blocked dependencies per §17.4 (0.191ms)
✔ resolveWaveAfterMergeBlocked continues wave 1 and skips wave 2 tasks (0.157709ms)
✔ planSequenceWaveTasks skips wave when no deps are satisfied (0.101792ms)
✔ 3-wave sequence continues wave 1 after wave 0 merge_blocked and skips wave 2 (106540.732084ms)
✔ isPiSessionMetadataPath matches .pi session roots and children (0.927875ms)
✔ checkGitClean ignores untracked .pi/ session metadata (7454.229083ms)
✔ checkGitClean still fails when non-.pi paths are dirty (10722.095459ms)
✔ runSequence with only .pi/ dirty passes preflight (94801.0005ms)
✔ runSequence surfaces preflight failure on stderr-equivalent output (25081.442917ms)
✔ resolveResumeFromWave continues after last completed wave (0.5175ms)
✔ sequence persists fromWave, completedWaves, and lastBatchId after wave 0 (85265.662ms)
✔ resume after interrupted wave 0 integrate completes remaining waves (85434.451667ms)
✔ sequence halts on wave failure with --stop-on-failure and preserves completed waves (11450.362458ms)
✔ resolveWaveTaskIds and resolveSequenceWaves honor planner waves (1.547709ms)
✔ diagnosis helpers classify settled, waiting, and failure states (0.0995ms)
✔ dry-run prints operator-equivalent land loop commands per wave (0.222042ms)
✔ 2-wave stub sequence completes with auto-approve land loop (141529.834584ms)
✔ buildSequencePlan resolves pending scope for dry-run integration (3655.648125ms)
✔ skipTask leaves phase paused when all tasks terminal without merge (16853.917083ms)
✔ skipTask clears failed segment drift for reconcile (14566.711ms)
✔ resolveWorkerOutputConfig applies lane defaults and overrides (0.581167ms)
✔ captureWorkerOutputTail keeps last lines and marks byte truncation (0.276875ms)
✔ redactWorkerOutput applies built-in and config deny patterns (0.401209ms)
✔ runWorker stall_timeout captures stderr, persists log, journals stall_killed (6335.122917ms)
✔ collectEvidenceBundle references persisted worker output logs (60.243666ms)
✔ successful worker skips log unless retainWorkerOutputOnSuccess (5181.769083ms)
✔ SAT-020 replay: checkpoint_warning → stall_killed → salvage_inspection → task.failed (84183.948583ms)
✔ regression: stub worker still requires .DONE for batch success (32741.09175ms)
✔ recordTaskTransition writes batch-state then journal in order (4878.809625ms)
✔ saveSpineBatchState leaves prior JSON intact when atomic write fails (7162.576125ms)
✔ saveGateRecord leaves prior JSON intact when atomic write fails (4516.508834ms)
✔ validateBatchState accepts healthy schema v1 state (0.79925ms)
✔ validateBatchState rejects counter drift (0.151167ms)
✔ runSpineState validate passes on archived batch-state (22.878708ms)
✔ runSpineState validate fails loud on corrupt active state (12.069459ms)
✔ computeStatusProgress derives wave and task counts from batch raw (0.920208ms)
✔ computeStatusProgress returns null without batch raw (0.088458ms)
✔ formatStatusJson includes documented progress field names (0.144583ms)
✔ spine status --json includes task and wave progress for active batch (11502.387375ms)
✔ spine status --json omits progress counts when no batch is active (5731.111541ms)
✔ reconcileBatch exposes progress fields for spine watch consumers (9620.111042ms)
✔ classifyTaskDoneSemantics distinguishes lane vs main .DONE (issue #35) (4478.325292ms)
✔ spine status --diagnose --json exposes explicit done flags mid-batch (8872.449625ms)
✔ verifyStubFileScopeMustChange fails when contract paths are unchanged (10555.557083ms)
✔ verifyStubFileScopeMustChange passes when contract path changed (8757.200417ms)
✔ verifyStubFileScopeMustChange passes for comma-in-single-backtick fileScopeMustChange (SP-396) (10003.496375ms)
✔ commitLaneWorktree rejects stub completion without fileScopeMustChange diffs (9141.515958ms)
✔ commitLaneWorktree allows stub completion when fileScopeMustChange is satisfied (15294.422334ms)
✔ stub contract helpers detect release-critical contracts and legacy markers (0.340667ms)
✔ shouldEnforceStubContractAtLaneCommit uses env or legacy .DONE marker (4958.193792ms)
✔ stub cannot succeed merge/version task without file-scope changes (15459.817834ms)
✔ checkStubReleaseCritical warns when stub mode has pending fileScopeMustChange tasks (6899.079083ms)
✔ diagnosis surfaces exitReason stub for M/L legacy stub .DONE markers (1.626209ms)
✔ reconcileBatch surfaces exitReason stub for succeeded M/L tasks with legacy stub .DONE (11633.094167ms)
✔ applyStubDeliveryStatusBlock updates existing header lines (0.722625ms)
✔ applyStubDeliveryStatusBlock appends block when header lines are missing (0.124625ms)
✔ writeStubDeliveryStatusIfNeeded updates STATUS for delivery-only contracts (3.114375ms)
✔ writeStubDeliveryStatusIfNeeded skips implementation scopes (3.51275ms)
✔ stub worker auto-writes STATUS for delivery-only fileScopeMustChange (164.9025ms)
✔ stub worker does not auto-write STATUS for implementation fileScopeMustChange (142.798375ms)
✔ stub worker STATUS delivery satisfies verifyStubFileScopeMustChange (11189.124375ms)
✔ parseTaskSizeFromMarkdown reads Size line (0.596459ms)
✔ resolveTaskStallMinutes uses max of config and size floor (2.234042ms)
✔ resolveStallConfigForTask applies minutes to stallTimeoutMs (0.272292ms)
✔ journalTaskAwaitingFirstHeartbeat: true after task.started before lane.heartbeat (0.607375ms)
✔ journalTaskAwaitingFirstHeartbeat: false after matching lane.heartbeat (0.090625ms)
✔ detectOrphanRunning suppresses lane orphan during first-heartbeat debounce when engine alive (0.909333ms)
✔ detectOrphanRunning still reports lane orphan before heartbeat when engine is dead (0.387917ms)
✔ detectOrphanRunning still reports lane orphan after first heartbeat (0.290125ms)
✔ reconcileBatch: transient dead workerPid mid-start diagnoses running not worker_orphaned (8552.824459ms)
✔ reconcileOrphanRunningState does not fail running task during debounce window (5133.068583ms)
✔ post-heartbeat dead pid still worker_orphaned with retry (8570.683084ms)
✔ hasPendingWaveMerge is true when an intermediate wave lacks mergeResults (0.613958ms)
✔ hasPendingWaveMerge is false when every terminal wave is recorded (0.436167ms)
✔ recordWaveMergeResult records forceMerged flag and updates existing wave row (0.125417ms)
✔ resolveWorkerBackend defaults to subprocess (0.610542ms)
✔ resolveWorkerBackend honors agentSession flag (0.072791ms)
✔ validateWorkerBackendConfig rejects invalid values (0.107041ms)
✔ validateSpineConfig accepts optional workerBackend (0.258125ms)
✔ settings registry validates workerBackend enum case-sensitively (0.132375ms)
✔ buildAgentSessionWorkerPrompt includes PROMPT reference and review hint (16.457792ms)
✔ createStubAgentSession writes .DONE (30.809667ms)
✔ startAgentSessionWorker completes with injected mock session (16.181084ms)
✔ runWorker uses agentSession backend with mock factory (6092.908875ms)
✔ runWorker keeps subprocess default when workerBackend unset (5316.0445ms)
✔ WORKER_BACKENDS lists supported values (1.556125ms)
✔ buildWorkerBackendDoctorCheck reports subprocess as production default (0.175084ms)
✔ buildWorkerBackendDoctorCheck warns or fails on opt-in agentSession (0.287958ms)
✔ buildWorkerBackendDoctorCheck falls back to subprocess for invalid config (0.043209ms)
✔ DIAGNOSIS_TAXONOMY includes worker_done_missing distinct from worker_orphaned and needs_retry (0.569667ms)
✔ outputIndicatesWorkerDoneMissing matches runner stderr message (0.117167ms)
✔ inferWorkerDoneMissingFailure reads task.failed payload from journal (0.195542ms)
✔ buildHeadline and buildSuggestedCommand for worker_done_missing cite worker log (0.344541ms)
✔ reconcileBatch diagnoses worker_done_missing for issue #18 journal pattern (9498.048375ms)
✔ buildDiagnosisOutput bundles worker_done_missing headline and retry command (0.497959ms)
✔ resolvePiSpineRoot defaults to pi-spine package root (0.941125ms)
✔ resolvePiSpineRoot honors development.piSpineRoot override (9.033333ms)
✔ buildWorkerChildEnv sets PI_SPINE_ROOT for worker spawn (5.753333ms)
✔ validateWorkerLaunchScriptPath requires scripts/ prefix (4.21225ms)
✔ validateWorkerLaunchScriptPath rejects traversal (1.047917ms)
✔ validateWorkerLaunchScriptPath rejects symlink escape (17.780667ms)
✔ resolveSafeWorkerLaunchScript returns default when present (30.146709ms)
✔ validateSpineConfig rejects unsafe development.workerLaunchScript (0.611541ms)
✔ DEFAULT_WORKER_LAUNCH_SCRIPT matches conventional path (0.104ms)
✔ runWorker classifies launch script fast-fail as launch_failed (5867.456042ms)
✔ appendWorkerAgentModelArgs adds --model when configured and not inherit (0.528959ms)
✔ appendWorkerAgentModelArgs omits --model for inherit and empty (0.085084ms)
✔ appendWorkerAgentModelArgs adds --thinking when set and not off (0.065542ms)
✔ buildWorkerPiArgs includes --model cursor/auto from spine-config (13.962292ms)
✔ buildWorkerPiArgs omits --model when agents.worker.model is inherit (10.134292ms)
✔ parseWorkerDoneMarker accepts legacy empty and text markers (1.663ms)
✔ parseWorkerDoneMarker accepts structured JSON markers (0.124583ms)
✔ parseWorkerDoneMarker rejects partial JSON markers (0.084125ms)
✔ isWorkerDoneMarkerValid mirrors parseWorkerDoneMarker (0.088958ms)
✔ writeWorkerDoneMarker writes atomic structured JSON (15.53075ms)
✔ readWorkerDoneMarker reports absent marker (3.588334ms)
✔ persistWorkerOutputLog writes atomically without temp leftovers (15.68925ms)
✔ resolveWorkerPiTimeoutMs uses per-size stall floor (0.538709ms)
✔ resolveWorkerPiTimeoutMs honors SPINE_WORKER_PI_TIMEOUT_MS override (0.099917ms)
✔ buildWorkerChildEnv sets SPINE_WORKER_PI_TIMEOUT_MS from stall budget (0.439042ms)
✔ buildPiWorkerTimeoutDoctorCheck reports stall-aligned timeout for M floor (0.194ms)
✔ runWorker terminates hung child after .DONE and returns ok: true (10263.3125ms)
✔ runWorker pre-.DONE stall_timeout still works (5629.59725ms)
✔ buildWorkerTailPrompt includes critical-rules for JS-scoped task (29.306291ms)
✔ buildWorkerContextAsync appends config.standards end-to-end (3.300209ms)
✔ buildWorkerContextAsync emits worker.rules_selected journal event (42.027708ms)
✔ buildWorkerContextAsync falls back to static context without .cursor/rules (14.899792ms)
✔ buildReviewLevelHint delegates code and final review to engine (0.6605ms)
✔ buildCommitBoundaryHint uses SP-064 feat(taskId) convention (0.084584ms)
✔ buildDoneCheckpointHint references done path and uncommitted failure (0.142625ms)
✔ buildWorkerTailPrompt includes tools hint and task id from folder (0.536417ms)
✔ buildWorkerTailPrompt appends worker agent and PROMPT when present (20.214041ms)
✔ shouldSlideStallAnchorOnHeartbeat only slides worker_alive in pi phase (0.501625ms)
✔ computeStallDeadline slides silent stall window when lastAliveAt advances (0.163959ms)
✔ nextStallAnchorAt advances only on pi worker_alive (0.082292ms)
✔ runWorker worker_alive heartbeats extend stall deadline past initial window (75276.714959ms)
✔ runWorker silent stall still fails without heartbeats (5975.152208ms)
✔ SP-190 wedge fixture describes hung-child-after-.DONE incident (1.852875ms)
✔ SP-190 wedge class: engine completes within post-done grace (SP-193) (10975.896209ms)
✔ completeBatch removes lane worktrees and journals batch.worktrees_cleaned (15285.022292ms)
✔ dismissBatch removes lane worktrees and journals batch.worktrees_cleaned (12680.511041ms)
✔ completeBatch keeps worktree when cleanupWorktreesOnComplete is false (14990.808209ms)
✔ provisionLaneWorktree normalizes git metadata to relative posix paths (7976.509708ms)
✔ repairLaneWorktreeGitMetadata fixes broken absolute gitdir pointers (7298.922083ms)
✔ normalizeLaneWorktreeGitPaths is idempotent (6433.6935ms)
✔ validateMultiTaskResume repairs unhealthy lane worktree git metadata (11980.578833ms)
✔ validateWorktreeSetupHookPath accepts ./scripts/ prefix when file exists (11.428416ms)
✔ validateWorktreeSetupHookPath rejects ./scripts/../ traversal (2.324542ms)
✔ validateSpineConfig rejects unsafe worktreeSetupHook (0.769125ms)
✔ checkWorktreeSetupHook fails preflight for unsafe hook path (3.336417ms)
✔ runWorktreeSetupHook succeeds with JSON stdout (344.095958ms)
✔ runWorktreeSetupHook throws when hook returns ok false (388.401417ms)
✔ runWorktreeSetupHook throws on malformed JSON stdout (449.631916ms)
✔ runWorktreeSetupHook is no-op when hook not configured (13.775583ms)
✔ batch help helpers detect help invocations (0.528167ms)
✔ printBatchHelp returns usage text (0.121625ms)
✔ runSpineBatch exits 0 for help without starting a batch (4393.924083ms)
✔ spine batch start --help does not create batch state (6090.853208ms)
✔ isCliEntrypoint returns true when argv[1] is a symlink to the module (1.537834ms)
✔ isCliEntrypoint returns false for an unrelated script path (0.273875ms)
✔ isCliEntrypoint returns false when argv[1] is missing (0.453125ms)
✔ spine help via symlink produces stdout and exit 0 (275.432875ms)
✔ spine version via symlink produces stdout and exit 0 (1298.048125ms)
✔ HANDOFF_DEFAULTS autoWriteOn includes session_start (0.857792ms)
✔ /spine auto-writes handoff on session_start when batch needs attention (12062.965625ms)
✔ /spine skips auto-write when autoWriteOn excludes session_start (9005.124417ms)
✔ /spine skips auto-write for idle diagnosis even with session_start enabled (23322.801375ms)
✔ /spine merges default autoWriteOn when config omits handoff.autoWriteOn (10729.76875ms)
✔ formatIssueDraftMarkdown renders all issue checklist sections (0.85625ms)
✔ formatIssueDraftMarkdown applies redaction to section content (0.123375ms)
✔ buildIssueDraftBody returns title, body, and labels for idle repo (19202.523042ms)
✔ buildIssueDraftBody includes batch context and journal tail (41035.1245ms)
✔ buildIssueDraftBody maps issueType to GitHub labels (39109.778834ms)
✔ buildIssueDraftBody rejects invalid issueType (484.171583ms)
✔ buildIssueDraftBody redacts sk- token patterns in title and body (7949.740167ms)
✔ parseJournalFollowArgs reads batch, lane, and json flags (0.95725ms)
✔ resolveFollowBatchId uses reconcile then batch-state (2028.060667ms)
✔ formatJournalFollowLine uses summarizeJournalEvent (1.705208ms)
✔ formatJournalFollowOutputLine filters by lane and supports json passthrough (0.258958ms)
✔ readJournalFollowSnapshot prints header once in human mode (21.829541ms)
✔ runJournalFollow exits non-zero when journal missing (1.5085ms)
✔ runJournalFollow exits non-zero when no batch can be resolved (1.482292ms)
✔ runJournalFollow prints existing events without following (38.373875ms)
✔ runJournalFollow defaults batch from batch-state (2604.145625ms)
✔ spine journal follow exits non-zero when journal missing (257.718584ms)
✔ parseLaneNumber accepts positive integers (0.587333ms)
✔ parseLaneLogsArgs reads lane, task, batch, and follow flags (0.511917ms)
✔ extractTaskIdFromLogFilename parses worker log names (0.081ms)
✔ resolveLaneLogPath prefers live log when present (39.362708ms)
✔ resolveLaneLogPath falls back to worker-output log (25.909375ms)
✔ findMostRecentLogTaskId picks newest log in lane directory (12.319334ms)
✔ resolveLaneLogTaskId uses explicit task id (1.812125ms)
✔ resolveLaneLogTaskId infers running task from batch state (5.38775ms)
✔ runLaneLogs exits non-zero when lane is missing (1.282541ms)
✔ runLaneLogs exits non-zero when no batch can be resolved (1.355416ms)
✔ runLaneLogs prints existing log without following (2054.97325ms)
✔ runLaneLogs prefers live log content (1897.484042ms)
✔ spine lane logs exits non-zero when log file missing (2964.64ms)
✔ isExitVerificationTask detects exit verification headings (0.698542ms)
✔ shouldRunContractVerifyForWorker skips stub for normal tasks (0.955583ms)
✔ shouldRunContractVerifyForWorker runs stub contract for exit tasks (0.20975ms)
✔ runPhase23ExitVerify --skip-test passes structural checks in repo (33.245208ms)
✔ spine verify phase23-exit CLI is wired (15.029375ms)
✔ runScenariosList prints empty registry message (1.787792ms)
✔ runScenariosList returns sorted scenarios as JSON (11.1295ms)
✔ runScenariosShow returns scenario details (1.988084ms)
✔ runScenariosShow rejects unknown scenario (1.320333ms)
✔ loadScenarioFixture reads incident fixture from registry entry (1.350125ms)
✔ loadScenarioFixture rejects recipe kind (0.265458ms)
✔ materializeFixtureToProject writes batch-state and journal tail (4437.338125ms)
✔ assertMaterializeAllowed blocks when batch-state exists (5774.660667ms)
✔ runScenariosMaterialize blocks active batch without --force (4827.000542ms)
✔ runScenariosMaterialize writes fixture with --force (5762.82625ms)
✔ runScenariosMaterialize rejects recipe scenarios (3.930375ms)
✔ spine scenarios CLI routes list and materialize (4561.419292ms)
✔ parseSequenceArgs defaults scope to pending and stopOnFailure to true (0.588916ms)
✔ parseSequenceArgs honors wave and attached flags (0.093583ms)
✔ formatSequenceResult emits JSON when requested (0.48525ms)
✔ spine run sequence pending --dry-run prints per-wave land loop commands (7839.577583ms)
✔ spine run sequence pending --dry-run --json returns structured payload (8335.263334ms)
✔ spine run sequence pending --from-wave 1 limits dry-run to later waves (7185.267ms)
✔ runSpineSequence rejects invalid through-wave with non-zero exit (7489.861666ms)
✔ spine run pending still aliases batch start (5238.951917ms)
✔ buildSuggestedCommand for state_drift uses retry with task id (0.607ms)
✔ buildSuggestedCommand for state_drift while running suggests pause then retry (0.08375ms)
✔ buildSuggestedCommand for state_drift without task id falls back to diagnose (0.067875ms)
✔ assembleHandoffData returns idle shape when no active batch (5226.679958ms)
✔ assembleHandoffData includes reconciliation fields for active batch (8446.541583ms)
✔ assembleHandoffData redacts secret-like payload fields in journal tail (8096.972458ms)
✔ paused batch handoff lists pending tasks and spine batch resume (9075.752375ms)
✔ renderHandoffMarkdown matches golden snapshot structure (8159.762417ms)
✔ redactHandoffText removes KEY TOKEN and SECRET value patterns (0.20225ms)
✔ recordHandoffWritten appends handoff.written journal event (4079.562708ms)
✔ handleNext appends handoff path hint when handoff file exists (7070.754708ms)
✔ runSpineHandoff --json writes handoff file and returns structured output (7738.907667ms)
✔ runInit copies rules profile, discovers manifest, standards default [] (90.448792ms)
✔ runInit dry-run plans rules files without writing (3.984834ms)
✔ rules-manifest.json is not listed in .gitignore (0.264375ms)
✔ parseIssueDraftArgs applies defaults and flags (0.580375ms)
✔ buildIssueDraftBody works in idle repo without batch context (19374.533625ms)
✔ runSpineIssueDraft writes draft file and prints human output by default (18212.587292ms)
✔ runSpineIssueDraft --json returns structured payload without writing file (16794.777875ms)
✔ runSpineIssueDraft --create fails clearly when gh is missing (3136.65575ms)
✔ runSpineIssue rejects unknown subcommands (3539.805917ms)
✔ spine issue draft routes through spine.mjs help and dispatch (15261.127166ms)
✔ buildIssueDraftBody redacts secret-like values (14575.363834ms)
✔ get-version helpers use spawnSync without shell (473.464834ms)
✔ spine help and version route through thin CLI entry (2008.213083ms)
✔ spine rejects unknown commands (303.409209ms)
✔ router dispatches plan, status, batch, gate, and integrate (6642.631584ms)
✔ spine rules --help lists subcommands (319.746959ms)
✔ runSpineRules discover writes manifest in initialized project (5394.6745ms)
✔ runSpineRules select rejects invalid PROMPT before manifest check (5461.085333ms)
✔ runSpineRules select uses validated file scope (5540.271083ms)
✔ runSpineRules select requires manifest (4687.654333ms)
✔ spine rules sync via CLI exits zero in pi-spine repo (292.568291ms)
✔ parseRulesArgv defaults role to worker (0.095375ms)
✔ parseRulesArgv requires review-type for reviewer role (0.289958ms)
✔ runSpineRules select worker default unchanged (5287.953083ms)
✔ runSpineRules select reviewer plan uses PROMPT file scope (3665.877625ms)
✔ runSpineRules select reviewer final returns empty scope (3490.966292ms)
✔ runSpineRules select reviewer code honors baseline (6330.794583ms)
✔ spine status prints macro phase for idle repo (5088.301208ms)
✔ spine status prints macro phase for active batch (8534.348042ms)
✔ spine status --diagnose verbose signals include macroPhase (8790.135125ms)
✔ spine status --json includes macroPhase fields (7965.051458ms)
✔ parseDurationMs accepts plain seconds and suffix forms (0.818042ms)
✔ parseDurationMs rejects invalid values (0.330833ms)
✔ parseUntilDiagnoses parses comma-separated diagnoses (0.493166ms)
✔ parseUntilDiagnoses rejects unknown diagnoses (0.095208ms)
✔ parseWaitArgs requires --until and applies defaults (0.123833ms)
✔ parseWaitArgs accepts timeout interval and json (0.075833ms)
✔ parseWaitArgs rejects unknown flags (0.071958ms)
✔ diagnosisMatchesUntil matches only non-null diagnoses in set (0.076167ms)
✔ runSpineWait exits 0 when diagnosis matches (0.302583ms)
✔ runSpineWait exits 1 on timeout and emits final json snapshot (0.185417ms)
✔ runSpineWait polls until diagnosis changes (0.131958ms)
✔ spine wait --json exits 0 when diagnosis matches fixture (8359.075167ms)
✔ spine wait times out with exit 1 (8337.707875ms)
✔ spine wait rejects missing --until (192.457333ms)
✔ spine help lists wait command (288.648625ms)
✔ parseWatchArgs defaults (0.6035ms)
✔ parseWatchArgs accepts interval json and once (0.083625ms)
✔ parseWatchArgs rejects invalid interval (0.259125ms)
✔ parseWatchArgs rejects unknown flags (0.075583ms)
✔ formatWatchHumanLine renders compact reconcile summary (0.104416ms)
✔ formatWatchHumanLine uses idle placeholders when batch absent (0.109417ms)
✔ buildWatchSnapshot includes core fields and progress block when present (0.504208ms)
✔ buildWatchSnapshot prefers explicit progress object (0.086667ms)
✔ runSpineWatch --once human mode prints one line (0.200958ms)
✔ runSpineWatch --once json mode prints NDJSON snapshot (0.212334ms)
✔ runSpineWatch polls until once breaks loop without extra reconcile calls (0.123625ms)
✔ spine watch --once integrates with reconcileBatch in idle repo (4753.059291ms)
✔ spine watch --json --once emits reconcile snapshot for active batch (9031.813625ms)
✔ spine watch rejects invalid interval (286.727833ms)
✔ spine help lists watch command (281.274083ms)
✔ DIAGNOSIS_TAXONOMY includes needs_replan (0.599375ms)
✔ needs_replan diagnosis messaging matches handoff §9.1 shape (0.730292ms)
✔ buildDiagnosisOutput bundles needs_replan operator fields (0.142708ms)
✔ deriveDiagnosis prefers needs_replan over needs_retry for replan failures (0.309167ms)
✔ needs_replan blocks needs_merge diagnosis when replan task remains (0.078166ms)
✔ reconcileBatch surfaces needs_replan with edit-PROMPT suggestion (7841.756583ms)
✔ I-01 progress signals extend stall deadline past hard timeout (0.642167ms)
✔ I-02 spine batch retry resets task and segment with pendingSegments > 0 (4304.372792ms)
✔ I-03 spine state validate rejects corrupt batch-state (35.305208ms)
✔ I-04 spine batch abort archives batch-state before clearing active file (4932.556958ms)
✔ I-05 wave merge blocked on failed/pending tasks; force-merge override exists (4461.144ms)
✔ I-06 retry refused while batch phase is executing or merging (3831.84925ms)
✔ I-07 stall logic uses STATUS, lane commit, and file-scope mtime signals (841.306208ms)
✔ I-08 post-mortem does not claim success when failures exist (7101.676792ms)
✔ I-09 CONTEXT documents serial bootstrap and preflight execution policy (1.110625ms)
✔ I-10 runStepReview fail-closed when review tool unavailable at level > 0 (13.694042ms)
✔ CONFIG_V2_SECTION_DEFAULTS match handoff §6.2 (0.974708ms)
✔ applyConfigDefaults merges missing v2 sections without overwriting existing keys (0.2345ms)
✔ loadSpineConfig merges defaults for legacy config missing v2 keys (22.865917ms)
✔ init scaffold includes v2 config sections from template (28.749084ms)
✔ CONTRACT_DEFAULTS match handoff §3.1 (0.870584ms)
✔ applyConfigDefaults merges contract section (0.26025ms)
✔ validateContractConfig rejects invalid mode (0.14225ms)
✔ validateContractConfig rejects non-array legacyTaskIdPrefixes (0.066ms)
✔ validateSpineConfig accepts valid contract block (0.219ms)
✔ validateSpineConfig rejects invalid contract.mode via validateSpineConfig (0.065583ms)
✔ discoverCursorRules returns empty manifest when rules root is missing (13.369208ms)
✔ discoverCursorRules excludes brutal-audit rules via profile patterns (68.376334ms)
✔ discoverCursorRules records parse warn entries in manifest rules (60.984792ms)
✔ discoverCursorRules manifest round-trip via atomic write (139.119708ms)
✔ classifyCursorRuleSpineClass prefers always over globs (0.224125ms)
✔ getCursorRuleExclusionReason matches excludeRelPaths exactly (0.172875ms)
✔ expandFileScopeProbes returns empty for empty scope (0.879916ms)
✔ expandFileScopeProbes adds synthetic probes for dir/* and dir/** (0.192708ms)
✔ expandFileScopeProbes keeps literal file paths (0.157833ms)
✔ expandFileScopeProbes expands in-path wildcards (0.070917ms)
✔ ruleGlobsMatchFileScope is false for empty file scope (0.10525ms)
✔ ruleGlobsMatchFileScope matches **/* when file scope is non-empty (0.099583ms)
✔ ruleGlobsMatchFileScope matches JS globs against mjs scope (0.575ms)
✔ ruleGlobsMatchFileScope matches scope glob entries against rule globs (0.858334ms)
✔ parseCursorRuleFrontmatter returns skip when frontmatter missing (2.138959ms)
✔ parseCursorRuleFrontmatter parses array globs fixture (2.529916ms)
✔ parseCursorRuleFrontmatter splits comma-separated globs (0.383833ms)
✔ parseCursorRuleFrontmatter treats empty globs array as no patterns (0.520958ms)
✔ parseCursorRuleFrontmatter defaults missing globs key to empty array (0.29ms)
✔ parseCursorRuleFrontmatter coerces alwaysApply booleans (0.24375ms)
✔ parseCursorRuleFrontmatter matches repo comma-separated task authoring layout (0.175333ms)
✔ parseCursorRuleFrontmatter matches general-llm alwaysApply true layout (0.084084ms)
✔ parseCursorRuleFrontmatter matches audit-workflow empty globs layout (0.104583ms)
✔ parseCursorRuleFrontmatter warns on invalid alwaysApply and bad globs (0.20575ms)
✔ DEFAULT_RULES_PROFILE seeds worker include and discovery excludes (0.61675ms)
✔ loadRulesProfile returns built-in defaults when file missing (5.433083ms)
✔ mergeRulesProfile applies neverInclude over alwaysInclude (0.283792ms)
✔ mergeRulesProfile applies reviewer defaults when file omits reviewer (0.10825ms)
✔ mergeRulesProfile applies reviewer neverInclude over alwaysInclude (0.104583ms)
✔ loadRulesProfile rejects invalid JSON with RULES_PROFILE_INVALID (11.611083ms)
✔ validateRulesProfile rejects unsupported profileVersion (0.349208ms)
✔ loadRulesProfile merges partial file overrides (5.974875ms)
✔ validateRulesProfile rejects schema and path traversal errors (1.031416ms)
✔ loadRulesProfile rejects validated file errors (5.34275ms)
✔ selectRulesForReviewer returns empty when reviewer.enabled is false (2.885ms)
✔ selectRulesForReviewer never selects taskplane-worker-cursor.mdc (0.337334ms)
✔ selectRulesForReviewer selects glob rules when scopePaths match (0.630875ms)
✔ selectRulesForReviewer appends standards without duplicates (0.221084ms)
✔ selectRulesForReviewer respects neverLoad (0.123334ms)
✔ selectRulesForReviewer uses profile.reviewer.maxRules cap (8.469125ms)
✔ context path helpers round-trip under .cursor/rules (0.591375ms)
✔ selectRulesForWorker includes alwaysInclude and always-class rules (2.285959ms)
✔ selectRulesForWorker selects JS globs and excludes Swift for JS-only scope (16.891666ms)
✔ selectRulesForWorker matches OWASP for bin/*.mjs scope via scope glob (0.223167ms)
✔ selectRulesForWorker appends standards without duplicates (0.238458ms)
✔ selectRulesForWorker respects neverLoad and neverInclude (0.135833ms)
✔ selectRulesForWorker exports journal-friendly entries shape (0.110458ms)
✔ normalizeTasksRootFromEnv accepts relative and rejects parent traversal (0.699ms)
✔ applyEnvOverrides: SPINE_MAX_LANES overrides file value (0.301417ms)
✔ applyEnvOverrides: SPINE_TASKS_ROOT overrides paths.tasksRoot (0.111208ms)
✔ applyEnvOverrides rejects invalid SPINE_MAX_LANES (0.134209ms)
✔ loadSpineConfig applies env overrides after file load (4563.122125ms)
✔ SPINE_TASKS_ROOT env discovers tasks under alternate root in plan (4203.311125ms)
✔ spine settings show reports env source for overridden lanes.maxParallel (5168.590125ms)
✔ runDoctorChecks lists effective config with env source (15811.140375ms)
✔ DEFAULT_REVIEWER_CONTEXT_BYTE_CAP is 16KiB (0.533916ms)
✔ buildReviewerContext skips when .cursor/rules is missing (4.201916ms)
✔ buildReviewerContext does not inject referenceDocs (24.536583ms)
✔ buildReviewerContext truncates at byte cap (29.845875ms)
✔ buildReviewerContext emits reviewer.rules_selected journal event (76.878875ms)
✔ buildReviewerContext degrades gracefully on invalid rules profile (69.271792ms)
✔ buildReviewerContext selects rules for scoped plan review (10.146ms)
✔ emitReviewerRulesSelected is no-op without journal context (0.185ms)
✔ SETTINGS_FIELDS lists editable paths including reviewer per-type pins (1.050458ms)
✔ listEditableFields returns shallow copies (0.130708ms)
✔ parseSettingPath rejects unknown path (0.134334ms)
✔ parseSettingPath accepts registered path (0.063333ms)
✔ lanes.maxParallel accepts valid integer and coerces string (0.135708ms)
✔ lanes.maxParallel rejects below min and above max (0.088041ms)
✔ gates.requireBeforeIntegrate accepts booleans and CLI strings (0.153042ms)
✔ agents.worker.model accepts inherit and optional empty (0.074167ms)
✔ agents.worker.thinking accepts enum values case-insensitively (0.119708ms)
✔ agents.reviewer.model accepts inherit and optional empty (0.112834ms)
✔ agents.reviewer.thinking accepts inherit and enum values (0.07175ms)
✔ agents.reviewer.plan.model accepts per-type override values (0.0565ms)
✔ agents.reviewer.code.thinking accepts per-type inherit (0.054292ms)
✔ dashboard.port accepts valid port range (0.071042ms)
✔ lanes.workerBackend accepts registered enum values (0.058042ms)
✔ validateSettingValue rejects unknown path (0.057ms)
✔ src/cli and src/migrate do not import from bin/ (63.200625ms)
✔ src/** has no bin/ imports (35.131208ms)
✔ spine-config template defaults mirror package.json script patterns (6.100417ms)
✔ init applies testing defaults including coverage command (71.104833ms)
✔ dogfood spine-config has non-empty testing fields (1.185167ms)
✔ buildTestingEvidenceDoctorChecks warns on empty build when collectBuildEvidence (0.1255ms)
✔ buildTestingEvidenceDoctorChecks warns on empty test when collectTestEvidence (0.086125ms)
✔ buildTestingEvidenceDoctorChecks passes when commands configured (0.412458ms)
✔ buildTestingEvidenceDoctorChecks treats collectTestEvidence default as enabled (0.067375ms)
✔ SPINE_GITIGNORE_ENTRIES includes run-metrics.jsonl (0.521625ms)
✔ ensureGitignoreEntries adds run-metrics path on fresh init (6.598208ms)
✔ isMergeOriginMainTask detects merge-origin-main packet shapes (0.606333ms)
✔ checkOrchMergeConflictWarn passes without pending merge-origin-main tasks (17143.77425ms)
✔ checkOrchMergeConflictWarn warns on PRD + manifest divergence with merge-origin-main pending (15616.907084ms)
✔ runBatchPreflight and plan check surface orch merge conflict warning (21053.444208ms)
✔ checkPrelandedFileScopeWarn passes when no stale pending tasks (7322.38675ms)
✔ checkPrelandedFileScopeWarn warns for prelanded fileScopeMustChange (9598.80725ms)
✔ runBatchPreflight and plan check surface prelanded file-scope warning (14452.96075ms)
✔ checkGitClean passes when only metrics file has append-only drift (6094.624958ms)
✔ checkGitClean fails when metrics file content is truncated (6856.865417ms)
✔ checkGitClean passes when metrics file is gitignored and not tracked (3339.843584ms)
✔ runDoctorChecks warns when metrics file is git-tracked (17198.214708ms)
✔ tsconfig.batch.json scopes checkJs hot paths (7.995708ms)
✔ npm run typecheck validates extensions and batch hot paths (7147.040708ms)
✔ normalizeContextPathList rejects non-arrays (0.974375ms)
✔ buildWorkerContext honors neverLoad and byte cap (13.773917ms)
✔ buildWorkerTailPrompt injects configured standards (10.491792ms)
✔ buildWorkerContextAsync uses auto selection when cursor rules exist (47.8475ms)
✔ spine init defaults standards to [] for auto-discovery (SP-093) (56.556334ms)
✔ validateSpineConfig rejects invalid referenceDocs (1.94975ms)
✔ loadContextDocEntries stops at byte cap (17.615334ms)
✔ DEFAULT_WORKER_CONTEXT_BYTE_CAP is 32KiB (0.690792ms)
✔ validateWorkerLaunchScriptPath accepts ./scripts/ prefix when file exists (17.505167ms)
✔ validateWorkerLaunchScriptPath rejects ./scripts/../ traversal (2.365208ms)
✔ COVERAGE_THRESHOLD is 77 (0.588292ms)
✔ COVERAGE_INCLUDES scopes src, bin, and extensions (0.443125ms)
✔ FILE_COVERAGE_THRESHOLDS enforces slash-commands.ts floor (0.061459ms)
✔ TEST_GLOBS has bidirectional parity with package.json test script (0.322792ms)
✔ parseAggregateLineCoverage reads all files line percent (0.184042ms)
✔ parseAggregateLineCoverage returns null when summary missing (0.167917ms)
✔ parseAggregateLineCoverage reads coverage:check summary line (0.084959ms)
✔ parsePerFileLineCoverage reads per-file rows (0.328ms)
✔ findFileCoverageFailures reports missing and below-threshold files (0.198208ms)
✔ formatDashboardStartupMessage includes URL, port, and operator hints (0.672541ms)
✔ formatDashboardStartupMessage notes --port source (0.086625ms)
✔ resolveDashboardPortWithSource prefers CLI over config (3999.665042ms)

pi-spine dashboard

  Open in browser: http://127.0.0.1:63173/
  Listen:          127.0.0.1:0 (--port)

  While running:   keep this terminal open; dashboard updates via SSE (~2s)

  In another terminal:
    spine status
    spine batch start <task-id>

  → Open http://127.0.0.1:63173/ in your browser

  API:  http://127.0.0.1:63173/api/snapshot
        http://127.0.0.1:63173/api/events

  Stop: Ctrl+C

✔ runSpineDashboard writes startup to stdout before shutdown (4813.572666ms)
✔ spine dashboard CLI prints URL before process exits (6948.6765ms)
✔ emptyLaneThroughputStats returns zeroed task-based fields (4.2705ms)
✔ computeThroughputTasksPerHour is task-based and guards zero elapsed (0.122791ms)
✔ deriveLaneThroughputStats counts completed and failed journal events per lane (4.392166ms)
✔ deriveLaneThroughputStats includes open running task elapsed through now (0.112042ms)
✔ deriveLaneThroughputStats prefers run-metrics duration when present (0.117417ms)
✔ deriveLaneThroughputStats falls back to journal when metrics missing (0.085542ms)
✔ deriveLaneThroughputStats maps tasks by laneNumber when lane metadata is sparse (0.0915ms)
✔ deriveLanesThroughput returns isolated stats per lane (0.178625ms)
✔ summarizeLaneThroughput aggregates counts and recomputes rate from totals (0.133458ms)
✔ NFR-OBS-02: dashboard SSE poll interval defaults to 2s (0.580833ms)
✔ parity: idle — no batch (3413.085292ms)
✔ parity: running batch (11179.415208ms)
✔ parity: needs_retry (9683.128875ms)
✔ parity: limbo_stale (8331.180834ms)
✔ parity: completed_manual after manual merge (10762.442917ms)
✔ parity: needs_integrate (6096.370583ms)
✔ parity: completed after integrate (4413.799541ms)
✔ parity: failed phase still reconciles consistently (3283.967875ms)
✔ assertLoopbackHost throws for 0.0.0.0 (0.680792ms)
✔ formatSseDataFrame valid data: line (0.219583ms)
✔ dashboard server serves browser view-model dependency graph (3385.17175ms)
✔ dashboard server serves snapshot and one SSE frame (3306.201416ms)
✔ resolveLaneActivityPhase: heartbeat pi → worker (0.66275ms)
✔ resolveLaneActivityPhase: open code review.started → code review (0.126917ms)
✔ resolveLaneActivityPhase: open final review.started → final review (0.084584ms)
✔ resolveLaneActivityPhase: closed review.started falls through to worker heartbeat (0.079ms)
✔ resolveLaneActivityPhase: lane.completed code_rework → rework (0.068709ms)
✔ resolveLaneActivityPhase: no active tasks → em dash (0.056125ms)
✔ buildLaneRows exposes activityPhase fields (0.868334ms)
✔ computeActiveTaskIdsForLane returns running/pending tasks in current wave only (0.971708ms)
✔ computeRunningTaskIdForLane returns at most one running task in current wave (0.109084ms)
✔ computeQueuedTaskIdsForLane returns pending tasks in lane.taskIds order (0.088166ms)
✔ buildLaneRows exposes runningTaskId, queuedTaskIds, and deprecated activeTaskIds union (0.746083ms)
✔ buildLaneRows exposes activeTaskIds separate from batch assignment (0.184792ms)
✔ buildLaneRows attaches per-lane throughput stats from journal (4.866125ms)
✔ resolveLaneHeartbeatMeta reads latest lane heartbeat kind and phase (1.027959ms)
✔ formatLaneHeartbeatDisplay shows launching instead of age (0.122083ms)
✔ dashboard snapshot exposes launching heartbeat display from journal (7264.926125ms)
✔ buildDefaultViewStatus exposes gate missing affordance for needs_integrate (0.284042ms)
✔ idle snapshot diagnosis null matches reconcile (3007.852167ms)
✔ running batch fixture has lanes and waves (6820.797875ms)
✔ truncateWorktreePath keeps trailing segments (0.192208ms)
✔ classifyLaneStatus stale when heartbeat old (0.10475ms)
✔ classifyLaneStatus does not mark lane completed when doneInLane but cache pending under engine_orphaned (0.133917ms)
✔ buildWaveProgress marks prior waves completed (0.113208ms)
✔ buildWaveProgress marks last wave completed when all tasks terminal-success (0.074416ms)
✔ buildWaveProgress keeps in-flight current wave active (0.060084ms)
✔ diagnosisBadgeClass maps needs_integrate separately from running (0.749459ms)
✔ idle snapshot uses reconcile headline (0.522ms)
✔ buildActionChips exposes copyable primary and alternatives (0.231167ms)
✔ needs_integrate banner ignores completed phase for badge color (0.104416ms)
✔ needs_integrate without gate record shows default gate affordance (0.153625ms)
✔ buildDashboardViewModel includes all §16.1 panels (0.379833ms)
✔ buildLaneTableModel exposes throughput columns for lanes (0.096292ms)
✔ buildLaneTableSummaryModel aggregates when multiple lanes present (0.085292ms)
✔ buildLaneTableSummaryModel is null for single lane (0.077625ms)
✔ lane-throughput-multi-lane fixture drives throughput column values (11.550709ms)
✔ lane-throughput-multi-lane fixture documents SP-327 throughput field contract (0.468291ms)
✔ buildLaneTableModel exposes heartbeatDisplay for launching lanes (0.091833ms)
✔ dashboard.js uses heartbeatDisplay without double-formatting (0.18525ms)
✔ buildBannerModel uses finalizing badge and macro phase during tail state (0.118875ms)
✔ buildBannerModel reflects gating macro phase during post-merge tail (0.106584ms)
✔ buildBannerModel keeps running badge when workers are active (0.077959ms)
✔ resolveTailActivityLabel prefers recent journal over macro phase during tail (0.169917ms)
✔ buildTailActivityModel exposes lane table subline when lanes are idle during tail (0.099125ms)
✔ resolveTailActivityLabel returns null when running task is active (0.058917ms)
✔ dashboard.js renders lane table tail activity footer row (0.14175ms)
✔ banner uses diagnosis badge class, not macro phase (0.053709ms)
✔ resolveStaticAsset serves dashboard public files and view.mjs (0.561291ms)
✔ dashboard server GET / returns HTML shell (3993.832959ms)
✔ running batch view model exposes journal for bottom panel (0.237792ms)
✔ idle snapshot has empty journal via idle flag (0.059041ms)
✔ buildLaneDetailModel exposes recent events and log tail (0.05675ms)
✔ buildLaneTableModel includes lane detail on each row (0.059333ms)
✔ buildLaneRecentEvents returns last five lane-scoped journal entries (0.096666ms)
✔ buildJournalModel filters by lane id (0.059875ms)
✔ buildJournalLaneFilterOptions lists lane ids (0.479583ms)
✔ buildLaneRows attaches recentEvents and logTail from snapshot inputs (3559.297375ms)
✔ resolveLaneWorkerLog prefers live log over terminal output (3365.164ms)
✔ dashboard HTML exposes lane detail and journal lane filter hooks (0.87125ms)
✔ dashboard server HTML includes journal lane filter (3576.910041ms)
✔ spineAgentsUseInherit is true when worker or reviewer effective pin inherits (0.62025ms)
✔ formatReviewerEffectivePins shows resolved per-type model and thinking (0.189208ms)
✔ buildReviewerPerTypePinsDoctorCheck reports effective per-type pins (0.0885ms)
✔ resolvePiDefaultProvider prefers project settings over global (18.522916ms)
✔ buildAgentModelInheritDoctorCheck warns on inherit + lmstudio (0.357792ms)
✔ buildAgentModelInheritDoctorCheck passes when models pinned (0.084875ms)
✔ buildAgentModelInheritDoctorCheck passes when inherit but pi not lmstudio (0.072666ms)
✔ readPiSettingsFile returns null for missing or invalid JSON (0.097ms)
✔ countMediumLargeTasks counts only M and L sizes with per-size breakdown (26.375625ms)
✔ buildBatchSizeGuidanceWarning returns null below threshold (6.952ms)
✔ buildBatchSizeGuidanceWarning M-only batch does not mention L (24.341959ms)
✔ formatPlanHuman appends batch size guidance warning (35.711709ms)
✔ buildBatchSizeGuidanceWarning mixed batch shows both M and L counts (27.300625ms)
✔ appendBatchSizeGuidanceToPlanOutput skips warning in stub mode (5.660584ms)
✔ isPiWebAccessPackageSource matches npm and path entries (0.645208ms)
✔ detectPiWebAccessExtensionConflict flags npm plus local checkout (7.390166ms)
✔ detectPiWebAccessExtensionConflict ok with single source (1.920542ms)
✔ buildPiExtensionConflictDoctorCheck warns with actionable command (1.495041ms)
✔ shouldWorkerUsePiNoExtensions mirrors conflict assessment (1.845291ms)
✔ isPiExtensionConflictOutput detects worker spawn conflict text (0.236541ms)
✔ resolvePiPackageSourcePath resolves npm and relative entries (0.086375ms)
✔ readPiPackageSources returns empty for missing settings (0.494417ms)
✔ isAuthErrorText detects authentication failures (0.736875ms)
✔ parsePiListModelsRows and listModelsForProvider filter by provider (0.869125ms)
✔ resolveModelIdForProvider prefers defaultModel when provider matches (0.094666ms)
✔ buildInheritProviderAuthDoctorCheck passes when agents pinned to cursor/auto (0.209417ms)
✔ buildInheritProviderAuthDoctorCheck passes when inherit resolves to cursor (0.097375ms)
✔ buildInheritProviderAuthDoctorCheck fails when probe reports 401 (118.276667ms)
✔ buildInheritProviderAuthDoctorCheck fails when provider has no authenticated models (176.398208ms)
✔ probeInheritProviderAuth succeeds when list and probe pass (384.769709ms)
✔ INTEGRATE_DEFAULTS match issue #91 config sketch (0.874833ms)
✔ applyConfigDefaults merges integrate section (0.206ms)
✔ buildConcurrentDevDoctorCheck passes with no active batch (3797.634625ms)
✔ buildConcurrentDevDoctorCheck passes when human is on a feature branch (10625.854542ms)
✔ buildConcurrentDevDoctorCheck warns on active batch + dirty main (warn mode) (9229.2405ms)
✔ buildConcurrentDevDoctorCheck fails on active batch + dirty main (block mode) (7365.625958ms)
✔ buildConcurrentDevDoctorCheck passes when allowHumanOnBaseBranch=allow (1884.499917ms)
✔ runDoctorChecks surfaces concurrent-dev warning when configured (16501.619375ms)
✔ isDisplayLabel matches pi TUI display labels (0.91925ms)
✔ isDisplayLabel rejects canonical ids and invalid strings (0.0795ms)
✔ displayLabelToCanonical converts to provider/model (0.079166ms)
✔ displayLabelToCanonical returns null for non-labels (0.075ms)
✔ isCanonicalModelId validates provider/model format (0.133ms)
✔ isCanonicalModelId rejects non-canonical strings (0.059666ms)
✔ normalizeModelId passes canonical ids through (0.078583ms)
✔ normalizeModelId converts display labels to canonical (0.061334ms)
✔ normalizeModelId passes special values through (0.499083ms)
✔ normalizeModelId rejects unrecognized formats (0.154167ms)
✔ normalizeModelId rejects non-string input (0.064916ms)
✔ validateModelIdFormat accepts canonical ids (0.095667ms)
✔ validateModelIdFormat accepts special values and non-strings (0.055542ms)
✔ validateModelIdFormat flags display labels with canonical hint (0.055375ms)
✔ validateModelIdFormat flags unrecognized formats (0.045792ms)
✔ buildAgentModelIdsDoctorCheck passes when all pins are canonical (0.1205ms)
✔ buildAgentModelIdsDoctorCheck fails when display label is in config (0.119417ms)
✔ buildAgentModelIdsDoctorCheck fails on invalid format (0.197375ms)
✔ buildAgentModelIdsDoctorCheck passes when no models configured (0.066292ms)
✔ buildAgentModelIdsDoctorCheck skips inherit and empty values (0.050458ms)
✔ settings set normalizes display label to canonical id (0.525042ms)
✔ settings set passes canonical id through unchanged (3.839917ms)
✔ settings set rejects invalid model id format (0.1275ms)
✔ settings set allows inherit for model fields (0.120834ms)
✔ settings set rejects invalid model id in JSON mode (0.089542ms)
✔ settings set normalizes worker model display label (0.077ms)
✔ settings set normalizes per-type reviewer model display label (0.090459ms)
✔ fingerprintRulesManifest ignores generatedAt (0.593084ms)
✔ buildRulesManifestDoctorCheck warns when manifest missing (17.042167ms)
✔ buildRulesManifestDoctorCheck warns when manifest stale (30.432791ms)
✔ resolveSpineOnPath uses which by default (2.546958ms)
✔ readPackageVersion reads package.json version (0.508375ms)
✔ buildStalePathDoctorCheck warns when spine not on PATH (0.188583ms)
✔ buildStalePathDoctorCheck ok when PATH matches package bin (0.127458ms)
✔ buildStalePathDoctorCheck warns on version mismatch (1.2565ms)
✔ buildStalePathDoctorCheck warns on mtime mismatch only (1.053542ms)
✔ isStalePathSpineBlocking true only for stale PATH label (0.080417ms)
✔ isStalePathSpinePreflightBlocking requires version mismatch detail (0.066125ms)
✔ readSpineCliVersion parses spine --version output (1888.24775ms)
✔ resolveInProgressSpineBatchId returns batchId for running batch (3762.216958ms)
✔ resolveInProgressSpineBatchId returns null for completed batch (4334.356667ms)
✔ listStaleSpineWorktreeBatchIds flags dirs without matching active batch (3487.964125ms)
✔ buildStaleWorktreesDoctorCheck warns on stale worktree dirs (2689.716292ms)
✔ buildStaleWorktreesDoctorCheck passes when only active batch dir exists (2189.657041ms)
✔ runDoctorChecks includes stale worktrees warning (24093.038584ms)
✔ buildStallConfigDoctorCheck warns when stall timeout unset for real pi (0.660875ms)
✔ buildStallConfigDoctorCheck passes when stall timeout configured high (0.098417ms)
✔ isStubWorkerMode respects SPINE_WORKER_STUB (0.066708ms)
✔ resolveConfiguredStallMinutes returns null when missing (0.063125ms)
✔ suggestMaxParallel(4) → 2 (0.530875ms)
✔ suggestMaxParallel(8) → 4 (0.064208ms)
✔ suggestMaxParallel(1) → 1 (0.114ms)
✔ suggestMaxParallel(2) → 1 (0.062041ms)
✔ buildMaxParallelDoctorCheck warns when configured exceeds suggested + 1 (0.230333ms)
✔ buildMaxParallelDoctorCheck no warning when configured matches suggested (0.070333ms)
✔ buildMaxParallelDoctorCheck no warning at default 3 when suggested is 2 (4-core) (0.06ms)
✔ collectTaskPacketSizeIssues flags XL and too many steps on pending packet (4.665625ms)
✔ collectTaskPacketSizeIssues ignores tasks with .DONE (2.034583ms)
✔ classifyBatchStateSource uses path and content markers (0.587458ms)
✔ assessOrchestratorCoexistence passes when no batch-state files (3192.060958ms)
✔ assessOrchestratorCoexistence fails on active Taskplane batch in .pi (9677.027459ms)
✔ assessOrchestratorCoexistence fails when spine and Taskplane batches both active (14043.075958ms)
✔ buildCoexistencePreflightCheck blocks spine start when Taskplane batch active (8484.288ms)
✔ runBatchPreflight fails with orchestrator-coexistence when Taskplane batch active (7799.159875ms)
✔ runDoctorChecks reports mutual exclusion failure for Taskplane batch (8866.892542ms)
✔ buildCoexistenceDoctorCheck passes when only pi-spine batch is active (1737.897333ms)
✔ buildWorktreeHealthDoctorCheck passes with no worktrees (2843.669708ms)
✔ buildWorktreeHealthDoctorCheck flags absolute gitdir (4123.504792ms)
✔ /spine-status reports idle reconciliation on clean repo (4173.221375ms)
✔ /spine-deps delegates to CLI and notifies graph output (3567.449833ms)
✔ /spine-plan succeeds after preflight passes (18953.764ms)
✔ /spine-dismiss archives limbo batch state (3673.984084ms)
✔ /spine-pause pauses a running spine batch (861.116166ms)
✔ /spine-resume resumes a paused spine batch (3112.056625ms)
✔ /spine-retry-task resets a failed task (690.481209ms)
✔ /spine-skip-task skips a failed task (580.307458ms)
✔ /spine-abort archives an active spine batch (598.329041ms)
✔ /spine-next prints reconciliation suggestion (555.419416ms)
✔ /spine-validate checks pending task packets (723.297958ms)
✔ /spine-handoff writes operator note and notifies (3746.628125ms)
✔ /spine-gate inspects integrate gate state (493.506792ms)
✔ /spine-integrate dry-run reports merge preview (846.295083ms)
✔ /spine-settings shows interactive configuration menu (209.958791ms)
✔ /spine-dashboard notifies listen URL and port source (240.754416ms)
✔ /spine entry warns on limbo_stale diagnosis (1134.509708ms)
✔ /spine entry warns on needs_retry diagnosis (1052.753166ms)
✔ /spine entry reports running batch headline (1052.96075ms)
✔ /spine entry starts batch when scope provided after preflight (9543.55725ms)
✔ /spine-deps truncates very large dependency output (1102.796334ms)
✔ parseSpineOrchestrateArgs defaults to pending scope and wave 0 (1.000958ms)
✔ formatOrchestratePrompt includes wave tasks, outer loop, and skill link (0.322209ms)
✔ formatOrchestratePrompt states no auto gate approve or integrate (0.899459ms)
✔ formatOrchestratePrompt respects --from-wave filter (0.1235ms)
✔ formatOrchestratePrompt reports empty plan guidance (0.07625ms)
✔ /spine-orchestrate emits structured prompt from spine plan (22457.362458ms)
✔ /spine-orchestrate does not invoke gate or integrate CLI (15432.060042ms)
✔ /spine-orchestrate fails when preflight fails (6537.991ms)
✔ parseMigrateArgs rejects --source without value (0.652667ms)
✔ runMigrateFromTaskplane fails when source file is missing (11.604708ms)
✔ runMigrateFromTaskplane refuses overwrite without force (31.113417ms)
✔ runMigrateFromTaskplane dry-run does not write config (47.541334ms)
✔ loadTaskplaneConfig reads repo fixture (6.6305ms)
✔ mapTaskplaneToSpine maps repo fixture to valid spine config (1.093333ms)
✔ mapTaskplaneToSpine honors tasksRootOverride (1.354417ms)
✔ mapTaskplaneToSpine ignores unknown keys (0.673458ms)
✔ mapMaxParallel clamps invalid and excessive values (0.069625ms)
✔ loadTaskplaneConfig fails loud on missing file (0.245625ms)
✔ DEFAULT_TASKPLANE_SOURCE_PATH matches repo layout (0.096ms)
✔ normalizeFileScopePath strips trailing globs and normalizes separators (0.678042ms)
✔ pathsOverlap detects parent/child and rejects unrelated prefixes (0.086417ms)
✔ fileScopesOverlap detects parent/child directory overlap (13.442875ms)
✔ fileScopesOverlap detects exact file overlap in same wave scenario (0.110959ms)
✔ fileScopePatternsOverlap handles wildcard file globs (0.313583ms)
✔ fileScopePatternsOverlap does not treat dotted sibling paths as overlapping (0.638667ms)
✔ fileScopePatternsOverlap handles literal paths with regex metacharacters (0.479458ms)
✔ expandFileScopeProbes produces nested paths for directory globs (0.156792ms)
✔ findWaveFileScopeOverlaps returns pairs within the same wave only (1.591042ms)
✔ findWaveFileScopeOverlaps matches issue #31 parent/child safety paths (0.159417ms)
✔ findWaveFileScopeOverlaps ignores single-task waves (0.270583ms)
✔ planWaves serializes two tasks with the same file to one virtual lane (0.297208ms)
✔ assignLanesToWaves uses glob-aware overlap for wildcard scopes (0.118542ms)
✔ formatFileScopeOverlapWarnings lists wave and task pairs (0.138708ms)
✔ buildPlan reports file-scope overlaps and serializes conflicting tasks (37.360291ms)
✔ formatPlanHuman shows serial lane as bullet list with titles (0.726ms)
✔ formatPlanHuman shows parallel lanes and omits tick jargon (0.112958ms)
✔ formatPlanHuman includes start hints for multi-wave plans (0.103875ms)
✔ topoWaves groups tasks into deterministic dependency waves (1.025542ms)
✔ buildGraph includes nodes that only appear as dependencies (0.105083ms)
✔ findCyclePath returns a closed cycle path (1.798958ms)
✔ repo spine-tasks plan has wave0 TP-006||TP-007 and wave1 TP-008 (73.45225ms)
✔ TP-034/038/041 disjoint scopes get three virtual lanes in tick 0 (1.268125ms)
✔ overlapping file scopes share one virtual lane (serialized) (0.144ms)
✔ buildPlan for TP-034 TP-038 TP-041 lists three lanes in human output (77.006375ms)
✔ spine plan CLI shows three lanes for TP-034 TP-038 TP-041 (432.922958ms)
✔ assignLanesToWaves assigns disjoint file scopes to separate virtual lanes (0.783458ms)
✔ assignLanesToWaves packs overlapping file scopes into same virtual lane (0.120083ms)
✔ assignLanesToWaves respects maxParallel by queueing excess virtual lanes into ticks (0.113125ms)
✔ filterPendingTaskIds excludes tasks with .DONE marker (68.508917ms)
✔ parseScope pending mode returns pending IDs and excluded count (42.181167ms)
✔ parseScope pending throws when all tasks are done (54.552625ms)
✔ buildPlan pending scope preserves dependency waves (27.633791ms)
✔ filterPendingTaskIds excludes tasks with .SUPERSEDED marker (17.919416ms)
✔ summarizePendingScope counts excluded tasks (20.561209ms)
✔ runSpinePlan pending with all .DONE returns exit 0 informational output (96.025625ms)
✔ runSpinePlan pending JSON with all .DONE returns synthetic plan (56.961542ms)
✔ runSpinePlan pending with all .DONE does not throw (21.431917ms)
✔ parseScope pending empty error carries structured metadata (19.077417ms)
✔ runSpinePlan pending output includes maxParallel from config (16.473959ms)
✔ buildPlan rejects invalid heading separator (19.022666ms)
✔ buildPlan rejects missing testing coverage (48.197333ms)
✔ buildPlan rejects missing File Scope section (16.6105ms)
✔ runSpinePlan exits with validation errors for invalid PROMPT (9.741458ms)
✔ buildPlan accepts valid PROMPT packets (38.061875ms)
✔ parseScope glob escapes literal dots in path patterns (22.560375ms)
✔ parseScope glob escapes literal parentheses in path patterns (7.208084ms)
✔ parseScope glob with plus in path pattern matches literally (12.912334ms)
✔ parseScope TP-* glob scopes remain unchanged (17.354083ms)
✔ parseScope('all') selects all discovered tasks (97.695958ms)
✔ parseScope('TP-002') selects explicit task IDs (18.589459ms)
✔ parseScope supports glob path patterns (31.226291ms)
✔ resolveWaveTaskIds returns wave task IDs (0.902417ms)
✔ resolveWaveTaskIds rejects out-of-range and empty waves (0.1475ms)
✔ filterPlanToWave narrows plan to one wave (0.879708ms)
✔ parseBatchStartWaveFilter accepts --wave and --through-wave (0.197458ms)
✔ parseBatchStartWaveFilter rejects conflicting and invalid flags (0.107333ms)
✔ registerSpineSlashCommands registers all PRD §15.1 command names (0.769916ms)
✔ /spine-retry-task without task id notifies usage error (0.164375ms)
✔ /spine-skip-task without task id notifies usage error (0.119084ms)
✔ /spine-plan notifies error when preflight fails (17973.122541ms)
✔ /spine handler runs preflight before batch guidance (15482.178958ms)
✔ buildDepsReport returns empty graph for isolated task with no deps (3147.482083ms)
✔ buildDepsReport detects synthetic dependency cycle (2931.604583ms)
✔ cycleNodesFromPath deduplicates closing node (0.237458ms)
✔ depsToEdges and formatDepsHuman render dependency flow (0.185458ms)
✔ repo fixture TP-031 scope shows TP-030 dependency edge (19.075792ms)
✔ spine deps CLI emits JSON shape with nodes, edges, cycles, waves (3193.940167ms)
✔ spine deps CLI exits 1 when cycle detected (2897.921708ms)
✔ findCyclePath returns path for cyclic graph (0.353333ms)
✔ init --preset taskplane-compat --tasks-root taskplane-tasks --dry-run produces expected keys (12.040666ms)
✔ init --preset taskplane-compat defaults tasksRoot to taskplane-tasks (8.467666ms)
✔ plain init applies spine defaults without preset flag (4.167084ms)
✔ init rejects unknown preset (6.971625ms)
✔ fresh init creates config, agents, tasks root, and gitignore entries (63.016167ms)
✔ init skips constitution.md when it already exists without --force (26.5125ms)
✔ buildConstitutionMd substitutes project title from directory name (0.572958ms)
✔ init without --force refuses when spine-config.json exists (35.452833ms)
✔ --tasks-root taskplane-tasks sets paths.tasksRoot correctly (43.858875ms)
✔ --dry-run makes no filesystem changes (6.115125ms)
✔ init skips CONTEXT.md when it already exists without --force (19.875667ms)
✔ init --force overwrites existing CONTEXT.md (31.765417ms)
✔ buildContextMd substitutes project title from directory name (0.438416ms)
✔ --dry-run plans CONTEXT.md create without writing files (9.692625ms)
✔ ensureGitignoreEntries appends only missing entries (1.004167ms)
✔ runPreflightPlanCheck builds wave plan during preflight (8254.177917ms)
✔ runReconciliationCheck returns real diagnosis for running batch (5809.2585ms)
✔ checkDoctor fails when doctor reports issues (0.265917ms)
✔ checkStalePathSpine fails when PATH spine version is stale (1.083167ms)
✔ checkGitClean lists up to 20 dirty paths (489.015875ms)
✔ checkNoActiveBatch passes when no batch-state file exists (1925.519833ms)
✔ checkNoActiveBatch calls reconciliation when batch-state exists (1797.659125ms)
✔ checkTasksRoot validates discoverable task folders (2122.509375ms)
✔ checkDependenciesJson validates version and task IDs (1036.440083ms)
✔ runBatchPreflight passes on initialized clean fixture (3278.605ms)
✔ runBatchPreflight fails when git working tree is dirty (2460.649459ms)
✔ runPreflightPlanCheck validates pending scope only (SP-122) (620.58375ms)
✔ checkTasksValidate exposes distinct tasks-validate check id (719.977666ms)
✔ runBatchPreflight includes tasks-validate check distinct from plan (2332.093292ms)
✔ runBatchPreflight fails on limbo fixture with dismiss suggestion (5951.858666ms)
✔ runBatchPreflight passes when all tasks have .DONE (zero pending) (1258.74ms)
✔ checkGitClean passes when only rules-manifest generatedAt drifted (260.514041ms)
✔ checkGitClean still fails when rules-manifest rules[] differ (274.559292ms)
✔ spine run pending is alias for batch start pending (3579.203667ms)
✔ spine run all dry-run matches pending-filtered batch start (2739.16425ms)
✔ applySetting merges nested dotted paths (0.69075ms)
✔ runSettingsSetOperation rejects unknown path (0.226958ms)
✔ runSettingsSetOperation rejects invalid value (0.128ms)
✔ runSettingsSetOperation returns merged config on success (0.333166ms)
✔ writeSpineConfigAtomic writes valid JSON atomically (2965.29025ms)
✔ spine settings set updates maxParallel on disk (2835.789958ms)
✔ spine settings set rejects bad value (2854.694917ms)
✔ spine settings set --dry-run leaves config unchanged (2692.764875ms)
✔ spine settings set --json reports write metadata (2810.215042ms)
✔ spine settings set exits 1 with suggestedCommand when config missing (1936.819125ms)
✔ getValueAtPath reads nested config values (0.63325ms)
✔ formatSettingsShow lists all editable fields in human mode (0.4625ms)
✔ formatSettingsShow returns JSON fields array for all settings (0.60825ms)
✔ formatSettingsShow single path mode prints one value (0.121459ms)
✔ formatSettingsShow rejects unknown path (0.085625ms)
✔ buildSettingsShowFields mirrors registry order (0.231708ms)
✔ spine settings show CLI prints editable fields from temp config (3230.126708ms)
✔ spine settings show CLI single path and JSON modes (3548.775834ms)
✔ spine settings show CLI exits 1 with suggestedCommand when config missing (2930.496833ms)
✔ formatSettingsSlashMenu lists at least five editable fields with set hints (2.9875ms)
✔ runSpineSettingsSlash notifies menu with live config fields (2557.423083ms)
✔ runSpineSettingsSlash set subcommand persists a valid change (2889.201458ms)
✔ runSpineSettingsSlash set reports usage error without path and value (2475.5795ms)
✔ runSpineSettingsSlash reports missing config with suggested init (2777.362875ms)
✔ fileScopesOverlap detects parent/child path overlap (0.6825ms)
✔ extractExploreSlugsFromContext finds explore findings paths (0.50325ms)
✔ collectWaveMCountFindings warns when a wave has more than four M tasks (0.1105ms)
✔ collectPromptJsonDepsDriftFindings reports missing JSON entry (0.107667ms)
✔ runSpineTasksAnalyze exits 0 for clean scope (2238.736792ms)
✔ runSpineTasksAnalyze reports parallel file-scope overlap as blocking (3156.182875ms)
✔ runSpineTasksAnalyze reports dependency cycle as blocking (2929.266542ms)
✔ runSpineTasksAnalyze exits 0 when only warnings are present (2197.343042ms)
✔ runSpineTasksAnalyze warns for missing explore findings referenced in CONTEXT (1514.637917ms)
✔ runSpineTasksAnalyze --json emits AnalyzeTasksResult (1868.885833ms)
✔ spine tasks analyze CLI exits 1 for blocking overlap (2003.253916ms)
✔ spine tasks analyze CLI exits 0 for warnings-only scope (2084.66675ms)
✔ spine help tasks documents analyze subcommand (315.844084ms)
✔ parseContract extracts all five contract fields from a valid table (2.009417ms)
✔ validateContract passes for a valid contract table (2.012417ms)
✔ parseContract and validateContract handle an empty contract table (0.190209ms)
✔ validateContract warns on unknown contract fields (0.126709ms)
✔ parseContract reports duplicate field rows as errors (0.103125ms)
✔ parseContract accepts plain-text testCommand values (0.068417ms)
✔ parseContract returns hasSection false when Contract heading is absent (0.083875ms)
✔ CONTRACT_FIELD_NAMES lists all normative contract fields (0.068375ms)
✔ parseContract resolves see File Scope to File Scope bullet paths (2.046958ms)
✔ parseContract excludes optional File Scope bullets from see File Scope expansion (0.354875ms)
✔ validateContract errors on em-dash placeholders in required mode (0.1275ms)
✔ validateContract errors on see File Scope with empty File Scope section in required mode (0.234042ms)
✔ validateContract warns on placeholders in optional mode (0.069416ms)
✔ parseContract treats em dash contract cells as empty path lists (0.065333ms)
✔ parseContract splits comma-separated paths inside a single backtick wrapper (SP-396) (0.076458ms)
✔ parseContract splits comma-separated artifacts inside a single backtick wrapper (0.060625ms)
✔ validateContract warns on comma-in-single-backtick path lists in optional mode (0.164875ms)
✔ validateContract errors on comma-in-single-backtick path lists in required mode (0.127292ms)
✔ mergeDeps unions identical sets from PROMPT and JSON (0.884333ms)
✔ mergeDeps JSON wins when PROMPT and JSON disagree (0.086583ms)
✔ mergeTaskDeps uses golden fixtures end-to-end (4.284291ms)
✔ mergeDeps returns PROMPT deps when JSON has no entry (0.080584ms)
✔ TASK_HEADING_RE requires em dash (U+2014) (0.641208ms)
✔ parsePrompt extracts required sections and steps from golden S fixture (1.527709ms)
✔ validatePrompt rejects hyphen separator in heading (0.608ms)
✔ discoverTasks finds three golden fixtures (12.5485ms)
✔ parsePromptDependencies parses list and Requires forms (0.519625ms)
✔ parseStatus mirrors step numbers and checkbox state (1.403125ms)
✔ getStepProgress aggregates checkbox completion (0.665708ms)
✔ listIncompleteSteps returns unchecked items per step (0.3625ms)
✔ FX-invalid-no-testing fails validatePrompt for missing Testing step (1.850292ms)
✔ FX-missing-contract fails validatePrompt in required contract mode (0.75975ms)
✔ FX-valid-contract passes validatePrompt in required contract mode (1.425875ms)
✔ FX-final-replan has Review Level >= 1 for REPLAN integration path (0.841ms)
✔ formatTasksValidateHuman prefixes summary before failure details (0.707375ms)
✔ runSpineTasksValidate exits 0 for valid PROMPT packets (2867.221542ms)
✔ runSpineTasksValidate reports same failure message as planner for invalid PROMPT (2484.849ms)
✔ runSpineTasksValidate returns exit 2 for missing config (2125.795833ms)
✔ runSpineTasksValidate returns exit 2 for unresolved scope (1808.142208ms)
✔ spine tasks validate CLI exits 0 for valid scope (1858.16125ms)
✔ spine tasks validate CLI exits 1 for invalid PROMPT (2482.977791ms)
✔ buildTasksValidateResult matches TasksValidateResult schema (0.670292ms)
✔ collectTaskAdvisoryWarnings reports folder, STATUS, and deps mismatches (0.31475ms)
✔ runSpineTasksValidate --json emits TasksValidateResult (828.0815ms)
✔ runSpineTasksValidate --warnings-only keeps exit 0 for advisory issues (863.211042ms)
✔ spine tasks validate CLI --json exits 0 for valid scope (945.074667ms)
✔ spine help tasks documents validate subcommand (249.691708ms)
✔ spine tasks validate CLI exits 2 for config error (807.082833ms)
✔ validateContract warns when fileScopeMustNotChange includes spine-tasks/** (4.389917ms)
✔ validateContract warns when pattern matches current task folder only (0.551875ms)
✔ validateContract is quiet for parallel product-path guards (0.601541ms)
✔ collectFileScopeMustNotChangeWarnings dedupes broad spine-tasks ban over task folder (0.159625ms)
✔ collectFileScopeMustNotChangeWarnings ignores other task folders (0.199083ms)
✔ collectFileScopeMustNotChangeWarnings respects custom tasksRoot (0.143625ms)
✔ collectFileScopeMustNotChangeWarnings skips current-task check without taskId (0.203709ms)
✔ collectStaleFileScopeMustChangeWarnings is quiet when scope paths unchanged since task intro (4116.898625ms)
✔ collectStaleFileScopeMustChangeWarnings warns when scope paths changed on main after task intro (3433.383375ms)
✔ collectStaleFileScopeMustChangeWarnings ignores tasks without fileScopeMustChange (2715.35875ms)
✔ parseReportProgressArgs reads step and checkbox flags (0.645417ms)
✔ reportTaskProgress appends task.step_completed with metadata (11.259416ms)
✔ reportTaskProgress writes journal line on disk (28.370709ms)
✔ reportTaskProgress fails closed without batch context (0.204042ms)
✔ runSpineReportProgress returns non-zero when batchId missing (0.223833ms)
✔ runSpineReportProgress does not write with attach env when attach suppressed (2.006667ms)
✔ requestWorkerGate fails closed without batch context (0.631083ms)
✔ requestWorkerGate returns not_supported for integrate gate (8.838ms)
✔ requestWorkerGate returns not_supported when no gate record (manual deferred) (0.570917ms)
✔ buildReviewStepCliArgs maps params and adds --stub when SPINE_WORKER_STUB=1 (0.87075ms)
✔ executeSpineReviewStep fails closed without SPINE_TASK_FOLDER (0.36225ms)
✔ spine_review_step handler returns APPROVE via stub review (88.103333ms)
✔ spine_review_step handler marks stub spawn failure as tool error (11.920375ms)
✔ spine_review_step skips nested reviewer spawn inside worker session (222.123375ms)
✔ registerSpineWorkerTools registers all three PRD worker tools (0.916208ms)
✔ executeSpineReportProgress appends task.step_completed via tool handler (29.125167ms)
✔ executeSpineReportProgress fails closed without batch context (0.331666ms)
✔ spine_request_gate tool returns structured not_supported shape (6.654667ms)
✔ executeSpineRequestGate fails closed without batch context (0.257917ms)
ℹ tests 1668
ℹ suites 0
ℹ pass 1667
ℹ fail 1
ℹ cancelled 0
ℹ skipped 0
ℹ todo 0
ℹ duration_ms 509027.977584

✖ failing tests:

test at tests/batch/contract-stall-override.test.mjs:93:1
✖ runWorker with contract stall override survives beyond global stall budget (scaled) (16868.467ms)
  AssertionError [ERR_ASSERTION]: contract override should extend stall beyond scaled global budget
      at TestContext.<anonymous> (file:///Users/cdelgado/Documents/github/pi-spine/.worktrees/spine-20260705T210857/lane-2/tests/batch/contract-stall-override.test.mjs:159:10)
      at process.processTicksAndRejections (node:internal/process/task_queues:104:5)
      at async Test.run (node:internal/test_runner/test:1389:7)
      at async Test.processPendingSubtests (node:internal/test_runner/test:960:7) {
    generatedMessage: false,
    code: 'ERR_ASSERTION',
    actual: 'stall_timeout',
    expected: 'stall_timeout',
    operator: 'notStrictEqual',
    diff: 'simple'
  }

