Contract testCommand failure log
Command: npm run typecheck && SPINE_WORKER_STUB=1 npm test -- tests/batch/supervisor-spawn.test.mjs && npm run coverage:check
Exit code: 1
Attempt: 1 of 2
Timestamp: 2026-07-05T21:41:29.157Z
Buffer overflow: no
---

> pi-spine@1.6.0 typecheck
> tsc --project tsconfig.json --noEmit && tsc --project tsconfig.batch.json --noEmit


> pi-spine@1.6.0 test
> SPINE_SUPPRESS_JOURNAL_ATTACH=1 node --experimental-strip-types --test tests/*.test.mjs tests/cli/*.test.mjs tests/compat/*.test.mjs tests/tasks/*.test.mjs tests/config/*.test.mjs tests/config/cursor-rules/*.test.mjs tests/planner/*.test.mjs tests/batch/*.test.mjs tests/agents/*.test.mjs tests/adoption/*.test.mjs tests/dashboard/*.test.mjs tests/doctor/*.test.mjs tests/migrate/*.test.mjs tests/worker-tools/*.test.mjs tests/coverage/*.test.mjs tests/extensions/*.test.mjs tests/batch/supervisor-spawn.test.mjs

✔ adoption fixture: init, plan, stub batch AD-001 creates .DONE (57060.034958ms)
✔ adoption integration: REPLAN final verdict surfaces needs_replan diagnosis (42398.806334ms)
✔ worker.md documents spine tools, stall checkpoint, and coverage policy (0.771417ms)
✔ worker.md documents engine-owned code and final review after .DONE (0.340417ms)
✔ reviewer.md documents final PASS REVISE REPLAN verdicts (0.212416ms)
✔ worker-prompt tail aligns with worker.md commit and review conventions (0.12475ms)
✔ buildWorkerTailPrompt does not contradict worker.md on commit format (15.246166ms)
✔ buildAgentSessionWorkerPrompt includes review hint when level > 0 (2.486166ms)
✔ buildWorkerPiArgs omits -ne when no pi-web-access conflict (63.844792ms)
✔ buildWorkerPiArgs includes -ne before -p when extension conflict detected (18.2465ms)
✔ formatPiExtensionConflictHint surfaces pi-web-access remediation (0.37325ms)
✔ abortBatch archives batch-state before clearing active file (6927.74925ms)
✔ abortBatch journals batch.aborted and preserves prior journal tail (7936.98025ms)
✔ abortBatch writes abort signal without killing on graceful abort (4880.59825ms)
✔ hard abort removes lane worktree when cleanup enabled (9403.993292ms)
✔ hard abort keeps worktree when cleanupOnHardAbort is false (7461.4855ms)
✔ abortBatch fails when no active batch (4928.225708ms)
✔ mergeLaneToOrch auto-resolves disjoint adoption doc edits without force-merge (28980.017083ms)
✔ mergeLaneToOrch fails adoption doc merge with recovery commands when hunks overlap (33270.956458ms)
✔ formatAdoptionDocMergeFailure names file and wave recovery (0.203541ms)
✔ agent session abort failure journals lane.worker_abort_failed (8418.03125ms)
✔ formatAttachedMilestoneLine renders land-loop journal types (0.572417ms)
[spine] batch.started
[spine] task.started SP-343
[spine] task.completed SP-343
[spine] batch.merge_started wave=0
[spine] batch.merge_completed wave=0
[spine] gate.opened
[spine] gate.evidence_collecting
[spine] gate.evidence_completed
[spine] batch.completed
[spine] batch.land_loop_finalized

Batch started

Batch 20260705T213339 completed: SP-343 succeeded; merged to orch/spine-20260705T213339.
  → spine gate status
  → spine gate approve
  → spine integrate
  → spine batch complete

Batch 20260705T213339 ready to integrate orch branch to main

  → spine integrate

  Alternatives:
    • /spine-integrate
    • /spine-gate
    • spine status --diagnose

  Batch: 20260705T213339
  Task: SP-343
✔ runSpineBatch attached start returns integrate handoff without process.exit in tests (59315.332084ms)
✔ attached batch CLI subprocess exits after completed with stdout milestones (55325.698916ms)
✔ formatAttachedBatchCliResult includes diagnosis suggested command (0.268208ms)
✔ enforceAttachedEngineSingleOwner fails fast when engine PID is alive (8475.900208ms)
✔ enforceAttachedEngineSingleOwner orphans prior engine with --force (6721.590333ms)
✔ resumeBatch rejects second attached resume when engine PID is alive (6266.068125ms)
✔ resumeBatchDetached rejects spawn when attached engine PID is alive (6771.97675ms)
✔ runAttachedBatchEngine blocks attached start when engine PID is alive (5813.967417ms)
✔ isLastWaveIndex matches batch 20260618T000943 wave plan (0.522083ms)
✔ maybeFinalizeAfterWaveMerge opens gate for last-wave post-merge limbo (12905.685333ms)
✔ resumeMultiTaskBatch finalizes post-merge limbo even with stale engine pid (13399.136625ms)
✔ terminateStaleDetachedEngine still clears stale engine during post-merge limbo resume handoff (9085.2595ms)
✔ startBatch multi-wave attached path opens gate after wave 1 without resume (86079.16ms)
✔ attached milestone types include batch.merge_blocked (0.539833ms)
✔ formatAttachedBatchCliResult prints merge failure headline and exits non-zero for merge_blocked (11067.243209ms)
✔ runAttachedBatchEngine streams merge_blocked milestone before merge failure CLI output (14480.427875ms)
✔ mergeEngineStateWithDiskPause adopts operator pause from disk (7458.291625ms)
✔ saveEngineBatchState does not clobber phase paused during heartbeat-style saves (6250.391917ms)
✔ enforceOperatorPauseOnDisk re-asserts paused after engine overwrite (6384.379084ms)
✔ pauseBatch confirms when attached engine heartbeat saves honor pause (7613.338875ms)
✔ batch 20260620T194352 fixture is post-merge limbo without gate (5543.908583ms)
✔ attemptPostMergeLandLoopHandoff finalizes in-process after SIGTERM-shaped limbo (13216.253792ms)
✔ finalizeAttachedPostMergeLimbo is idempotent when gate already open (12732.50175ms)
✔ resume after orphan_terminated journal opens gate for batch 20260620T194352 pattern (14843.048833ms)
✔ installAttachedEngineShutdownHandlers finalizes on SIGTERM without manual resume (11282.811417ms)
✔ terminateStaleDetachedEngine during post-merge limbo still allows resume finalize (15923.464875ms)
✔ shouldAutoIntegrateAfterWave is false by default (0.5165ms)
✔ shouldAutoIntegrateAfterWave is true when configured and not last wave (0.088167ms)
✔ shouldAutoIntegrateAfterWave is false on last wave (0.060916ms)
✔ issue #25: retry unblocks failed phase when only pending tasks remain (24075.901333ms)
✔ issue #25: failed phase with pending-only limbo resumes without --force (14459.976875ms)
✔ retry keeps failed phase when other failed tasks remain (7159.750834ms)
✔ diagnosis suggests resume --force for failed-phase pending-only limbo (1.174959ms)
✔ parseSupersededReplacementIds extracts child task IDs (1.141167ms)
✔ assertBatchStartTasksNotSuperseded rejects superseded IDs (8695.568458ms)
✔ assertBatchStartTasksNotSuperseded allows pending IDs (9406.78625ms)
✔ assertBatchStartTasksNotSuperseded honors --force-superseded (9095.480334ms)
✔ resolveBatchStartScope rejects explicit superseded task IDs (8981.152833ms)
✔ resolveBatchStartScope allows superseded IDs with forceSuperseded (9441.48225ms)
✔ startBatch dry-run rejects superseded explicit scope (8322.348459ms)
✔ startBatch dry-run allows superseded scope with forceSuperseded (11331.995625ms)
✔ parseBatchArgs maps --wave on start to waveFilter (0.763458ms)
✔ parseBatchArgs strips --wave value from scope for wave 0 (0.09975ms)
✔ buildAttachedBatchStartArgv forwards waveFilter to detached engine (0.529ms)
✔ startBatch dry-run with pending scope and --wave 0 selects planner wave 0 (7511.639208ms)
✔ startBatch dry-run with --wave selects planner wave task IDs (6922.795709ms)
✔ wave-filtered dry-run matches explicit wave task scope dry-run (6447.188583ms)
✔ complete handoff preserves newer active batch (073511 vs 073937 race) (58.891667ms)
✔ clearStaleTerminalBatchStateForStart removes completed batch-state pointer (4.119042ms)
✔ assertNoActiveBatch clears stale completed pointer before start handoff (7.021542ms)
✔ runBatchComplete clears active batch-state when no newer batch took over (15655.596334ms)
✔ new batch save replaces terminal completed cache with different batchId (6.797042ms)
✔ evaluateBatchStateWriteGuard rejects writes from non-owner live engine (19.0005ms)
✔ saveSpineBatchState rejects resurrecting archived batch cache (36.2485ms)
✔ resolveStallConfig defaults checkpoint warning and no file-scope grace extension (0.558959ms)
✔ file-scope mtime is activity only — does not extend stall deadline by default (0.185541ms)
✔ checkpoint signals extend grace; STATUS update moves deadline (0.072375ms)
✔ shouldEmitCheckpointWarning after activity without checkpoint threshold (0.107458ms)
✔ resolveScopedDirtyPaths limits porcelain to file scope and task folder (6016.491458ms)
✔ lane.checkpoint_warning journal event and diagnose hints (22.648042ms)
✔ extractJournalDiagnosisHints omits stale checkpoint_warning older than 30 minutes (0.160667ms)
✔ collectProgressSignals includes dirtyPaths for scoped changes (5291.565084ms)
✔ verifyContract uses base-satisfied when scope predates task PROMPT on base (19802.341958ms)
✔ verifyContract passes when scope is on base and lane has zero implementation diff (16942.480292ms)
✔ verifyContract fails base-satisfied scope when testCommand fails (24440.390584ms)
✔ verifyStubFileScopeMustChange passes when base already satisfies scope (16893.930375ms)
✔ isBaseScopeSatisfied is false when base lacks scope changes (11978.266959ms)
✔ runFinalReviewPhase fails fast with contract_failed and does not consume finalAttempts (17852.706666ms)
✔ reconcileBatch surfaces contract_failed headline for failed task (12124.446084ms)
✔ verifyContract satisfies pre-landed fileScopeMustChange when testCommand and artifacts pass (14882.650041ms)
✔ verifyContract still fails pre-landed scope when testCommand fails (22160.746ms)
✔ verifyStubFileScopeMustChange passes delivery-only STATUS when source scope pre-landed (14966.42225ms)
✔ verifyContract passes delivery-only STATUS.md fileScopeMustChange contract (13306.015875ms)
✔ resolvePromptRelPath derives task PROMPT from spine-tasks delivery changes (10056.121209ms)
✔ isFileScopePatternPrelanded detects scope changed on main after task intro (11172.819125ms)
✔ testCommand fails once then succeeds on retry — contract passes (934.953417ms)
✔ testCommand fails all retries — contract_failed as before (1873.093584ms)
✔ retry count configurable via spine-config contract.testRetries (2735.994083ms)
✔ failed output captured to .reviews/ directory (1265.815125ms)
✔ no retry when testCommand succeeds first time (no performance cost) (944.370125ms)
✔ writeContractFailureLog creates log file with header (9.875667ms)
✔ writeContractFailureLog returns null when taskFolder is undefined (0.184458ms)
✔ CONTRACT_TEST_DEFAULT_RETRIES is 1 (0.05575ms)
✔ CONTRACT_TEST_RETRY_DELAY_MS is 5000 (0.055542ms)
✔ multiple failure logs captured across retry attempts (713.684209ms)
✔ parseContract extracts stallTimeoutMinutes and extendGraceOnFileScope (1.380417ms)
✔ resolveTaskStallMinutes uses max of global, size floor, and contract override (0.171709ms)
✔ resolveStallConfigForTask applies contract stallTimeoutMinutes to stallTimeoutMs (0.126458ms)
✔ resolveStallConfigForTask honors contract extendGraceOnFileScope (0.074458ms)
✔ resolveWorkerPiTimeoutMs aligns with contract stall budget (0.096042ms)
✖ runWorker with contract stall override survives beyond global stall budget (scaled) (16886.651959ms)
✔ runWorker without contract override stalls at scaled global budget (6248.360041ms)
✔ isDeliveryArtifactPath accepts STATUS.md-only patterns (0.766167ms)
✔ isDeliveryArtifactPath accepts .DONE-only patterns (0.2105ms)
✔ isDeliveryArtifactPath accepts task-folder delivery globs (0.119833ms)
✔ isDeliveryArtifactPath rejects implementation and tasks-root paths (0.090291ms)
✔ isImplementationScopePattern detects source and tooling roots (0.069333ms)
✔ isStubDeliveryOnlyScope is true for delivery-only pattern sets (0.094834ms)
✔ isStubDeliveryOnlyScope rejects mixed implementation and delivery patterns (0.062833ms)
✔ isStubDeliveryOnlyScope rejects empty pattern lists (0.082291ms)
✔ isDeliveryArtifactPath honors custom tasksRoot (0.177417ms)
✔ resolveTaskStartCommit returns distinct start commits for serialized lane tasks (0.866167ms)
✔ resolveTaskStartCommit prefers task.started payload commit over prior lane.committed (0.127417ms)
✔ resolveTaskStartCommit returns null when task.started is missing (main...HEAD fallback) (0.08225ms)
✔ resolveTaskStartCommit resolves git HEAD at task.started timestamp when journal lacks commit (9830.270208ms)
✔ CONTRACT_TEST_COMMAND_MAX_BUFFER exceeds legacy 256KB limit (0.524625ms)
✔ runContractTestCommand captures large stdout without killing child (152.360833ms)
✔ runContractTestCommand surfaces ENOBUFS with scoped testCommand guidance (368.408084ms)
✔ verifyContract reports buffer overflow with scoped testCommand guidance (6102.341583ms)
✔ buildContractTestEnv moves SPINE_BATCH_ID to SPINE_PARENT_BATCH_ID (0.510209ms)
✔ detectNestedWorkerContext blocks parent batch in lane worktree (0.2065ms)
✔ startBatch blocks nested spawn when SPINE_PARENT_BATCH_ID set in lane worktree (48.88225ms)
✔ buildContractTestEnv allows isolated fixture batch start without parent batch id (1.146375ms)
✔ listChangedFiles with sinceCommit scopes diff to commits after anchor (17550.386084ms)
✔ listChangedFiles without sinceCommit preserves baseBranch...HEAD (11673.525875ms)
✔ verifyContract with sinceCommit ignores prior same-lane task fileScopeMustNotChange violations (19429.16775ms)
✔ verifyContract without sinceCommit preserves cumulative lane branch behavior (9406.518625ms)
✔ buildContractTestEnv removes worker-only keys (0.510792ms)
✔ runContractTestCommand subprocess does not inherit SPINE_IS_WORKER (160.012791ms)
✔ verifyContract testCommand passes under worker env when subprocess is sanitized (749.512083ms)
✔ verifyContract passes when testCommand exits 0 (612.547292ms)
✔ verifyContract fails when testCommand exits non-zero (1642.209875ms)
✔ verifyContract checks artifactsMustExist paths in worktree (810.289625ms)
✔ verifyContract expands glob patterns in artifactsMustExist (965.339459ms)
✔ verifyContract returns ok with empty checks when contract has no verify fields (896.022791ms)
✔ verifyContract enforces fileScopeMustChange and fileScopeMustNotChange (13510.763083ms)
✔ verifyContract checks minLineCoverage from command output (1412.822291ms)
✔ shouldRunContractVerify skips legacy TP-* tasks and absent contract sections (0.274708ms)
✔ matchesContractPattern supports glob paths (0.21525ms)
✔ parseAggregateLineCoverage parses coverage table rows (0.168042ms)
✔ SP-193-shaped placeholder contract fails validateContract in required mode (1.368709ms)
✔ verifyContract passes SP-193-shaped contract when scoped files changed (11442.250708ms)
✔ fileScopeMustChange trailing-slash pattern matches files under directory prefix (16638.064542ms)
✔ fileScopeMustChange trailing-slash pattern fails when no files under prefix changed (11450.544917ms)
✔ fileScopeMustChange exact-path and glob behavior preserved alongside trailing-slash (12698.154334ms)
✔ waitForDetachedBatchResume waits for integrate gate after batch completes (6931.423167ms)
✔ waitForDetachedBatchResume completes without gate when integrate gate not required (6520.206959ms)
✔ prepareDetachedResumeEngineHandoff terminates stale engine before resume spawn (56.563334ms)
✔ resolveDefaultResumeWaitTerminal returns true for engine_orphaned without flags (0.464791ms)
✔ resolveDefaultResumeWaitTerminal respects explicit flags (0.0945ms)
✔ detectPostMergeLimboForResume matches journal-only limbo for batch 20260629T210738 (17712.537625ms)
✔ postMergeLimbo diagnosis suggests spine batch resume --force (0.252583ms)
✔ resumeBatchDetached --force finalizes journal-only limbo without spawning engine (25914.919541ms)
✔ detached batch start opens integrate gate after stub engine completes (45033.634417ms)
✔ timeout_waiting_for_batch with dead enginePid reconciles as engine_orphaned not running (13782.784375ms)
✔ startBatchDetached persists spawn enginePid before wait on timeout failure path (37937.726791ms)
✔ parseBatchArgs defaults to detached start (attached flag off) (0.787625ms)
✔ parseBatchArgs --attached opts into foreground engine (0.086167ms)
✔ buildAttachedBatchStartArgv forwards scope and skip-preflight (0.573125ms)
✔ formatDetachedBatchStartOutput includes monitor hints (0.219458ms)
✔ batch start returns quickly and runs engine in background (46411.238292ms)
✔ parseBatchArgs resume defaults to detached (attached flag off) (0.234125ms)
✔ buildAttachedBatchResumeArgv forwards force (0.100458ms)
✔ formatDetachedEngineOutput includes resume wording (0.113959ms)
✔ waitForDetachedBatchResume returns engine_started by default (5833.719125ms)
✔ waitForDetachedBatchResume with waitTerminal returns resume_completed (6138.428042ms)
✔ collectDetachedFailureDiagnostics includes task.failed summary and log tails (6263.663834ms)
✔ parseBatchArgs accepts --wait-terminal (0.432083ms)
✔ batch resume returns quickly and runs engine in background (46669.970542ms)
✔ inferLaunchFailureKind ignores DirtyWorktree exitReason (0.612291ms)
✔ buildHeadline prefers DirtyWorktree over worker launch (0.3335ms)
✔ buildSuggestedCommand for DirtyWorktree suggests coverage cleanup and retry (0.149166ms)
✔ buildHeadline surfaces review_exhausted primary failure (0.112042ms)
✔ buildSuggestedCommand for review_exhausted suggests batch retry (0.061583ms)
✔ buildHeadline surfaces contract_failed primary failure (0.068958ms)
✔ buildSuggestedCommand for contract_failed suggests PROMPT edit and retry (0.057416ms)
✔ buildDiagnosisOutput bundles primary failure class without launch headline (0.135333ms)
✔ reconcileBatch aligns hasFailedTasks with segment drift and DirtyWorktree headline (10925.427042ms)
✔ reconcileBatch diagnoses review_exhausted from failed task exitReason (10818.587291ms)
✔ buildHeadline surfaces PI_SPINE_ROOT launch failure (0.787042ms)
✔ buildHeadline surfaces lane commit failures after worker completion (0.121625ms)
✔ buildSuggestedCommand prefers spine doctor for launch failures (0.1925ms)
✔ inferLaunchFailureKind reads worker output hints from journal (0.176916ms)
✔ extractJournalDiagnosisHints prioritizes setup hook and merge blocked events (6.620375ms)
✔ formatMixedOutcomeMessage lists succeeded tasks and spine batch retry guidance (0.167ms)
✔ reconcileBatch diagnoses launch failure wave from fixture (10644.71ms)
✔ buildDiagnosisOutput bundles launch failure headline and command (0.238166ms)
✔ DIAGNOSIS_TAXONOMY includes worker_orphaned distinct from needs_retry (0.581541ms)
✔ inferLaunchFailureFromWorkerOutputTail reads PI_SPINE_ROOT hints from log tail (0.139209ms)
✔ buildSuggestedCommand prefers abort for ghost running cluster (0.128084ms)
✔ buildHeadline surfaces worker_orphaned launch failure from worker output context (0.235166ms)
✔ worker_orphaned after plan review nested_spawn_blocked suggests batch retry (0.099042ms)
✔ dead lane workerPid diagnoses worker_orphaned not needs_retry (10433.22175ms)
✔ dead workerPid after lane.completed does not diagnose worker_orphaned (11138.453917ms)
✔ worker_orphaned enriches launch headline from worker output log without task.failed (13172.237209ms)
✔ multiple ghost running tasks on one lane prefer spine batch abort (11438.918792ms)
✔ segment drift still diagnoses needs_retry (11853.868959ms)
✔ buildDiagnosisOutput bundles worker_orphaned headline and command (0.212833ms)
✔ isRunningWithoutActiveWorkers is false when workers are active (0.5835ms)
✔ isRunningWithoutActiveWorkers detects all-terminal tail state (0.08575ms)
✔ buildRunningTailHeadline maps macroPhase merging to operator text (0.199458ms)
✔ buildRunningTailHeadline maps gating / post-merge limbo (0.113ms)
✔ buildHeadline preserves generic running when workers are active (0.192333ms)
✔ deriveMacroPhase uses journal merge tail when diagnosis is running without workers (0.211875ms)
✔ deriveMacroPhase stays executing when workers are active (0.065375ms)
✔ tail-state fixture reconciles without bare is running headline (10438.6875ms)
✔ tail-state headline matches batch 20260701T031142 shape via buildHeadline (0.222084ms)
✔ isCoverageArtifactPath matches extension/coverage and root coverage dirs (0.533083ms)
✔ isPathInFileScope matches exact paths and directory prefixes (0.1275ms)
✔ filterOutOfScopeCoveragePorcelain drops modified coverage outside file scope (0.283375ms)
✔ filterOutOfScopeCoveragePorcelain keeps in-scope coverage modifications (0.073958ms)
✔ restoreOutOfScopeCoverageArtifacts resets tracked coverage files (13802.162458ms)
✔ resolvePostLaneCommitPorcelain restores and filters out-of-scope coverage (10882.588125ms)
✔ commitLaneAndValidateWorktree succeeds when only out-of-scope coverage is dirty (19378.725834ms)
✔ commitLaneAndValidateWorktree fails when dirty without .DONE (9736.951833ms)
✔ isWorktreeDeletionPorcelainLine matches unstaged deletions (0.528875ms)
✔ isSymlinkOnlyDriftPorcelain is true only for deletion-only porcelain (0.104792ms)
✔ filterSetupHookSymlinkDriftPorcelain clears deletion-only drift (0.080458ms)
✔ parseLaneWorktreeIdentity extracts batch and lane from worktree path (0.517084ms)
✔ resolvePostLaneCommitPorcelain repairs hook symlink drift (13516.168959ms)
✔ commitLaneAndValidateWorktree succeeds when hook symlink drifts after PASS (19829.539709ms)
✔ dismissBatch kills live stub worker PID and journals lane.worker_terminated (11474.879958ms)
✔ shouldRunCodeReview requires review level 2 or higher (0.546083ms)
✔ findCodeReviewStepNumber prefers step with code review checkpoint (8.84475ms)
✔ findCompletedCodeReview honors journal review.completed code APPROVE (8.730833ms)
✔ findCompletedCodeReview honors step artifact APPROVE for code review step (17.583833ms)
✔ runTaskOnLane runs engine code review for RL2 without worker nested spawn (26088.804291ms)
✔ runTaskOnLane skips engine code review when review level is 0 (21517.808292ms)
✔ runTaskOnLane skips engine code review when review level is 1 (23356.874584ms)
✔ runTaskOnLane honors journal review.completed code APPROVE without duplicate spawn (23228.256459ms)
✔ runTaskOnLane re-invokes worker after code REVISE and succeeds on APPROVE (27143.399417ms)
✔ resolveReviewSpawnTimeoutMs aligns with stall budget for M tasks (0.811625ms)
✔ runStepReview journals review.failed with review_timeout on hung spawn (602.96275ms)
✔ async reviewer spawn does not block the event loop while waiting for timeout (675.054375ms)
✔ startBatch opens integrate gate before batch.completed journal event (42167.28075ms)
✔ startBatch serializes multiple tasks on one physical lane (59121.990375ms)
✔ startBatch runs disjoint-scope tasks on separate lanes in parallel (58830.413042ms)
✔ startBatch records lane commit before task.completed (46783.965292ms)
✔ runTaskOnLane emits task.failed not task.completed when lane commit fails (16247.425791ms)
✔ validateSpineConfig accepts worktreeSetupIgnorePaths (0.233625ms)
✔ engine_orphaned diagnosis suggests retry when task id known, attached resume otherwise (0.615958ms)
✔ dead engine with phase running passes validateMultiTaskResume without pause (11801.09775ms)
✔ running phase with live engine pid rejects resume without force (10320.018083ms)
✔ reconcile engine_orphaned recommends attached resume for batch 20260618T191236 pattern (14305.275625ms)
✔ engine_orphaned with failedTaskId suggests retry (SP-315) (0.595334ms)
✔ reconcileOrphanRunningState transitions running task to failed with journal events (8608.284083ms)
✔ retryTask succeeds on orphan without manual pause (issue #20 trap) (8949.00725ms)
✔ diagnose then retry: suggestedCommand matches working recovery path (13116.960708ms)
✔ resume --force allowed after orphan reconcile when phase was running (12134.731291ms)
✔ terminateStaleDetachedEngine SIGTERM stale pid on failed resume (171.073667ms)
✔ runStepReview honors existing final PASS without re-spawn (36.917666ms)
✔ runStepReview skips review.failed journal when batch already completed (88.807667ms)
✔ startBatch lane branch has commit before merge when stub touches files (43386.652ms)
✔ startBatch completes single task with stub worker (41053.37725ms)
✔ isExplicitBatchScope treats pending as explicit (0.219208ms)
✔ startBatch all dry-run allows multi-wave pending backlog (6820.767792ms)
✔ startBatch pending dry-run excludes done tasks (7022.987208ms)
✔ startBatch all fails when every task has .DONE (7022.812208ms)
✔ startBatch skips worker when .DONE exists on disk (21208.5825ms)
✔ resolveBatchStartScope normalizes all to pending IDs (5052.902833ms)
✔ startBatch explicit IDs still allow multi-wave when scope is not bare all (6118.207542ms)
✔ startBatch completes two-lane wave with stub workers (48341.815958ms)
✔ startBatch blocks merge on mixed outcomes (17124.986375ms)
✔ assessWaveMergeEligibility blocks failed and pending tasks (1.298791ms)
✔ collectCoreEvidenceBundle writes summary without complete marker (10383.721875ms)
✔ openIntegrateGate persists gate before extended evidence and journals milestones (17838.566833ms)
✔ openIntegrateGate keeps gate when extended evidence command fails (16523.513875ms)
✔ collectExtendedEvidenceBundle appends to existing refs (10546.145084ms)
✔ parseEvidenceCommandArgv accepts npm run test (1.925833ms)
✔ parseEvidenceCommandArgv preserves quoted arguments (0.242583ms)
✔ parseEvidenceCommandArgv rejects shell command chaining (0.287667ms)
✔ parseEvidenceCommandArgv rejects unknown binary (0.101292ms)
✔ runEvidenceCommand executes allowlisted argv without shell (525.942542ms)
✔ runEvidenceCommand rejects malicious config strings (0.15475ms)
✔ runEvidenceCommand skips empty command (0.079625ms)
✔ runEvidenceCommand rejects disallowed build binary (0.107083ms)
✔ parseEvidenceCommandArgv rejects subshell injection (0.097417ms)
✔ collectEvidenceBundle writes summary and .complete marker atomically (10447.489708ms)
✔ collectEvidenceBundle writes rejected output for unsafe testing.test (9206.442917ms)
✔ findCompletedFinalReview honors journal review.completed final PASS (21.287917ms)
✔ findCompletedFinalReview honors latest final artifact PASS (22.101875ms)
✔ runTaskOnLane honors pre-existing worker final review without spawn failure (22543.329042ms)
✔ runTaskOnLane honors journal review.completed final PASS without duplicate spawn (24954.727459ms)
✔ parseFinalReviewVerdict accepts PASS, REVISE, and REPLAN (0.889709ms)
✔ shouldRunFinalReview skips when review level is 0 (0.093084ms)
✔ runTaskOnLane skips final review when review level is 0 (23761.175542ms)
✔ runTaskOnLane journals task.verdict_recorded on PASS final review (24322.562208ms)
✔ runTaskOnLane re-invokes worker after REVISE and succeeds on PASS (27444.554792ms)
✔ runTaskOnLane caps REVISE at maxFinalAttempts with review_exhausted (26369.514625ms)
✔ runTaskOnLane fails with needs_replan and does not keep .DONE (12796.076042ms)
✔ mergeWaveLanesToOrch blocks when a wave task has exitReason needs_replan (5496.783333ms)
✔ runEngineFinalReview stub writes final artifact path (3.134792ms)
✔ buildTaskScorecard lists task rows (0.647125ms)
✔ openIntegrateGate persists pending gate and journals gate.opened (18248.826417ms)
✔ collectEvidenceBundle writes summary and diff-stat (19120.475042ms)
✔ approve and reject enforce gate FSM (11178.126541ms)
✔ rejectIntegrateGate journals gate.rejected (10613.893459ms)
✔ checkIntegrateGate blocks until approved (exit 2) (10341.555583ms)
✔ integrateOrchToBase fails with exit 2 when gate pending (16403.004042ms)
✔ integrateOrchToBase succeeds after gate approval (25420.386292ms)
✔ force integrate requires SPINE_ALLOW_FORCE=1 (8899.3115ms)
✔ openIntegrateGateAfterBatchComplete skips non-completed batches (5123.651917ms)
✔ runSpineGate CLI approve updates gate record (7664.792917ms)
✔ isGitignoredArtifactPath matches extension/coverage and node_modules (0.736667ms)
✔ listGitignoredArtifactRoots deduplicates nested artifact dirs (0.937875ms)
✔ sanitizeGitignoredArtifactsBeforeLaneCommit removes worktree-only coverage (8701.692917ms)
✔ sanitizeGitignoredArtifactsBeforeLaneCommit skips when disabled (6832.464375ms)
✔ commitLaneAndValidateWorktree succeeds when only extension/coverage is gitignored dirty (16644.482333ms)
✔ commitLaneAndValidateWorktree succeeds when only node_modules is gitignored dirty (14683.341416ms)
✔ sanitizeGitignoredArtifactsBeforeLaneCommit does not clean index-tracked gitignored paths (11856.642292ms)
✔ commitLaneWorktree still fails for index-tracked gitignored coverage (13958.473083ms)
✔ classifyGitignoredPaths returns empty arrays for empty input (6185.797459ms)
✔ classifyGitignoredPaths detects index-tracked gitignored paths (12416.559542ms)
✔ classifyGitignoredPaths detects worktree-only gitignored paths (8225.838083ms)
✔ classifyGitignoredPaths handles mixed index-tracked and worktree-only (9152.538875ms)
✔ formatGitignoredRemediationMessage: worktree-only does not suggest git rm --cached (0.689125ms)
✔ formatGitignoredRemediationMessage: index-tracked suggests git rm --cached (0.085708ms)
✔ formatGitignoredRemediationMessage: mixed suggests both remediation paths (0.069958ms)
✔ commitLaneWorktree: worktree-only gitignored does not suggest git rm --cached (8414.327167ms)
✔ commitLaneWorktree: index-tracked gitignored still suggests git rm --cached (12720.859958ms)
✔ regression: SP-011 worktree-only coverage after npm test does not suggest git rm --cached (12828.812333ms)
✔ isGitignoredArtifactPath matches graphify-out hook output (0.641375ms)
✔ listGitignoredArtifactRoots deduplicates nested graphify-out paths (0.516792ms)
✔ sanitizeGitignoredArtifactsBeforeLaneCommit removes worktree-only graphify-out (11324.366459ms)
✔ commitLaneAndValidateWorktree succeeds when only graphify-out is gitignored dirty (16153.983917ms)
✔ resolveHeartbeatKind marks launching as worker_alive only (0.605583ms)
✔ shouldEmitCheckpointWarning skips launching phase (0.155417ms)
✔ buildHeartbeatPayloadFields omits stale checkpoint signals during launching (0.096334ms)
✔ recordLaneHeartbeat journals kind and phase (515.7435ms)
✔ runWorker launching heartbeat does not journal stale STATUS mtime on fast-fail retry (6439.094875ms)
✔ resolveStallConfig applies lane overrides (0.169042ms)
✔ progressSignalsChanged detects STATUS mtime updates (839.684375ms)
✔ computeStallDeadline extends past hard timeout after progress (0.406792ms)
✔ stall false positive avoided when STATUS updates extend deadline (I-01) (0.140917ms)
✔ findLatestStepCompletedMs returns newest matching task.step_completed (0.133125ms)
✔ progressSignalsChanged detects journal task.step_completed (silent tools) (753.671084ms)
✔ activitySignalsChanged detects file-scope mtime updates (FR-WORK-10 / FR-STALL-02) (1345.188417ms)
✔ startBatch records lane.heartbeat during stub worker delay (42970.131375ms)
✔ startBatch persists baseBranchHeadAtStart and journals batch.base_snapshot (42425.416875ms)
✔ isFastForwardCapableIntegrate detects orch ahead of main (#93) (15846.16275ms)
✔ integrateOrchToBase fast-forwards when orch is strictly ahead (#93 batch 20260702T071449) (46923.044792ms)
✔ integrateOrchToBase fast-forwards with generatedAt-only rules-manifest drift on main (#93) (33779.993708ms)
✔ recordBatchBaseSnapshot stores head sha and journals batch.base_snapshot (9224.165625ms)
✔ integrateOrchToBase succeeds with uncommitted edits on main (31919.06275ms)
✔ integrateOrchToBase conflict path leaves human checkout and files unchanged (33183.484792ms)
✔ integrateOrchToBase succeeds with uncommitted edits on feature branch (non-base) (31482.447625ms)
✔ integrateOrchToBase dry-run advertises isolated merge plan (12683.386167ms)
✔ resolveRulesManifestIntegrateDrift restores main when worker manifest matches orch (#22) (16662.820125ms)
✔ integrateOrchToBase succeeds with worker manifest drift on main matching orch (#22) (40302.795833ms)
✔ resolveRulesManifestIntegrateDrift blocks unrelated dirty files on main (10599.166208ms)
✔ resolveRulesManifestIntegrateDrift blocks substantive manifest drift not matching orch (11997.469541ms)
✔ resolveRulesManifestIntegrateDrift still clears generatedAt-only drift on main (12497.239917ms)
✔ resolveRulesManifestIntegrateDrift clears generatedAt-only dirty manifest on main (17832.810333ms)
✔ integrateOrchToBase succeeds with dirty generatedAt-only rules-manifest on main (38351.81725ms)
✔ inspectHumanBaseSync reports integrate_isolated_ok after plumbing integrate leaves HEAD behind (50597.037333ms)
✔ inspectHumanBaseSync reports human_base_diverged when human commits overlap orch paths (19517.785375ms)
✔ spine sync-base CLI merges landed main into feature branch (36614.318209ms)
✔ DEFAULT_SYNC_TIMEOUT_MS is 60 seconds (0.517541ms)
✔ syncPlumbingMergePathsToWorktree returns ok: true on successful sync (13292.385958ms)
✔ syncPlumbingMergePathsToWorktree returns ok: false with timedOut on timeout (9467.737084ms)
✔ integrateOrchToBase emits integrate.failed with IntegrateTimeout on sync timeout (28879.6595ms)
✔ successful integrate still emits integrate.completed (regression) (23642.232209ms)
✔ partial sync failure returns ok: false with correct failureClass from integrateOrchToBase (25553.959125ms)
✔ syncPlumbingMergePathsToWorktree succeeds when worktree has paths not in HEAD (11863.305375ms)
✔ syncPlumbingMergePathsToWorktree restores paths that exist in merge commit (16380.551917ms)
✔ syncPlumbingMergePathsToWorktree skips diff paths absent from merge commit (10608.54875ms)
✔ assertOrchIntegratable refuses empty orch when mergeResults claim success (6191.268375ms)
✔ assertOrchIntegratable requires integrate when orch is ahead of base (8470.9715ms)
✔ reconcileBatch reports needs_integrate when batch completed but orch not on main (15031.134458ms)
✔ completeBatch refuses when orch is ahead but not integrated (12938.961708ms)
✔ integrateOrchToBase merges orch into main and journals events (24478.090333ms)
✔ integrateOrchToBase dry-run does not change main HEAD (13057.82475ms)
✔ completeBatch succeeds after integrate lands orch on main (29466.543833ms)
✔ integrateOrchToBase aborts merge on conflict and restores checkout (21184.599208ms)
✔ integrateOrchToBase fails when batch state is missing (0.275959ms)
✔ runSpineIntegrate CLI succeeds when orch tip already matches main (2599.256833ms)
✔ PRD §20.2 planner yields wave0 {A,C} and wave1 {B} (6858.688083ms)
✔ PRD §20.2 two-lane stub batch completes ABC waves (67071.341417ms)
✔ PRD §20.2 mixed-outcome blocks merge; retry resets wave B for resume (47267.181292ms)
✔ runStepReview with worker attach env does not journal when attach suppressed (58.295875ms)
✔ runSpineReviewStep with worker attach env does not journal when attach suppressed (26.387042ms)
✔ runSpineReportProgress with worker attach env does not journal when attach suppressed (38.172417ms)
✔ readJournalEventsCached returns same events as readJournalEvents (92.428584ms)
✔ readJournalEventsCached returns cached copy on second call without file change (64.845083ms)
✔ readJournalEventsCached invalidates when file mtime changes (34.11475ms)
✔ readJournalEventsCached returns empty array for missing file (5.368625ms)
✔ clearJournalCache forces re-read on next call (32.89725ms)
✔ invalidateJournalCache with matching path clears cache (33.365167ms)
✔ invalidateJournalCache with non-matching path preserves cache (57.443583ms)
✔ readJournalEventsCached handles transition from missing to existing file (20.844ms)
✔ readJournalEventsCached handles switch between different batch IDs (31.849917ms)
✔ runSpineJournal replay exits non-zero when journal missing (4.52075ms)
✔ runSpineJournal replay prints human table (43.07075ms)
✔ runSpineJournal replay --json returns events array (35.088666ms)
✔ exportJournalJsonl returns null when journal missing (4.036792ms)
✔ runSpineJournal export exits non-zero when journal missing (2.489417ms)
✔ runSpineJournal export writes jsonl to stdout (99.761041ms)
✔ runSpineJournal export --output writes file (61.034333ms)
✔ exportJournalMarkdown returns null when journal missing (5.908417ms)
✔ formatJournalMarkdownTimeline produces stable table shape (2.511541ms)
✔ formatJournalMarkdownTimeline escapes pipe characters in summary (0.145292ms)
✔ runSpineJournal export markdown exits non-zero when journal missing (7.676416ms)
✔ runSpineJournal export writes markdown to stdout (133.057333ms)
✔ runSpineJournal export markdown --output writes file (145.588375ms)
✔ detectBatchStateDrift flags running cache when reconcile sees doneInLane without journal terminal (4.042958ms)
✔ deriveStructuralBatchStateFromJournal rebuilds multi-lane skeleton without cache seed (4.140083ms)
✔ resume-parallel-lane-orphan fixture: journal-only rebuild marks resumed tasks running (1.72475ms)
✔ orphan-running-resume fixture: structural + lifecycle rebuild without seed (3.115375ms)
✔ pidless-ghost-running fixture: post-resume task.started wins over historical failure (1.593708ms)
✔ resume-orphan-historical-failure fixture: rebuild ignores pre-resume failure for active task (1.25075ms)
✔ retry-clears-failed-classification fixture: rebuild fixes stale failed cache (3.647084ms)
✔ retry-clears-failed-classification fixture: detectBatchStateDrift flags cache vs journal (1.308375ms)
✔ incident fixtures rebuild from disk matches in-memory journal rebuild (5253.841208ms)
✔ readJournalTimeline filters task and batch lifecycle events (0.532209ms)
✔ rebuildBatchStateFromJournal applies task.completed over stale failed cache (0.861917ms)
✔ detectBatchStateDrift flags journal completed vs cache failed (0.351458ms)
✔ detectBatchStateDrift ignores incomplete journal when cache failed (0.109916ms)
✔ incident orphan-running fixture: journal timeline is readable (5129.887625ms)
✔ appendJournalEvent writes schema v1 with ISO timestamp and payload (50.338625ms)
✔ readLastTaskFailedEvent returns most recent task.failed (44.803542ms)
✔ redactSecrets masks sensitive keys (0.2255ms)
✔ capPayloadSize truncates oversized payloads (0.147542ms)
✔ normalizeJournalEvent upgrades legacy lines (0.095959ms)
✔ readJournalEvents reads mixed legacy and v1 lines (21.443667ms)
✔ extractJournalDiagnosisHints surfaces failure events from tail (0.397708ms)
✔ commitLaneWorktree commits dirty worktree when .DONE exists (13113.552ms)
✔ commitLaneWorktree fails loud when dirty without .DONE (7373.898125ms)
✔ filterPorcelain drops lines matching ignore patterns by full path (0.260708ms)
✔ filterPorcelain drops lines matching ignore patterns by basename (0.078208ms)
✔ filterPorcelain keeps rename targets when only source matches ignore (0.066333ms)
✔ filterPorcelain returns empty for empty input (0.056959ms)
✔ mergeLaneToOrch rejects empty merge when lane commits were required (9830.067542ms)
✔ mergeLaneToOrch prefers orch for conflicts outside lane file scope (26509.423ms)
✔ mergeLaneToOrch does not auto-resolve in-scope lane conflicts (22476.515583ms)
✔ dismiss archives batch-state before clearing active file (9602.135209ms)
✔ complete with --detect-manual-merge succeeds when orch merged to main (12666.404292ms)
✔ complete refused when mergeResults succeeded but orch not on main (32118.728917ms)
✔ dismiss refused when diagnosis is running without --force (7423.794416ms)
✔ isPostMergeLimbo is true when tasks and merges succeeded with open orch branch (0.549667ms)
✔ isPostMergeLimbo rejects non-running or ended batches (0.094125ms)
✔ isPostMergeLimbo rejects empty or partial task/merge state (0.097083ms)
✔ isPostMergeLimbo respects git orch branch signals (0.555625ms)
✔ isPostMergeLimbo rejects null or non-object state (0.063709ms)
✔ resolveWorkerOutputConfig defaults live log streaming off (0.624459ms)
✔ workerLiveLogPath matches runtime layout (0.090417ms)
✔ truncateLiveLogBytes applies truncation marker when over cap (0.167ms)
✔ appendWorkerLiveLogChunk redacts secrets and enforces byte cap (8.288292ms)
✔ createWorkerLiveLogWriter returns null when streaming disabled (0.235833ms)
✔ runWorker streams subprocess stub output to live log when enabled (5468.973416ms)
✔ runWorker skips live log when streamWorkerOutputLive is false (5550.383458ms)
✔ runWorker still writes terminal failure log when live streaming enabled (5977.962709ms)
✔ startAgentSessionWorker flushes transcript chunks to live log (113.205125ms)
✔ appendWorkerLiveLogChunk rolls file with truncation marker when over max bytes (18.960958ms)
✔ MACRO_PHASES exports all eleven lifecycle values (1.012625ms)
✔ deriveMacroPhase: idle when no batch signals (0.131459ms)
✔ deriveMacroPhase: planning from batch phase (0.129666ms)
✔ deriveMacroPhase: executing for active running batch (0.099333ms)
✔ deriveMacroPhase: merging phase and needs_merge diagnosis (0.074541ms)
✔ deriveMacroPhase: reviewing when review.started is open (0.121125ms)
✔ deriveMacroPhase: gating for pending gate or post-merge limbo (0.064417ms)
✔ deriveMacroPhase: integrating for needs_integrate and open integrate.started (0.10725ms)
✔ deriveMacroPhase: completed, failed, aborted, paused terminal phases (0.086042ms)
✔ fixture running-batch.json reconciles to executing macro-phase (8102.0035ms)
✔ fixture taskplane-executing.json maps to executing (2.300583ms)
✔ fixture needs-retry-batch.json maps to failed macro-phase (8262.633458ms)
✔ fixture limbo-stale maps to completed macro-phase (7771.730875ms)
✔ all macro-phase enum values are reachable via deriveMacroPhase (0.687334ms)
✔ recordMergeBlocked sets terminal merge_blocked phase and clears enginePid (4194.972625ms)
✔ reconcileBatch diagnoses merge_blocked as failed merge, not needs_merge (7766.845292ms)
✔ legacy merging phase with endedAt and failed mergeResults reconciles as failed (8989.405625ms)
✔ findResumableWave skips succeeded merged waves when later wave has pending tasks (0.620458ms)
✔ validateMultiTaskResume allows force resume from merge_blocked (10023.062667ms)
✔ buildSuggestedCommand recommends resume --force for merge_blocked phase (0.283208ms)
✔ summarizeMergeFailures extracts failed wave and lane from mergeResults (0.575291ms)
✔ buildMergeFailureHeadline uses 1-based wave number and lane label (0.171666ms)
✔ buildHeadline for failed diagnosis surfaces merge conflict instead of zero failed tasks (0.205625ms)
✔ buildSuggestedCommand for merge failure suggests resume --force (0.129791ms)
✔ buildDiagnosisOutput bundles merge failure headline and command (0.137167ms)
✔ reconcileBatch surfaces merge failure fields distinct from failedTasks (8176.859625ms)
✔ spine status --json includes merge failure fields for monitors (9069.590583ms)
✔ spine status --diagnose prints merge failure details in text output (7024.532208ms)
✔ filterGitignoredPaths separates ignored and stageable paths (5534.692125ms)
✔ gitAddFilteredPaths skips gitignored paths without failing (6546.400708ms)
✔ mergeLaneToOrch succeeds when task branch committed gitignored coverage (28706.218958ms)
✔ commitLaneWorktree refuses gitignored-only dirty paths (9971.087875ms)
✔ commitLaneWorktree commits tracked files while skipping gitignored dirty paths (11972.6855ms)
✔ inferMergeGitignoredFailure detects gitignored merge and lane commit failures (0.268166ms)
✔ buildSuggestedCommand returns git rm --cached repair for gitignored merge failures (0.193125ms)
✔ reconcileBatch surfaces gitignored merge repair command from journal (8165.65075ms)
✔ filterPorcelain remains unchanged for SP-104 ignore patterns (0.320708ms)
✔ mergeLaneToOrch auto-resolves additive docs/PRD.md after origin/main merge task (26655.447708ms)
✔ mergeLaneToOrch fails PRD merge with recovery commands when hunks overlap (22609.654ms)
✔ formatPrdDocMergeFailure names file and wave recovery (0.299041ms)
✔ isActiveWorkerSession true when SPINE_WORKER_RUNNER is set (0.520583ms)
✔ isActiveWorkerSession false outside worker context (0.079125ms)
✔ runStepReview skips nested reviewer spawn when worker env is set (574.047167ms)
✔ runStepReview skips nested plan review spawn when worker env is set (265.235375ms)
✔ runStepReview stub path still works inside worker session (106.705917ms)
✔ runStepReview reaches pi availability check when worker env absent (19.523625ms)
✔ engine parent with leaked worker runner reaches reviewer spawn (21.422542ms)
✔ batch 20260619T020951 SP-306 plan step 0 journals review.skipped not review.failed (69.557291ms)
✔ detectNestedWorkerContext returns reason when SPINE_IS_WORKER=1 (0.607083ms)
✔ detectNestedWorkerContext returns reason when projectRoot is inside .worktrees/spine-* (0.121208ms)
✔ detectNestedWorkerContext returns null for normal projectRoot without worker env (0.107666ms)
✔ startBatch returns error when SPINE_IS_WORKER=1 (16.134458ms)
✔ startBatch returns error when projectRoot is inside .worktrees/spine-* (62.350375ms)
✔ startBatch succeeds normally (no env, normal CWD) — regression (31226.363333ms)
✔ buildWorkerChildEnv includes SPINE_IS_WORKER=1 (2.80825ms)
✔ journalEventsSinceResume excludes pre-resume terminal events (1.407875ms)
✔ detectOrphanRunning: historical task.failed + post-resume silence + dead engine (1.180541ms)
✔ resume orphan with historical failure fixture is not diagnosed as running (7493.642333ms)
✔ terminal event within scoped window still suppresses engine orphan (0.608125ms)
✔ journalIndicatesStalledSession: post-resume start without terminal (2.2585ms)
✔ detectOrphanRunning: PID-less ghost running with post-resume journal stall (0.38625ms)
✔ pidless ghost fixture reconcile is engine_orphaned, not running (7791.556209ms)
✔ terminal event within scoped window suppresses PID-less ghost signal (0.486625ms)
✔ isProcessAlive returns false for absent pid (1.08775ms)
✔ resume parallel lane orphan fixture: multiple running on lane 1 (1.727ms)
✔ resume parallel lane orphan fixture: reconcile is actionable after scoped orphan detect (6476.02225ms)
✔ searchATon orphan incident fixture: dead workerPid is not diagnosed as running (9045.996833ms)
✔ dead workerPid with running task is not diagnosed as running (8205.207542ms)
✔ dead enginePid mid-resume without terminal journal is engine_orphaned (6729.388666ms)
✔ running batch without recorded pids still reports running (7112.009708ms)
✔ detectOrphanRunning ignores dead engine when terminal journal exists (0.2305ms)
✔ recordBatchEnginePid persists under resilience and clears on terminal save (3722.563459ms)
✔ confirmed pause records batch.paused only after engine persists phase (5459.375292ms)
✔ unconfirmed pause does not leave orphan batch.paused journal entry (5848.464375ms)
✔ pauseBatch succeeds immediately when no attached engine is alive (5675.381ms)
✔ pauseBatch fails loud when attached engine keeps phase running (6005.854666ms)
✔ waitForPauseConfirmation returns true when phase stays paused (4458.688834ms)
✔ retryTask succeeds when batch phase is paused (4954.247ms)
✔ retryTask rejects when batch phase is running (4903.12025ms)
✔ batch 20260630T212050 orphan-after-merge fixture describes GitHub #59 incident (1.264458ms)
✔ batch 20260630T212050 journal fixture is limbo via resume detect but not bare state (10626.443917ms)
✔ hydrateMergeResultsFromJournal enables state limbo detection for batch 20260630T212050 (6574.762084ms)
✔ finalizeAttachedLandLoopBeforeExit opens gate for batch 20260630T212050 journal limbo (11645.824667ms)
✔ installAttachedExitFinalizeHandlers finalizes journal limbo on SIGTERM without manual resume (10198.019292ms)
✔ batch 20260629T021550 fixture is post-merge limbo without gate (4595.469916ms)
✔ attemptPostMergeLandLoopHandoff finalizes batch 20260629T021550 limbo after SIGTERM (10373.804208ms)
✔ resumeBatchDetached --force finalizes post-merge limbo without spawning engine (9361.634542ms)
✔ resumeBatch attached path finalizes batch 20260629T021550 limbo immediately (9088.190833ms)
✔ resumeMultiTaskBatch still finalizes batch 20260629T021550 after orphan_terminated (10778.610208ms)
✔ finalizeResumePostMergeLimbo clears stale engine pid during post-merge limbo (8593.587417ms)
✔ isPostMergeLimbo detects running phase with successful merges (0.538667ms)
✔ deriveDiagnosis returns needs_integrate for post-merge limbo (0.655708ms)
✔ finalizeBatchForIntegrate opens gate from post-merge limbo without resume (8553.36975ms)
✔ resumeMultiTaskBatch opens gate from post-merge limbo without re-running tasks (9627.970375ms)
✔ mixed-outcome post-mortem lists failed IDs and retry hint, not smooth success (8976.94925ms)
✔ false-success reconciliation headline is overridden when failures exist (0.381917ms)
✔ listFailedTaskIds prefers classified terminal-failure tasks (0.59275ms)
✔ collectEvidenceBundle summary.md is honest post-mortem markdown (7652.0875ms)
✔ dismissBatch writes post-mortem path into batch history (7531.431625ms)
✔ writeBatchPostMortem persists markdown under runtime batch dir (6730.356334ms)
✔ spine status --verbose includes post-mortem section for active batch (7693.8165ms)
✔ resolveStallConfig defaults progressSnapshotIntervalMinutes to 2 (0.548583ms)
✔ resolveStallConfig applies progressSnapshotIntervalMinutes override (0.076459ms)
✔ buildProgressSnapshotPayload is bounded and omits dirty path lists (0.52375ms)
✔ progressSnapshotPayloadChanged detects field deltas (0.095083ms)
✔ shouldEmitProgressSnapshot respects interval (0.072125ms)
✔ recordLaneProgressSnapshot journals bounded payload (257.368583ms)
✔ runWorker emits lane.progress_snapshot on interval and dedupes unchanged signals (10877.627167ms)
✔ startBatch fails closed on invalid PROMPT before batch starts (5254.248459ms)
fatal: malformed object name missing-base-branch
✔ inspectGitState records gitInspectionError when merged-branch scan fails (6496.068ms)
✔ deriveDiagnosis returns git_unavailable when git inspection failed (0.449125ms)
✔ reconcileBatch surfaces git_unavailable instead of limbo_stale on git failure (5297.336125ms)
fatal: malformed object name missing-base-branch
✔ reconcileBatch records count_commits_ahead git errors from real git refs (11075.675708ms)
✔ idle-no-batch returns healthy idle state (3982.090667ms)
✔ limbo_stale detected from incident fixture (8249.661209ms)
✔ completed_manual when orch branch merged to main (10515.522625ms)
✔ needs_retry when a task failed (7483.391833ms)
✔ running diagnosis for active batch (9080.941083ms)
✔ runReconciliationCheck matches reconcileBatch output shape (6850.364459ms)
✔ reconcileBatch includes journal hints when journal exists (5321.598292ms)
✔ reconcileBatch exposes macroPhase for running batch (4499.986584ms)
✔ reconcileBatch exposes macroPhase for limbo_stale (3735.993ms)
✔ failBatchFromEngineError writes batch.failed and clears enginePid (4882.151ms)
✔ reconcileGhostRunningTasks marks running tasks failed without worker (0.216042ms)
✔ resumeMultiTaskBatch fail-closed when post-commit gitPorcelain throws (18718.109958ms)
✔ resumeBatch opens integrate gate before batch.completed journal event (31359.774916ms)
✔ refreshLaneHeartbeatsOnResume aligns lane heartbeats to engineStartedAt (0.59ms)
✔ taskAlreadyComplete returns false for failed task with stale .DONE on disk (0.533417ms)
✔ resumeBatch after failed retry runs contract verification before succeed (26663.135042ms)
✔ resumeBatch continues paused 2-task 2-lane batch with stub workers (40012.270167ms)
✔ resumeBatch multi path requires existing lane worktrees (2644.600125ms)
✔ multi-task batch start → pause → resume completes both tasks (44797.249ms)
✔ paused multi-task batch diagnose suggests multi-task resume (4698.781125ms)
✔ multi-task startBatch completes two-lane stub batch (start path) (21392.063542ms)
✔ resumeBatch serializes four tasks on one lane (53650.050375ms)
✔ resumeBatch runs two lanes with two tasks each in parallel (26664.94575ms)
✔ validateMultiTaskResume accepts paused 2-task 2-lane batch (8828.546917ms)
✔ validateMultiTaskResume rejects batch with zero tasks (5909.619458ms)
✔ validateMultiTaskResume rejects missing worktree per lane (8968.953875ms)
✔ validateMultiTaskResume allows force resume when wave merge is pending (9206.615125ms)
✔ validateResumeBatch delegates to multi validator for single-task batch (3210.598916ms)
✔ resolveDetachedWaitTimeoutMs uses long default for wait-terminal orphan resume (0.558583ms)
✔ prepareOrphanResumeHandoff clears stale workerPid before orphan resume (4250.618084ms)
✔ clearStaleLaneWorkerPids preserves live worker pid (3674.846792ms)
✔ dual-dead lane+engine orphan reconciles as engine_orphaned with attached resume (10066.426875ms)
✔ attached resume --force completes stuck task after plan review orphan stall (28147.308ms)
✔ detached resume with wait-terminal uses extended timeout constant (0.232125ms)
✔ taskTerminalSuccessInBatch requires succeeded status and journal task.completed (0.549834ms)
✔ resume --force after partial retry does not review.start succeeded task IDs (39327.842375ms)
✔ pauseBatch sets phase paused and journals batch.paused (3744.873541ms)
✔ resumeBatch continues paused single-lane batch (25916.203ms)
✔ paused spine batch reconciliation suggests spine batch resume (5016.205959ms)
✔ validateBatchState requires segments aligned with tasks (0.538708ms)
✔ retryTask clears stale failure metadata before re-run (5028.87675ms)
✔ retry then task.completed updates counters and reconcile diagnosis (9172.876625ms)
✔ retry-clears-failed-classification fixture reconciles after success state (8033.162666ms)
✔ retryTask atomically resets task and segment records (3774.668834ms)
✔ retryTask fixes segment drift (GAP-RETRY-01) (4548.566208ms)
✔ resumeBatch refuses segment drift without retry (7150.868375ms)
✔ skipTask marks task skipped and updates counters (3791.640667ms)
✔ retryTask rejects when batch is running (1988.5535ms)
✔ defaultSegmentId used in segment records (0.368666ms)
✔ detectOrphanedReviewStarted finds orphaned review.started with no matching review.completed (0.716625ms)
✔ detectOrphanedReviewStarted returns empty when review.completed exists (0.09475ms)
✔ detectOrphanedReviewStarted distinguishes code and final review types (0.080416ms)
✔ reconcileOrphanedReviewEvents synthesizes completion when APPROVE artifact on disk (51.634125ms)
✔ reconcileOrphanedReviewEvents does NOT synthesize when no artifact on disk (15.788459ms)
✔ reconcileOrphanedReviewEvents does NOT synthesize for REVISE verdict (15.468ms)
✔ findCompletedCodeReview honors artifact at attempt > 0 (47.404417ms)
✔ normal review flow (no crash) still works correctly (0.199167ms)
✔ reconcileOrphanedReviewEvents handles final review with PASS verdict (97.921583ms)
✔ buildReviewerSystemPrompt includes project standards when rules manifest exists (22.086041ms)
✔ buildReviewerSystemPrompt emits reviewer.rules_selected journal event (29.254959ms)
✔ buildReviewRequest user prompt does not include injected standards block (0.354ms)
✔ runStepReview stub path does not emit reviewer.rules_selected (29.695875ms)
✔ isNoiseReviewScopePath matches runtime artifact paths (0.638209ms)
✔ filterReviewScopeNoise dedupes and drops noise (0.486834ms)
✔ resolvePlanReviewScopePaths returns PROMPT File Scope minus noise (2.389ms)
✔ resolveReviewScopePaths plan uses task PROMPT file scope (1.473458ms)
✔ resolveReviewScopePaths final returns empty scope (0.086375ms)
✔ resolveCodeReviewScopePaths uses baseline..HEAD when baseline provided (7521.793458ms)
✔ resolveCodeReviewScopePaths falls back to git diff --name-only without baseline (4986.311875ms)
✔ resolveReviewScopePaths code honors injectable git runner (0.297958ms)
✔ resolveCodeReviewScopePaths returns empty array when git fails (0.105041ms)
✔ parseReviewLevel reads PROMPT heading (0.674166ms)
✔ isReviewTypeRequired follows Taskplane rubric (0.084875ms)
✔ formatReviewTimestamp strips separators from ISO time (2.144583ms)
✔ buildReviewArtifactPath uses step-timestamp pattern (0.243375ms)
✔ buildFinalReviewArtifactPath uses final-timestamp pattern (0.115583ms)
✔ normalizeVerdict maps enums by review type (0.085459ms)
✔ normalizeFinalVerdict and normalizeCodeVerdict are type-specific aliases (0.080125ms)
✔ parseReviewVerdict reads JSON and markdown verdicts (0.48925ms)
✔ parseReviewVerdict accepts PASS REVISE REPLAN when reviewType is final (0.105583ms)
✔ parseReviewVerdict step mode rejects final-only verdict enums (0.17025ms)
✔ parseFinalReviewVerdict accepts PASS, REVISE, and REPLAN (0.141417ms)
✔ parseFinalReviewVerdict omits heading summary unlike parseReviewVerdict (0.099167ms)
✔ shouldRunCodeReview requires review level 2 or higher (0.076458ms)
✔ shouldRunFinalReview skips when review level is 0 (0.063875ms)
✔ DEFAULT_REVIEW_SPAWN_TIMEOUT_MS is 90 minutes (0.505541ms)
✔ honorReviewSpawnFailureWhenEligible honors final review when contract passed (4.616083ms)
✔ honorReviewSpawnFailureWhenEligible skips when contract failed (1.034666ms)
✔ honorReviewSpawnFailureWhenEligible honors code review with .DONE (3.2435ms)
✔ buildReviewerPiArgs includes --model when config pins reviewer (7.099ms)
✔ buildReviewerPiArgs omits --model when reviewer model is inherit (9.477042ms)
✔ buildReviewerPiArgs uses per-type model override for matching reviewType (17.75ms)
✔ buildReviewerPiArgs falls back to top-level reviewer pin when per-type block missing (29.099334ms)
✔ buildReviewerPiArgs cascades per-type inherit to top-level reviewer pin (10.786292ms)
✔ spawnReviewerPi fails closed when pi unavailable via SPINE_REVIEW_TEST_NO_PI (18.476458ms)
✔ buildReviewerChildEnv strips SPINE_WORKER_RUNNER from reviewer child env (0.36825ms)
✔ shouldBlockNestedReviewerSpawn false when only worker runner leaked on engine (0.1065ms)
✔ spawnReviewerPi allows engine spawn when worker runner leaked without journal attach (26.3415ms)
✔ shouldBlockNestedReviewerSpawn true inside live worker child session (0.26775ms)
✔ parseReviewLevel reads PROMPT heading (0.668417ms)
✔ isReviewTypeRequired follows Taskplane rubric (0.089542ms)
✔ buildReviewArtifactPath uses step-timestamp pattern (11.978542ms)
✔ buildFinalReviewArtifactPath uses final-timestamp pattern (0.152625ms)
✔ parseReviewVerdict reads JSON and markdown verdicts (0.53175ms)
✔ parseReviewVerdict accepts PASS REVISE REPLAN when reviewType is final (0.141292ms)
✔ parseReviewVerdict step mode rejects final-only verdict enums (0.105875ms)
✔ parseReviewVerdict accepts PASS REVISE REPLAN for final review type (0.146417ms)
✔ resolveBatchJournalContext ignores SPINE_BATCH_ID without SPINE_JOURNAL_ATTACH (0.20425ms)
✔ isJournalAttachBlocked honors SPINE_SUPPRESS_JOURNAL_ATTACH (0.131208ms)
✔ resolveBatchJournalContext blocked when attach suppressed (0.096792ms)
✔ runStepReview ignores SPINE_REVIEW_STUB_FAIL without stub mode (74.8475ms)
✔ runStepReview stub APPROVE writes artifact and journal events (90.138875ms)
✔ runStepReview stub REVISE returns exitCode 2 (13.721917ms)
✔ runStepReview fail-closed on stub spawn failure (61.127ms)
✔ runStepReview skips when review level does not require type (20.224542ms)
✔ runStepReview final stub PASS writes final artifact path (17.336625ms)
✔ runStepReview final spawn failure exits non-zero at review level >= 1 (7.114458ms)
✔ runSpineReviewStep CLI --type final emits JSON verdict (17.366292ms)
✔ runSpineReviewStep CLI emits JSON verdict (116.582834ms)
✔ assertReviewToolAvailable fails closed without pi at review level > 0 (114.14925ms)
✔ runWorker fails closed when review tool unavailable at level > 0 (69.522208ms)
✔ stub worker stops when enforced review spawn fails (298.07075ms)
✔ DEFAULT_REVIEW_SPAWN_TIMEOUT_MS remains 90 minutes (backstop unchanged) (0.470042ms)
✔ runStepReview honors on-disk APPROVE while pi hangs — seconds not stall timeout (890.371375ms)
✔ resolveReviewerModelPin returns per-type override when set (0.551ms)
✔ resolveReviewerModelPin falls back to top-level when per-type block missing (0.139584ms)
✔ resolveReviewerModelPin cascades per-type inherit to top-level pin (0.067542ms)
✔ resolveReviewerModelPin returns null for top-level inherit (0.061ms)
✔ resolveReviewerModelPin returns null when reviewer block absent (0.064334ms)
✔ resolveReviewerThinkingPin returns per-type override when set (0.076ms)
✔ resolveReviewerThinkingPin falls back to top-level when per-type block missing (0.054292ms)
✔ resolveReviewerThinkingPin cascades per-type inherit to top-level pin (0.049084ms)
✔ resolveReviewerThinkingPin returns null for off at any level (0.077792ms)
✔ resolveReviewerThinkingPin returns null when reviewer block absent (0.096208ms)
✔ resolveRulesManifestGeneratedAtMerge keeps newest generatedAt (0.644959ms)
✔ resolveRulesManifestGeneratedAtMerge fails when rules differ (0.097584ms)
✔ fingerprintRulesManifest ignores generatedAt (0.074458ms)
✔ mergeLaneToOrch clears generatedAt-only dirty rules-manifest before merge (15710.023ms)
✔ mergeLaneToOrch auto-resolves generatedAt-only rules-manifest conflict (7910.047167ms)
✔ mergeLaneToOrch fails loud when rules[] differ (5662.505ms)
✔ mergeLaneToOrch does not auto-resolve when other paths conflict (7171.809334ms)
✔ tryAutoResolveRulesManifestMergeConflict resolves in-progress merge (4765.747792ms)
✔ appendTaskMetric writes TaskMetricRecord JSONL line (44.089417ms)
✔ buildTaskMetricRecord includes laneNumber and durationMs when available (0.28025ms)
✔ buildTaskMetricRecord omits laneNumber when not a positive lane (0.123209ms)
✔ metrics.enabled false skips append without error (20.893167ms)
✔ resolveTaskMetricOutcome maps skipped_done_on_disk to skipped (0.239958ms)
✔ appendTaskMetric redacts secret-like fields and omits prompt text (19.717875ms)
✔ skipTaskDoneOnDisk records skipped task metric (49.935166ms)
✔ appendBatchMetric writes BatchMetricRecord JSONL line (9.446334ms)
✔ recordBatchTerminalMetric skips when metrics disabled (2.122041ms)
✔ dismissBatch appends batch metric line (3063.207292ms)
✔ spine metrics show filters by batch and formats table output (15.37525ms)
✔ spine metrics show CLI filters by batch id (183.079542ms)
✔ resolveSalvageConfig defaults autoCommitOnStall to false (0.506958ms)
✔ validateSpineConfig rejects non-boolean autoCommitOnStall (1.732167ms)
✔ recordTaskFailureSalvage with autoCommitOnStall commits scoped paths on lane branch (8379.590334ms)
✔ recordTaskFailureSalvage without autoCommitOnStall does not commit (3805.506583ms)
✔ salvage commit refuses merge_in_progress and index_conflicts (4772.112583ms)
✔ salvage commit refuses pre-commit hook failure (2302.639167ms)
✔ atomic retry retains salvage WIP commit on lane branch (3270.394541ms)
✔ inspectLaneSalvage scopes porcelain to file scope and task folder (5170.982792ms)
✔ recordTaskFailureSalvage journals inspection and writes evidence without committing (4095.297541ms)
✔ writeSalvageEvidence writes pretty JSON atomically without temp files (1818.037417ms)
✔ startBatch worker failure with dirty scoped file emits salvage and diagnose hint (18019.378833ms)
✔ parseSequenceArgs honors --auto-approve-gate and --force (0.568959ms)
✔ spine run sequence --auto-approve-gate dry-run succeeds under stub (5504.0605ms)
✔ spine run sequence --auto-approve-gate refused for real pi without --force (3124.530667ms)
✔ spine run sequence --auto-approve-gate --force dry-run succeeds for real pi (2918.800667ms)
✔ validateSequenceAutoApproveGate allows stub mode without force (0.575ms)
✔ validateSequenceAutoApproveGate blocks real pi without force (0.13825ms)
✔ validateSequenceAutoApproveGate allows real pi with force (0.075209ms)
✔ validateSequenceAutoApproveGate skips check when flag is false (0.069125ms)
✔ buildSequenceAutoApproveDoctorCheck warns for real pi (0.080209ms)
✔ buildSequenceAutoApproveDoctorCheck passes for stub mode (0.059542ms)
✔ runSequence refuses auto-approve on dry-run for real pi (0.408625ms)
✔ runSequence allows auto-approve dry-run with force on real pi (0.157833ms)
✔ readCurrentBatchLogTail returns null for missing file (0.599792ms)
✔ readCurrentBatchLogTail filters to last batch session header (2.495542ms)
✔ readCurrentBatchLogTail returns full content when no header exists (1.430625ms)
✔ readCurrentBatchLogTail respects lineCount limit (1.083833ms)
✔ waitForSequenceBatchTerminal returns settled when batch completes before timeout (6932.541709ms)
✔ waitForSequenceBatchTerminal does not exit while engine PID is alive (11541.934792ms)
✔ waitForSequenceBatchTerminal returns failure diagnosis even with alive engine (4240.603084ms)
✔ isMergeBlockedBatchOutcome detects mixed-outcome and merge_blocked phases (0.536625ms)
✔ evaluateWaveTaskDependencies filters runnable tasks by satisfied deps (0.581542ms)
✔ formatSequenceWaveSkipMessage names blocked dependencies per §17.4 (0.198625ms)
✔ resolveWaveAfterMergeBlocked continues wave 1 and skips wave 2 tasks (0.149708ms)
✔ planSequenceWaveTasks skips wave when no deps are satisfied (0.107583ms)
✔ 3-wave sequence continues wave 1 after wave 0 merge_blocked and skips wave 2 (47170.949791ms)
✔ isPiSessionMetadataPath matches .pi session roots and children (0.922917ms)
✔ checkGitClean ignores untracked .pi/ session metadata (2830.74775ms)
✔ checkGitClean still fails when non-.pi paths are dirty (3262.821625ms)
✔ runSequence with only .pi/ dirty passes preflight (52077.068417ms)
✔ runSequence surfaces preflight failure on stderr-equivalent output (21188.101292ms)
✔ resolveResumeFromWave continues after last completed wave (0.521333ms)
✔ sequence persists fromWave, completedWaves, and lastBatchId after wave 0 (35026.520917ms)
✔ resume after interrupted wave 0 integrate completes remaining waves (83920.631834ms)
✔ sequence halts on wave failure with --stop-on-failure and preserves completed waves (45773.963709ms)
✔ resolveWaveTaskIds and resolveSequenceWaves honor planner waves (0.995833ms)
✔ diagnosis helpers classify settled, waiting, and failure states (0.0945ms)
✔ dry-run prints operator-equivalent land loop commands per wave (0.222792ms)
✔ 2-wave stub sequence completes with auto-approve land loop (74206.848291ms)
✔ buildSequencePlan resolves pending scope for dry-run integration (4059.921209ms)
✔ skipTask leaves phase paused when all tasks terminal without merge (7755.958542ms)
✔ skipTask clears failed segment drift for reconcile (7304.932792ms)
✔ resolveWorkerOutputConfig applies lane defaults and overrides (0.551ms)
✔ captureWorkerOutputTail keeps last lines and marks byte truncation (0.286959ms)
✔ redactWorkerOutput applies built-in and config deny patterns (0.391459ms)
✔ runWorker stall_timeout captures stderr, persists log, journals stall_killed (5512.848542ms)
✔ collectEvidenceBundle references persisted worker output logs (26.841708ms)
✔ successful worker skips log unless retainWorkerOutputOnSuccess (5275.524083ms)
✔ SAT-020 replay: checkpoint_warning → stall_killed → salvage_inspection → task.failed (72136.93125ms)
✔ regression: stub worker still requires .DONE for batch success (23039.247541ms)
✔ recordTaskTransition writes batch-state then journal in order (1282.046875ms)
✔ saveSpineBatchState leaves prior JSON intact when atomic write fails (1071.471334ms)
✔ saveGateRecord leaves prior JSON intact when atomic write fails (1379.410584ms)
✔ validateBatchState accepts healthy schema v1 state (0.785041ms)
✔ validateBatchState rejects counter drift (0.165208ms)
✔ runSpineState validate passes on archived batch-state (46.118333ms)
✔ runSpineState validate fails loud on corrupt active state (107.845709ms)
✔ computeStatusProgress derives wave and task counts from batch raw (0.978167ms)
✔ computeStatusProgress returns null without batch raw (0.096708ms)
✔ formatStatusJson includes documented progress field names (0.153084ms)
✔ spine status --json includes task and wave progress for active batch (4214.341958ms)
✔ spine status --json omits progress counts when no batch is active (1335.024958ms)
✔ reconcileBatch exposes progress fields for spine watch consumers (3582.968375ms)
✔ classifyTaskDoneSemantics distinguishes lane vs main .DONE (issue #35) (977.964167ms)
✔ spine status --diagnose --json exposes explicit done flags mid-batch (4778.290083ms)
✔ verifyStubFileScopeMustChange fails when contract paths are unchanged (2356.054417ms)
✔ verifyStubFileScopeMustChange passes when contract path changed (2099.085125ms)
✔ verifyStubFileScopeMustChange passes for comma-in-single-backtick fileScopeMustChange (SP-396) (1464.038666ms)
✔ commitLaneWorktree rejects stub completion without fileScopeMustChange diffs (2145.542125ms)
✔ commitLaneWorktree allows stub completion when fileScopeMustChange is satisfied (4406.626ms)
✔ stub contract helpers detect release-critical contracts and legacy markers (0.327042ms)
✔ shouldEnforceStubContractAtLaneCommit uses env or legacy .DONE marker (1275.484583ms)
✔ stub cannot succeed merge/version task without file-scope changes (3272.802708ms)
✔ checkStubReleaseCritical warns when stub mode has pending fileScopeMustChange tasks (933.929333ms)
✔ diagnosis surfaces exitReason stub for M/L legacy stub .DONE markers (2.473833ms)
✔ reconcileBatch surfaces exitReason stub for succeeded M/L tasks with legacy stub .DONE (4229.252583ms)
✔ applyStubDeliveryStatusBlock updates existing header lines (0.691916ms)
✔ applyStubDeliveryStatusBlock appends block when header lines are missing (0.105667ms)
✔ writeStubDeliveryStatusIfNeeded updates STATUS for delivery-only contracts (31.631792ms)
✔ writeStubDeliveryStatusIfNeeded skips implementation scopes (19.780375ms)
✔ stub worker auto-writes STATUS for delivery-only fileScopeMustChange (282.275417ms)
✔ stub worker does not auto-write STATUS for implementation fileScopeMustChange (150.3005ms)
✔ stub worker STATUS delivery satisfies verifyStubFileScopeMustChange (2219.088291ms)
✔ isSupervisorSpawnEnabled defaults to false (0.597041ms)
✔ resolveSupervisorPollIntervalMs uses default and honors config (0.088375ms)
✔ resolveSupervisorModel returns inherit by default (0.069ms)
✔ shouldEmitSupervisorNudge covers actionable diagnoses (0.075583ms)
✔ buildSupervisorObservationPayload shapes reconcile fields (0.119333ms)
✔ buildSupervisorNudgePayload includes headline and suggestedCommand (0.395209ms)
✔ isSupervisorMonitorTerminal detects terminal phases and diagnoses (0.071792ms)
✔ spawnDetachedSupervisor does not spawn when disabled (1223.812416ms)
✔ enabled:true journals supervisor.started and supervisor.stopped on terminal (3481.60075ms)
✔ enabled:false produces no supervisor journal events via maybeSpawnSupervisorOnDetachedStart (1352.330041ms)
✔ killSupervisor journals supervisor.stopped and clears state (1429.598583ms)
✔ spawnDetachedSupervisor spawns monitor child when enabled (2381.482958ms)
✔ parseTaskSizeFromMarkdown reads Size line (0.634208ms)
✔ resolveTaskStallMinutes uses max of config and size floor (0.847417ms)
✔ resolveStallConfigForTask applies minutes to stallTimeoutMs (0.149208ms)
✔ journalTaskAwaitingFirstHeartbeat: true after task.started before lane.heartbeat (0.614292ms)
✔ journalTaskAwaitingFirstHeartbeat: false after matching lane.heartbeat (0.089042ms)
✔ detectOrphanRunning suppresses lane orphan during first-heartbeat debounce when engine alive (0.344291ms)
✔ detectOrphanRunning still reports lane orphan before heartbeat when engine is dead (0.132417ms)
✔ detectOrphanRunning still reports lane orphan after first heartbeat (0.106333ms)
✔ reconcileBatch: transient dead workerPid mid-start diagnoses running not worker_orphaned (3695.558209ms)
✔ reconcileOrphanRunningState does not fail running task during debounce window (1456.379083ms)
✔ post-heartbeat dead pid still worker_orphaned with retry (4655.47525ms)
✔ hasPendingWaveMerge is true when an intermediate wave lacks mergeResults (0.719583ms)
✔ hasPendingWaveMerge is false when every terminal wave is recorded (0.488541ms)
✔ recordWaveMergeResult records forceMerged flag and updates existing wave row (0.135875ms)
✔ resolveWorkerBackend defaults to subprocess (0.822875ms)
✔ resolveWorkerBackend honors agentSession flag (0.097625ms)
✔ validateWorkerBackendConfig rejects invalid values (0.113791ms)
✔ validateSpineConfig accepts optional workerBackend (0.252958ms)
✔ settings registry validates workerBackend enum case-sensitively (0.167958ms)
✔ buildAgentSessionWorkerPrompt includes PROMPT reference and review hint (3.175917ms)
✔ createStubAgentSession writes .DONE (5.450042ms)
✔ startAgentSessionWorker completes with injected mock session (6.12175ms)
✔ runWorker uses agentSession backend with mock factory (5159.76675ms)
✔ runWorker keeps subprocess default when workerBackend unset (5104.127792ms)
✔ WORKER_BACKENDS lists supported values (0.602292ms)
✔ buildWorkerBackendDoctorCheck reports subprocess as production default (0.137959ms)
✔ buildWorkerBackendDoctorCheck warns or fails on opt-in agentSession (0.237917ms)
✔ buildWorkerBackendDoctorCheck falls back to subprocess for invalid config (0.040958ms)
✔ DIAGNOSIS_TAXONOMY includes worker_done_missing distinct from worker_orphaned and needs_retry (0.537375ms)
✔ outputIndicatesWorkerDoneMissing matches runner stderr message (0.105917ms)
✔ inferWorkerDoneMissingFailure reads task.failed payload from journal (0.201958ms)
✔ buildHeadline and buildSuggestedCommand for worker_done_missing cite worker log (0.322792ms)
✔ reconcileBatch diagnoses worker_done_missing for issue #18 journal pattern (3892.960542ms)
✔ buildDiagnosisOutput bundles worker_done_missing headline and retry command (0.228417ms)
✔ resolvePiSpineRoot defaults to pi-spine package root (0.877334ms)
✔ resolvePiSpineRoot honors development.piSpineRoot override (69.432417ms)
✔ buildWorkerChildEnv sets PI_SPINE_ROOT for worker spawn (13.944208ms)
✔ validateWorkerLaunchScriptPath requires scripts/ prefix (9.611083ms)
✔ validateWorkerLaunchScriptPath rejects traversal (1.303333ms)
✔ validateWorkerLaunchScriptPath rejects symlink escape (6.079584ms)
✔ resolveSafeWorkerLaunchScript returns default when present (11.991083ms)
✔ validateSpineConfig rejects unsafe development.workerLaunchScript (0.606875ms)
✔ DEFAULT_WORKER_LAUNCH_SCRIPT matches conventional path (0.072916ms)
✔ runWorker classifies launch script fast-fail as launch_failed (5377.507125ms)
✔ appendWorkerAgentModelArgs adds --model when configured and not inherit (0.548083ms)
✔ appendWorkerAgentModelArgs omits --model for inherit and empty (0.086792ms)
✔ appendWorkerAgentModelArgs adds --thinking when set and not off (0.0635ms)
✔ buildWorkerPiArgs includes --model cursor/auto from spine-config (23.702791ms)
✔ buildWorkerPiArgs omits --model when agents.worker.model is inherit (9.980792ms)
✔ parseWorkerDoneMarker accepts legacy empty and text markers (1.588667ms)
✔ parseWorkerDoneMarker accepts structured JSON markers (0.124167ms)
✔ parseWorkerDoneMarker rejects partial JSON markers (0.076916ms)
✔ isWorkerDoneMarkerValid mirrors parseWorkerDoneMarker (0.07275ms)
✔ writeWorkerDoneMarker writes atomic structured JSON (14.560875ms)
✔ readWorkerDoneMarker reports absent marker (3.655791ms)
✔ persistWorkerOutputLog writes atomically without temp leftovers (10.394167ms)
✔ resolveWorkerPiTimeoutMs uses per-size stall floor (0.542833ms)
✔ resolveWorkerPiTimeoutMs honors SPINE_WORKER_PI_TIMEOUT_MS override (0.095917ms)
✔ buildWorkerChildEnv sets SPINE_WORKER_PI_TIMEOUT_MS from stall budget (0.501667ms)
✔ buildPiWorkerTimeoutDoctorCheck reports stall-aligned timeout for M floor (0.1825ms)
✔ runWorker terminates hung child after .DONE and returns ok: true (10287.015167ms)
✔ runWorker pre-.DONE stall_timeout still works (5413.078875ms)
✔ buildWorkerTailPrompt includes critical-rules for JS-scoped task (26.460833ms)
✔ buildWorkerContextAsync appends config.standards end-to-end (1.800208ms)
✔ buildWorkerContextAsync emits worker.rules_selected journal event (118.998792ms)
✔ buildWorkerContextAsync falls back to static context without .cursor/rules (31.394291ms)
✔ buildReviewLevelHint delegates code and final review to engine (0.643417ms)
✔ buildCommitBoundaryHint uses SP-064 feat(taskId) convention (0.1095ms)
✔ buildDoneCheckpointHint references done path and uncommitted failure (0.153875ms)
✔ buildWorkerTailPrompt includes tools hint and task id from folder (0.541667ms)
✔ buildWorkerTailPrompt appends worker agent and PROMPT when present (75.157ms)
✔ shouldSlideStallAnchorOnHeartbeat only slides worker_alive in pi phase (0.504042ms)
✔ computeStallDeadline slides silent stall window when lastAliveAt advances (0.184417ms)
✔ nextStallAnchorAt advances only on pi worker_alive (0.080667ms)
✔ runWorker worker_alive heartbeats extend stall deadline past initial window (20982.70775ms)
✔ runWorker silent stall still fails without heartbeats (5483.635208ms)
✔ SP-190 wedge fixture describes hung-child-after-.DONE incident (1.019708ms)
✔ SP-190 wedge class: engine completes within post-done grace (SP-193) (10382.593416ms)
✔ completeBatch removes lane worktrees and journals batch.worktrees_cleaned (5470.914959ms)
✔ dismissBatch removes lane worktrees and journals batch.worktrees_cleaned (4682.509916ms)
✔ completeBatch keeps worktree when cleanupWorktreesOnComplete is false (5150.505833ms)
✔ provisionLaneWorktree normalizes git metadata to relative posix paths (1946.551875ms)
✔ repairLaneWorktreeGitMetadata fixes broken absolute gitdir pointers (1978.511167ms)
✔ normalizeLaneWorktreeGitPaths is idempotent (1514.399417ms)
✔ validateMultiTaskResume repairs unhealthy lane worktree git metadata (3062.054458ms)
✔ validateWorktreeSetupHookPath accepts ./scripts/ prefix when file exists (16.817584ms)
✔ validateWorktreeSetupHookPath rejects ./scripts/../ traversal (3.3335ms)
✔ validateSpineConfig rejects unsafe worktreeSetupHook (0.555084ms)
✔ checkWorktreeSetupHook fails preflight for unsafe hook path (3.15525ms)
✔ runWorktreeSetupHook succeeds with JSON stdout (341.585ms)
✔ runWorktreeSetupHook throws when hook returns ok false (301.008292ms)
✔ runWorktreeSetupHook throws on malformed JSON stdout (281.774959ms)
✔ runWorktreeSetupHook is no-op when hook not configured (24.340584ms)
✔ batch help helpers detect help invocations (0.502375ms)
✔ printBatchHelp returns usage text (0.140375ms)
✔ runSpineBatch exits 0 for help without starting a batch (990.861458ms)
✔ spine batch start --help does not create batch state (1267.547584ms)
✔ isCliEntrypoint returns true when argv[1] is a symlink to the module (4.6015ms)
✔ isCliEntrypoint returns false for an unrelated script path (0.268375ms)
✔ isCliEntrypoint returns false when argv[1] is missing (0.290417ms)
✔ spine help via symlink produces stdout and exit 0 (263.287125ms)
✔ spine version via symlink produces stdout and exit 0 (1626.5815ms)
✔ HANDOFF_DEFAULTS autoWriteOn includes session_start (0.862167ms)
✔ /spine auto-writes handoff on session_start when batch needs attention (7192.791042ms)
✔ /spine skips auto-write when autoWriteOn excludes session_start (3930.174459ms)
✔ /spine skips auto-write for idle diagnosis even with session_start enabled (17874.28325ms)
✔ /spine merges default autoWriteOn when config omits handoff.autoWriteOn (7778.828ms)
✔ formatIssueDraftMarkdown renders all issue checklist sections (0.936083ms)
✔ formatIssueDraftMarkdown applies redaction to section content (0.141125ms)
✔ buildIssueDraftBody returns title, body, and labels for idle repo (14776.699916ms)
✔ buildIssueDraftBody includes batch context and journal tail (31093.657208ms)
✔ buildIssueDraftBody maps issueType to GitHub labels (36770.735125ms)
✔ buildIssueDraftBody rejects invalid issueType (2718.025625ms)
✔ buildIssueDraftBody redacts sk- token patterns in title and body (13983.933292ms)
✔ parseJournalFollowArgs reads batch, lane, and json flags (0.930958ms)
✔ resolveFollowBatchId uses reconcile then batch-state (2438.9255ms)
✔ formatJournalFollowLine uses summarizeJournalEvent (1.496459ms)
✔ formatJournalFollowOutputLine filters by lane and supports json passthrough (0.358917ms)
✔ readJournalFollowSnapshot prints header once in human mode (36.27525ms)
✔ runJournalFollow exits non-zero when journal missing (3.150083ms)
✔ runJournalFollow exits non-zero when no batch can be resolved (5.480917ms)
✔ runJournalFollow prints existing events without following (39.890167ms)
✔ runJournalFollow defaults batch from batch-state (2942.673417ms)
✔ spine journal follow exits non-zero when journal missing (199.223167ms)
✔ parseLaneNumber accepts positive integers (0.564458ms)
✔ parseLaneLogsArgs reads lane, task, batch, and follow flags (0.488125ms)
✔ extractTaskIdFromLogFilename parses worker log names (0.083792ms)
✔ resolveLaneLogPath prefers live log when present (147.723916ms)
✔ resolveLaneLogPath falls back to worker-output log (67.585834ms)
✔ findMostRecentLogTaskId picks newest log in lane directory (40.473208ms)
✔ resolveLaneLogTaskId uses explicit task id (19.748208ms)
✔ resolveLaneLogTaskId infers running task from batch state (183.904584ms)
✔ runLaneLogs exits non-zero when lane is missing (72.47875ms)
✔ runLaneLogs exits non-zero when no batch can be resolved (34.090375ms)
✔ runLaneLogs prints existing log without following (2762.198667ms)
✔ runLaneLogs prefers live log content (1970.95125ms)
✔ spine lane logs exits non-zero when log file missing (2444.593125ms)
✔ isExitVerificationTask detects exit verification headings (0.757792ms)
✔ shouldRunContractVerifyForWorker skips stub for normal tasks (0.922583ms)
✔ shouldRunContractVerifyForWorker runs stub contract for exit tasks (0.233875ms)
✖ runPhase23ExitVerify --skip-test passes structural checks in repo (95.142334ms)
✖ spine verify phase23-exit CLI is wired (66.862875ms)
✔ runScenariosList prints empty registry message (4.987833ms)
✔ runScenariosList returns sorted scenarios as JSON (28.892125ms)
✔ runScenariosShow returns scenario details (27.094125ms)
✔ runScenariosShow rejects unknown scenario (10.535292ms)
✔ loadScenarioFixture reads incident fixture from registry entry (30.459292ms)
✔ loadScenarioFixture rejects recipe kind (0.291125ms)
✔ materializeFixtureToProject writes batch-state and journal tail (1468.489792ms)
✔ assertMaterializeAllowed blocks when batch-state exists (1126.001875ms)
✔ runScenariosMaterialize blocks active batch without --force (1096.04275ms)
✔ runScenariosMaterialize writes fixture with --force (1288.668917ms)
✔ runScenariosMaterialize rejects recipe scenarios (23.612625ms)
✔ spine scenarios CLI routes list and materialize (1493.767375ms)
✔ parseSequenceArgs defaults scope to pending and stopOnFailure to true (0.585209ms)
✔ parseSequenceArgs honors wave and attached flags (0.096208ms)
✔ formatSequenceResult emits JSON when requested (0.486667ms)
✔ spine run sequence pending --dry-run prints per-wave land loop commands (2085.756958ms)
✔ spine run sequence pending --dry-run --json returns structured payload (1753.487375ms)
✔ spine run sequence pending --from-wave 1 limits dry-run to later waves (1306.192167ms)
✔ runSpineSequence rejects invalid through-wave with non-zero exit (1847.981333ms)
✔ spine run pending still aliases batch start (1682.753ms)
✔ buildSuggestedCommand for state_drift uses retry with task id (0.595375ms)
✔ buildSuggestedCommand for state_drift while running suggests pause then retry (0.076291ms)
✔ buildSuggestedCommand for state_drift without task id falls back to diagnose (0.062042ms)
✔ assembleHandoffData returns idle shape when no active batch (1222.382916ms)
✔ assembleHandoffData includes reconciliation fields for active batch (3343.253667ms)
✔ assembleHandoffData redacts secret-like payload fields in journal tail (4355.818625ms)
✔ paused batch handoff lists pending tasks and spine batch resume (5053.803708ms)
✔ renderHandoffMarkdown matches golden snapshot structure (4664.608709ms)
✔ redactHandoffText removes KEY TOKEN and SECRET value patterns (0.239666ms)
✔ recordHandoffWritten appends handoff.written journal event (1319.093708ms)
✔ handleNext appends handoff path hint when handoff file exists (3600.659625ms)
✔ runSpineHandoff --json writes handoff file and returns structured output (5615.644291ms)
✔ runInit copies rules profile, discovers manifest, standards default [] (48.989708ms)
✔ runInit dry-run plans rules files without writing (9.492542ms)
✔ rules-manifest.json is not listed in .gitignore (0.289541ms)
✔ parseIssueDraftArgs applies defaults and flags (0.610625ms)
✔ buildIssueDraftBody works in idle repo without batch context (14161.972625ms)
✔ runSpineIssueDraft writes draft file and prints human output by default (12189.117875ms)
✔ runSpineIssueDraft --json returns structured payload without writing file (14722.394416ms)
✔ runSpineIssueDraft --create fails clearly when gh is missing (3366.48ms)
✔ runSpineIssue rejects unknown subcommands (3078.584792ms)
✔ spine issue draft routes through spine.mjs help and dispatch (14586.704167ms)
✔ buildIssueDraftBody redacts secret-like values (12666.845209ms)
✔ get-version helpers use spawnSync without shell (146.120708ms)
✔ spine help and version route through thin CLI entry (3665.80475ms)
✔ spine rejects unknown commands (157.15725ms)
✔ router dispatches plan, status, batch, gate, and integrate (3320.950166ms)
✔ spine rules --help lists subcommands (221.62475ms)
✔ runSpineRules discover writes manifest in initialized project (1672.763917ms)
✔ runSpineRules select rejects invalid PROMPT before manifest check (848.361042ms)
✔ runSpineRules select uses validated file scope (1359.299208ms)
✔ runSpineRules select requires manifest (2227.140792ms)
✔ spine rules sync via CLI exits zero in pi-spine repo (409.940667ms)
✔ parseRulesArgv defaults role to worker (0.210083ms)
✔ parseRulesArgv requires review-type for reviewer role (0.674042ms)
✔ runSpineRules select worker default unchanged (1267.599125ms)
✔ runSpineRules select reviewer plan uses PROMPT file scope (1854.058334ms)
✔ runSpineRules select reviewer final returns empty scope (1155.108833ms)
✔ runSpineRules select reviewer code honors baseline (2803.877084ms)
✔ spine status prints macro phase for idle repo (1635.291125ms)
✔ spine status prints macro phase for active batch (3454.955708ms)
✔ spine status --diagnose verbose signals include macroPhase (4944.236625ms)
✔ spine status --json includes macroPhase fields (4477.653416ms)
✔ parseDurationMs accepts plain seconds and suffix forms (0.790166ms)
✔ parseDurationMs rejects invalid values (0.266292ms)
✔ parseUntilDiagnoses parses comma-separated diagnoses (0.479458ms)
✔ parseUntilDiagnoses rejects unknown diagnoses (0.117541ms)
✔ parseWaitArgs requires --until and applies defaults (0.1215ms)
✔ parseWaitArgs accepts timeout interval and json (0.073459ms)
✔ parseWaitArgs rejects unknown flags (0.069291ms)
✔ diagnosisMatchesUntil matches only non-null diagnoses in set (0.077083ms)
✔ runSpineWait exits 0 when diagnosis matches (0.292ms)
✔ runSpineWait exits 1 on timeout and emits final json snapshot (0.195625ms)
✔ runSpineWait polls until diagnosis changes (0.147042ms)
✔ spine wait --json exits 0 when diagnosis matches fixture (4551.0685ms)
✔ spine wait times out with exit 1 (4637.387209ms)
✔ spine wait rejects missing --until (311.316625ms)
✔ spine help lists wait command (345.511333ms)
✔ parseWatchArgs defaults (12.7155ms)
✔ parseWatchArgs accepts interval json and once (6.653916ms)
✔ parseWatchArgs rejects invalid interval (0.314375ms)
✔ parseWatchArgs rejects unknown flags (0.080083ms)
✔ formatWatchHumanLine renders compact reconcile summary (0.092958ms)
✔ formatWatchHumanLine uses idle placeholders when batch absent (0.112667ms)
✔ buildWatchSnapshot includes core fields and progress block when present (0.531708ms)
✔ buildWatchSnapshot prefers explicit progress object (0.083917ms)
✔ runSpineWatch --once human mode prints one line (0.226792ms)
✔ runSpineWatch --once json mode prints NDJSON snapshot (0.194583ms)
✔ runSpineWatch polls until once breaks loop without extra reconcile calls (0.114ms)
✔ spine watch --once integrates with reconcileBatch in idle repo (2307.127334ms)
✔ spine watch --json --once emits reconcile snapshot for active batch (5073.683125ms)
✔ spine watch rejects invalid interval (197.9105ms)
✔ spine help lists watch command (190.723666ms)
✔ DIAGNOSIS_TAXONOMY includes needs_replan (0.529625ms)
✔ needs_replan diagnosis messaging matches handoff §9.1 shape (0.715167ms)
✔ buildDiagnosisOutput bundles needs_replan operator fields (0.13525ms)
✔ deriveDiagnosis prefers needs_replan over needs_retry for replan failures (0.293666ms)
✔ needs_replan blocks needs_merge diagnosis when replan task remains (0.076875ms)
✔ reconcileBatch surfaces needs_replan with edit-PROMPT suggestion (4885.508791ms)
✔ I-01 progress signals extend stall deadline past hard timeout (0.64375ms)
✔ I-02 spine batch retry resets task and segment with pendingSegments > 0 (1878.049458ms)
✔ I-03 spine state validate rejects corrupt batch-state (58.116583ms)
✔ I-04 spine batch abort archives batch-state before clearing active file (1282.62125ms)
✔ I-05 wave merge blocked on failed/pending tasks; force-merge override exists (1996.515542ms)
✔ I-06 retry refused while batch phase is executing or merging (1790.863459ms)
✔ I-07 stall logic uses STATUS, lane commit, and file-scope mtime signals (969.509ms)
✔ I-08 post-mortem does not claim success when failures exist (4194.18975ms)
✔ I-09 CONTEXT documents serial bootstrap and preflight execution policy (0.681291ms)
✔ I-10 runStepReview fail-closed when review tool unavailable at level > 0 (24.777833ms)
✔ CONFIG_V2_SECTION_DEFAULTS match handoff §6.2 (0.894458ms)
✔ applyConfigDefaults merges missing v2 sections without overwriting existing keys (0.211125ms)
✔ loadSpineConfig merges defaults for legacy config missing v2 keys (11.0915ms)
✔ init scaffold includes v2 config sections from template (10.467292ms)
✔ CONTRACT_DEFAULTS match handoff §3.1 (0.926917ms)
✔ applyConfigDefaults merges contract section (0.293833ms)
✔ validateContractConfig rejects invalid mode (0.153042ms)
✔ validateContractConfig rejects non-array legacyTaskIdPrefixes (0.066209ms)
✔ validateSpineConfig accepts valid contract block (0.211875ms)
✔ validateSpineConfig rejects invalid contract.mode via validateSpineConfig (0.062791ms)
✔ discoverCursorRules returns empty manifest when rules root is missing (14.597792ms)
✔ discoverCursorRules excludes brutal-audit rules via profile patterns (55.076417ms)
✔ discoverCursorRules records parse warn entries in manifest rules (86.139334ms)
✔ discoverCursorRules manifest round-trip via atomic write (69.915917ms)
✔ classifyCursorRuleSpineClass prefers always over globs (1.359459ms)
✔ getCursorRuleExclusionReason matches excludeRelPaths exactly (0.492375ms)
✔ expandFileScopeProbes returns empty for empty scope (0.916042ms)
✔ expandFileScopeProbes adds synthetic probes for dir/* and dir/** (0.182625ms)
✔ expandFileScopeProbes keeps literal file paths (0.215083ms)
✔ expandFileScopeProbes expands in-path wildcards (0.079709ms)
✔ ruleGlobsMatchFileScope is false for empty file scope (0.116041ms)
✔ ruleGlobsMatchFileScope matches **/* when file scope is non-empty (0.109208ms)
✔ ruleGlobsMatchFileScope matches JS globs against mjs scope (0.564917ms)
✔ ruleGlobsMatchFileScope matches scope glob entries against rule globs (0.859709ms)
✔ parseCursorRuleFrontmatter returns skip when frontmatter missing (5.509042ms)
✔ parseCursorRuleFrontmatter parses array globs fixture (1.85675ms)
✔ parseCursorRuleFrontmatter splits comma-separated globs (0.773042ms)
✔ parseCursorRuleFrontmatter treats empty globs array as no patterns (1.405875ms)
✔ parseCursorRuleFrontmatter defaults missing globs key to empty array (0.712542ms)
✔ parseCursorRuleFrontmatter coerces alwaysApply booleans (1.315667ms)
✔ parseCursorRuleFrontmatter matches repo comma-separated task authoring layout (0.199459ms)
✔ parseCursorRuleFrontmatter matches general-llm alwaysApply true layout (0.223625ms)
✔ parseCursorRuleFrontmatter matches audit-workflow empty globs layout (0.152666ms)
✔ parseCursorRuleFrontmatter warns on invalid alwaysApply and bad globs (0.225875ms)
✔ DEFAULT_RULES_PROFILE seeds worker include and discovery excludes (0.576375ms)
✔ loadRulesProfile returns built-in defaults when file missing (65.489ms)
✔ mergeRulesProfile applies neverInclude over alwaysInclude (0.25825ms)
✔ mergeRulesProfile applies reviewer defaults when file omits reviewer (0.085792ms)
✔ mergeRulesProfile applies reviewer neverInclude over alwaysInclude (0.105042ms)
✔ loadRulesProfile rejects invalid JSON with RULES_PROFILE_INVALID (35.35475ms)
✔ validateRulesProfile rejects unsupported profileVersion (0.233625ms)
✔ loadRulesProfile merges partial file overrides (18.93825ms)
✔ validateRulesProfile rejects schema and path traversal errors (0.885667ms)
✔ loadRulesProfile rejects validated file errors (24.076833ms)
✔ selectRulesForReviewer returns empty when reviewer.enabled is false (3.699125ms)
✔ selectRulesForReviewer never selects taskplane-worker-cursor.mdc (0.329958ms)
✔ selectRulesForReviewer selects glob rules when scopePaths match (0.601167ms)
✔ selectRulesForReviewer appends standards without duplicates (0.200958ms)
✔ selectRulesForReviewer respects neverLoad (0.115625ms)
✔ selectRulesForReviewer uses profile.reviewer.maxRules cap (8.464292ms)
✔ context path helpers round-trip under .cursor/rules (0.604375ms)
✔ selectRulesForWorker includes alwaysInclude and always-class rules (1.610958ms)
✔ selectRulesForWorker selects JS globs and excludes Swift for JS-only scope (15.811ms)
✔ selectRulesForWorker matches OWASP for bin/*.mjs scope via scope glob (0.260458ms)
✔ selectRulesForWorker appends standards without duplicates (0.224917ms)
✔ selectRulesForWorker respects neverLoad and neverInclude (0.129125ms)
✔ selectRulesForWorker exports journal-friendly entries shape (0.096708ms)
✔ normalizeTasksRootFromEnv accepts relative and rejects parent traversal (0.680375ms)
✔ applyEnvOverrides: SPINE_MAX_LANES overrides file value (0.306834ms)
✔ applyEnvOverrides: SPINE_TASKS_ROOT overrides paths.tasksRoot (0.096666ms)
✔ applyEnvOverrides rejects invalid SPINE_MAX_LANES (0.141125ms)
✔ loadSpineConfig applies env overrides after file load (1964.695417ms)
✔ SPINE_TASKS_ROOT env discovers tasks under alternate root in plan (1355.936625ms)
✔ spine settings show reports env source for overridden lanes.maxParallel (2028.942666ms)
✔ runDoctorChecks lists effective config with env source (11720.002667ms)
✔ DEFAULT_REVIEWER_CONTEXT_BYTE_CAP is 16KiB (0.525917ms)
✔ buildReviewerContext skips when .cursor/rules is missing (17.334667ms)
✔ buildReviewerContext does not inject referenceDocs (17.268416ms)
✔ buildReviewerContext truncates at byte cap (36.166333ms)
✔ buildReviewerContext emits reviewer.rules_selected journal event (24.20975ms)
✔ buildReviewerContext degrades gracefully on invalid rules profile (220.325959ms)
✔ buildReviewerContext selects rules for scoped plan review (64.634708ms)
✔ emitReviewerRulesSelected is no-op without journal context (1.5125ms)
✔ SETTINGS_FIELDS lists editable paths including reviewer per-type pins (3.752416ms)
✔ listEditableFields returns shallow copies (0.174167ms)
✔ parseSettingPath rejects unknown path (0.137917ms)
✔ parseSettingPath accepts registered path (0.065791ms)
✔ lanes.maxParallel accepts valid integer and coerces string (0.1415ms)
✔ lanes.maxParallel rejects below min and above max (0.074125ms)
✔ gates.requireBeforeIntegrate accepts booleans and CLI strings (0.126417ms)
✔ agents.worker.model accepts inherit and optional empty (0.074292ms)
✔ agents.worker.thinking accepts enum values case-insensitively (0.134708ms)
✔ agents.reviewer.model accepts inherit and optional empty (0.117208ms)
✔ agents.reviewer.thinking accepts inherit and enum values (0.07625ms)
✔ agents.reviewer.plan.model accepts per-type override values (0.056666ms)
✔ agents.reviewer.code.thinking accepts per-type inherit (0.061666ms)
✔ dashboard.port accepts valid port range (0.074583ms)
✔ lanes.workerBackend accepts registered enum values (0.058875ms)
✔ validateSettingValue rejects unknown path (0.060917ms)
✔ src/cli and src/migrate do not import from bin/ (184.173917ms)
✔ src/** has no bin/ imports (108.918167ms)
✔ spine-config template defaults mirror package.json script patterns (0.866459ms)
✔ init applies testing defaults including coverage command (25.133333ms)
✔ dogfood spine-config has non-empty testing fields (0.389208ms)
✔ buildTestingEvidenceDoctorChecks warns on empty build when collectBuildEvidence (0.124667ms)
✔ buildTestingEvidenceDoctorChecks warns on empty test when collectTestEvidence (0.084458ms)
✔ buildTestingEvidenceDoctorChecks passes when commands configured (0.434167ms)
✔ buildTestingEvidenceDoctorChecks treats collectTestEvidence default as enabled (0.073625ms)
✔ SPINE_GITIGNORE_ENTRIES includes run-metrics.jsonl (0.56525ms)
✔ ensureGitignoreEntries adds run-metrics path on fresh init (23.81525ms)
✔ isMergeOriginMainTask detects merge-origin-main packet shapes (0.591ms)
✔ checkOrchMergeConflictWarn passes without pending merge-origin-main tasks (5585.937ms)
✔ checkOrchMergeConflictWarn warns on PRD + manifest divergence with merge-origin-main pending (7411.24025ms)
✔ runBatchPreflight and plan check surface orch merge conflict warning (24487.118625ms)
✔ checkPrelandedFileScopeWarn passes when no stale pending tasks (2844.988ms)
✔ checkPrelandedFileScopeWarn warns for prelanded fileScopeMustChange (3019.226125ms)
✔ runBatchPreflight and plan check surface prelanded file-scope warning (8778.028709ms)
✔ checkGitClean passes when only metrics file has append-only drift (2828.591791ms)
✔ checkGitClean fails when metrics file content is truncated (2259.015167ms)
✔ checkGitClean passes when metrics file is gitignored and not tracked (1303.893667ms)
✔ runDoctorChecks warns when metrics file is git-tracked (12858.473291ms)
✔ tsconfig.batch.json scopes checkJs hot paths (2.841625ms)
✔ npm run typecheck validates extensions and batch hot paths (9119.507167ms)
✔ normalizeContextPathList rejects non-arrays (0.940166ms)
✔ buildWorkerContext honors neverLoad and byte cap (17.927ms)
✔ buildWorkerTailPrompt injects configured standards (4.547458ms)
✔ buildWorkerContextAsync uses auto selection when cursor rules exist (27.882334ms)
✔ spine init defaults standards to [] for auto-discovery (SP-093) (102.442708ms)
✔ validateSpineConfig rejects invalid referenceDocs (0.462458ms)
✔ loadContextDocEntries stops at byte cap (57.75325ms)
✔ DEFAULT_WORKER_CONTEXT_BYTE_CAP is 32KiB (0.354625ms)
✔ validateWorkerLaunchScriptPath accepts ./scripts/ prefix when file exists (8.120791ms)
✔ validateWorkerLaunchScriptPath rejects ./scripts/../ traversal (1.13875ms)
✔ COVERAGE_THRESHOLD is 77 (0.562333ms)
✔ COVERAGE_INCLUDES scopes src, bin, and extensions (0.456167ms)
✔ FILE_COVERAGE_THRESHOLDS enforces slash-commands.ts floor (0.059667ms)
✔ TEST_GLOBS has bidirectional parity with package.json test script (0.315125ms)
✔ parseAggregateLineCoverage reads all files line percent (0.185875ms)
✔ parseAggregateLineCoverage returns null when summary missing (0.162208ms)
✔ parseAggregateLineCoverage reads coverage:check summary line (0.070375ms)
✔ parsePerFileLineCoverage reads per-file rows (0.349083ms)
✔ findFileCoverageFailures reports missing and below-threshold files (0.172625ms)
✔ formatDashboardStartupMessage includes URL, port, and operator hints (0.692334ms)
✔ formatDashboardStartupMessage notes --port source (0.091792ms)
✔ resolveDashboardPortWithSource prefers CLI over config (1810.556ms)

pi-spine dashboard

  Open in browser: http://127.0.0.1:61369/
  Listen:          127.0.0.1:0 (--port)

  While running:   keep this terminal open; dashboard updates via SSE (~2s)

  In another terminal:
    spine status
    spine batch start <task-id>

  → Open http://127.0.0.1:61369/ in your browser

  API:  http://127.0.0.1:61369/api/snapshot
        http://127.0.0.1:61369/api/events

  Stop: Ctrl+C

✔ runSpineDashboard writes startup to stdout before shutdown (1557.7005ms)
✔ spine dashboard CLI prints URL before process exits (3895.065333ms)
✔ emptyLaneThroughputStats returns zeroed task-based fields (3.883667ms)
✔ computeThroughputTasksPerHour is task-based and guards zero elapsed (0.124917ms)
✔ deriveLaneThroughputStats counts completed and failed journal events per lane (7.704833ms)
✔ deriveLaneThroughputStats includes open running task elapsed through now (0.116417ms)
✔ deriveLaneThroughputStats prefers run-metrics duration when present (0.114958ms)
✔ deriveLaneThroughputStats falls back to journal when metrics missing (0.091583ms)
✔ deriveLaneThroughputStats maps tasks by laneNumber when lane metadata is sparse (0.095542ms)
✔ deriveLanesThroughput returns isolated stats per lane (0.153833ms)
✔ summarizeLaneThroughput aggregates counts and recomputes rate from totals (0.128ms)
✔ NFR-OBS-02: dashboard SSE poll interval defaults to 2s (0.557417ms)
✔ parity: idle — no batch (1529.132125ms)
✔ parity: running batch (6380.056875ms)
✔ parity: needs_retry (8238.204125ms)
✔ parity: limbo_stale (8580.056ms)
✔ parity: completed_manual after manual merge (11751.475584ms)
✔ parity: needs_integrate (10298.9275ms)
✔ parity: completed after integrate (9644.320042ms)
✔ parity: failed phase still reconciles consistently (9375.935875ms)
✔ assertLoopbackHost throws for 0.0.0.0 (17.461042ms)
✔ formatSseDataFrame valid data: line (0.263709ms)
✔ dashboard server serves browser view-model dependency graph (1175.666625ms)
✔ dashboard server serves snapshot and one SSE frame (1497.709666ms)
✔ resolveLaneActivityPhase: heartbeat pi → worker (0.692666ms)
✔ resolveLaneActivityPhase: open code review.started → code review (0.122666ms)
✔ resolveLaneActivityPhase: open final review.started → final review (0.091875ms)
✔ resolveLaneActivityPhase: closed review.started falls through to worker heartbeat (0.085708ms)
✔ resolveLaneActivityPhase: lane.completed code_rework → rework (0.070459ms)
✔ resolveLaneActivityPhase: no active tasks → em dash (0.057125ms)
✔ buildLaneRows exposes activityPhase fields (0.835709ms)
✔ computeActiveTaskIdsForLane returns running/pending tasks in current wave only (1.029375ms)
✔ computeRunningTaskIdForLane returns at most one running task in current wave (0.119167ms)
✔ computeQueuedTaskIdsForLane returns pending tasks in lane.taskIds order (0.089542ms)
✔ buildLaneRows exposes runningTaskId, queuedTaskIds, and deprecated activeTaskIds union (0.765083ms)
✔ buildLaneRows exposes activeTaskIds separate from batch assignment (0.183917ms)
✔ buildLaneRows attaches per-lane throughput stats from journal (5.795917ms)
✔ resolveLaneHeartbeatMeta reads latest lane heartbeat kind and phase (0.992167ms)
✔ formatLaneHeartbeatDisplay shows launching instead of age (0.118959ms)
✔ dashboard snapshot exposes launching heartbeat display from journal (4269.191ms)
✔ buildDefaultViewStatus exposes gate missing affordance for needs_integrate (0.233792ms)
✔ idle snapshot diagnosis null matches reconcile (2695.905333ms)
✔ running batch fixture has lanes and waves (5810.541208ms)
✔ truncateWorktreePath keeps trailing segments (0.177958ms)
✔ classifyLaneStatus stale when heartbeat old (0.104542ms)
✔ classifyLaneStatus does not mark lane completed when doneInLane but cache pending under engine_orphaned (0.131542ms)
✔ buildWaveProgress marks prior waves completed (0.115167ms)
✔ buildWaveProgress marks last wave completed when all tasks terminal-success (0.076125ms)
✔ buildWaveProgress keeps in-flight current wave active (0.059083ms)
✔ diagnosisBadgeClass maps needs_integrate separately from running (0.713083ms)
✔ idle snapshot uses reconcile headline (0.582291ms)
✔ buildActionChips exposes copyable primary and alternatives (0.23925ms)
✔ needs_integrate banner ignores completed phase for badge color (0.106ms)
✔ needs_integrate without gate record shows default gate affordance (0.166041ms)
✔ buildDashboardViewModel includes all §16.1 panels (0.36675ms)
✔ buildLaneTableModel exposes throughput columns for lanes (0.094708ms)
✔ buildLaneTableSummaryModel aggregates when multiple lanes present (0.077625ms)
✔ buildLaneTableSummaryModel is null for single lane (0.063459ms)
✔ lane-throughput-multi-lane fixture drives throughput column values (4.369916ms)
✔ lane-throughput-multi-lane fixture documents SP-327 throughput field contract (2.46925ms)
✔ buildLaneTableModel exposes heartbeatDisplay for launching lanes (0.105291ms)
✔ dashboard.js uses heartbeatDisplay without double-formatting (0.664791ms)
✔ buildBannerModel uses finalizing badge and macro phase during tail state (0.161167ms)
✔ buildBannerModel reflects gating macro phase during post-merge tail (0.125125ms)
✔ buildBannerModel keeps running badge when workers are active (0.070667ms)
✔ resolveTailActivityLabel prefers recent journal over macro phase during tail (0.165084ms)
✔ buildTailActivityModel exposes lane table subline when lanes are idle during tail (0.1135ms)
✔ resolveTailActivityLabel returns null when running task is active (0.0505ms)
✔ dashboard.js renders lane table tail activity footer row (0.513959ms)
✔ banner uses diagnosis badge class, not macro phase (0.053583ms)
✔ resolveStaticAsset serves dashboard public files and view.mjs (2.149708ms)
✔ dashboard server GET / returns HTML shell (2472.402375ms)
✔ running batch view model exposes journal for bottom panel (0.255333ms)
✔ idle snapshot has empty journal via idle flag (0.060584ms)
✔ buildLaneDetailModel exposes recent events and log tail (0.054334ms)
✔ buildLaneTableModel includes lane detail on each row (0.059542ms)
✔ buildLaneRecentEvents returns last five lane-scoped journal entries (0.09625ms)
✔ buildJournalModel filters by lane id (0.049208ms)
✔ buildJournalLaneFilterOptions lists lane ids (0.462041ms)
✔ buildLaneRows attaches recentEvents and logTail from snapshot inputs (2589.972916ms)
✔ resolveLaneWorkerLog prefers live log over terminal output (2292.547333ms)
✔ dashboard HTML exposes lane detail and journal lane filter hooks (1.448084ms)
✔ dashboard server HTML includes journal lane filter (2596.160583ms)
✔ spineAgentsUseInherit is true when worker or reviewer effective pin inherits (0.594417ms)
✔ formatReviewerEffectivePins shows resolved per-type model and thinking (0.415041ms)
✔ buildReviewerPerTypePinsDoctorCheck reports effective per-type pins (0.109166ms)
✔ resolvePiDefaultProvider prefers project settings over global (22.762625ms)
✔ buildAgentModelInheritDoctorCheck warns on inherit + lmstudio (0.69425ms)
✔ buildAgentModelInheritDoctorCheck passes when models pinned (0.158041ms)
✔ buildAgentModelInheritDoctorCheck passes when inherit but pi not lmstudio (0.089292ms)
✔ readPiSettingsFile returns null for missing or invalid JSON (0.103ms)
✔ countMediumLargeTasks counts only M and L sizes with per-size breakdown (14.277709ms)
✔ buildBatchSizeGuidanceWarning returns null below threshold (3.431167ms)
✔ buildBatchSizeGuidanceWarning M-only batch does not mention L (6.129958ms)
✔ formatPlanHuman appends batch size guidance warning (6.567125ms)
✔ buildBatchSizeGuidanceWarning mixed batch shows both M and L counts (6.15525ms)
✔ appendBatchSizeGuidanceToPlanOutput skips warning in stub mode (4.600125ms)
✔ isPiWebAccessPackageSource matches npm and path entries (0.594583ms)
✔ detectPiWebAccessExtensionConflict flags npm plus local checkout (3.465792ms)
✔ detectPiWebAccessExtensionConflict ok with single source (0.733917ms)
✔ buildPiExtensionConflictDoctorCheck warns with actionable command (2.721708ms)
✔ shouldWorkerUsePiNoExtensions mirrors conflict assessment (3.958416ms)
✔ isPiExtensionConflictOutput detects worker spawn conflict text (0.170334ms)
✔ resolvePiPackageSourcePath resolves npm and relative entries (0.084542ms)
✔ readPiPackageSources returns empty for missing settings (0.4845ms)
✔ isAuthErrorText detects authentication failures (0.663875ms)
✔ parsePiListModelsRows and listModelsForProvider filter by provider (0.807625ms)
✔ resolveModelIdForProvider prefers defaultModel when provider matches (0.094209ms)
✔ buildInheritProviderAuthDoctorCheck passes when agents pinned to cursor/auto (0.196083ms)
✔ buildInheritProviderAuthDoctorCheck passes when inherit resolves to cursor (0.089708ms)
✔ buildInheritProviderAuthDoctorCheck fails when probe reports 401 (224.367834ms)
✔ buildInheritProviderAuthDoctorCheck fails when provider has no authenticated models (60.434333ms)
✔ probeInheritProviderAuth succeeds when list and probe pass (130.746375ms)
✔ INTEGRATE_DEFAULTS match issue #91 config sketch (0.8665ms)
✔ applyConfigDefaults merges integrate section (0.201042ms)
✔ buildConcurrentDevDoctorCheck passes with no active batch (2648.206125ms)
✔ buildConcurrentDevDoctorCheck passes when human is on a feature branch (10223.545791ms)
✔ buildConcurrentDevDoctorCheck warns on active batch + dirty main (warn mode) (10306.40975ms)
✔ buildConcurrentDevDoctorCheck fails on active batch + dirty main (block mode) (9707.823167ms)
✔ buildConcurrentDevDoctorCheck passes when allowHumanOnBaseBranch=allow (2358.857833ms)
✔ runDoctorChecks surfaces concurrent-dev warning when configured (24627.654375ms)
✔ isDisplayLabel matches pi TUI display labels (0.956625ms)
✔ isDisplayLabel rejects canonical ids and invalid strings (0.086291ms)
✔ displayLabelToCanonical converts to provider/model (0.082ms)
✔ displayLabelToCanonical returns null for non-labels (0.073083ms)
✔ isCanonicalModelId validates provider/model format (0.133166ms)
✔ isCanonicalModelId rejects non-canonical strings (0.0525ms)
✔ normalizeModelId passes canonical ids through (0.074625ms)
✔ normalizeModelId converts display labels to canonical (0.050459ms)
✔ normalizeModelId passes special values through (0.524375ms)
✔ normalizeModelId rejects unrecognized formats (0.158666ms)
✔ normalizeModelId rejects non-string input (0.061ms)
✔ validateModelIdFormat accepts canonical ids (0.104292ms)
✔ validateModelIdFormat accepts special values and non-strings (0.069541ms)
✔ validateModelIdFormat flags display labels with canonical hint (0.061084ms)
✔ validateModelIdFormat flags unrecognized formats (0.04575ms)
✔ buildAgentModelIdsDoctorCheck passes when all pins are canonical (0.140083ms)
✔ buildAgentModelIdsDoctorCheck fails when display label is in config (0.125042ms)
✔ buildAgentModelIdsDoctorCheck fails on invalid format (0.053083ms)
✔ buildAgentModelIdsDoctorCheck passes when no models configured (0.035917ms)
✔ buildAgentModelIdsDoctorCheck skips inherit and empty values (0.035291ms)
✔ settings set normalizes display label to canonical id (0.507125ms)
✔ settings set passes canonical id through unchanged (0.081208ms)
✔ settings set rejects invalid model id format (0.668542ms)
✔ settings set allows inherit for model fields (0.085167ms)
✔ settings set rejects invalid model id in JSON mode (0.080208ms)
✔ settings set normalizes worker model display label (0.075375ms)
✔ settings set normalizes per-type reviewer model display label (0.083834ms)
✔ fingerprintRulesManifest ignores generatedAt (0.573958ms)
✔ buildRulesManifestDoctorCheck warns when manifest missing (54.012792ms)
✔ buildRulesManifestDoctorCheck warns when manifest stale (35.00175ms)
✔ resolveSpineOnPath uses which by default (0.555834ms)
✔ readPackageVersion reads package.json version (0.636125ms)
✔ buildStalePathDoctorCheck warns when spine not on PATH (0.17475ms)
✔ buildStalePathDoctorCheck ok when PATH matches package bin (0.118583ms)
✔ buildStalePathDoctorCheck warns on version mismatch (8.713417ms)
✔ buildStalePathDoctorCheck warns on mtime mismatch only (13.958583ms)
✔ isStalePathSpineBlocking true only for stale PATH label (0.130875ms)
✔ isStalePathSpinePreflightBlocking requires version mismatch detail (0.082583ms)
✔ readSpineCliVersion parses spine --version output (1726.41475ms)
✔ resolveInProgressSpineBatchId returns batchId for running batch (2854.48525ms)
✔ resolveInProgressSpineBatchId returns null for completed batch (2952.751542ms)
✔ listStaleSpineWorktreeBatchIds flags dirs without matching active batch (2996.590459ms)
✔ buildStaleWorktreesDoctorCheck warns on stale worktree dirs (3358.908334ms)
✔ buildStaleWorktreesDoctorCheck passes when only active batch dir exists (2396.226083ms)
✔ runDoctorChecks includes stale worktrees warning (25971.425042ms)
✔ buildStallConfigDoctorCheck warns when stall timeout unset for real pi (1.450334ms)
✔ buildStallConfigDoctorCheck passes when stall timeout configured high (0.143625ms)
✔ isStubWorkerMode respects SPINE_WORKER_STUB (0.151583ms)
✔ resolveConfiguredStallMinutes returns null when missing (0.078ms)
✔ suggestMaxParallel(4) → 2 (0.631541ms)
✔ suggestMaxParallel(8) → 4 (0.073167ms)
✔ suggestMaxParallel(1) → 1 (0.335959ms)
✔ suggestMaxParallel(2) → 1 (0.079375ms)
✔ buildMaxParallelDoctorCheck warns when configured exceeds suggested + 1 (0.234542ms)
✔ buildMaxParallelDoctorCheck no warning when configured matches suggested (0.079167ms)
✔ buildMaxParallelDoctorCheck no warning at default 3 when suggested is 2 (4-core) (0.057167ms)
✔ collectTaskPacketSizeIssues flags XL and too many steps on pending packet (3.1055ms)
✔ collectTaskPacketSizeIssues ignores tasks with .DONE (6.090625ms)
✔ classifyBatchStateSource uses path and content markers (0.740584ms)
✔ assessOrchestratorCoexistence passes when no batch-state files (2597.3665ms)
✔ assessOrchestratorCoexistence fails on active Taskplane batch in .pi (8364.81825ms)
✔ assessOrchestratorCoexistence fails when spine and Taskplane batches both active (15793.888125ms)
✔ buildCoexistencePreflightCheck blocks spine start when Taskplane batch active (8007.027959ms)
✔ runBatchPreflight fails with orchestrator-coexistence when Taskplane batch active (13357.762875ms)
✔ runDoctorChecks reports mutual exclusion failure for Taskplane batch (25499.207875ms)
✔ buildCoexistenceDoctorCheck passes when only pi-spine batch is active (9003.109292ms)
✔ buildWorktreeHealthDoctorCheck passes with no worktrees (2910.257041ms)
✔ buildWorktreeHealthDoctorCheck flags absolute gitdir (2686.989125ms)
✔ /spine-status reports idle reconciliation on clean repo (3277.580208ms)
✔ /spine-deps delegates to CLI and notifies graph output (3067.330917ms)
✔ /spine-plan succeeds after preflight passes (20598.563875ms)
✔ /spine-dismiss archives limbo batch state (5316.995667ms)
✔ /spine-pause pauses a running spine batch (2258.729166ms)
✔ /spine-resume resumes a paused spine batch (5925.728792ms)
✔ /spine-retry-task resets a failed task (3814.201792ms)
✔ /spine-skip-task skips a failed task (2854.186166ms)
✔ /spine-abort archives an active spine batch (4357.649333ms)
✔ /spine-next prints reconciliation suggestion (3661.354ms)
✔ /spine-validate checks pending task packets (4095.585333ms)
✔ /spine-handoff writes operator note and notifies (8570.369875ms)
✔ /spine-gate inspects integrate gate state (4909.733708ms)
✔ /spine-integrate dry-run reports merge preview (9903.707ms)
✔ /spine-settings shows interactive configuration menu (2434.36825ms)
✔ /spine-dashboard notifies listen URL and port source (2439.979042ms)
✔ /spine entry warns on limbo_stale diagnosis (5312.253791ms)
✔ /spine entry warns on needs_retry diagnosis (5258.83925ms)
✔ /spine entry reports running batch headline (5410.982167ms)
✔ /spine entry starts batch when scope provided after preflight (35086.077ms)
✔ /spine-deps truncates very large dependency output (15436.769875ms)
✔ parseSpineOrchestrateArgs defaults to pending scope and wave 0 (1.039833ms)
✔ formatOrchestratePrompt includes wave tasks, outer loop, and skill link (0.281041ms)
✔ formatOrchestratePrompt states no auto gate approve or integrate (1.4365ms)
✔ formatOrchestratePrompt respects --from-wave filter (0.11025ms)
✔ formatOrchestratePrompt reports empty plan guidance (0.086792ms)
✔ /spine-orchestrate emits structured prompt from spine plan (25456.039166ms)
✔ /spine-orchestrate does not invoke gate or integrate CLI (19347.559833ms)
✔ /spine-orchestrate fails when preflight fails (17603.524542ms)
✔ parseMigrateArgs rejects --source without value (0.697083ms)
✔ runMigrateFromTaskplane fails when source file is missing (7.966583ms)
✔ runMigrateFromTaskplane refuses overwrite without force (16.325375ms)
✔ runMigrateFromTaskplane dry-run does not write config (2.399666ms)
✔ loadTaskplaneConfig reads repo fixture (0.694625ms)
✔ mapTaskplaneToSpine maps repo fixture to valid spine config (0.779667ms)
✔ mapTaskplaneToSpine honors tasksRootOverride (0.660916ms)
✔ mapTaskplaneToSpine ignores unknown keys (0.44775ms)
✔ mapMaxParallel clamps invalid and excessive values (0.079625ms)
✔ loadTaskplaneConfig fails loud on missing file (0.34325ms)
✔ DEFAULT_TASKPLANE_SOURCE_PATH matches repo layout (0.125208ms)
✔ normalizeFileScopePath strips trailing globs and normalizes separators (0.681417ms)
✔ pathsOverlap detects parent/child and rejects unrelated prefixes (0.087875ms)
✔ fileScopesOverlap detects parent/child directory overlap (1.893792ms)
✔ fileScopesOverlap detects exact file overlap in same wave scenario (0.089042ms)
✔ fileScopePatternsOverlap handles wildcard file globs (0.599708ms)
✔ fileScopePatternsOverlap does not treat dotted sibling paths as overlapping (1.110208ms)
✔ fileScopePatternsOverlap handles literal paths with regex metacharacters (0.729708ms)
✔ expandFileScopeProbes produces nested paths for directory globs (1.273125ms)
✔ findWaveFileScopeOverlaps returns pairs within the same wave only (4.028708ms)
✔ findWaveFileScopeOverlaps matches issue #31 parent/child safety paths (0.358125ms)
✔ findWaveFileScopeOverlaps ignores single-task waves (0.708416ms)
✔ planWaves serializes two tasks with the same file to one virtual lane (0.707917ms)
✔ assignLanesToWaves uses glob-aware overlap for wildcard scopes (0.195209ms)
✔ formatFileScopeOverlapWarnings lists wave and task pairs (0.144958ms)
✔ buildPlan reports file-scope overlaps and serializes conflicting tasks (35.507792ms)
✔ formatPlanHuman shows serial lane as bullet list with titles (0.84ms)
✔ formatPlanHuman shows parallel lanes and omits tick jargon (0.118917ms)
✔ formatPlanHuman includes start hints for multi-wave plans (0.104042ms)
✔ topoWaves groups tasks into deterministic dependency waves (1.02575ms)
✔ buildGraph includes nodes that only appear as dependencies (0.091708ms)
✔ findCyclePath returns a closed cycle path (0.84725ms)
✔ repo spine-tasks plan has wave0 TP-006||TP-007 and wave1 TP-008 (70.092875ms)
✔ TP-034/038/041 disjoint scopes get three virtual lanes in tick 0 (1.420084ms)
✔ overlapping file scopes share one virtual lane (serialized) (0.772792ms)
✔ buildPlan for TP-034 TP-038 TP-041 lists three lanes in human output (50.948042ms)
✔ spine plan CLI shows three lanes for TP-034 TP-038 TP-041 (317.541542ms)
✔ assignLanesToWaves assigns disjoint file scopes to separate virtual lanes (0.735584ms)
✔ assignLanesToWaves packs overlapping file scopes into same virtual lane (0.140458ms)
✔ assignLanesToWaves respects maxParallel by queueing excess virtual lanes into ticks (0.11325ms)
✔ filterPendingTaskIds excludes tasks with .DONE marker (33.99925ms)
✔ parseScope pending mode returns pending IDs and excluded count (25.660125ms)
✔ parseScope pending throws when all tasks are done (19.259541ms)
✔ buildPlan pending scope preserves dependency waves (24.588917ms)
✔ filterPendingTaskIds excludes tasks with .SUPERSEDED marker (51.252ms)
✔ summarizePendingScope counts excluded tasks (119.185334ms)
✔ runSpinePlan pending with all .DONE returns exit 0 informational output (263.926875ms)
✔ runSpinePlan pending JSON with all .DONE returns synthetic plan (218.34975ms)
✔ runSpinePlan pending with all .DONE does not throw (74.103583ms)
✔ parseScope pending empty error carries structured metadata (119.510875ms)
✔ runSpinePlan pending output includes maxParallel from config (36.121416ms)
✔ buildPlan rejects invalid heading separator (77.211875ms)
✔ buildPlan rejects missing testing coverage (73.988958ms)
✔ buildPlan rejects missing File Scope section (55.825541ms)
✔ runSpinePlan exits with validation errors for invalid PROMPT (93.230833ms)
✔ buildPlan accepts valid PROMPT packets (154.453584ms)
✔ parseScope glob escapes literal dots in path patterns (69.850125ms)
✔ parseScope glob escapes literal parentheses in path patterns (44.032625ms)
✔ parseScope glob with plus in path pattern matches literally (64.53175ms)
✔ parseScope TP-* glob scopes remain unchanged (10.306583ms)
✔ parseScope('all') selects all discovered tasks (48.668167ms)
✔ parseScope('TP-002') selects explicit task IDs (93.109083ms)
✔ parseScope supports glob path patterns (34.230167ms)
✔ resolveWaveTaskIds returns wave task IDs (0.910042ms)
✔ resolveWaveTaskIds rejects out-of-range and empty waves (0.129167ms)
✔ filterPlanToWave narrows plan to one wave (0.709125ms)
✔ parseBatchStartWaveFilter accepts --wave and --through-wave (0.130542ms)
✔ parseBatchStartWaveFilter rejects conflicting and invalid flags (0.079ms)
✔ registerSpineSlashCommands registers all PRD §15.1 command names (0.724875ms)
✔ /spine-retry-task without task id notifies usage error (0.15ms)
✔ /spine-skip-task without task id notifies usage error (0.115666ms)
✔ /spine-plan notifies error when preflight fails (18851.604917ms)
✔ /spine handler runs preflight before batch guidance (17918.761167ms)
✔ buildDepsReport returns empty graph for isolated task with no deps (2748.044084ms)
✔ buildDepsReport detects synthetic dependency cycle (3103.848125ms)
✔ cycleNodesFromPath deduplicates closing node (0.231709ms)
✔ depsToEdges and formatDepsHuman render dependency flow (0.18825ms)
✔ repo fixture TP-031 scope shows TP-030 dependency edge (17.989417ms)
✔ spine deps CLI emits JSON shape with nodes, edges, cycles, waves (3247.274041ms)
✔ spine deps CLI exits 1 when cycle detected (3178.498458ms)
✔ findCyclePath returns path for cyclic graph (0.269167ms)
✔ init --preset taskplane-compat --tasks-root taskplane-tasks --dry-run produces expected keys (12.946292ms)
✔ init --preset taskplane-compat defaults tasksRoot to taskplane-tasks (7.620083ms)
✔ plain init applies spine defaults without preset flag (15.732ms)
✔ init rejects unknown preset (8.151916ms)
✔ fresh init creates config, agents, tasks root, and gitignore entries (45.062166ms)
✔ init skips constitution.md when it already exists without --force (50.31925ms)
✔ buildConstitutionMd substitutes project title from directory name (0.51725ms)
✔ init without --force refuses when spine-config.json exists (36.887334ms)
✔ --tasks-root taskplane-tasks sets paths.tasksRoot correctly (83.696584ms)
✔ --dry-run makes no filesystem changes (21.048417ms)
✔ init skips CONTEXT.md when it already exists without --force (69.475125ms)
✔ init --force overwrites existing CONTEXT.md (24.077ms)
✔ buildContextMd substitutes project title from directory name (0.435167ms)
✔ --dry-run plans CONTEXT.md create without writing files (4.952375ms)
✔ ensureGitignoreEntries appends only missing entries (5.357667ms)
✔ runPreflightPlanCheck builds wave plan during preflight (8032.3445ms)
✔ runReconciliationCheck returns real diagnosis for running batch (6440.679958ms)
✔ checkDoctor fails when doctor reports issues (0.262125ms)
✔ checkStalePathSpine fails when PATH spine version is stale (16.116125ms)
✔ checkGitClean lists up to 20 dirty paths (766.182958ms)
✔ checkNoActiveBatch passes when no batch-state file exists (3122.312167ms)
✔ checkNoActiveBatch calls reconciliation when batch-state exists (2635.131292ms)
✔ checkTasksRoot validates discoverable task folders (2420.663334ms)
✔ checkDependenciesJson validates version and task IDs (2335.573417ms)
✔ runBatchPreflight passes on initialized clean fixture (5950.980083ms)
✔ runBatchPreflight fails when git working tree is dirty (5642.795958ms)
✔ runPreflightPlanCheck validates pending scope only (SP-122) (4908.940042ms)
✔ checkTasksValidate exposes distinct tasks-validate check id (4717.212166ms)
✔ runBatchPreflight includes tasks-validate check distinct from plan (7570.153ms)
✔ runBatchPreflight fails on limbo fixture with dismiss suggestion (15269.621208ms)
✔ runBatchPreflight passes when all tasks have .DONE (zero pending) (8590.3585ms)
✔ checkGitClean passes when only rules-manifest generatedAt drifted (4120.83175ms)
✔ checkGitClean still fails when rules-manifest rules[] differ (3111.994375ms)
✔ spine run pending is alias for batch start pending (3486.246208ms)
✔ spine run all dry-run matches pending-filtered batch start (4056.964417ms)
✔ applySetting merges nested dotted paths (0.663916ms)
✔ runSettingsSetOperation rejects unknown path (0.22275ms)
✔ runSettingsSetOperation rejects invalid value (0.153208ms)
✔ runSettingsSetOperation returns merged config on success (0.305125ms)
✔ writeSpineConfigAtomic writes valid JSON atomically (2545.65825ms)
✔ spine settings set updates maxParallel on disk (3455.051584ms)
✔ spine settings set rejects bad value (3750.539041ms)
✔ spine settings set --dry-run leaves config unchanged (2995.5185ms)
✔ spine settings set --json reports write metadata (4022.025167ms)
✔ spine settings set exits 1 with suggestedCommand when config missing (2901.945542ms)
✔ getValueAtPath reads nested config values (0.613042ms)
✔ formatSettingsShow lists all editable fields in human mode (0.386292ms)
✔ formatSettingsShow returns JSON fields array for all settings (0.560334ms)
✔ formatSettingsShow single path mode prints one value (0.137542ms)
✔ formatSettingsShow rejects unknown path (0.08ms)
✔ buildSettingsShowFields mirrors registry order (1.714916ms)
✔ spine settings show CLI prints editable fields from temp config (3263.3225ms)
✔ spine settings show CLI single path and JSON modes (3004.073625ms)
✔ spine settings show CLI exits 1 with suggestedCommand when config missing (3888.152167ms)
✔ formatSettingsSlashMenu lists at least five editable fields with set hints (0.743125ms)
✔ runSpineSettingsSlash notifies menu with live config fields (3570.535584ms)
✔ runSpineSettingsSlash set subcommand persists a valid change (2854.874ms)
✔ runSpineSettingsSlash set reports usage error without path and value (3272.592542ms)
✔ runSpineSettingsSlash reports missing config with suggested init (2488.903125ms)
✔ fileScopesOverlap detects parent/child path overlap (0.711708ms)
✔ extractExploreSlugsFromContext finds explore findings paths (0.513042ms)
✔ collectWaveMCountFindings warns when a wave has more than four M tasks (0.107166ms)
✔ collectPromptJsonDepsDriftFindings reports missing JSON entry (0.105ms)
✔ runSpineTasksAnalyze exits 0 for clean scope (2975.28375ms)
✔ runSpineTasksAnalyze reports parallel file-scope overlap as blocking (3893.455875ms)
✔ runSpineTasksAnalyze reports dependency cycle as blocking (2592.868708ms)
✔ runSpineTasksAnalyze exits 0 when only warnings are present (2635.353917ms)
✔ runSpineTasksAnalyze warns for missing explore findings referenced in CONTEXT (2642.515667ms)
✔ runSpineTasksAnalyze --json emits AnalyzeTasksResult (2711.127958ms)
✔ spine tasks analyze CLI exits 1 for blocking overlap (2463.598209ms)
✔ spine tasks analyze CLI exits 0 for warnings-only scope (2750.272417ms)
✔ spine help tasks documents analyze subcommand (353.47675ms)
✔ parseContract extracts all five contract fields from a valid table (1.796167ms)
✔ validateContract passes for a valid contract table (1.873292ms)
✔ parseContract and validateContract handle an empty contract table (0.179042ms)
✔ validateContract warns on unknown contract fields (0.115667ms)
✔ parseContract reports duplicate field rows as errors (0.221209ms)
✔ parseContract accepts plain-text testCommand values (0.162667ms)
✔ parseContract returns hasSection false when Contract heading is absent (0.1045ms)
✔ CONTRACT_FIELD_NAMES lists all normative contract fields (0.079458ms)
✔ parseContract resolves see File Scope to File Scope bullet paths (1.121666ms)
✔ parseContract excludes optional File Scope bullets from see File Scope expansion (0.201542ms)
✔ validateContract errors on em-dash placeholders in required mode (0.133ms)
✔ validateContract errors on see File Scope with empty File Scope section in required mode (0.238458ms)
✔ validateContract warns on placeholders in optional mode (0.083208ms)
✔ parseContract treats em dash contract cells as empty path lists (0.0705ms)
✔ parseContract splits comma-separated paths inside a single backtick wrapper (SP-396) (0.073417ms)
✔ parseContract splits comma-separated artifacts inside a single backtick wrapper (0.066167ms)
✔ validateContract warns on comma-in-single-backtick path lists in optional mode (0.160458ms)
✔ validateContract errors on comma-in-single-backtick path lists in required mode (0.153125ms)
✔ mergeDeps unions identical sets from PROMPT and JSON (0.907542ms)
✔ mergeDeps JSON wins when PROMPT and JSON disagree (0.1755ms)
✔ mergeTaskDeps uses golden fixtures end-to-end (2.095625ms)
✔ mergeDeps returns PROMPT deps when JSON has no entry (0.097541ms)
✔ TASK_HEADING_RE requires em dash (U+2014) (0.598375ms)
✔ parsePrompt extracts required sections and steps from golden S fixture (1.636916ms)
✔ validatePrompt rejects hyphen separator in heading (0.599542ms)
✔ discoverTasks finds three golden fixtures (9.426417ms)
✔ parsePromptDependencies parses list and Requires forms (0.467833ms)
✔ parseStatus mirrors step numbers and checkbox state (1.367125ms)
✔ getStepProgress aggregates checkbox completion (0.838958ms)
✔ listIncompleteSteps returns unchecked items per step (0.310416ms)
✔ FX-invalid-no-testing fails validatePrompt for missing Testing step (2.0805ms)
✔ FX-missing-contract fails validatePrompt in required contract mode (0.741458ms)
✔ FX-valid-contract passes validatePrompt in required contract mode (1.537042ms)
✔ FX-final-replan has Review Level >= 1 for REPLAN integration path (0.541667ms)
✔ formatTasksValidateHuman prefixes summary before failure details (0.7215ms)
✔ runSpineTasksValidate exits 0 for valid PROMPT packets (3821.815542ms)
✔ runSpineTasksValidate reports same failure message as planner for invalid PROMPT (2619.1945ms)
✔ runSpineTasksValidate returns exit 2 for missing config (2997.487834ms)
✔ runSpineTasksValidate returns exit 2 for unresolved scope (2521.809625ms)
✔ spine tasks validate CLI exits 0 for valid scope (2728.337875ms)
✔ spine tasks validate CLI exits 1 for invalid PROMPT (2404.426917ms)
✔ buildTasksValidateResult matches TasksValidateResult schema (0.537666ms)
✔ collectTaskAdvisoryWarnings reports folder, STATUS, and deps mismatches (0.326667ms)
✔ runSpineTasksValidate --json emits TasksValidateResult (2147.364666ms)
✔ runSpineTasksValidate --warnings-only keeps exit 0 for advisory issues (2319.554083ms)
✔ spine tasks validate CLI --json exits 0 for valid scope (2401.33775ms)
✔ spine help tasks documents validate subcommand (150.881834ms)
✔ spine tasks validate CLI exits 2 for config error (3783.2005ms)
✔ validateContract warns when fileScopeMustNotChange includes spine-tasks/** (3.255417ms)
✔ validateContract warns when pattern matches current task folder only (0.508833ms)
✔ validateContract is quiet for parallel product-path guards (0.541292ms)
✔ collectFileScopeMustNotChangeWarnings dedupes broad spine-tasks ban over task folder (0.153667ms)
✔ collectFileScopeMustNotChangeWarnings ignores other task folders (0.184042ms)
✔ collectFileScopeMustNotChangeWarnings respects custom tasksRoot (0.13225ms)
✔ collectFileScopeMustNotChangeWarnings skips current-task check without taskId (0.174ms)
✔ collectStaleFileScopeMustChangeWarnings is quiet when scope paths unchanged since task intro (5692.770042ms)
✔ collectStaleFileScopeMustChangeWarnings warns when scope paths changed on main after task intro (4929.151167ms)
✔ collectStaleFileScopeMustChangeWarnings ignores tasks without fileScopeMustChange (4021.876083ms)
✔ parseReportProgressArgs reads step and checkbox flags (0.541542ms)
✔ reportTaskProgress appends task.step_completed with metadata (4.524167ms)
✔ reportTaskProgress writes journal line on disk (22.779667ms)
✔ reportTaskProgress fails closed without batch context (0.55125ms)
✔ runSpineReportProgress returns non-zero when batchId missing (0.520416ms)
✔ runSpineReportProgress does not write with attach env when attach suppressed (5.780375ms)
✔ requestWorkerGate fails closed without batch context (0.597375ms)
✔ requestWorkerGate returns not_supported for integrate gate (18.493458ms)
✔ requestWorkerGate returns not_supported when no gate record (manual deferred) (0.606916ms)
✔ buildReviewStepCliArgs maps params and adds --stub when SPINE_WORKER_STUB=1 (0.884541ms)
✔ executeSpineReviewStep fails closed without SPINE_TASK_FOLDER (0.231291ms)
✔ spine_review_step handler returns APPROVE via stub review (33.789083ms)
✔ spine_review_step handler marks stub spawn failure as tool error (12.953458ms)
✔ spine_review_step skips nested reviewer spawn inside worker session (213.6315ms)
✔ registerSpineWorkerTools registers all three PRD worker tools (1.45575ms)
✔ executeSpineReportProgress appends task.step_completed via tool handler (23.956875ms)
✔ executeSpineReportProgress fails closed without batch context (0.329125ms)
✔ spine_request_gate tool returns structured not_supported shape (10.013917ms)
✔ executeSpineRequestGate fails closed without batch context (0.304917ms)
ℹ tests 1671
ℹ suites 0
ℹ pass 1668
ℹ fail 3
ℹ cancelled 0
ℹ skipped 0
ℹ todo 0
ℹ duration_ms 480493.260875

✖ failing tests:

test at tests/batch/contract-stall-override.test.mjs:93:1
✖ runWorker with contract stall override survives beyond global stall budget (scaled) (16886.651959ms)
  AssertionError [ERR_ASSERTION]: contract override should extend stall beyond scaled global budget
      at TestContext.<anonymous> (file:///Users/cdelgado/Documents/github/pi-spine/.worktrees/spine-20260705T210857/lane-1/tests/batch/contract-stall-override.test.mjs:159:10)
      at process.processTicksAndRejections (node:internal/process/task_queues:104:5)
      at async Test.run (node:internal/test_runner/test:1389:7)
      at async Test.processPendingSubtests (node:internal/test_runner/test:960:7) {
    generatedMessage: false,
    code: 'ERR_ASSERTION',
    actual: 'stall_timeout',
    expected: 'stall_timeout',
    operator: 'notStrictEqual',
    diff: 'simple'
  }

test at tests/cli/phase23-exit-verify.test.mjs:96:1
✖ runPhase23ExitVerify --skip-test passes structural checks in repo (95.142334ms)
  AssertionError [ERR_ASSERTION]: unexpected >500 LOC modules: src/batch/lifecycle.mjs (501)
      at TestContext.<anonymous> (file:///Users/cdelgado/Documents/github/pi-spine/.worktrees/spine-20260705T210857/lane-1/tests/cli/phase23-exit-verify.test.mjs:104:9)
      at async Test.run (node:internal/test_runner/test:1389:7)
      at async Test.processPendingSubtests (node:internal/test_runner/test:960:7) {
    generatedMessage: false,
    code: 'ERR_ASSERTION',
    actual: false,
    expected: true,
    operator: '==',
    diff: 'simple'
  }

test at tests/cli/phase23-exit-verify.test.mjs:107:1
✖ spine verify phase23-exit CLI is wired (66.862875ms)
  AssertionError [ERR_ASSERTION]: Expected values to be strictly equal:
  
  1 !== 0
  
      at TestContext.<anonymous> (file:///Users/cdelgado/Documents/github/pi-spine/.worktrees/spine-20260705T210857/lane-1/tests/cli/phase23-exit-verify.test.mjs:113:9)
      at async Test.run (node:internal/test_runner/test:1389:7)
      at async Test.processPendingSubtests (node:internal/test_runner/test:960:7) {
    generatedMessage: true,
    code: 'ERR_ASSERTION',
    actual: 1,
    expected: 0,
    operator: 'strictEqual',
    diff: 'simple'
  }

