Contract testCommand failure log
Command: npm run typecheck && SPINE_WORKER_STUB=1 npm test -- tests/batch/supervisor-spawn.test.mjs && npm run coverage:check
Exit code: 1
Attempt: 2 of 2
Timestamp: 2026-07-05T21:45:29.075Z
Buffer overflow: no
---

> pi-spine@1.6.0 typecheck
> tsc --project tsconfig.json --noEmit && tsc --project tsconfig.batch.json --noEmit


> pi-spine@1.6.0 test
> SPINE_SUPPRESS_JOURNAL_ATTACH=1 node --experimental-strip-types --test tests/*.test.mjs tests/cli/*.test.mjs tests/compat/*.test.mjs tests/tasks/*.test.mjs tests/config/*.test.mjs tests/config/cursor-rules/*.test.mjs tests/planner/*.test.mjs tests/batch/*.test.mjs tests/agents/*.test.mjs tests/adoption/*.test.mjs tests/dashboard/*.test.mjs tests/doctor/*.test.mjs tests/migrate/*.test.mjs tests/worker-tools/*.test.mjs tests/coverage/*.test.mjs tests/extensions/*.test.mjs tests/batch/supervisor-spawn.test.mjs

✔ adoption fixture: init, plan, stub batch AD-001 creates .DONE (30275.652625ms)
✔ adoption integration: REPLAN final verdict surfaces needs_replan diagnosis (24794.023042ms)
✔ worker.md documents spine tools, stall checkpoint, and coverage policy (1.945875ms)
✔ worker.md documents engine-owned code and final review after .DONE (2.414375ms)
✔ reviewer.md documents final PASS REVISE REPLAN verdicts (0.464917ms)
✔ worker-prompt tail aligns with worker.md commit and review conventions (0.17475ms)
✔ buildWorkerTailPrompt does not contradict worker.md on commit format (34.347458ms)
✔ buildAgentSessionWorkerPrompt includes review hint when level > 0 (8.332709ms)
✔ buildWorkerPiArgs omits -ne when no pi-web-access conflict (73.609458ms)
✔ buildWorkerPiArgs includes -ne before -p when extension conflict detected (55.6735ms)
✔ formatPiExtensionConflictHint surfaces pi-web-access remediation (0.356917ms)
✔ abortBatch archives batch-state before clearing active file (2992.530125ms)
✔ abortBatch journals batch.aborted and preserves prior journal tail (3175.729417ms)
✔ abortBatch writes abort signal without killing on graceful abort (3101.368625ms)
✔ hard abort removes lane worktree when cleanup enabled (2940.175958ms)
✔ hard abort keeps worktree when cleanupOnHardAbort is false (2403.676083ms)
✔ abortBatch fails when no active batch (2394.623875ms)
✔ mergeLaneToOrch auto-resolves disjoint adoption doc edits without force-merge (11696.936917ms)
✔ mergeLaneToOrch fails adoption doc merge with recovery commands when hunks overlap (12833.627125ms)
✔ formatAdoptionDocMergeFailure names file and wave recovery (0.208958ms)
✔ agent session abort failure journals lane.worker_abort_failed (2243.720667ms)
✔ formatAttachedMilestoneLine renders land-loop journal types (0.537125ms)
[spine] batch.started
[spine] task.started SP-343
[spine] task.completed SP-343
[spine] batch.merge_started wave=0
[spine] batch.merge_completed wave=0
[spine] gate.opened
[spine] gate.evidence_collecting
[spine] gate.evidence_completed
[spine] batch.completed
[spine] batch.land_loop_finalized

Batch started

Batch 20260705T214146 completed: SP-343 succeeded; merged to orch/spine-20260705T214146.
  → spine gate status
  → spine gate approve
  → spine integrate
  → spine batch complete

Batch 20260705T214146 ready to integrate orch branch to main

  → spine integrate

  Alternatives:
    • /spine-integrate
    • /spine-gate
    • spine status --diagnose

  Batch: 20260705T214146
  Task: SP-343
✔ runSpineBatch attached start returns integrate handoff without process.exit in tests (27652.384042ms)
✔ attached batch CLI subprocess exits after completed with stdout milestones (25858.885292ms)
✔ formatAttachedBatchCliResult includes diagnosis suggested command (0.3905ms)
✔ enforceAttachedEngineSingleOwner fails fast when engine PID is alive (2609.438125ms)
✔ enforceAttachedEngineSingleOwner orphans prior engine with --force (3502.986792ms)
✔ resumeBatch rejects second attached resume when engine PID is alive (3067.277125ms)
✔ resumeBatchDetached rejects spawn when attached engine PID is alive (1823.428584ms)
✔ runAttachedBatchEngine blocks attached start when engine PID is alive (2357.941959ms)
✔ isLastWaveIndex matches batch 20260618T000943 wave plan (0.509708ms)
✔ maybeFinalizeAfterWaveMerge opens gate for last-wave post-merge limbo (6997.063083ms)
✔ resumeMultiTaskBatch finalizes post-merge limbo even with stale engine pid (7213.201125ms)
✔ terminateStaleDetachedEngine still clears stale engine during post-merge limbo resume handoff (2072.803042ms)
✔ startBatch multi-wave attached path opens gate after wave 1 without resume (42836.1085ms)
✔ attached milestone types include batch.merge_blocked (0.555167ms)
✔ formatAttachedBatchCliResult prints merge failure headline and exits non-zero for merge_blocked (6359.508167ms)
✔ runAttachedBatchEngine streams merge_blocked milestone before merge failure CLI output (6333.931125ms)
✔ mergeEngineStateWithDiskPause adopts operator pause from disk (2317.615834ms)
✔ saveEngineBatchState does not clobber phase paused during heartbeat-style saves (3661.152833ms)
✔ enforceOperatorPauseOnDisk re-asserts paused after engine overwrite (3555.030916ms)
✔ pauseBatch confirms when attached engine heartbeat saves honor pause (3509.723917ms)
✔ batch 20260620T194352 fixture is post-merge limbo without gate (2590.173625ms)
✔ attemptPostMergeLandLoopHandoff finalizes in-process after SIGTERM-shaped limbo (7440.47575ms)
✔ finalizeAttachedPostMergeLimbo is idempotent when gate already open (5081.814875ms)
✔ resume after orphan_terminated journal opens gate for batch 20260620T194352 pattern (6475.512333ms)
✔ installAttachedEngineShutdownHandlers finalizes on SIGTERM without manual resume (5886.028125ms)
✔ terminateStaleDetachedEngine during post-merge limbo still allows resume finalize (6145.72375ms)
✔ shouldAutoIntegrateAfterWave is false by default (0.475ms)
✔ shouldAutoIntegrateAfterWave is true when configured and not last wave (0.068125ms)
✔ shouldAutoIntegrateAfterWave is false on last wave (0.057042ms)
✔ issue #25: retry unblocks failed phase when only pending tasks remain (13609.567334ms)
✔ issue #25: failed phase with pending-only limbo resumes without --force (7347.557333ms)
✔ retry keeps failed phase when other failed tasks remain (3652.302834ms)
✔ diagnosis suggests resume --force for failed-phase pending-only limbo (0.196458ms)
✔ parseSupersededReplacementIds extracts child task IDs (1.131708ms)
✔ assertBatchStartTasksNotSuperseded rejects superseded IDs (3638.139ms)
✔ assertBatchStartTasksNotSuperseded allows pending IDs (3738.607916ms)
✔ assertBatchStartTasksNotSuperseded honors --force-superseded (3376.523625ms)
✔ resolveBatchStartScope rejects explicit superseded task IDs (2883.812083ms)
✔ resolveBatchStartScope allows superseded IDs with forceSuperseded (2760.403667ms)
✔ startBatch dry-run rejects superseded explicit scope (2652.644875ms)
✔ startBatch dry-run allows superseded scope with forceSuperseded (3988.891708ms)
✔ parseBatchArgs maps --wave on start to waveFilter (0.672709ms)
✔ parseBatchArgs strips --wave value from scope for wave 0 (0.095458ms)
✔ buildAttachedBatchStartArgv forwards waveFilter to detached engine (0.50075ms)
✔ startBatch dry-run with pending scope and --wave 0 selects planner wave 0 (3162.279041ms)
✔ startBatch dry-run with --wave selects planner wave task IDs (3566.535417ms)
✔ wave-filtered dry-run matches explicit wave task scope dry-run (3148.481834ms)
✔ complete handoff preserves newer active batch (073511 vs 073937 race) (18.783459ms)
✔ clearStaleTerminalBatchStateForStart removes completed batch-state pointer (20.074916ms)
✔ assertNoActiveBatch clears stale completed pointer before start handoff (21.997958ms)
✔ runBatchComplete clears active batch-state when no newer batch took over (8173.465375ms)
✔ new batch save replaces terminal completed cache with different batchId (22.523792ms)
✔ evaluateBatchStateWriteGuard rejects writes from non-owner live engine (65.986041ms)
✔ saveSpineBatchState rejects resurrecting archived batch cache (49.020125ms)
✔ resolveStallConfig defaults checkpoint warning and no file-scope grace extension (0.552208ms)
✔ file-scope mtime is activity only — does not extend stall deadline by default (0.181083ms)
✔ checkpoint signals extend grace; STATUS update moves deadline (0.07425ms)
✔ shouldEmitCheckpointWarning after activity without checkpoint threshold (0.109791ms)
✔ resolveScopedDirtyPaths limits porcelain to file scope and task folder (1626.263875ms)
✔ lane.checkpoint_warning journal event and diagnose hints (25.689291ms)
✔ extractJournalDiagnosisHints omits stale checkpoint_warning older than 30 minutes (0.143375ms)
✔ collectProgressSignals includes dirtyPaths for scoped changes (2629.13475ms)
✔ verifyContract uses base-satisfied when scope predates task PROMPT on base (7049.43075ms)
✔ verifyContract passes when scope is on base and lane has zero implementation diff (5382.272ms)
✔ verifyContract fails base-satisfied scope when testCommand fails (10438.355584ms)
✔ verifyStubFileScopeMustChange passes when base already satisfies scope (5887.483541ms)
✔ isBaseScopeSatisfied is false when base lacks scope changes (4073.277459ms)
✔ runFinalReviewPhase fails fast with contract_failed and does not consume finalAttempts (11069.868667ms)
✔ reconcileBatch surfaces contract_failed headline for failed task (4485.382541ms)
✔ verifyContract satisfies pre-landed fileScopeMustChange when testCommand and artifacts pass (6628.556583ms)
✔ verifyContract still fails pre-landed scope when testCommand fails (11403.751667ms)
✔ verifyStubFileScopeMustChange passes delivery-only STATUS when source scope pre-landed (5591.602625ms)
✔ verifyContract passes delivery-only STATUS.md fileScopeMustChange contract (5320.4205ms)
✔ resolvePromptRelPath derives task PROMPT from spine-tasks delivery changes (2734.979791ms)
✔ isFileScopePatternPrelanded detects scope changed on main after task intro (3253.679625ms)
✔ testCommand fails once then succeeds on retry — contract passes (1101.049791ms)
✔ testCommand fails all retries — contract_failed as before (425.7475ms)
✔ retry count configurable via spine-config contract.testRetries (1314.561709ms)
✔ failed output captured to .reviews/ directory (704.897667ms)
✔ no retry when testCommand succeeds first time (no performance cost) (360.462875ms)
✔ writeContractFailureLog creates log file with header (46.637625ms)
✔ writeContractFailureLog returns null when taskFolder is undefined (0.375083ms)
✔ CONTRACT_TEST_DEFAULT_RETRIES is 1 (0.130042ms)
✔ CONTRACT_TEST_RETRY_DELAY_MS is 5000 (0.157709ms)
✔ multiple failure logs captured across retry attempts (652.8965ms)
✔ parseContract extracts stallTimeoutMinutes and extendGraceOnFileScope (1.3175ms)
✔ resolveTaskStallMinutes uses max of global, size floor, and contract override (0.131833ms)
✔ resolveStallConfigForTask applies contract stallTimeoutMinutes to stallTimeoutMs (0.127583ms)
✔ resolveStallConfigForTask honors contract extendGraceOnFileScope (0.082791ms)
✔ resolveWorkerPiTimeoutMs aligns with contract stall budget (0.098208ms)
✔ runWorker with contract stall override survives beyond global stall budget (scaled) (10737.418292ms)
✔ runWorker without contract override stalls at scaled global budget (5404.130209ms)
✔ isDeliveryArtifactPath accepts STATUS.md-only patterns (0.76775ms)
✔ isDeliveryArtifactPath accepts .DONE-only patterns (0.2385ms)
✔ isDeliveryArtifactPath accepts task-folder delivery globs (0.126833ms)
✔ isDeliveryArtifactPath rejects implementation and tasks-root paths (0.090334ms)
✔ isImplementationScopePattern detects source and tooling roots (0.070958ms)
✔ isStubDeliveryOnlyScope is true for delivery-only pattern sets (0.118084ms)
✔ isStubDeliveryOnlyScope rejects mixed implementation and delivery patterns (0.064708ms)
✔ isStubDeliveryOnlyScope rejects empty pattern lists (0.074208ms)
✔ isDeliveryArtifactPath honors custom tasksRoot (0.177417ms)
✔ resolveTaskStartCommit returns distinct start commits for serialized lane tasks (0.687625ms)
✔ resolveTaskStartCommit prefers task.started payload commit over prior lane.committed (0.091333ms)
✔ resolveTaskStartCommit returns null when task.started is missing (main...HEAD fallback) (0.0765ms)
✔ resolveTaskStartCommit resolves git HEAD at task.started timestamp when journal lacks commit (3737.589291ms)
✔ CONTRACT_TEST_COMMAND_MAX_BUFFER exceeds legacy 256KB limit (0.497666ms)
✔ runContractTestCommand captures large stdout without killing child (295.753333ms)
✔ runContractTestCommand surfaces ENOBUFS with scoped testCommand guidance (229.894083ms)
✔ verifyContract reports buffer overflow with scoped testCommand guidance (5759.5775ms)
✔ buildContractTestEnv moves SPINE_BATCH_ID to SPINE_PARENT_BATCH_ID (0.525375ms)
✔ detectNestedWorkerContext blocks parent batch in lane worktree (0.229125ms)
✔ startBatch blocks nested spawn when SPINE_PARENT_BATCH_ID set in lane worktree (55.200167ms)
✔ buildContractTestEnv allows isolated fixture batch start without parent batch id (11.950083ms)
✔ listChangedFiles with sinceCommit scopes diff to commits after anchor (4742.808ms)
✔ listChangedFiles without sinceCommit preserves baseBranch...HEAD (3647.073917ms)
✔ verifyContract with sinceCommit ignores prior same-lane task fileScopeMustNotChange violations (4984.117208ms)
✔ verifyContract without sinceCommit preserves cumulative lane branch behavior (3655.954083ms)
✔ buildContractTestEnv removes worker-only keys (0.544375ms)
✔ runContractTestCommand subprocess does not inherit SPINE_IS_WORKER (147.645833ms)
✔ verifyContract testCommand passes under worker env when subprocess is sanitized (355.464417ms)
✔ verifyContract passes when testCommand exits 0 (279.415666ms)
✔ verifyContract fails when testCommand exits non-zero (453.911625ms)
✔ verifyContract checks artifactsMustExist paths in worktree (411.290792ms)
✔ verifyContract expands glob patterns in artifactsMustExist (359.465458ms)
✔ verifyContract returns ok with empty checks when contract has no verify fields (275.712625ms)
✔ verifyContract enforces fileScopeMustChange and fileScopeMustNotChange (5056.500625ms)
✔ verifyContract checks minLineCoverage from command output (531.819459ms)
✔ shouldRunContractVerify skips legacy TP-* tasks and absent contract sections (0.749541ms)
✔ matchesContractPattern supports glob paths (0.265791ms)
✔ parseAggregateLineCoverage parses coverage table rows (0.169333ms)
✔ SP-193-shaped placeholder contract fails validateContract in required mode (1.408709ms)
✔ verifyContract passes SP-193-shaped contract when scoped files changed (5031.605083ms)
✔ fileScopeMustChange trailing-slash pattern matches files under directory prefix (3878.697834ms)
✔ fileScopeMustChange trailing-slash pattern fails when no files under prefix changed (4055.571375ms)
✔ fileScopeMustChange exact-path and glob behavior preserved alongside trailing-slash (3615.031625ms)
✔ waitForDetachedBatchResume waits for integrate gate after batch completes (2246.320292ms)
✔ waitForDetachedBatchResume completes without gate when integrate gate not required (2093.284875ms)
✔ prepareDetachedResumeEngineHandoff terminates stale engine before resume spawn (95.41775ms)
✔ resolveDefaultResumeWaitTerminal returns true for engine_orphaned without flags (0.4915ms)
✔ resolveDefaultResumeWaitTerminal respects explicit flags (0.096292ms)
✔ detectPostMergeLimboForResume matches journal-only limbo for batch 20260629T210738 (6078.490875ms)
✔ postMergeLimbo diagnosis suggests spine batch resume --force (0.264584ms)
✔ resumeBatchDetached --force finalizes journal-only limbo without spawning engine (12031.893291ms)
✔ detached batch start opens integrate gate after stub engine completes (23190.747292ms)
✔ timeout_waiting_for_batch with dead enginePid reconciles as engine_orphaned not running (5158.24325ms)
✔ startBatchDetached persists spawn enginePid before wait on timeout failure path (35844.496625ms)
✔ parseBatchArgs defaults to detached start (attached flag off) (0.76775ms)
✔ parseBatchArgs --attached opts into foreground engine (0.087458ms)
✔ buildAttachedBatchStartArgv forwards scope and skip-preflight (0.55025ms)
✔ formatDetachedBatchStartOutput includes monitor hints (0.234292ms)
✔ batch start returns quickly and runs engine in background (21926.044125ms)
✔ parseBatchArgs resume defaults to detached (attached flag off) (0.254ms)
✔ buildAttachedBatchResumeArgv forwards force (0.096292ms)
✔ formatDetachedEngineOutput includes resume wording (0.111584ms)
✔ waitForDetachedBatchResume returns engine_started by default (3114.88575ms)
✔ waitForDetachedBatchResume with waitTerminal returns resume_completed (2717.50475ms)
✔ collectDetachedFailureDiagnostics includes task.failed summary and log tails (1992.443666ms)
✔ parseBatchArgs accepts --wait-terminal (0.334667ms)
✔ batch resume returns quickly and runs engine in background (26452.63925ms)
✔ inferLaunchFailureKind ignores DirtyWorktree exitReason (0.612334ms)
✔ buildHeadline prefers DirtyWorktree over worker launch (0.320291ms)
✔ buildSuggestedCommand for DirtyWorktree suggests coverage cleanup and retry (0.146958ms)
✔ buildHeadline surfaces review_exhausted primary failure (0.116167ms)
✔ buildSuggestedCommand for review_exhausted suggests batch retry (0.060083ms)
✔ buildHeadline surfaces contract_failed primary failure (0.069792ms)
✔ buildSuggestedCommand for contract_failed suggests PROMPT edit and retry (0.069292ms)
✔ buildDiagnosisOutput bundles primary failure class without launch headline (0.123875ms)
✔ reconcileBatch aligns hasFailedTasks with segment drift and DirtyWorktree headline (5457.492291ms)
✔ reconcileBatch diagnoses review_exhausted from failed task exitReason (5218.927792ms)
✔ buildHeadline surfaces PI_SPINE_ROOT launch failure (0.741083ms)
✔ buildHeadline surfaces lane commit failures after worker completion (0.117125ms)
✔ buildSuggestedCommand prefers spine doctor for launch failures (0.192583ms)
✔ inferLaunchFailureKind reads worker output hints from journal (0.179292ms)
✔ extractJournalDiagnosisHints prioritizes setup hook and merge blocked events (17.297792ms)
✔ formatMixedOutcomeMessage lists succeeded tasks and spine batch retry guidance (0.15175ms)
✔ reconcileBatch diagnoses launch failure wave from fixture (5201.835542ms)
✔ buildDiagnosisOutput bundles launch failure headline and command (0.456833ms)
✔ DIAGNOSIS_TAXONOMY includes worker_orphaned distinct from needs_retry (0.584375ms)
✔ inferLaunchFailureFromWorkerOutputTail reads PI_SPINE_ROOT hints from log tail (0.123791ms)
✔ buildSuggestedCommand prefers abort for ghost running cluster (0.12975ms)
✔ buildHeadline surfaces worker_orphaned launch failure from worker output context (0.240458ms)
✔ worker_orphaned after plan review nested_spawn_blocked suggests batch retry (0.103167ms)
✔ dead lane workerPid diagnoses worker_orphaned not needs_retry (6026.936375ms)
✔ dead workerPid after lane.completed does not diagnose worker_orphaned (5069.0375ms)
✔ worker_orphaned enriches launch headline from worker output log without task.failed (4916.225667ms)
✔ multiple ghost running tasks on one lane prefer spine batch abort (4704.406125ms)
✔ segment drift still diagnoses needs_retry (4617.301875ms)
✔ buildDiagnosisOutput bundles worker_orphaned headline and command (0.200042ms)
✔ isRunningWithoutActiveWorkers is false when workers are active (0.576167ms)
✔ isRunningWithoutActiveWorkers detects all-terminal tail state (0.081584ms)
✔ buildRunningTailHeadline maps macroPhase merging to operator text (0.198625ms)
✔ buildRunningTailHeadline maps gating / post-merge limbo (0.117625ms)
✔ buildHeadline preserves generic running when workers are active (0.203625ms)
✔ deriveMacroPhase uses journal merge tail when diagnosis is running without workers (0.226584ms)
✔ deriveMacroPhase stays executing when workers are active (0.062417ms)
✔ tail-state fixture reconciles without bare is running headline (5147.866792ms)
✔ tail-state headline matches batch 20260701T031142 shape via buildHeadline (0.205916ms)
✔ isCoverageArtifactPath matches extension/coverage and root coverage dirs (0.532167ms)
✔ isPathInFileScope matches exact paths and directory prefixes (0.115125ms)
✔ filterOutOfScopeCoveragePorcelain drops modified coverage outside file scope (0.137459ms)
✔ filterOutOfScopeCoveragePorcelain keeps in-scope coverage modifications (0.069584ms)
✔ restoreOutOfScopeCoverageArtifacts resets tracked coverage files (3698.312125ms)
✔ resolvePostLaneCommitPorcelain restores and filters out-of-scope coverage (3541.925167ms)
✔ commitLaneAndValidateWorktree succeeds when only out-of-scope coverage is dirty (5071.537541ms)
✔ commitLaneAndValidateWorktree fails when dirty without .DONE (3975.147375ms)
✔ isWorktreeDeletionPorcelainLine matches unstaged deletions (0.529208ms)
✔ isSymlinkOnlyDriftPorcelain is true only for deletion-only porcelain (0.104709ms)
✔ filterSetupHookSymlinkDriftPorcelain clears deletion-only drift (0.080083ms)
✔ parseLaneWorktreeIdentity extracts batch and lane from worktree path (0.566333ms)
✔ resolvePostLaneCommitPorcelain repairs hook symlink drift (5810.455209ms)
✔ commitLaneAndValidateWorktree succeeds when hook symlink drifts after PASS (6947.126041ms)
✔ dismissBatch kills live stub worker PID and journals lane.worker_terminated (5390.825916ms)
✔ shouldRunCodeReview requires review level 2 or higher (0.561584ms)
✔ findCodeReviewStepNumber prefers step with code review checkpoint (6.224458ms)
✔ findCompletedCodeReview honors journal review.completed code APPROVE (5.186375ms)
✔ findCompletedCodeReview honors step artifact APPROVE for code review step (8.973958ms)
✔ runTaskOnLane runs engine code review for RL2 without worker nested spawn (12694.104708ms)
✔ runTaskOnLane skips engine code review when review level is 0 (12656.321708ms)
✔ runTaskOnLane skips engine code review when review level is 1 (14259.843834ms)
✔ runTaskOnLane honors journal review.completed code APPROVE without duplicate spawn (12656.157459ms)
✔ runTaskOnLane re-invokes worker after code REVISE and succeeds on APPROVE (16689.543292ms)
✔ resolveReviewSpawnTimeoutMs aligns with stall budget for M tasks (0.603375ms)
✔ runStepReview journals review.failed with review_timeout on hung spawn (580.710084ms)
✔ async reviewer spawn does not block the event loop while waiting for timeout (455.162083ms)
✔ startBatch opens integrate gate before batch.completed journal event (21718.550292ms)
✔ startBatch serializes multiple tasks on one physical lane (34827.751958ms)
✔ startBatch runs disjoint-scope tasks on separate lanes in parallel (28709.391916ms)
✔ startBatch records lane commit before task.completed (21307.373833ms)
✔ runTaskOnLane emits task.failed not task.completed when lane commit fails (11041.939334ms)
✔ validateSpineConfig accepts worktreeSetupIgnorePaths (0.262792ms)
✔ engine_orphaned diagnosis suggests retry when task id known, attached resume otherwise (0.578125ms)
✔ dead engine with phase running passes validateMultiTaskResume without pause (3549.082667ms)
✔ running phase with live engine pid rejects resume without force (3417.83525ms)
✔ reconcile engine_orphaned recommends attached resume for batch 20260618T191236 pattern (5695.894959ms)
✔ engine_orphaned with failedTaskId suggests retry (SP-315) (0.574333ms)
✔ reconcileOrphanRunningState transitions running task to failed with journal events (2952.733458ms)
✔ retryTask succeeds on orphan without manual pause (issue #20 trap) (2711.71975ms)
✔ diagnose then retry: suggestedCommand matches working recovery path (6058.131583ms)
✔ resume --force allowed after orphan reconcile when phase was running (5587.497125ms)
✔ terminateStaleDetachedEngine SIGTERM stale pid on failed resume (44.727833ms)
✔ runStepReview honors existing final PASS without re-spawn (47.428125ms)
✔ runStepReview skips review.failed journal when batch already completed (262.669625ms)
✔ startBatch lane branch has commit before merge when stub touches files (21387.545375ms)
✔ startBatch completes single task with stub worker (24575.590292ms)
✔ isExplicitBatchScope treats pending as explicit (0.214375ms)
✔ startBatch all dry-run allows multi-wave pending backlog (2797.164375ms)
✔ startBatch pending dry-run excludes done tasks (2464.692333ms)
✔ startBatch all fails when every task has .DONE (2533.65425ms)
✔ startBatch skips worker when .DONE exists on disk (11846.446167ms)
✔ resolveBatchStartScope normalizes all to pending IDs (1925.262209ms)
✔ startBatch explicit IDs still allow multi-wave when scope is not bare all (1224.505875ms)
✔ startBatch completes two-lane wave with stub workers (16760.570292ms)
✔ startBatch blocks merge on mixed outcomes (8738.197833ms)
✔ assessWaveMergeEligibility blocks failed and pending tasks (6.31175ms)
✔ collectCoreEvidenceBundle writes summary without complete marker (3991.953583ms)
✔ openIntegrateGate persists gate before extended evidence and journals milestones (7414.293833ms)
✔ openIntegrateGate keeps gate when extended evidence command fails (7796.670083ms)
✔ collectExtendedEvidenceBundle appends to existing refs (5621.263125ms)
✔ parseEvidenceCommandArgv accepts npm run test (2.456584ms)
✔ parseEvidenceCommandArgv preserves quoted arguments (0.173334ms)
✔ parseEvidenceCommandArgv rejects shell command chaining (0.24675ms)
✔ parseEvidenceCommandArgv rejects unknown binary (0.09925ms)
✔ runEvidenceCommand executes allowlisted argv without shell (162.263833ms)
✔ runEvidenceCommand rejects malicious config strings (0.164083ms)
✔ runEvidenceCommand skips empty command (0.1145ms)
✔ runEvidenceCommand rejects disallowed build binary (0.106125ms)
✔ parseEvidenceCommandArgv rejects subshell injection (0.110542ms)
✔ collectEvidenceBundle writes summary and .complete marker atomically (5346.706542ms)
✔ collectEvidenceBundle writes rejected output for unsafe testing.test (4719.058ms)
✔ findCompletedFinalReview honors journal review.completed final PASS (2.569541ms)
✔ findCompletedFinalReview honors latest final artifact PASS (2.7345ms)
✔ runTaskOnLane honors pre-existing worker final review without spawn failure (13269.21525ms)
✔ runTaskOnLane honors journal review.completed final PASS without duplicate spawn (14540.404291ms)
✔ parseFinalReviewVerdict accepts PASS, REVISE, and REPLAN (0.875417ms)
✔ shouldRunFinalReview skips when review level is 0 (0.094542ms)
✔ runTaskOnLane skips final review when review level is 0 (12824.261708ms)
✔ runTaskOnLane journals task.verdict_recorded on PASS final review (14572.996542ms)
✔ runTaskOnLane re-invokes worker after REVISE and succeeds on PASS (16911.463459ms)
✔ runTaskOnLane caps REVISE at maxFinalAttempts with review_exhausted (19679.676542ms)
✔ runTaskOnLane fails with needs_replan and does not keep .DONE (7753.84075ms)
✔ mergeWaveLanesToOrch blocks when a wave task has exitReason needs_replan (1479.001875ms)
✔ runEngineFinalReview stub writes final artifact path (10.944375ms)
✔ buildTaskScorecard lists task rows (0.686875ms)
✔ openIntegrateGate persists pending gate and journals gate.opened (7685.101834ms)
✔ collectEvidenceBundle writes summary and diff-stat (7665.630708ms)
✔ approve and reject enforce gate FSM (6636.184334ms)
✔ rejectIntegrateGate journals gate.rejected (6306.929708ms)
✔ checkIntegrateGate blocks until approved (exit 2) (5678.919375ms)
✔ integrateOrchToBase fails with exit 2 when gate pending (8603.28325ms)
✔ integrateOrchToBase succeeds after gate approval (12623.945541ms)
✔ force integrate requires SPINE_ALLOW_FORCE=1 (2725.322875ms)
✔ openIntegrateGateAfterBatchComplete skips non-completed batches (1583.440084ms)
✔ runSpineGate CLI approve updates gate record (4274.11625ms)
✔ isGitignoredArtifactPath matches extension/coverage and node_modules (0.578916ms)
✔ listGitignoredArtifactRoots deduplicates nested artifact dirs (0.518167ms)
✔ sanitizeGitignoredArtifactsBeforeLaneCommit removes worktree-only coverage (4269.611792ms)
✔ sanitizeGitignoredArtifactsBeforeLaneCommit skips when disabled (3175.324041ms)
✔ commitLaneAndValidateWorktree succeeds when only extension/coverage is gitignored dirty (7793.917917ms)
✔ commitLaneAndValidateWorktree succeeds when only node_modules is gitignored dirty (8652.455375ms)
✔ sanitizeGitignoredArtifactsBeforeLaneCommit does not clean index-tracked gitignored paths (5099.705792ms)
✔ commitLaneWorktree still fails for index-tracked gitignored coverage (5394.175083ms)
✔ classifyGitignoredPaths returns empty arrays for empty input (2004.042708ms)
✔ classifyGitignoredPaths detects index-tracked gitignored paths (4634.037ms)
✔ classifyGitignoredPaths detects worktree-only gitignored paths (3992.476ms)
✔ classifyGitignoredPaths handles mixed index-tracked and worktree-only (6009.942417ms)
✔ formatGitignoredRemediationMessage: worktree-only does not suggest git rm --cached (0.278416ms)
✔ formatGitignoredRemediationMessage: index-tracked suggests git rm --cached (0.067625ms)
✔ formatGitignoredRemediationMessage: mixed suggests both remediation paths (0.059333ms)
✔ commitLaneWorktree: worktree-only gitignored does not suggest git rm --cached (6543.874458ms)
✔ commitLaneWorktree: index-tracked gitignored still suggests git rm --cached (6280.693542ms)
✔ regression: SP-011 worktree-only coverage after npm test does not suggest git rm --cached (5009.157708ms)
✔ isGitignoredArtifactPath matches graphify-out hook output (0.527166ms)
✔ listGitignoredArtifactRoots deduplicates nested graphify-out paths (0.506542ms)
✔ sanitizeGitignoredArtifactsBeforeLaneCommit removes worktree-only graphify-out (4827.976917ms)
✔ commitLaneAndValidateWorktree succeeds when only graphify-out is gitignored dirty (8086.537041ms)
✔ resolveHeartbeatKind marks launching as worker_alive only (0.636208ms)
✔ shouldEmitCheckpointWarning skips launching phase (0.188125ms)
✔ buildHeartbeatPayloadFields omits stale checkpoint signals during launching (0.098375ms)
✔ recordLaneHeartbeat journals kind and phase (218.650625ms)
✔ runWorker launching heartbeat does not journal stale STATUS mtime on fast-fail retry (5900.80025ms)
✔ resolveStallConfig applies lane overrides (0.372625ms)
✔ progressSignalsChanged detects STATUS mtime updates (638.469042ms)
✔ computeStallDeadline extends past hard timeout after progress (0.112375ms)
✔ stall false positive avoided when STATUS updates extend deadline (I-01) (0.10125ms)
✔ findLatestStepCompletedMs returns newest matching task.step_completed (0.127958ms)
✔ progressSignalsChanged detects journal task.step_completed (silent tools) (697.353167ms)
✔ activitySignalsChanged detects file-scope mtime updates (FR-WORK-10 / FR-STALL-02) (829.515041ms)
✔ startBatch records lane.heartbeat during stub worker delay (23527.685542ms)
✔ startBatch persists baseBranchHeadAtStart and journals batch.base_snapshot (25400.063458ms)
✔ isFastForwardCapableIntegrate detects orch ahead of main (#93) (10068.057917ms)
✔ integrateOrchToBase fast-forwards when orch is strictly ahead (#93 batch 20260702T071449) (19980.435625ms)
✔ integrateOrchToBase fast-forwards with generatedAt-only rules-manifest drift on main (#93) (16145.513959ms)
✔ recordBatchBaseSnapshot stores head sha and journals batch.base_snapshot (4481.40275ms)
✔ integrateOrchToBase succeeds with uncommitted edits on main (17404.022792ms)
✔ integrateOrchToBase conflict path leaves human checkout and files unchanged (14764.279666ms)
✔ integrateOrchToBase succeeds with uncommitted edits on feature branch (non-base) (11669.217584ms)
✔ integrateOrchToBase dry-run advertises isolated merge plan (3573.611709ms)
✔ resolveRulesManifestIntegrateDrift restores main when worker manifest matches orch (#22) (8910.972625ms)
✔ integrateOrchToBase succeeds with worker manifest drift on main matching orch (#22) (17977.825833ms)
✔ resolveRulesManifestIntegrateDrift blocks unrelated dirty files on main (4155.127208ms)
✔ resolveRulesManifestIntegrateDrift blocks substantive manifest drift not matching orch (5319.355833ms)
✔ resolveRulesManifestIntegrateDrift still clears generatedAt-only drift on main (4300.161542ms)
✔ resolveRulesManifestIntegrateDrift clears generatedAt-only dirty manifest on main (9400.6215ms)
✔ integrateOrchToBase succeeds with dirty generatedAt-only rules-manifest on main (17704.208792ms)
✔ inspectHumanBaseSync reports integrate_isolated_ok after plumbing integrate leaves HEAD behind (26050.049584ms)
✔ inspectHumanBaseSync reports human_base_diverged when human commits overlap orch paths (10432.064542ms)
✔ spine sync-base CLI merges landed main into feature branch (14265.357625ms)
✔ DEFAULT_SYNC_TIMEOUT_MS is 60 seconds (0.506042ms)
✔ syncPlumbingMergePathsToWorktree returns ok: true on successful sync (7412.232292ms)
✔ syncPlumbingMergePathsToWorktree returns ok: false with timedOut on timeout (4372.920125ms)
✔ integrateOrchToBase emits integrate.failed with IntegrateTimeout on sync timeout (12666.98175ms)
✔ successful integrate still emits integrate.completed (regression) (12369.801541ms)
✔ partial sync failure returns ok: false with correct failureClass from integrateOrchToBase (9923.471792ms)
✔ syncPlumbingMergePathsToWorktree succeeds when worktree has paths not in HEAD (6930.210541ms)
✔ syncPlumbingMergePathsToWorktree restores paths that exist in merge commit (6863.101584ms)
✔ syncPlumbingMergePathsToWorktree skips diff paths absent from merge commit (4931.309917ms)
✔ assertOrchIntegratable refuses empty orch when mergeResults claim success (2830.323042ms)
✔ assertOrchIntegratable requires integrate when orch is ahead of base (3731.46125ms)
✔ reconcileBatch reports needs_integrate when batch completed but orch not on main (6052.669541ms)
✔ completeBatch refuses when orch is ahead but not integrated (7045.339375ms)
✔ integrateOrchToBase merges orch into main and journals events (10481.248833ms)
✔ integrateOrchToBase dry-run does not change main HEAD (3426.979792ms)
✔ completeBatch succeeds after integrate lands orch on main (9849.51025ms)
✔ integrateOrchToBase aborts merge on conflict and restores checkout (6441.366458ms)
✔ integrateOrchToBase fails when batch state is missing (0.28275ms)
✔ runSpineIntegrate CLI succeeds when orch tip already matches main (749.194917ms)
✔ PRD §20.2 planner yields wave0 {A,C} and wave1 {B} (2985.470542ms)
✔ PRD §20.2 two-lane stub batch completes ABC waves (35767.509541ms)
✔ PRD §20.2 mixed-outcome blocks merge; retry resets wave B for resume (16073.693625ms)
✔ runStepReview with worker attach env does not journal when attach suppressed (21.732125ms)
✔ runSpineReviewStep with worker attach env does not journal when attach suppressed (9.719333ms)
✔ runSpineReportProgress with worker attach env does not journal when attach suppressed (2.362333ms)
✔ readJournalEventsCached returns same events as readJournalEvents (59.928209ms)
✔ readJournalEventsCached returns cached copy on second call without file change (55.957042ms)
✔ readJournalEventsCached invalidates when file mtime changes (53.324875ms)
✔ readJournalEventsCached returns empty array for missing file (2.840709ms)
✔ clearJournalCache forces re-read on next call (33.743042ms)
✔ invalidateJournalCache with matching path clears cache (67.384875ms)
✔ invalidateJournalCache with non-matching path preserves cache (36.183458ms)
✔ readJournalEventsCached handles transition from missing to existing file (59.792375ms)
✔ readJournalEventsCached handles switch between different batch IDs (69.011375ms)
✔ runSpineJournal replay exits non-zero when journal missing (4.846333ms)
✔ runSpineJournal replay prints human table (45.55325ms)
✔ runSpineJournal replay --json returns events array (28.630959ms)
✔ exportJournalJsonl returns null when journal missing (10.977917ms)
✔ runSpineJournal export exits non-zero when journal missing (2.40875ms)
✔ runSpineJournal export writes jsonl to stdout (36.382583ms)
✔ runSpineJournal export --output writes file (25.262625ms)
✔ exportJournalMarkdown returns null when journal missing (9.734833ms)
✔ formatJournalMarkdownTimeline produces stable table shape (4.062ms)
✔ formatJournalMarkdownTimeline escapes pipe characters in summary (0.12025ms)
✔ runSpineJournal export markdown exits non-zero when journal missing (2.147209ms)
✔ runSpineJournal export writes markdown to stdout (69.121333ms)
✔ runSpineJournal export markdown --output writes file (36.332125ms)
✔ detectBatchStateDrift flags running cache when reconcile sees doneInLane without journal terminal (0.739833ms)
✔ deriveStructuralBatchStateFromJournal rebuilds multi-lane skeleton without cache seed (3.640167ms)
✔ resume-parallel-lane-orphan fixture: journal-only rebuild marks resumed tasks running (2.470042ms)
✔ orphan-running-resume fixture: structural + lifecycle rebuild without seed (1.598209ms)
✔ pidless-ghost-running fixture: post-resume task.started wins over historical failure (0.889292ms)
✔ resume-orphan-historical-failure fixture: rebuild ignores pre-resume failure for active task (0.956583ms)
✔ retry-clears-failed-classification fixture: rebuild fixes stale failed cache (1.173708ms)
✔ retry-clears-failed-classification fixture: detectBatchStateDrift flags cache vs journal (1.117875ms)
✔ incident fixtures rebuild from disk matches in-memory journal rebuild (1994.157084ms)
✔ readJournalTimeline filters task and batch lifecycle events (0.536333ms)
✔ rebuildBatchStateFromJournal applies task.completed over stale failed cache (0.843292ms)
✔ detectBatchStateDrift flags journal completed vs cache failed (0.274834ms)
✔ detectBatchStateDrift ignores incomplete journal when cache failed (0.109792ms)
✔ incident orphan-running fixture: journal timeline is readable (2138.193125ms)
✔ appendJournalEvent writes schema v1 with ISO timestamp and payload (30.038166ms)
✔ readLastTaskFailedEvent returns most recent task.failed (45.551708ms)
✔ redactSecrets masks sensitive keys (0.794208ms)
✔ capPayloadSize truncates oversized payloads (0.369334ms)
✔ normalizeJournalEvent upgrades legacy lines (0.157333ms)
✔ readJournalEvents reads mixed legacy and v1 lines (29.662834ms)
✔ extractJournalDiagnosisHints surfaces failure events from tail (0.404167ms)
✔ commitLaneWorktree commits dirty worktree when .DONE exists (5264.755625ms)
✔ commitLaneWorktree fails loud when dirty without .DONE (2930.928334ms)
✔ filterPorcelain drops lines matching ignore patterns by full path (0.346209ms)
✔ filterPorcelain drops lines matching ignore patterns by basename (0.107167ms)
✔ filterPorcelain keeps rename targets when only source matches ignore (0.292708ms)
✔ filterPorcelain returns empty for empty input (0.067416ms)
✔ mergeLaneToOrch rejects empty merge when lane commits were required (4177.34275ms)
✔ mergeLaneToOrch prefers orch for conflicts outside lane file scope (9769.317584ms)
✔ mergeLaneToOrch does not auto-resolve in-scope lane conflicts (9505.54325ms)
✔ dismiss archives batch-state before clearing active file (3903.723084ms)
✔ complete with --detect-manual-merge succeeds when orch merged to main (5435.6535ms)
✔ complete refused when mergeResults succeeded but orch not on main (17373.519041ms)
✔ dismiss refused when diagnosis is running without --force (3272.565875ms)
✔ isPostMergeLimbo is true when tasks and merges succeeded with open orch branch (0.581625ms)
✔ isPostMergeLimbo rejects non-running or ended batches (0.085208ms)
✔ isPostMergeLimbo rejects empty or partial task/merge state (0.0785ms)
✔ isPostMergeLimbo respects git orch branch signals (0.710917ms)
✔ isPostMergeLimbo rejects null or non-object state (0.060584ms)
✔ resolveWorkerOutputConfig defaults live log streaming off (0.630291ms)
✔ workerLiveLogPath matches runtime layout (0.089084ms)
✔ truncateLiveLogBytes applies truncation marker when over cap (0.170042ms)
✔ appendWorkerLiveLogChunk redacts secrets and enforces byte cap (11.296458ms)
✔ createWorkerLiveLogWriter returns null when streaming disabled (0.239625ms)
✔ runWorker streams subprocess stub output to live log when enabled (5246.210833ms)
✔ runWorker skips live log when streamWorkerOutputLive is false (5175.361125ms)
✔ runWorker still writes terminal failure log when live streaming enabled (5541.117792ms)
✔ startAgentSessionWorker flushes transcript chunks to live log (46.589541ms)
✔ appendWorkerLiveLogChunk rolls file with truncation marker when over max bytes (6.035167ms)
✔ MACRO_PHASES exports all eleven lifecycle values (1.008333ms)
✔ deriveMacroPhase: idle when no batch signals (0.103542ms)
✔ deriveMacroPhase: planning from batch phase (0.119959ms)
✔ deriveMacroPhase: executing for active running batch (0.098625ms)
✔ deriveMacroPhase: merging phase and needs_merge diagnosis (0.0685ms)
✔ deriveMacroPhase: reviewing when review.started is open (0.1005ms)
✔ deriveMacroPhase: gating for pending gate or post-merge limbo (0.057709ms)
✔ deriveMacroPhase: integrating for needs_integrate and open integrate.started (0.10025ms)
✔ deriveMacroPhase: completed, failed, aborted, paused terminal phases (0.070583ms)
✔ fixture running-batch.json reconciles to executing macro-phase (4574.470959ms)
✔ fixture taskplane-executing.json maps to executing (1.073417ms)
✔ fixture needs-retry-batch.json maps to failed macro-phase (3944.5665ms)
✔ fixture limbo-stale maps to completed macro-phase (5003.717166ms)
✔ all macro-phase enum values are reachable via deriveMacroPhase (0.2805ms)
✔ recordMergeBlocked sets terminal merge_blocked phase and clears enginePid (2270.506125ms)
✔ reconcileBatch diagnoses merge_blocked as failed merge, not needs_merge (4012.072167ms)
✔ legacy merging phase with endedAt and failed mergeResults reconciles as failed (5045.172458ms)
✔ findResumableWave skips succeeded merged waves when later wave has pending tasks (0.624458ms)
✔ validateMultiTaskResume allows force resume from merge_blocked (5028.432125ms)
✔ buildSuggestedCommand recommends resume --force for merge_blocked phase (0.263791ms)
✔ summarizeMergeFailures extracts failed wave and lane from mergeResults (1.228458ms)
✔ buildMergeFailureHeadline uses 1-based wave number and lane label (0.216ms)
✔ buildHeadline for failed diagnosis surfaces merge conflict instead of zero failed tasks (0.219375ms)
✔ buildSuggestedCommand for merge failure suggests resume --force (0.145708ms)
✔ buildDiagnosisOutput bundles merge failure headline and command (0.150875ms)
✔ reconcileBatch surfaces merge failure fields distinct from failedTasks (5156.928667ms)
✔ spine status --json includes merge failure fields for monitors (4171.8795ms)
✔ spine status --diagnose prints merge failure details in text output (3507.861125ms)
✔ filterGitignoredPaths separates ignored and stageable paths (2953.118417ms)
✔ gitAddFilteredPaths skips gitignored paths without failing (2846.536708ms)
✔ mergeLaneToOrch succeeds when task branch committed gitignored coverage (8825.641916ms)
✔ commitLaneWorktree refuses gitignored-only dirty paths (3026.408833ms)
✔ commitLaneWorktree commits tracked files while skipping gitignored dirty paths (3918.916791ms)
✔ inferMergeGitignoredFailure detects gitignored merge and lane commit failures (0.268959ms)
✔ buildSuggestedCommand returns git rm --cached repair for gitignored merge failures (0.186417ms)
✔ reconcileBatch surfaces gitignored merge repair command from journal (2940.285708ms)
✔ filterPorcelain remains unchanged for SP-104 ignore patterns (0.324625ms)
✔ mergeLaneToOrch auto-resolves additive docs/PRD.md after origin/main merge task (9514.453834ms)
✔ mergeLaneToOrch fails PRD merge with recovery commands when hunks overlap (7092.718917ms)
✔ formatPrdDocMergeFailure names file and wave recovery (0.246792ms)
✔ isActiveWorkerSession true when SPINE_WORKER_RUNNER is set (0.643ms)
✔ isActiveWorkerSession false outside worker context (0.085375ms)
✔ runStepReview skips nested reviewer spawn when worker env is set (169.559709ms)
✔ runStepReview skips nested plan review spawn when worker env is set (46.492292ms)
✔ runStepReview stub path still works inside worker session (18.370917ms)
✔ runStepReview reaches pi availability check when worker env absent (14.116709ms)
✔ engine parent with leaked worker runner reaches reviewer spawn (20.18975ms)
✔ batch 20260619T020951 SP-306 plan step 0 journals review.skipped not review.failed (94.036375ms)
✔ detectNestedWorkerContext returns reason when SPINE_IS_WORKER=1 (0.602375ms)
✔ detectNestedWorkerContext returns reason when projectRoot is inside .worktrees/spine-* (0.125667ms)
✔ detectNestedWorkerContext returns null for normal projectRoot without worker env (0.123ms)
✔ startBatch returns error when SPINE_IS_WORKER=1 (12.50775ms)
✔ startBatch returns error when projectRoot is inside .worktrees/spine-* (25.735625ms)
✔ startBatch succeeds normally (no env, normal CWD) — regression (17914.479209ms)
✔ buildWorkerChildEnv includes SPINE_IS_WORKER=1 (15.520708ms)
✔ journalEventsSinceResume excludes pre-resume terminal events (1.510708ms)
✔ detectOrphanRunning: historical task.failed + post-resume silence + dead engine (1.79925ms)
✔ resume orphan with historical failure fixture is not diagnosed as running (4385.353333ms)
✔ terminal event within scoped window still suppresses engine orphan (0.92225ms)
✔ journalIndicatesStalledSession: post-resume start without terminal (2.133042ms)
✔ detectOrphanRunning: PID-less ghost running with post-resume journal stall (0.351083ms)
✔ pidless ghost fixture reconcile is engine_orphaned, not running (4128.641042ms)
✔ terminal event within scoped window suppresses PID-less ghost signal (1.011958ms)
✔ isProcessAlive returns false for absent pid (0.640125ms)
✔ resume parallel lane orphan fixture: multiple running on lane 1 (1.124333ms)
✔ resume parallel lane orphan fixture: reconcile is actionable after scoped orphan detect (4302.057375ms)
✔ searchATon orphan incident fixture: dead workerPid is not diagnosed as running (3734.749042ms)
✔ dead workerPid with running task is not diagnosed as running (4478.2895ms)
✔ dead enginePid mid-resume without terminal journal is engine_orphaned (3405.665958ms)
✔ running batch without recorded pids still reports running (2348.32825ms)
✔ detectOrphanRunning ignores dead engine when terminal journal exists (0.227625ms)
✔ recordBatchEnginePid persists under resilience and clears on terminal save (961.679458ms)
✔ confirmed pause records batch.paused only after engine persists phase (1406.881584ms)
✔ unconfirmed pause does not leave orphan batch.paused journal entry (1396.347459ms)
✔ pauseBatch succeeds immediately when no attached engine is alive (1446.747083ms)
✔ pauseBatch fails loud when attached engine keeps phase running (1535.282583ms)
✔ waitForPauseConfirmation returns true when phase stays paused (1691.73025ms)
✔ retryTask succeeds when batch phase is paused (1319.979ms)
✔ retryTask rejects when batch phase is running (1214.983666ms)
✔ batch 20260630T212050 orphan-after-merge fixture describes GitHub #59 incident (1.3075ms)
✔ batch 20260630T212050 journal fixture is limbo via resume detect but not bare state (2970.250959ms)
✔ hydrateMergeResultsFromJournal enables state limbo detection for batch 20260630T212050 (1601.417459ms)
✔ finalizeAttachedLandLoopBeforeExit opens gate for batch 20260630T212050 journal limbo (6352.315916ms)
✔ installAttachedExitFinalizeHandlers finalizes journal limbo on SIGTERM without manual resume (3440.876542ms)
✔ batch 20260629T021550 fixture is post-merge limbo without gate (1361.632542ms)
✔ attemptPostMergeLandLoopHandoff finalizes batch 20260629T021550 limbo after SIGTERM (4051.825291ms)
✔ resumeBatchDetached --force finalizes post-merge limbo without spawning engine (5723.824042ms)
✔ resumeBatch attached path finalizes batch 20260629T021550 limbo immediately (3078.868708ms)
✔ resumeMultiTaskBatch still finalizes batch 20260629T021550 after orphan_terminated (4196.544208ms)
✔ finalizeResumePostMergeLimbo clears stale engine pid during post-merge limbo (3041.596708ms)
✔ isPostMergeLimbo detects running phase with successful merges (0.542208ms)
✔ deriveDiagnosis returns needs_integrate for post-merge limbo (0.440709ms)
✔ finalizeBatchForIntegrate opens gate from post-merge limbo without resume (4433.026917ms)
✔ resumeMultiTaskBatch opens gate from post-merge limbo without re-running tasks (5657.194416ms)
✔ mixed-outcome post-mortem lists failed IDs and retry hint, not smooth success (3291.881375ms)
✔ false-success reconciliation headline is overridden when failures exist (2.017791ms)
✔ listFailedTaskIds prefers classified terminal-failure tasks (1.733792ms)
✔ collectEvidenceBundle summary.md is honest post-mortem markdown (4720.048208ms)
✔ dismissBatch writes post-mortem path into batch history (3082.319292ms)
✔ writeBatchPostMortem persists markdown under runtime batch dir (2366.324375ms)
✔ spine status --verbose includes post-mortem section for active batch (3217.212833ms)
✔ resolveStallConfig defaults progressSnapshotIntervalMinutes to 2 (0.54325ms)
✔ resolveStallConfig applies progressSnapshotIntervalMinutes override (0.079291ms)
✔ buildProgressSnapshotPayload is bounded and omits dirty path lists (0.502541ms)
✔ progressSnapshotPayloadChanged detects field deltas (0.09475ms)
✔ shouldEmitProgressSnapshot respects interval (0.07375ms)
✔ recordLaneProgressSnapshot journals bounded payload (270.216125ms)
✔ runWorker emits lane.progress_snapshot on interval and dedupes unchanged signals (10359.96675ms)
✔ startBatch fails closed on invalid PROMPT before batch starts (1618.691ms)
fatal: malformed object name missing-base-branch
✔ inspectGitState records gitInspectionError when merged-branch scan fails (2000.91575ms)
✔ deriveDiagnosis returns git_unavailable when git inspection failed (8.563334ms)
✔ reconcileBatch surfaces git_unavailable instead of limbo_stale on git failure (4315.959209ms)
fatal: malformed object name missing-base-branch
✔ reconcileBatch records count_commits_ahead git errors from real git refs (2962.713083ms)
✔ idle-no-batch returns healthy idle state (1289.041667ms)
✔ limbo_stale detected from incident fixture (4685.271708ms)
✔ completed_manual when orch branch merged to main (2961.168209ms)
✔ needs_retry when a task failed (2908.363916ms)
✔ running diagnosis for active batch (2943.887916ms)
✔ runReconciliationCheck matches reconcileBatch output shape (2216.627375ms)
✔ reconcileBatch includes journal hints when journal exists (2460.401667ms)
✔ reconcileBatch exposes macroPhase for running batch (2089.609542ms)
✔ reconcileBatch exposes macroPhase for limbo_stale (1998.388792ms)
✔ failBatchFromEngineError writes batch.failed and clears enginePid (1533.941917ms)
✔ reconcileGhostRunningTasks marks running tasks failed without worker (0.235458ms)
✔ resumeMultiTaskBatch fail-closed when post-commit gitPorcelain throws (10668.695958ms)
✔ resumeBatch opens integrate gate before batch.completed journal event (14073.48375ms)
✔ refreshLaneHeartbeatsOnResume aligns lane heartbeats to engineStartedAt (0.572375ms)
✔ taskAlreadyComplete returns false for failed task with stale .DONE on disk (0.506375ms)
✔ resumeBatch after failed retry runs contract verification before succeed (8226.023875ms)
✔ resumeBatch continues paused 2-task 2-lane batch with stub workers (15958.227667ms)
✔ resumeBatch multi path requires existing lane worktrees (963.157958ms)
✔ multi-task batch start → pause → resume completes both tasks (17427.9025ms)
✔ paused multi-task batch diagnose suggests multi-task resume (2131.264125ms)
✔ multi-task startBatch completes two-lane stub batch (start path) (10039.177375ms)
✔ resumeBatch serializes four tasks on one lane (26854.919209ms)
✔ resumeBatch runs two lanes with two tasks each in parallel (14182.33875ms)
✔ validateMultiTaskResume accepts paused 2-task 2-lane batch (1209.4025ms)
✔ validateMultiTaskResume rejects batch with zero tasks (817.244958ms)
✔ validateMultiTaskResume rejects missing worktree per lane (1633.17675ms)
✔ validateMultiTaskResume allows force resume when wave merge is pending (2400.45125ms)
✔ validateResumeBatch delegates to multi validator for single-task batch (1482.27075ms)
✔ resolveDetachedWaitTimeoutMs uses long default for wait-terminal orphan resume (0.557584ms)
✔ prepareOrphanResumeHandoff clears stale workerPid before orphan resume (571.846833ms)
✔ clearStaleLaneWorkerPids preserves live worker pid (850.245792ms)
✔ dual-dead lane+engine orphan reconciles as engine_orphaned with attached resume (3484.36275ms)
✔ attached resume --force completes stuck task after plan review orphan stall (10873.353542ms)
✔ detached resume with wait-terminal uses extended timeout constant (0.228208ms)
✔ taskTerminalSuccessInBatch requires succeeded status and journal task.completed (0.621958ms)
✔ resume --force after partial retry does not review.start succeeded task IDs (14447.117208ms)
✔ pauseBatch sets phase paused and journals batch.paused (836.474292ms)
✔ resumeBatch continues paused single-lane batch (11109.894708ms)
✔ paused spine batch reconciliation suggests spine batch resume (1903.567292ms)
✔ validateBatchState requires segments aligned with tasks (0.263291ms)
✔ retryTask clears stale failure metadata before re-run (788.462542ms)
✔ retry then task.completed updates counters and reconcile diagnosis (3073.005542ms)
✔ retry-clears-failed-classification fixture reconciles after success state (2486.175708ms)
✔ retryTask atomically resets task and segment records (977.71775ms)
✔ retryTask fixes segment drift (GAP-RETRY-01) (882.856375ms)
✔ resumeBatch refuses segment drift without retry (1125.254084ms)
✔ skipTask marks task skipped and updates counters (767.990791ms)
✔ retryTask rejects when batch is running (888.802875ms)
✔ defaultSegmentId used in segment records (0.210792ms)
✔ detectOrphanedReviewStarted finds orphaned review.started with no matching review.completed (0.704458ms)
✔ detectOrphanedReviewStarted returns empty when review.completed exists (0.099375ms)
✔ detectOrphanedReviewStarted distinguishes code and final review types (0.073375ms)
✔ reconcileOrphanedReviewEvents synthesizes completion when APPROVE artifact on disk (71.144458ms)
✔ reconcileOrphanedReviewEvents does NOT synthesize when no artifact on disk (26.822583ms)
✔ reconcileOrphanedReviewEvents does NOT synthesize for REVISE verdict (32.208458ms)
✔ findCompletedCodeReview honors artifact at attempt > 0 (69.627417ms)
✔ normal review flow (no crash) still works correctly (0.203041ms)
✔ reconcileOrphanedReviewEvents handles final review with PASS verdict (151.482416ms)
✔ buildReviewerSystemPrompt includes project standards when rules manifest exists (28.464625ms)
✔ buildReviewerSystemPrompt emits reviewer.rules_selected journal event (78.347667ms)
✔ buildReviewRequest user prompt does not include injected standards block (0.325334ms)
✔ runStepReview stub path does not emit reviewer.rules_selected (56.369792ms)
✔ isNoiseReviewScopePath matches runtime artifact paths (18.085792ms)
✔ filterReviewScopeNoise dedupes and drops noise (4.170375ms)
✔ resolvePlanReviewScopePaths returns PROMPT File Scope minus noise (25.628958ms)
✔ resolveReviewScopePaths plan uses task PROMPT file scope (14.7025ms)
✔ resolveReviewScopePaths final returns empty scope (0.117375ms)
✔ resolveCodeReviewScopePaths uses baseline..HEAD when baseline provided (1020.828333ms)
✔ resolveCodeReviewScopePaths falls back to git diff --name-only without baseline (950.531917ms)
✔ resolveReviewScopePaths code honors injectable git runner (0.265625ms)
✔ resolveCodeReviewScopePaths returns empty array when git fails (0.099709ms)
✔ parseReviewLevel reads PROMPT heading (0.728459ms)
✔ isReviewTypeRequired follows Taskplane rubric (0.09825ms)
✔ formatReviewTimestamp strips separators from ISO time (3.465792ms)
✔ buildReviewArtifactPath uses step-timestamp pattern (0.206667ms)
✔ buildFinalReviewArtifactPath uses final-timestamp pattern (0.115375ms)
✔ normalizeVerdict maps enums by review type (0.082875ms)
✔ normalizeFinalVerdict and normalizeCodeVerdict are type-specific aliases (0.077875ms)
✔ parseReviewVerdict reads JSON and markdown verdicts (0.602292ms)
✔ parseReviewVerdict accepts PASS REVISE REPLAN when reviewType is final (0.09725ms)
✔ parseReviewVerdict step mode rejects final-only verdict enums (0.192375ms)
✔ parseFinalReviewVerdict accepts PASS, REVISE, and REPLAN (0.13675ms)
✔ parseFinalReviewVerdict omits heading summary unlike parseReviewVerdict (0.10975ms)
✔ shouldRunCodeReview requires review level 2 or higher (0.068917ms)
✔ shouldRunFinalReview skips when review level is 0 (0.061708ms)
✔ DEFAULT_REVIEW_SPAWN_TIMEOUT_MS is 90 minutes (0.510041ms)
✔ honorReviewSpawnFailureWhenEligible honors final review when contract passed (5.190042ms)
✔ honorReviewSpawnFailureWhenEligible skips when contract failed (0.755125ms)
✔ honorReviewSpawnFailureWhenEligible honors code review with .DONE (3.097208ms)
✔ buildReviewerPiArgs includes --model when config pins reviewer (23.766042ms)
✔ buildReviewerPiArgs omits --model when reviewer model is inherit (11.794ms)
✔ buildReviewerPiArgs uses per-type model override for matching reviewType (30.056625ms)
✔ buildReviewerPiArgs falls back to top-level reviewer pin when per-type block missing (37.70525ms)
✔ buildReviewerPiArgs cascades per-type inherit to top-level reviewer pin (60.353167ms)
✔ spawnReviewerPi fails closed when pi unavailable via SPINE_REVIEW_TEST_NO_PI (18.133542ms)
✔ buildReviewerChildEnv strips SPINE_WORKER_RUNNER from reviewer child env (0.371083ms)
✔ shouldBlockNestedReviewerSpawn false when only worker runner leaked on engine (0.101416ms)
✔ spawnReviewerPi allows engine spawn when worker runner leaked without journal attach (9.614084ms)
✔ shouldBlockNestedReviewerSpawn true inside live worker child session (0.517125ms)
✔ parseReviewLevel reads PROMPT heading (0.748458ms)
✔ isReviewTypeRequired follows Taskplane rubric (0.085917ms)
✔ buildReviewArtifactPath uses step-timestamp pattern (2.726375ms)
✔ buildFinalReviewArtifactPath uses final-timestamp pattern (0.137041ms)
✔ parseReviewVerdict reads JSON and markdown verdicts (0.536042ms)
✔ parseReviewVerdict accepts PASS REVISE REPLAN when reviewType is final (0.150333ms)
✔ parseReviewVerdict step mode rejects final-only verdict enums (0.099708ms)
✔ parseReviewVerdict accepts PASS REVISE REPLAN for final review type (0.070417ms)
✔ resolveBatchJournalContext ignores SPINE_BATCH_ID without SPINE_JOURNAL_ATTACH (0.174916ms)
✔ isJournalAttachBlocked honors SPINE_SUPPRESS_JOURNAL_ATTACH (0.124542ms)
✔ resolveBatchJournalContext blocked when attach suppressed (0.118667ms)
✔ runStepReview ignores SPINE_REVIEW_STUB_FAIL without stub mode (48.956083ms)
✔ runStepReview stub APPROVE writes artifact and journal events (76.161458ms)
✔ runStepReview stub REVISE returns exitCode 2 (48.703833ms)
✔ runStepReview fail-closed on stub spawn failure (123.559292ms)
✔ runStepReview skips when review level does not require type (36.446375ms)
✔ runStepReview final stub PASS writes final artifact path (35.817375ms)
✔ runStepReview final spawn failure exits non-zero at review level >= 1 (21.840666ms)
✔ runSpineReviewStep CLI --type final emits JSON verdict (101.500042ms)
✔ runSpineReviewStep CLI emits JSON verdict (83.220125ms)
✔ assertReviewToolAvailable fails closed without pi at review level > 0 (29.350916ms)
✔ runWorker fails closed when review tool unavailable at level > 0 (165.157792ms)
✔ stub worker stops when enforced review spawn fails (123.9705ms)
✔ DEFAULT_REVIEW_SPAWN_TIMEOUT_MS remains 90 minutes (backstop unchanged) (0.488791ms)
✔ runStepReview honors on-disk APPROVE while pi hangs — seconds not stall timeout (337.783208ms)
✔ resolveReviewerModelPin returns per-type override when set (0.590875ms)
✔ resolveReviewerModelPin falls back to top-level when per-type block missing (0.19525ms)
✔ resolveReviewerModelPin cascades per-type inherit to top-level pin (0.069709ms)
✔ resolveReviewerModelPin returns null for top-level inherit (0.064291ms)
✔ resolveReviewerModelPin returns null when reviewer block absent (0.078667ms)
✔ resolveReviewerThinkingPin returns per-type override when set (0.079959ms)
✔ resolveReviewerThinkingPin falls back to top-level when per-type block missing (0.059416ms)
✔ resolveReviewerThinkingPin cascades per-type inherit to top-level pin (0.053333ms)
✔ resolveReviewerThinkingPin returns null for off at any level (0.09075ms)
✔ resolveReviewerThinkingPin returns null when reviewer block absent (0.106291ms)
✔ resolveRulesManifestGeneratedAtMerge keeps newest generatedAt (0.638333ms)
✔ resolveRulesManifestGeneratedAtMerge fails when rules differ (0.100792ms)
✔ fingerprintRulesManifest ignores generatedAt (0.069167ms)
✔ mergeLaneToOrch clears generatedAt-only dirty rules-manifest before merge (3802.299333ms)
✔ mergeLaneToOrch auto-resolves generatedAt-only rules-manifest conflict (2729.856209ms)
✔ mergeLaneToOrch fails loud when rules[] differ (2296.794834ms)
✔ mergeLaneToOrch does not auto-resolve when other paths conflict (1540.868875ms)
✔ tryAutoResolveRulesManifestMergeConflict resolves in-progress merge (1273.414958ms)
✔ appendTaskMetric writes TaskMetricRecord JSONL line (29.122042ms)
✔ buildTaskMetricRecord includes laneNumber and durationMs when available (0.231ms)
✔ buildTaskMetricRecord omits laneNumber when not a positive lane (0.108ms)
✔ metrics.enabled false skips append without error (9.364375ms)
✔ resolveTaskMetricOutcome maps skipped_done_on_disk to skipped (0.321084ms)
✔ appendTaskMetric redacts secret-like fields and omits prompt text (18.830583ms)
✔ skipTaskDoneOnDisk records skipped task metric (59.405334ms)
✔ appendBatchMetric writes BatchMetricRecord JSONL line (33.332083ms)
✔ recordBatchTerminalMetric skips when metrics disabled (7.263458ms)
✔ dismissBatch appends batch metric line (1524.282208ms)
✔ spine metrics show filters by batch and formats table output (17.355375ms)
✔ spine metrics show CLI filters by batch id (271.939ms)
✔ resolveSalvageConfig defaults autoCommitOnStall to false (0.52175ms)
✔ validateSpineConfig rejects non-boolean autoCommitOnStall (0.469416ms)
✔ recordTaskFailureSalvage with autoCommitOnStall commits scoped paths on lane branch (1522.531666ms)
✔ recordTaskFailureSalvage without autoCommitOnStall does not commit (1273.721833ms)
✔ salvage commit refuses merge_in_progress and index_conflicts (1876.494583ms)
✔ salvage commit refuses pre-commit hook failure (724.996459ms)
✔ atomic retry retains salvage WIP commit on lane branch (1356.603958ms)
✔ inspectLaneSalvage scopes porcelain to file scope and task folder (547.451875ms)
✔ recordTaskFailureSalvage journals inspection and writes evidence without committing (977.233709ms)
✔ writeSalvageEvidence writes pretty JSON atomically without temp files (619.551834ms)
✔ startBatch worker failure with dirty scoped file emits salvage and diagnose hint (10545.659666ms)
✔ parseSequenceArgs honors --auto-approve-gate and --force (0.520042ms)
✔ spine run sequence --auto-approve-gate dry-run succeeds under stub (1077.95575ms)
✔ spine run sequence --auto-approve-gate refused for real pi without --force (991.725375ms)
✔ spine run sequence --auto-approve-gate --force dry-run succeeds for real pi (1418.322416ms)
✔ validateSequenceAutoApproveGate allows stub mode without force (0.80675ms)
✔ validateSequenceAutoApproveGate blocks real pi without force (0.188917ms)
✔ validateSequenceAutoApproveGate allows real pi with force (0.079875ms)
✔ validateSequenceAutoApproveGate skips check when flag is false (0.077208ms)
✔ buildSequenceAutoApproveDoctorCheck warns for real pi (0.20325ms)
✔ buildSequenceAutoApproveDoctorCheck passes for stub mode (0.374041ms)
✔ runSequence refuses auto-approve on dry-run for real pi (0.645ms)
✔ runSequence allows auto-approve dry-run with force on real pi (0.4105ms)
✔ readCurrentBatchLogTail returns null for missing file (0.593625ms)
✔ readCurrentBatchLogTail filters to last batch session header (1.069333ms)
✔ readCurrentBatchLogTail returns full content when no header exists (0.65775ms)
✔ readCurrentBatchLogTail respects lineCount limit (0.45425ms)
✔ waitForSequenceBatchTerminal returns settled when batch completes before timeout (2466.096625ms)
✔ waitForSequenceBatchTerminal does not exit while engine PID is alive (5091.611625ms)
✔ waitForSequenceBatchTerminal returns failure diagnosis even with alive engine (1570.679083ms)
✔ isMergeBlockedBatchOutcome detects mixed-outcome and merge_blocked phases (0.570583ms)
✔ evaluateWaveTaskDependencies filters runnable tasks by satisfied deps (0.578ms)
✔ formatSequenceWaveSkipMessage names blocked dependencies per §17.4 (0.201542ms)
✔ resolveWaveAfterMergeBlocked continues wave 1 and skips wave 2 tasks (0.162416ms)
✔ planSequenceWaveTasks skips wave when no deps are satisfied (0.101208ms)
✔ 3-wave sequence continues wave 1 after wave 0 merge_blocked and skips wave 2 (19969.232584ms)
✔ isPiSessionMetadataPath matches .pi session roots and children (0.909292ms)
✔ checkGitClean ignores untracked .pi/ session metadata (969.213208ms)
✔ checkGitClean still fails when non-.pi paths are dirty (952.758ms)
✔ runSequence with only .pi/ dirty passes preflight (20327.978916ms)
✔ runSequence surfaces preflight failure on stderr-equivalent output (7003.156417ms)
✔ resolveResumeFromWave continues after last completed wave (0.528459ms)
✔ sequence persists fromWave, completedWaves, and lastBatchId after wave 0 (15432.196083ms)
✔ resume after interrupted wave 0 integrate completes remaining waves (38019.089708ms)
✔ sequence halts on wave failure with --stop-on-failure and preserves completed waves (23683.130792ms)
✔ resolveWaveTaskIds and resolveSequenceWaves honor planner waves (1.054209ms)
✔ diagnosis helpers classify settled, waiting, and failure states (0.110334ms)
✔ dry-run prints operator-equivalent land loop commands per wave (0.237458ms)
✔ 2-wave stub sequence completes with auto-approve land loop (25562.674708ms)
✔ buildSequencePlan resolves pending scope for dry-run integration (254.512708ms)
✔ skipTask leaves phase paused when all tasks terminal without merge (2815.31425ms)
✔ skipTask clears failed segment drift for reconcile (2868.927833ms)
✔ resolveWorkerOutputConfig applies lane defaults and overrides (0.57575ms)
✔ captureWorkerOutputTail keeps last lines and marks byte truncation (0.268ms)
✔ redactWorkerOutput applies built-in and config deny patterns (0.375875ms)
✔ runWorker stall_timeout captures stderr, persists log, journals stall_killed (5094.473541ms)
✔ collectEvidenceBundle references persisted worker output logs (24.183541ms)
✔ successful worker skips log unless retainWorkerOutputOnSuccess (5042.457125ms)
✔ SAT-020 replay: checkpoint_warning → stall_killed → salvage_inspection → task.failed (65227.56625ms)
✔ regression: stub worker still requires .DONE for batch success (10735.217042ms)
✔ recordTaskTransition writes batch-state then journal in order (337.163375ms)
✔ saveSpineBatchState leaves prior JSON intact when atomic write fails (293.59975ms)
✔ saveGateRecord leaves prior JSON intact when atomic write fails (387.98225ms)
✔ validateBatchState accepts healthy schema v1 state (0.804958ms)
✔ validateBatchState rejects counter drift (0.166209ms)
✔ runSpineState validate passes on archived batch-state (8.082666ms)
✔ runSpineState validate fails loud on corrupt active state (3.262791ms)
✔ computeStatusProgress derives wave and task counts from batch raw (0.926417ms)
✔ computeStatusProgress returns null without batch raw (0.09025ms)
✔ formatStatusJson includes documented progress field names (0.144333ms)
✔ spine status --json includes task and wave progress for active batch (1528.178792ms)
✔ spine status --json omits progress counts when no batch is active (383.579875ms)
✔ reconcileBatch exposes progress fields for spine watch consumers (1500.542208ms)
✔ classifyTaskDoneSemantics distinguishes lane vs main .DONE (issue #35) (267.989583ms)
✔ spine status --diagnose --json exposes explicit done flags mid-batch (1403.340875ms)
✔ verifyStubFileScopeMustChange fails when contract paths are unchanged (500.731ms)
✔ verifyStubFileScopeMustChange passes when contract path changed (628.880834ms)
✔ verifyStubFileScopeMustChange passes for comma-in-single-backtick fileScopeMustChange (SP-396) (639.747875ms)
✔ commitLaneWorktree rejects stub completion without fileScopeMustChange diffs (772.037292ms)
✔ commitLaneWorktree allows stub completion when fileScopeMustChange is satisfied (717.655792ms)
✔ stub contract helpers detect release-critical contracts and legacy markers (0.359208ms)
✔ shouldEnforceStubContractAtLaneCommit uses env or legacy .DONE marker (257.111459ms)
✔ stub cannot succeed merge/version task without file-scope changes (795.644292ms)
✔ checkStubReleaseCritical warns when stub mode has pending fileScopeMustChange tasks (444.338458ms)
✔ diagnosis surfaces exitReason stub for M/L legacy stub .DONE markers (0.974583ms)
✔ reconcileBatch surfaces exitReason stub for succeeded M/L tasks with legacy stub .DONE (1696.113458ms)
✔ applyStubDeliveryStatusBlock updates existing header lines (0.716375ms)
✔ applyStubDeliveryStatusBlock appends block when header lines are missing (0.118583ms)
✔ writeStubDeliveryStatusIfNeeded updates STATUS for delivery-only contracts (2.868958ms)
✔ writeStubDeliveryStatusIfNeeded skips implementation scopes (1.721792ms)
✔ stub worker auto-writes STATUS for delivery-only fileScopeMustChange (92.448333ms)
✔ stub worker does not auto-write STATUS for implementation fileScopeMustChange (151.127791ms)
✔ stub worker STATUS delivery satisfies verifyStubFileScopeMustChange (680.317917ms)
✔ isSupervisorSpawnEnabled defaults to false (0.593709ms)
✔ resolveSupervisorPollIntervalMs uses default and honors config (0.095541ms)
✔ resolveSupervisorModel returns inherit by default (0.073875ms)
✔ shouldEmitSupervisorNudge covers actionable diagnoses (0.106833ms)
✔ buildSupervisorObservationPayload shapes reconcile fields (0.11175ms)
✔ buildSupervisorNudgePayload includes headline and suggestedCommand (0.409ms)
✔ isSupervisorMonitorTerminal detects terminal phases and diagnoses (0.077292ms)
✔ spawnDetachedSupervisor does not spawn when disabled (469.452041ms)
✔ enabled:true journals supervisor.started and supervisor.stopped on terminal (1381.18175ms)
✔ enabled:false produces no supervisor journal events via maybeSpawnSupervisorOnDetachedStart (283.377042ms)
✔ killSupervisor journals supervisor.stopped and clears state (276.293208ms)
✔ spawnDetachedSupervisor spawns monitor child when enabled (476.298833ms)
✔ parseTaskSizeFromMarkdown reads Size line (1.142792ms)
✔ resolveTaskStallMinutes uses max of config and size floor (0.128917ms)
✔ resolveStallConfigForTask applies minutes to stallTimeoutMs (0.12975ms)
✔ journalTaskAwaitingFirstHeartbeat: true after task.started before lane.heartbeat (0.757292ms)
✔ journalTaskAwaitingFirstHeartbeat: false after matching lane.heartbeat (0.092458ms)
✔ detectOrphanRunning suppresses lane orphan during first-heartbeat debounce when engine alive (0.3435ms)
✔ detectOrphanRunning still reports lane orphan before heartbeat when engine is dead (0.125458ms)
✔ detectOrphanRunning still reports lane orphan after first heartbeat (0.099375ms)
✔ reconcileBatch: transient dead workerPid mid-start diagnoses running not worker_orphaned (1396.3495ms)
✔ reconcileOrphanRunningState does not fail running task during debounce window (298.388042ms)
✔ post-heartbeat dead pid still worker_orphaned with retry (1329.0785ms)
✔ hasPendingWaveMerge is true when an intermediate wave lacks mergeResults (0.676125ms)
✔ hasPendingWaveMerge is false when every terminal wave is recorded (0.458625ms)
✔ recordWaveMergeResult records forceMerged flag and updates existing wave row (0.142084ms)
✔ resolveWorkerBackend defaults to subprocess (0.608208ms)
✔ resolveWorkerBackend honors agentSession flag (0.073125ms)
✔ validateWorkerBackendConfig rejects invalid values (0.102375ms)
✔ validateSpineConfig accepts optional workerBackend (0.241375ms)
✔ settings registry validates workerBackend enum case-sensitively (0.151375ms)
✔ buildAgentSessionWorkerPrompt includes PROMPT reference and review hint (2.967583ms)
✔ createStubAgentSession writes .DONE (4.942917ms)
✔ startAgentSessionWorker completes with injected mock session (5.149708ms)
✔ runWorker uses agentSession backend with mock factory (5054.896833ms)
✔ runWorker keeps subprocess default when workerBackend unset (5018.420459ms)
✔ WORKER_BACKENDS lists supported values (0.633875ms)
✔ buildWorkerBackendDoctorCheck reports subprocess as production default (0.132916ms)
✔ buildWorkerBackendDoctorCheck warns or fails on opt-in agentSession (0.254334ms)
✔ buildWorkerBackendDoctorCheck falls back to subprocess for invalid config (0.044334ms)
✔ DIAGNOSIS_TAXONOMY includes worker_done_missing distinct from worker_orphaned and needs_retry (0.518417ms)
✔ outputIndicatesWorkerDoneMissing matches runner stderr message (0.109042ms)
✔ inferWorkerDoneMissingFailure reads task.failed payload from journal (0.184792ms)
✔ buildHeadline and buildSuggestedCommand for worker_done_missing cite worker log (0.343125ms)
✔ reconcileBatch diagnoses worker_done_missing for issue #18 journal pattern (1460.379542ms)
✔ buildDiagnosisOutput bundles worker_done_missing headline and retry command (0.37225ms)
✔ resolvePiSpineRoot defaults to pi-spine package root (0.747292ms)
✔ resolvePiSpineRoot honors development.piSpineRoot override (3.738709ms)
✔ buildWorkerChildEnv sets PI_SPINE_ROOT for worker spawn (1.271333ms)
✔ validateWorkerLaunchScriptPath requires scripts/ prefix (2.954334ms)
✔ validateWorkerLaunchScriptPath rejects traversal (0.762042ms)
✔ validateWorkerLaunchScriptPath rejects symlink escape (2.868542ms)
✔ resolveSafeWorkerLaunchScript returns default when present (1.880542ms)
✔ validateSpineConfig rejects unsafe development.workerLaunchScript (0.595708ms)
✔ DEFAULT_WORKER_LAUNCH_SCRIPT matches conventional path (0.116208ms)
✔ runWorker classifies launch script fast-fail as launch_failed (5069.641167ms)
✔ appendWorkerAgentModelArgs adds --model when configured and not inherit (0.528ms)
✔ appendWorkerAgentModelArgs omits --model for inherit and empty (0.083042ms)
✔ appendWorkerAgentModelArgs adds --thinking when set and not off (0.060667ms)
✔ buildWorkerPiArgs includes --model cursor/auto from spine-config (10.920917ms)
✔ buildWorkerPiArgs omits --model when agents.worker.model is inherit (8.652417ms)
✔ parseWorkerDoneMarker accepts legacy empty and text markers (1.493167ms)
✔ parseWorkerDoneMarker accepts structured JSON markers (0.147625ms)
✔ parseWorkerDoneMarker rejects partial JSON markers (0.090125ms)
✔ isWorkerDoneMarkerValid mirrors parseWorkerDoneMarker (0.073916ms)
✔ writeWorkerDoneMarker writes atomic structured JSON (6.51725ms)
✔ readWorkerDoneMarker reports absent marker (0.821125ms)
✔ persistWorkerOutputLog writes atomically without temp leftovers (5.264542ms)
✔ resolveWorkerPiTimeoutMs uses per-size stall floor (0.546166ms)
✔ resolveWorkerPiTimeoutMs honors SPINE_WORKER_PI_TIMEOUT_MS override (0.092167ms)
✔ buildWorkerChildEnv sets SPINE_WORKER_PI_TIMEOUT_MS from stall budget (0.463625ms)
✔ buildPiWorkerTimeoutDoctorCheck reports stall-aligned timeout for M floor (0.174708ms)
✔ runWorker terminates hung child after .DONE and returns ok: true (10068.929958ms)
✔ runWorker pre-.DONE stall_timeout still works (5105.16475ms)
✔ buildWorkerTailPrompt includes critical-rules for JS-scoped task (22.405ms)
✔ buildWorkerContextAsync appends config.standards end-to-end (2.178917ms)
✔ buildWorkerContextAsync emits worker.rules_selected journal event (17.202875ms)
✔ buildWorkerContextAsync falls back to static context without .cursor/rules (9.753208ms)
✔ buildReviewLevelHint delegates code and final review to engine (0.62625ms)
✔ buildCommitBoundaryHint uses SP-064 feat(taskId) convention (0.109208ms)
✔ buildDoneCheckpointHint references done path and uncommitted failure (0.143709ms)
✔ buildWorkerTailPrompt includes tools hint and task id from folder (0.518ms)
✔ buildWorkerTailPrompt appends worker agent and PROMPT when present (5.584625ms)
✔ shouldSlideStallAnchorOnHeartbeat only slides worker_alive in pi phase (0.484708ms)
✔ computeStallDeadline slides silent stall window when lastAliveAt advances (0.167875ms)
✔ nextStallAnchorAt advances only on pi worker_alive (0.079084ms)
✔ runWorker worker_alive heartbeats extend stall deadline past initial window (10119.534042ms)
✔ runWorker silent stall still fails without heartbeats (5086.697167ms)
✔ SP-190 wedge fixture describes hung-child-after-.DONE incident (0.966208ms)
✔ SP-190 wedge class: engine completes within post-done grace (SP-193) (10064.717833ms)
✔ completeBatch removes lane worktrees and journals batch.worktrees_cleaned (1479.159ms)
✔ dismissBatch removes lane worktrees and journals batch.worktrees_cleaned (1265.668ms)
✔ completeBatch keeps worktree when cleanupWorktreesOnComplete is false (1213.79775ms)
✔ provisionLaneWorktree normalizes git metadata to relative posix paths (439.195ms)
✔ repairLaneWorktreeGitMetadata fixes broken absolute gitdir pointers (452.585166ms)
✔ normalizeLaneWorktreeGitPaths is idempotent (479.524541ms)
✔ validateMultiTaskResume repairs unhealthy lane worktree git metadata (444.46275ms)
✔ validateWorktreeSetupHookPath accepts ./scripts/ prefix when file exists (5.857125ms)
✔ validateWorktreeSetupHookPath rejects ./scripts/../ traversal (0.952792ms)
✔ validateSpineConfig rejects unsafe worktreeSetupHook (0.738208ms)
✔ checkWorktreeSetupHook fails preflight for unsafe hook path (0.944042ms)
✔ runWorktreeSetupHook succeeds with JSON stdout (281.252583ms)
✔ runWorktreeSetupHook throws when hook returns ok false (176.983208ms)
✔ runWorktreeSetupHook throws on malformed JSON stdout (179.950209ms)
✔ runWorktreeSetupHook is no-op when hook not configured (0.995ms)
✔ batch help helpers detect help invocations (0.511125ms)
✔ printBatchHelp returns usage text (0.130584ms)
✔ runSpineBatch exits 0 for help without starting a batch (154.787166ms)
✔ spine batch start --help does not create batch state (266.726042ms)
✔ isCliEntrypoint returns true when argv[1] is a symlink to the module (1.282333ms)
✔ isCliEntrypoint returns false for an unrelated script path (0.267791ms)
✔ isCliEntrypoint returns false when argv[1] is missing (0.171625ms)
✔ spine help via symlink produces stdout and exit 0 (103.876083ms)
✔ spine version via symlink produces stdout and exit 0 (662.755959ms)
✔ HANDOFF_DEFAULTS autoWriteOn includes session_start (1.036084ms)
✔ /spine auto-writes handoff on session_start when batch needs attention (1980.028458ms)
✔ /spine skips auto-write when autoWriteOn excludes session_start (1072.487459ms)
✔ /spine skips auto-write for idle diagnosis even with session_start enabled (6174.347708ms)
✔ /spine merges default autoWriteOn when config omits handoff.autoWriteOn (2262.036667ms)
✔ formatIssueDraftMarkdown renders all issue checklist sections (0.831792ms)
✔ formatIssueDraftMarkdown applies redaction to section content (0.122ms)
✔ buildIssueDraftBody returns title, body, and labels for idle repo (4396.402584ms)
✔ buildIssueDraftBody includes batch context and journal tail (10460.833416ms)
✔ buildIssueDraftBody maps issueType to GitHub labels (30835.658083ms)
✔ buildIssueDraftBody rejects invalid issueType (625.36925ms)
✔ buildIssueDraftBody redacts sk- token patterns in title and body (9945.043958ms)
✔ parseJournalFollowArgs reads batch, lane, and json flags (0.924125ms)
✔ resolveFollowBatchId uses reconcile then batch-state (727.86475ms)
✔ formatJournalFollowLine uses summarizeJournalEvent (1.393083ms)
✔ formatJournalFollowOutputLine filters by lane and supports json passthrough (0.198791ms)
✔ readJournalFollowSnapshot prints header once in human mode (10.392458ms)
✔ runJournalFollow exits non-zero when journal missing (0.720708ms)
✔ runJournalFollow exits non-zero when no batch can be resolved (0.595417ms)
✔ runJournalFollow prints existing events without following (16.230334ms)
✔ runJournalFollow defaults batch from batch-state (715.223459ms)
✔ spine journal follow exits non-zero when journal missing (110.268458ms)
✔ parseLaneNumber accepts positive integers (0.587833ms)
✔ parseLaneLogsArgs reads lane, task, batch, and follow flags (0.480291ms)
✔ extractTaskIdFromLogFilename parses worker log names (0.0785ms)
✔ resolveLaneLogPath prefers live log when present (6.604166ms)
✔ resolveLaneLogPath falls back to worker-output log (3.151916ms)
✔ findMostRecentLogTaskId picks newest log in lane directory (3.771792ms)
✔ resolveLaneLogTaskId uses explicit task id (0.659084ms)
✔ resolveLaneLogTaskId infers running task from batch state (1.780166ms)
✔ runLaneLogs exits non-zero when lane is missing (0.722084ms)
✔ runLaneLogs exits non-zero when no batch can be resolved (1.021583ms)
✔ runLaneLogs prints existing log without following (724.992541ms)
✔ runLaneLogs prefers live log content (697.361375ms)
✔ spine lane logs exits non-zero when log file missing (868.40925ms)
✔ isExitVerificationTask detects exit verification headings (0.684125ms)
✔ shouldRunContractVerifyForWorker skips stub for normal tasks (0.9215ms)
✔ shouldRunContractVerifyForWorker runs stub contract for exit tasks (0.23775ms)
✖ runPhase23ExitVerify --skip-test passes structural checks in repo (18.297625ms)
✖ spine verify phase23-exit CLI is wired (5.330708ms)
✔ runScenariosList prints empty registry message (6.463416ms)
✔ runScenariosList returns sorted scenarios as JSON (10.183208ms)
✔ runScenariosShow returns scenario details (1.303125ms)
✔ runScenariosShow rejects unknown scenario (1.033459ms)
✔ loadScenarioFixture reads incident fixture from registry entry (1.124416ms)
✔ loadScenarioFixture rejects recipe kind (0.667458ms)
✔ materializeFixtureToProject writes batch-state and journal tail (159.176125ms)
✔ assertMaterializeAllowed blocks when batch-state exists (154.065625ms)
✔ runScenariosMaterialize blocks active batch without --force (160.624708ms)
✔ runScenariosMaterialize writes fixture with --force (168.048291ms)
✔ runScenariosMaterialize rejects recipe scenarios (1.231292ms)
✔ spine scenarios CLI routes list and materialize (393.064959ms)
✔ parseSequenceArgs defaults scope to pending and stopOnFailure to true (0.571166ms)
✔ parseSequenceArgs honors wave and attached flags (0.095875ms)
✔ formatSequenceResult emits JSON when requested (0.4755ms)
✔ spine run sequence pending --dry-run prints per-wave land loop commands (332.274584ms)
✔ spine run sequence pending --dry-run --json returns structured payload (369.000958ms)
✔ spine run sequence pending --from-wave 1 limits dry-run to later waves (381.747375ms)
✔ runSpineSequence rejects invalid through-wave with non-zero exit (235.433042ms)
✔ spine run pending still aliases batch start (287.517625ms)
✔ buildSuggestedCommand for state_drift uses retry with task id (0.593542ms)
✔ buildSuggestedCommand for state_drift while running suggests pause then retry (0.07525ms)
✔ buildSuggestedCommand for state_drift without task id falls back to diagnose (0.067208ms)
✔ assembleHandoffData returns idle shape when no active batch (205.384875ms)
✔ assembleHandoffData includes reconciliation fields for active batch (1081.573125ms)
✔ assembleHandoffData redacts secret-like payload fields in journal tail (1148.163792ms)
✔ paused batch handoff lists pending tasks and spine batch resume (1296.8935ms)
✔ renderHandoffMarkdown matches golden snapshot structure (1342.644ms)
✔ redactHandoffText removes KEY TOKEN and SECRET value patterns (0.278583ms)
✔ recordHandoffWritten appends handoff.written journal event (304.934083ms)
✔ handleNext appends handoff path hint when handoff file exists (1254.940292ms)
✔ runSpineHandoff --json writes handoff file and returns structured output (1144.94825ms)
✔ runInit copies rules profile, discovers manifest, standards default [] (13.027125ms)
✔ runInit dry-run plans rules files without writing (1.398208ms)
✔ rules-manifest.json is not listed in .gitignore (0.198666ms)
✔ parseIssueDraftArgs applies defaults and flags (0.522042ms)
✔ buildIssueDraftBody works in idle repo without batch context (5171.441209ms)
✔ runSpineIssueDraft writes draft file and prints human output by default (4749.840084ms)
✔ runSpineIssueDraft --json returns structured payload without writing file (6141.797959ms)
✔ runSpineIssueDraft --create fails clearly when gh is missing (2202.433417ms)
✔ runSpineIssue rejects unknown subcommands (2499.551917ms)
✔ spine issue draft routes through spine.mjs help and dispatch (14837.151125ms)
✔ buildIssueDraftBody redacts secret-like values (10573.214542ms)
✔ get-version helpers use spawnSync without shell (10.508333ms)
✔ spine help and version route through thin CLI entry (902.422167ms)
✔ spine rejects unknown commands (118.415334ms)
✔ router dispatches plan, status, batch, gate, and integrate (799.90075ms)
✔ spine rules --help lists subcommands (110.419084ms)
✔ runSpineRules discover writes manifest in initialized project (211.885833ms)
✔ runSpineRules select rejects invalid PROMPT before manifest check (192.906708ms)
✔ runSpineRules select uses validated file scope (206.198042ms)
✔ runSpineRules select requires manifest (199.669583ms)
✔ spine rules sync via CLI exits zero in pi-spine repo (140.991917ms)
✔ parseRulesArgv defaults role to worker (0.10025ms)
✔ parseRulesArgv requires review-type for reviewer role (0.285125ms)
✔ runSpineRules select worker default unchanged (249.743792ms)
✔ runSpineRules select reviewer plan uses PROMPT file scope (299.916625ms)
✔ runSpineRules select reviewer final returns empty scope (300.861958ms)
✔ runSpineRules select reviewer code honors baseline (467.404958ms)
✔ spine status prints macro phase for idle repo (325.501625ms)
✔ spine status prints macro phase for active batch (1244.0975ms)
✔ spine status --diagnose verbose signals include macroPhase (1242.263667ms)
✔ spine status --json includes macroPhase fields (1238.510417ms)
✔ parseDurationMs accepts plain seconds and suffix forms (0.964625ms)
✔ parseDurationMs rejects invalid values (0.274458ms)
✔ parseUntilDiagnoses parses comma-separated diagnoses (0.483ms)
✔ parseUntilDiagnoses rejects unknown diagnoses (0.090875ms)
✔ parseWaitArgs requires --until and applies defaults (0.118083ms)
✔ parseWaitArgs accepts timeout interval and json (0.078958ms)
✔ parseWaitArgs rejects unknown flags (0.075916ms)
✔ diagnosisMatchesUntil matches only non-null diagnoses in set (0.07675ms)
✔ runSpineWait exits 0 when diagnosis matches (0.292625ms)
✔ runSpineWait exits 1 on timeout and emits final json snapshot (0.192417ms)
✔ runSpineWait polls until diagnosis changes (0.140875ms)
✔ spine wait --json exits 0 when diagnosis matches fixture (1405.640666ms)
✔ spine wait times out with exit 1 (3332.492167ms)
✔ spine wait rejects missing --until (107.697291ms)
✔ spine help lists wait command (133.498167ms)
✔ parseWatchArgs defaults (0.820375ms)
✔ parseWatchArgs accepts interval json and once (0.101416ms)
✔ parseWatchArgs rejects invalid interval (0.261583ms)
✔ parseWatchArgs rejects unknown flags (0.076833ms)
✔ formatWatchHumanLine renders compact reconcile summary (0.1305ms)
✔ formatWatchHumanLine uses idle placeholders when batch absent (0.137375ms)
✔ buildWatchSnapshot includes core fields and progress block when present (0.536584ms)
✔ buildWatchSnapshot prefers explicit progress object (0.096542ms)
✔ runSpineWatch --once human mode prints one line (0.259167ms)
✔ runSpineWatch --once json mode prints NDJSON snapshot (0.215583ms)
✔ runSpineWatch polls until once breaks loop without extra reconcile calls (0.128959ms)
✔ spine watch --once integrates with reconcileBatch in idle repo (421.361792ms)
✔ spine watch --json --once emits reconcile snapshot for active batch (1312.234875ms)
✔ spine watch rejects invalid interval (113.575834ms)
✔ spine help lists watch command (124.49875ms)
✔ DIAGNOSIS_TAXONOMY includes needs_replan (0.521625ms)
✔ needs_replan diagnosis messaging matches handoff §9.1 shape (0.697291ms)
✔ buildDiagnosisOutput bundles needs_replan operator fields (0.137167ms)
✔ deriveDiagnosis prefers needs_replan over needs_retry for replan failures (0.305417ms)
✔ needs_replan blocks needs_merge diagnosis when replan task remains (0.076292ms)
✔ reconcileBatch surfaces needs_replan with edit-PROMPT suggestion (1123.258125ms)
✔ I-01 progress signals extend stall deadline past hard timeout (0.634625ms)
✔ I-02 spine batch retry resets task and segment with pendingSegments > 0 (197.97825ms)
✔ I-03 spine state validate rejects corrupt batch-state (3.556041ms)
✔ I-04 spine batch abort archives batch-state before clearing active file (212.820375ms)
✔ I-05 wave merge blocked on failed/pending tasks; force-merge override exists (284.517375ms)
✔ I-06 retry refused while batch phase is executing or merging (183.376292ms)
✔ I-07 stall logic uses STATUS, lane commit, and file-scope mtime signals (133.392333ms)
✔ I-08 post-mortem does not claim success when failures exist (1040.161583ms)
✔ I-09 CONTEXT documents serial bootstrap and preflight execution policy (0.584375ms)
✔ I-10 runStepReview fail-closed when review tool unavailable at level > 0 (2.768084ms)
✔ CONFIG_V2_SECTION_DEFAULTS match handoff §6.2 (0.894167ms)
✔ applyConfigDefaults merges missing v2 sections without overwriting existing keys (0.22875ms)
✔ loadSpineConfig merges defaults for legacy config missing v2 keys (4.3775ms)
✔ init scaffold includes v2 config sections from template (3.043417ms)
✔ CONTRACT_DEFAULTS match handoff §3.1 (0.931583ms)
✔ applyConfigDefaults merges contract section (0.307667ms)
✔ validateContractConfig rejects invalid mode (0.168375ms)
✔ validateContractConfig rejects non-array legacyTaskIdPrefixes (0.061625ms)
✔ validateSpineConfig accepts valid contract block (0.203208ms)
✔ validateSpineConfig rejects invalid contract.mode via validateSpineConfig (0.070084ms)
✔ discoverCursorRules returns empty manifest when rules root is missing (3.620542ms)
✔ discoverCursorRules excludes brutal-audit rules via profile patterns (35.478333ms)
✔ discoverCursorRules records parse warn entries in manifest rules (10.301417ms)
✔ discoverCursorRules manifest round-trip via atomic write (4.508917ms)
✔ classifyCursorRuleSpineClass prefers always over globs (0.185875ms)
✔ getCursorRuleExclusionReason matches excludeRelPaths exactly (0.173833ms)
✔ expandFileScopeProbes returns empty for empty scope (0.830458ms)
✔ expandFileScopeProbes adds synthetic probes for dir/* and dir/** (0.180875ms)
✔ expandFileScopeProbes keeps literal file paths (0.232625ms)
✔ expandFileScopeProbes expands in-path wildcards (0.086042ms)
✔ ruleGlobsMatchFileScope is false for empty file scope (0.128584ms)
✔ ruleGlobsMatchFileScope matches **/* when file scope is non-empty (0.117375ms)
✔ ruleGlobsMatchFileScope matches JS globs against mjs scope (0.566917ms)
✔ ruleGlobsMatchFileScope matches scope glob entries against rule globs (0.812167ms)
✔ parseCursorRuleFrontmatter returns skip when frontmatter missing (1.884042ms)
✔ parseCursorRuleFrontmatter parses array globs fixture (0.952958ms)
✔ parseCursorRuleFrontmatter splits comma-separated globs (0.315208ms)
✔ parseCursorRuleFrontmatter treats empty globs array as no patterns (0.465416ms)
✔ parseCursorRuleFrontmatter defaults missing globs key to empty array (0.344916ms)
✔ parseCursorRuleFrontmatter coerces alwaysApply booleans (0.607875ms)
✔ parseCursorRuleFrontmatter matches repo comma-separated task authoring layout (0.162417ms)
✔ parseCursorRuleFrontmatter matches general-llm alwaysApply true layout (0.087833ms)
✔ parseCursorRuleFrontmatter matches audit-workflow empty globs layout (0.101334ms)
✔ parseCursorRuleFrontmatter warns on invalid alwaysApply and bad globs (0.217208ms)
✔ DEFAULT_RULES_PROFILE seeds worker include and discovery excludes (0.559625ms)
✔ loadRulesProfile returns built-in defaults when file missing (3.45425ms)
✔ mergeRulesProfile applies neverInclude over alwaysInclude (0.184833ms)
✔ mergeRulesProfile applies reviewer defaults when file omits reviewer (0.079792ms)
✔ mergeRulesProfile applies reviewer neverInclude over alwaysInclude (0.092708ms)
✔ loadRulesProfile rejects invalid JSON with RULES_PROFILE_INVALID (2.15ms)
✔ validateRulesProfile rejects unsupported profileVersion (0.15825ms)
✔ loadRulesProfile merges partial file overrides (2.311458ms)
✔ validateRulesProfile rejects schema and path traversal errors (0.417209ms)
✔ loadRulesProfile rejects validated file errors (2.101458ms)
✔ selectRulesForReviewer returns empty when reviewer.enabled is false (2.136916ms)
✔ selectRulesForReviewer never selects taskplane-worker-cursor.mdc (0.341208ms)
✔ selectRulesForReviewer selects glob rules when scopePaths match (0.589875ms)
✔ selectRulesForReviewer appends standards without duplicates (0.219459ms)
✔ selectRulesForReviewer respects neverLoad (0.122042ms)
✔ selectRulesForReviewer uses profile.reviewer.maxRules cap (8.543916ms)
✔ context path helpers round-trip under .cursor/rules (0.570458ms)
✔ selectRulesForWorker includes alwaysInclude and always-class rules (1.431083ms)
✔ selectRulesForWorker selects JS globs and excludes Swift for JS-only scope (14.307ms)
✔ selectRulesForWorker matches OWASP for bin/*.mjs scope via scope glob (0.241916ms)
✔ selectRulesForWorker appends standards without duplicates (0.221583ms)
✔ selectRulesForWorker respects neverLoad and neverInclude (0.1355ms)
✔ selectRulesForWorker exports journal-friendly entries shape (0.264834ms)
✔ normalizeTasksRootFromEnv accepts relative and rejects parent traversal (0.668083ms)
✔ applyEnvOverrides: SPINE_MAX_LANES overrides file value (0.289333ms)
✔ applyEnvOverrides: SPINE_TASKS_ROOT overrides paths.tasksRoot (0.099541ms)
✔ applyEnvOverrides rejects invalid SPINE_MAX_LANES (0.607834ms)
✔ loadSpineConfig applies env overrides after file load (188.131ms)
✔ SPINE_TASKS_ROOT env discovers tasks under alternate root in plan (184.333375ms)
✔ spine settings show reports env source for overridden lanes.maxParallel (356.394416ms)
✔ runDoctorChecks lists effective config with env source (4703.089834ms)
✔ DEFAULT_REVIEWER_CONTEXT_BYTE_CAP is 16KiB (0.547292ms)
✔ buildReviewerContext skips when .cursor/rules is missing (2.945042ms)
✔ buildReviewerContext does not inject referenceDocs (10.26725ms)
✔ buildReviewerContext truncates at byte cap (23.537208ms)
✔ buildReviewerContext emits reviewer.rules_selected journal event (16.259458ms)
✔ buildReviewerContext degrades gracefully on invalid rules profile (10.6155ms)
✔ buildReviewerContext selects rules for scoped plan review (2.650625ms)
✔ emitReviewerRulesSelected is no-op without journal context (0.143792ms)
✔ SETTINGS_FIELDS lists editable paths including reviewer per-type pins (1.004875ms)
✔ listEditableFields returns shallow copies (0.138042ms)
✔ parseSettingPath rejects unknown path (0.126208ms)
✔ parseSettingPath accepts registered path (0.059583ms)
✔ lanes.maxParallel accepts valid integer and coerces string (0.125708ms)
✔ lanes.maxParallel rejects below min and above max (0.079833ms)
✔ gates.requireBeforeIntegrate accepts booleans and CLI strings (0.118958ms)
✔ agents.worker.model accepts inherit and optional empty (0.097333ms)
✔ agents.worker.thinking accepts enum values case-insensitively (0.117791ms)
✔ agents.reviewer.model accepts inherit and optional empty (0.105792ms)
✔ agents.reviewer.thinking accepts inherit and enum values (0.065417ms)
✔ agents.reviewer.plan.model accepts per-type override values (0.049625ms)
✔ agents.reviewer.code.thinking accepts per-type inherit (0.047833ms)
✔ dashboard.port accepts valid port range (0.059167ms)
✔ lanes.workerBackend accepts registered enum values (0.05425ms)
✔ validateSettingValue rejects unknown path (0.054083ms)
✔ src/cli and src/migrate do not import from bin/ (21.336ms)
✔ src/** has no bin/ imports (24.506666ms)
✔ spine-config template defaults mirror package.json script patterns (0.745167ms)
✔ init applies testing defaults including coverage command (5.635792ms)
✔ dogfood spine-config has non-empty testing fields (0.317458ms)
✔ buildTestingEvidenceDoctorChecks warns on empty build when collectBuildEvidence (0.117916ms)
✔ buildTestingEvidenceDoctorChecks warns on empty test when collectTestEvidence (0.080875ms)
✔ buildTestingEvidenceDoctorChecks passes when commands configured (0.448292ms)
✔ buildTestingEvidenceDoctorChecks treats collectTestEvidence default as enabled (0.069958ms)
✔ SPINE_GITIGNORE_ENTRIES includes run-metrics.jsonl (0.485292ms)
✔ ensureGitignoreEntries adds run-metrics path on fresh init (3.603584ms)
✔ isMergeOriginMainTask detects merge-origin-main packet shapes (0.573417ms)
✔ checkOrchMergeConflictWarn passes without pending merge-origin-main tasks (743.297333ms)
✔ checkOrchMergeConflictWarn warns on PRD + manifest divergence with merge-origin-main pending (715.070125ms)
✔ runBatchPreflight and plan check surface orch merge conflict warning (2005.796833ms)
✔ checkPrelandedFileScopeWarn passes when no stale pending tasks (341.906709ms)
✔ checkPrelandedFileScopeWarn warns for prelanded fileScopeMustChange (454.326875ms)
✔ runBatchPreflight and plan check surface prelanded file-scope warning (1427.90825ms)
✔ checkGitClean passes when only metrics file has append-only drift (360.302917ms)
✔ checkGitClean fails when metrics file content is truncated (316.272458ms)
✔ checkGitClean passes when metrics file is gitignored and not tracked (229.287417ms)
✔ runDoctorChecks warns when metrics file is git-tracked (4883.876375ms)
✔ tsconfig.batch.json scopes checkJs hot paths (2.133875ms)
✔ npm run typecheck validates extensions and batch hot paths (3707.161125ms)
✔ normalizeContextPathList rejects non-arrays (0.939125ms)
✔ buildWorkerContext honors neverLoad and byte cap (5.632458ms)
✔ buildWorkerTailPrompt injects configured standards (1.971417ms)
✔ buildWorkerContextAsync uses auto selection when cursor rules exist (14.448167ms)
✔ spine init defaults standards to [] for auto-discovery (SP-093) (10.680541ms)
✔ validateSpineConfig rejects invalid referenceDocs (0.21175ms)
✔ loadContextDocEntries stops at byte cap (3.110875ms)
✔ DEFAULT_WORKER_CONTEXT_BYTE_CAP is 32KiB (0.157708ms)
✔ validateWorkerLaunchScriptPath accepts ./scripts/ prefix when file exists (4.674125ms)
✔ validateWorkerLaunchScriptPath rejects ./scripts/../ traversal (0.777417ms)
✔ COVERAGE_THRESHOLD is 77 (0.561083ms)
✔ COVERAGE_INCLUDES scopes src, bin, and extensions (0.444333ms)
✔ FILE_COVERAGE_THRESHOLDS enforces slash-commands.ts floor (0.0605ms)
✔ TEST_GLOBS has bidirectional parity with package.json test script (0.26975ms)
✔ parseAggregateLineCoverage reads all files line percent (0.186334ms)
✔ parseAggregateLineCoverage returns null when summary missing (0.154709ms)
✔ parseAggregateLineCoverage reads coverage:check summary line (0.076792ms)
✔ parsePerFileLineCoverage reads per-file rows (0.317125ms)
✔ findFileCoverageFailures reports missing and below-threshold files (0.193541ms)
✔ formatDashboardStartupMessage includes URL, port, and operator hints (0.632959ms)
✔ formatDashboardStartupMessage notes --port source (0.089166ms)
✔ resolveDashboardPortWithSource prefers CLI over config (219.351084ms)

pi-spine dashboard

  Open in browser: http://127.0.0.1:61851/
  Listen:          127.0.0.1:0 (--port)

  While running:   keep this terminal open; dashboard updates via SSE (~2s)

  In another terminal:
    spine status
    spine batch start <task-id>

  → Open http://127.0.0.1:61851/ in your browser

  API:  http://127.0.0.1:61851/api/snapshot
        http://127.0.0.1:61851/api/events

  Stop: Ctrl+C

✔ runSpineDashboard writes startup to stdout before shutdown (384.72775ms)
✔ spine dashboard CLI prints URL before process exits (3230.973041ms)
✔ emptyLaneThroughputStats returns zeroed task-based fields (1.363417ms)
✔ computeThroughputTasksPerHour is task-based and guards zero elapsed (0.100458ms)
✔ deriveLaneThroughputStats counts completed and failed journal events per lane (1.183959ms)
✔ deriveLaneThroughputStats includes open running task elapsed through now (0.113542ms)
✔ deriveLaneThroughputStats prefers run-metrics duration when present (0.112875ms)
✔ deriveLaneThroughputStats falls back to journal when metrics missing (0.0945ms)
✔ deriveLaneThroughputStats maps tasks by laneNumber when lane metadata is sparse (0.100292ms)
✔ deriveLanesThroughput returns isolated stats per lane (0.156667ms)
✔ summarizeLaneThroughput aggregates counts and recomputes rate from totals (0.172167ms)
✔ NFR-OBS-02: dashboard SSE poll interval defaults to 2s (0.531167ms)
✔ parity: idle — no batch (170.030416ms)
✔ parity: running batch (2006.166833ms)
✔ parity: needs_retry (2227.030583ms)
✔ parity: limbo_stale (5364.357375ms)
✔ parity: completed_manual after manual merge (9094.547542ms)
✔ parity: needs_integrate (9286.066875ms)
✔ parity: completed after integrate (4883.859834ms)
✔ parity: failed phase still reconciles consistently (5712.755041ms)
✔ assertLoopbackHost throws for 0.0.0.0 (0.639875ms)
✔ formatSseDataFrame valid data: line (0.2155ms)
✔ dashboard server serves browser view-model dependency graph (231.608833ms)
✔ dashboard server serves snapshot and one SSE frame (216.751583ms)
✔ resolveLaneActivityPhase: heartbeat pi → worker (0.693625ms)
✔ resolveLaneActivityPhase: open code review.started → code review (0.11225ms)
✔ resolveLaneActivityPhase: open final review.started → final review (0.070958ms)
✔ resolveLaneActivityPhase: closed review.started falls through to worker heartbeat (0.086584ms)
✔ resolveLaneActivityPhase: lane.completed code_rework → rework (0.074625ms)
✔ resolveLaneActivityPhase: no active tasks → em dash (0.057125ms)
✔ buildLaneRows exposes activityPhase fields (0.82125ms)
✔ computeActiveTaskIdsForLane returns running/pending tasks in current wave only (0.909708ms)
✔ computeRunningTaskIdForLane returns at most one running task in current wave (0.105208ms)
✔ computeQueuedTaskIdsForLane returns pending tasks in lane.taskIds order (0.085167ms)
✔ buildLaneRows exposes runningTaskId, queuedTaskIds, and deprecated activeTaskIds union (0.705666ms)
✔ buildLaneRows exposes activeTaskIds separate from batch assignment (0.1695ms)
✔ buildLaneRows attaches per-lane throughput stats from journal (1.305584ms)
✔ resolveLaneHeartbeatMeta reads latest lane heartbeat kind and phase (1.00475ms)
✔ formatLaneHeartbeatDisplay shows launching instead of age (0.114375ms)
✔ dashboard snapshot exposes launching heartbeat display from journal (1087.382125ms)
✔ buildDefaultViewStatus exposes gate missing affordance for needs_integrate (0.228333ms)
✔ idle snapshot diagnosis null matches reconcile (267.126417ms)
✔ running batch fixture has lanes and waves (1196.3265ms)
✔ truncateWorktreePath keeps trailing segments (0.226125ms)
✔ classifyLaneStatus stale when heartbeat old (0.110333ms)
✔ classifyLaneStatus does not mark lane completed when doneInLane but cache pending under engine_orphaned (0.139542ms)
✔ buildWaveProgress marks prior waves completed (0.12875ms)
✔ buildWaveProgress marks last wave completed when all tasks terminal-success (0.083042ms)
✔ buildWaveProgress keeps in-flight current wave active (0.064917ms)
✔ diagnosisBadgeClass maps needs_integrate separately from running (0.669625ms)
✔ idle snapshot uses reconcile headline (0.493667ms)
✔ buildActionChips exposes copyable primary and alternatives (0.229666ms)
✔ needs_integrate banner ignores completed phase for badge color (0.099334ms)
✔ needs_integrate without gate record shows default gate affordance (0.158291ms)
✔ buildDashboardViewModel includes all §16.1 panels (0.3415ms)
✔ buildLaneTableModel exposes throughput columns for lanes (0.100375ms)
✔ buildLaneTableSummaryModel aggregates when multiple lanes present (0.08275ms)
✔ buildLaneTableSummaryModel is null for single lane (0.068791ms)
✔ lane-throughput-multi-lane fixture drives throughput column values (2.436583ms)
✔ lane-throughput-multi-lane fixture documents SP-327 throughput field contract (0.653667ms)
✔ buildLaneTableModel exposes heartbeatDisplay for launching lanes (0.121917ms)
✔ dashboard.js uses heartbeatDisplay without double-formatting (0.548542ms)
✔ buildBannerModel uses finalizing badge and macro phase during tail state (0.155375ms)
✔ buildBannerModel reflects gating macro phase during post-merge tail (0.130459ms)
✔ buildBannerModel keeps running badge when workers are active (0.084708ms)
✔ resolveTailActivityLabel prefers recent journal over macro phase during tail (0.1735ms)
✔ buildTailActivityModel exposes lane table subline when lanes are idle during tail (0.112875ms)
✔ resolveTailActivityLabel returns null when running task is active (0.0515ms)
✔ dashboard.js renders lane table tail activity footer row (0.142708ms)
✔ banner uses diagnosis badge class, not macro phase (0.052084ms)
✔ resolveStaticAsset serves dashboard public files and view.mjs (0.362583ms)
✔ dashboard server GET / returns HTML shell (180.752959ms)
✔ running batch view model exposes journal for bottom panel (0.2525ms)
✔ idle snapshot has empty journal via idle flag (0.06375ms)
✔ buildLaneDetailModel exposes recent events and log tail (0.059458ms)
✔ buildLaneTableModel includes lane detail on each row (0.06275ms)
✔ buildLaneRecentEvents returns last five lane-scoped journal entries (0.101709ms)
✔ buildJournalModel filters by lane id (0.050833ms)
✔ buildJournalLaneFilterOptions lists lane ids (0.612125ms)
✔ buildLaneRows attaches recentEvents and logTail from snapshot inputs (165.803709ms)
✔ resolveLaneWorkerLog prefers live log over terminal output (159.757667ms)
✔ dashboard HTML exposes lane detail and journal lane filter hooks (0.7715ms)
✔ dashboard server HTML includes journal lane filter (181.023125ms)
✔ spineAgentsUseInherit is true when worker or reviewer effective pin inherits (0.629583ms)
✔ formatReviewerEffectivePins shows resolved per-type model and thinking (0.18175ms)
✔ buildReviewerPerTypePinsDoctorCheck reports effective per-type pins (0.086458ms)
✔ resolvePiDefaultProvider prefers project settings over global (6.534708ms)
✔ buildAgentModelInheritDoctorCheck warns on inherit + lmstudio (0.279792ms)
✔ buildAgentModelInheritDoctorCheck passes when models pinned (0.112333ms)
✔ buildAgentModelInheritDoctorCheck passes when inherit but pi not lmstudio (0.1185ms)
✔ readPiSettingsFile returns null for missing or invalid JSON (0.117209ms)
✔ countMediumLargeTasks counts only M and L sizes with per-size breakdown (12.793458ms)
✔ buildBatchSizeGuidanceWarning returns null below threshold (2.22875ms)
✔ buildBatchSizeGuidanceWarning M-only batch does not mention L (2.460709ms)
✔ formatPlanHuman appends batch size guidance warning (2.931291ms)
✔ buildBatchSizeGuidanceWarning mixed batch shows both M and L counts (3.004ms)
✔ appendBatchSizeGuidanceToPlanOutput skips warning in stub mode (2.065833ms)
✔ isPiWebAccessPackageSource matches npm and path entries (0.662ms)
✔ detectPiWebAccessExtensionConflict flags npm plus local checkout (1.209958ms)
✔ detectPiWebAccessExtensionConflict ok with single source (0.4085ms)
✔ buildPiExtensionConflictDoctorCheck warns with actionable command (0.795833ms)
✔ shouldWorkerUsePiNoExtensions mirrors conflict assessment (0.811833ms)
✔ isPiExtensionConflictOutput detects worker spawn conflict text (0.158625ms)
✔ resolvePiPackageSourcePath resolves npm and relative entries (0.069917ms)
✔ readPiPackageSources returns empty for missing settings (0.424959ms)
✔ isAuthErrorText detects authentication failures (0.74525ms)
✔ parsePiListModelsRows and listModelsForProvider filter by provider (0.823791ms)
✔ resolveModelIdForProvider prefers defaultModel when provider matches (0.094667ms)
✔ buildInheritProviderAuthDoctorCheck passes when agents pinned to cursor/auto (0.203542ms)
✔ buildInheritProviderAuthDoctorCheck passes when inherit resolves to cursor (0.103292ms)
✔ buildInheritProviderAuthDoctorCheck fails when probe reports 401 (5.283541ms)
✔ buildInheritProviderAuthDoctorCheck fails when provider has no authenticated models (4.907125ms)
✔ probeInheritProviderAuth succeeds when list and probe pass (5.196709ms)
✔ INTEGRATE_DEFAULTS match issue #91 config sketch (0.896333ms)
✔ applyConfigDefaults merges integrate section (0.21275ms)
✔ buildConcurrentDevDoctorCheck passes with no active batch (299.801291ms)
✔ buildConcurrentDevDoctorCheck passes when human is on a feature branch (2222.01775ms)
✔ buildConcurrentDevDoctorCheck warns on active batch + dirty main (warn mode) (6012.761416ms)
✔ buildConcurrentDevDoctorCheck fails on active batch + dirty main (block mode) (8515.779042ms)
✔ buildConcurrentDevDoctorCheck passes when allowHumanOnBaseBranch=allow (1952.659959ms)
✔ runDoctorChecks surfaces concurrent-dev warning when configured (20674.035208ms)
✔ isDisplayLabel matches pi TUI display labels (0.837625ms)
✔ isDisplayLabel rejects canonical ids and invalid strings (0.081625ms)
✔ displayLabelToCanonical converts to provider/model (0.071792ms)
✔ displayLabelToCanonical returns null for non-labels (0.064875ms)
✔ isCanonicalModelId validates provider/model format (0.149541ms)
✔ isCanonicalModelId rejects non-canonical strings (0.047ms)
✔ normalizeModelId passes canonical ids through (0.070292ms)
✔ normalizeModelId converts display labels to canonical (0.047417ms)
✔ normalizeModelId passes special values through (0.439167ms)
✔ normalizeModelId rejects unrecognized formats (0.154667ms)
✔ normalizeModelId rejects non-string input (0.059417ms)
✔ validateModelIdFormat accepts canonical ids (0.093541ms)
✔ validateModelIdFormat accepts special values and non-strings (0.079125ms)
✔ validateModelIdFormat flags display labels with canonical hint (0.061333ms)
✔ validateModelIdFormat flags unrecognized formats (0.056916ms)
✔ buildAgentModelIdsDoctorCheck passes when all pins are canonical (0.128667ms)
✔ buildAgentModelIdsDoctorCheck fails when display label is in config (0.128084ms)
✔ buildAgentModelIdsDoctorCheck fails on invalid format (0.078416ms)
✔ buildAgentModelIdsDoctorCheck passes when no models configured (0.037083ms)
✔ buildAgentModelIdsDoctorCheck skips inherit and empty values (0.037ms)
✔ settings set normalizes display label to canonical id (0.443416ms)
✔ settings set passes canonical id through unchanged (0.062792ms)
✔ settings set rejects invalid model id format (0.039833ms)
✔ settings set allows inherit for model fields (0.505542ms)
✔ settings set rejects invalid model id in JSON mode (0.136583ms)
✔ settings set normalizes worker model display label (0.099917ms)
✔ settings set normalizes per-type reviewer model display label (0.11175ms)
✔ fingerprintRulesManifest ignores generatedAt (0.55525ms)
✔ buildRulesManifestDoctorCheck warns when manifest missing (4.76225ms)
✔ buildRulesManifestDoctorCheck warns when manifest stale (20.294125ms)
✔ resolveSpineOnPath uses which by default (0.549875ms)
✔ readPackageVersion reads package.json version (0.560709ms)
✔ buildStalePathDoctorCheck warns when spine not on PATH (0.17275ms)
✔ buildStalePathDoctorCheck ok when PATH matches package bin (0.114459ms)
✔ buildStalePathDoctorCheck warns on version mismatch (3.390917ms)
✔ buildStalePathDoctorCheck warns on mtime mismatch only (9.919042ms)
✔ isStalePathSpineBlocking true only for stale PATH label (0.081083ms)
✔ isStalePathSpinePreflightBlocking requires version mismatch detail (0.065875ms)
✔ readSpineCliVersion parses spine --version output (830.168416ms)
✔ resolveInProgressSpineBatchId returns batchId for running batch (196.864125ms)
✔ resolveInProgressSpineBatchId returns null for completed batch (190.519375ms)
✔ listStaleSpineWorktreeBatchIds flags dirs without matching active batch (217.195625ms)
✔ buildStaleWorktreesDoctorCheck warns on stale worktree dirs (207.7045ms)
✔ buildStaleWorktreesDoctorCheck passes when only active batch dir exists (240.814291ms)
✔ runDoctorChecks includes stale worktrees warning (22817.170917ms)
✔ buildStallConfigDoctorCheck warns when stall timeout unset for real pi (0.626167ms)
✔ buildStallConfigDoctorCheck passes when stall timeout configured high (0.105333ms)
✔ isStubWorkerMode respects SPINE_WORKER_STUB (0.067333ms)
✔ resolveConfiguredStallMinutes returns null when missing (0.062292ms)
✔ suggestMaxParallel(4) → 2 (0.547916ms)
✔ suggestMaxParallel(8) → 4 (0.065541ms)
✔ suggestMaxParallel(1) → 1 (0.081666ms)
✔ suggestMaxParallel(2) → 1 (0.063459ms)
✔ buildMaxParallelDoctorCheck warns when configured exceeds suggested + 1 (0.209083ms)
✔ buildMaxParallelDoctorCheck no warning when configured matches suggested (0.078208ms)
✔ buildMaxParallelDoctorCheck no warning at default 3 when suggested is 2 (4-core) (0.061458ms)
✔ collectTaskPacketSizeIssues flags XL and too many steps on pending packet (2.844875ms)
✔ collectTaskPacketSizeIssues ignores tasks with .DONE (1.471583ms)
✔ classifyBatchStateSource uses path and content markers (0.583ms)
✔ assessOrchestratorCoexistence passes when no batch-state files (213.354666ms)
✔ assessOrchestratorCoexistence fails on active Taskplane batch in .pi (3282.31ms)
✔ assessOrchestratorCoexistence fails when spine and Taskplane batches both active (14245.917458ms)
✔ buildCoexistencePreflightCheck blocks spine start when Taskplane batch active (7803.709833ms)
✔ runBatchPreflight fails with orchestrator-coexistence when Taskplane batch active (8540.96425ms)
✔ runDoctorChecks reports mutual exclusion failure for Taskplane batch (14177.127125ms)
✔ buildCoexistenceDoctorCheck passes when only pi-spine batch is active (3329.999375ms)
✔ buildWorktreeHealthDoctorCheck passes with no worktrees (244.450375ms)
✔ buildWorktreeHealthDoctorCheck flags absolute gitdir (257.060916ms)
✔ /spine-status reports idle reconciliation on clean repo (345.093875ms)
✔ /spine-deps delegates to CLI and notifies graph output (301.378042ms)
✔ /spine-plan succeeds after preflight passes (18097.228041ms)
✔ /spine-dismiss archives limbo batch state (4885.928333ms)
✔ /spine-pause pauses a running spine batch (1638.528333ms)
✔ /spine-resume resumes a paused spine batch (3007.340916ms)
✔ /spine-retry-task resets a failed task (691.959959ms)
✔ /spine-skip-task skips a failed task (792.386542ms)
✔ /spine-abort archives an active spine batch (922.670625ms)
✔ /spine-next prints reconciliation suggestion (1100.946458ms)
✔ /spine-validate checks pending task packets (1690.754166ms)
✔ /spine-handoff writes operator note and notifies (5154.524583ms)
✔ /spine-gate inspects integrate gate state (1178.676625ms)
✔ /spine-integrate dry-run reports merge preview (1335.351458ms)
✔ /spine-settings shows interactive configuration menu (695.800166ms)
✔ /spine-dashboard notifies listen URL and port source (1022.216375ms)
✔ /spine entry warns on limbo_stale diagnosis (1539.360083ms)
✔ /spine entry warns on needs_retry diagnosis (2092.216625ms)
✔ /spine entry reports running batch headline (1996.939542ms)
✔ /spine entry starts batch when scope provided after preflight (14174.938583ms)
✔ /spine-deps truncates very large dependency output (5172.917125ms)
✔ parseSpineOrchestrateArgs defaults to pending scope and wave 0 (0.958041ms)
✔ formatOrchestratePrompt includes wave tasks, outer loop, and skill link (0.438709ms)
✔ formatOrchestratePrompt states no auto gate approve or integrate (0.169042ms)
✔ formatOrchestratePrompt respects --from-wave filter (0.538291ms)
✔ formatOrchestratePrompt reports empty plan guidance (0.120083ms)
✔ /spine-orchestrate emits structured prompt from spine plan (17376.635375ms)
✔ /spine-orchestrate does not invoke gate or integrate CLI (16222.316833ms)
✔ /spine-orchestrate fails when preflight fails (10127.164042ms)
✔ parseMigrateArgs rejects --source without value (0.597125ms)
✔ runMigrateFromTaskplane fails when source file is missing (2.900458ms)
✔ runMigrateFromTaskplane refuses overwrite without force (5.987458ms)
✔ runMigrateFromTaskplane dry-run does not write config (2.7305ms)
✔ loadTaskplaneConfig reads repo fixture (0.666083ms)
✔ mapTaskplaneToSpine maps repo fixture to valid spine config (0.71775ms)
✔ mapTaskplaneToSpine honors tasksRootOverride (0.278208ms)
✔ mapTaskplaneToSpine ignores unknown keys (0.494958ms)
✔ mapMaxParallel clamps invalid and excessive values (0.118292ms)
✔ loadTaskplaneConfig fails loud on missing file (0.306917ms)
✔ DEFAULT_TASKPLANE_SOURCE_PATH matches repo layout (0.130167ms)
✔ normalizeFileScopePath strips trailing globs and normalizes separators (0.666583ms)
✔ pathsOverlap detects parent/child and rejects unrelated prefixes (0.0815ms)
✔ fileScopesOverlap detects parent/child directory overlap (1.856166ms)
✔ fileScopesOverlap detects exact file overlap in same wave scenario (0.086708ms)
✔ fileScopePatternsOverlap handles wildcard file globs (0.343917ms)
✔ fileScopePatternsOverlap does not treat dotted sibling paths as overlapping (0.563875ms)
✔ fileScopePatternsOverlap handles literal paths with regex metacharacters (0.460667ms)
✔ expandFileScopeProbes produces nested paths for directory globs (0.155333ms)
✔ findWaveFileScopeOverlaps returns pairs within the same wave only (1.162625ms)
✔ findWaveFileScopeOverlaps matches issue #31 parent/child safety paths (0.145833ms)
✔ findWaveFileScopeOverlaps ignores single-task waves (0.260041ms)
✔ planWaves serializes two tasks with the same file to one virtual lane (0.279833ms)
✔ assignLanesToWaves uses glob-aware overlap for wildcard scopes (0.107875ms)
✔ formatFileScopeOverlapWarnings lists wave and task pairs (0.1195ms)
✔ buildPlan reports file-scope overlaps and serializes conflicting tasks (22.275917ms)
✔ formatPlanHuman shows serial lane as bullet list with titles (0.74725ms)
✔ formatPlanHuman shows parallel lanes and omits tick jargon (0.113834ms)
✔ formatPlanHuman includes start hints for multi-wave plans (0.10575ms)
✔ topoWaves groups tasks into deterministic dependency waves (0.938042ms)
✔ buildGraph includes nodes that only appear as dependencies (0.08925ms)
✔ findCyclePath returns a closed cycle path (0.735083ms)
✔ repo spine-tasks plan has wave0 TP-006||TP-007 and wave1 TP-008 (31.604833ms)
✔ TP-034/038/041 disjoint scopes get three virtual lanes in tick 0 (1.181459ms)
✔ overlapping file scopes share one virtual lane (serialized) (0.148542ms)
✔ buildPlan for TP-034 TP-038 TP-041 lists three lanes in human output (24.959458ms)
✔ spine plan CLI shows three lanes for TP-034 TP-038 TP-041 (157.238625ms)
✔ assignLanesToWaves assigns disjoint file scopes to separate virtual lanes (0.727875ms)
✔ assignLanesToWaves packs overlapping file scopes into same virtual lane (0.128167ms)
✔ assignLanesToWaves respects maxParallel by queueing excess virtual lanes into ticks (0.119666ms)
✔ filterPendingTaskIds excludes tasks with .DONE marker (14.603583ms)
✔ parseScope pending mode returns pending IDs and excluded count (3.578916ms)
✔ parseScope pending throws when all tasks are done (3.152291ms)
✔ buildPlan pending scope preserves dependency waves (6.267625ms)
✔ filterPendingTaskIds excludes tasks with .SUPERSEDED marker (2.764084ms)
✔ summarizePendingScope counts excluded tasks (7.431792ms)
✔ runSpinePlan pending with all .DONE returns exit 0 informational output (72.131916ms)
✔ runSpinePlan pending JSON with all .DONE returns synthetic plan (11.033458ms)
✔ runSpinePlan pending with all .DONE does not throw (4.798334ms)
✔ parseScope pending empty error carries structured metadata (9.073209ms)
✔ runSpinePlan pending output includes maxParallel from config (5.612583ms)
✔ buildPlan rejects invalid heading separator (5.697125ms)
✔ buildPlan rejects missing testing coverage (3.91475ms)
✔ buildPlan rejects missing File Scope section (8.823208ms)
✔ runSpinePlan exits with validation errors for invalid PROMPT (8.8065ms)
✔ buildPlan accepts valid PROMPT packets (7.047083ms)
✔ parseScope glob escapes literal dots in path patterns (4.432667ms)
✔ parseScope glob escapes literal parentheses in path patterns (1.863416ms)
✔ parseScope glob with plus in path pattern matches literally (2.274542ms)
✔ parseScope TP-* glob scopes remain unchanged (3.251041ms)
✔ parseScope('all') selects all discovered tasks (14.721416ms)
✔ parseScope('TP-002') selects explicit task IDs (3.600666ms)
✔ parseScope supports glob path patterns (3.76175ms)
✔ resolveWaveTaskIds returns wave task IDs (0.875417ms)
✔ resolveWaveTaskIds rejects out-of-range and empty waves (0.147084ms)
✔ filterPlanToWave narrows plan to one wave (0.804625ms)
✔ parseBatchStartWaveFilter accepts --wave and --through-wave (0.179708ms)
✔ parseBatchStartWaveFilter rejects conflicting and invalid flags (0.105834ms)
✔ registerSpineSlashCommands registers all PRD §15.1 command names (0.704416ms)
✔ /spine-retry-task without task id notifies usage error (0.149833ms)
✔ /spine-skip-task without task id notifies usage error (0.118625ms)
✔ /spine-plan notifies error when preflight fails (17036.319208ms)
✔ /spine handler runs preflight before batch guidance (14569.991416ms)
✔ buildDepsReport returns empty graph for isolated task with no deps (300.734041ms)
✔ buildDepsReport detects synthetic dependency cycle (862.053209ms)
✔ cycleNodesFromPath deduplicates closing node (0.242208ms)
✔ depsToEdges and formatDepsHuman render dependency flow (0.20125ms)
✔ repo fixture TP-031 scope shows TP-030 dependency edge (13.199625ms)
✔ spine deps CLI emits JSON shape with nodes, edges, cycles, waves (1985.824042ms)
✔ spine deps CLI exits 1 when cycle detected (2547.046959ms)
✔ findCyclePath returns path for cyclic graph (0.235834ms)
✔ init --preset taskplane-compat --tasks-root taskplane-tasks --dry-run produces expected keys (5.700541ms)
✔ init --preset taskplane-compat defaults tasksRoot to taskplane-tasks (2.629041ms)
✔ plain init applies spine defaults without preset flag (1.816417ms)
✔ init rejects unknown preset (1.023125ms)
✔ fresh init creates config, agents, tasks root, and gitignore entries (14.155958ms)
✔ init skips constitution.md when it already exists without --force (8.525625ms)
✔ buildConstitutionMd substitutes project title from directory name (0.382542ms)
✔ init without --force refuses when spine-config.json exists (11.615541ms)
✔ --tasks-root taskplane-tasks sets paths.tasksRoot correctly (9.468125ms)
✔ --dry-run makes no filesystem changes (3.088875ms)
✔ init skips CONTEXT.md when it already exists without --force (16.896917ms)
✔ init --force overwrites existing CONTEXT.md (21.951167ms)
✔ buildContextMd substitutes project title from directory name (0.714958ms)
✔ --dry-run plans CONTEXT.md create without writing files (2.570333ms)
✔ ensureGitignoreEntries appends only missing entries (1.025667ms)
✔ runPreflightPlanCheck builds wave plan during preflight (5106.97ms)
✔ runReconciliationCheck returns real diagnosis for running batch (5610.067959ms)
✔ checkDoctor fails when doctor reports issues (0.454792ms)
✔ checkStalePathSpine fails when PATH spine version is stale (1.205584ms)
✔ checkGitClean lists up to 20 dirty paths (217.608959ms)
✔ checkNoActiveBatch passes when no batch-state file exists (1006.074125ms)
✔ checkNoActiveBatch calls reconciliation when batch-state exists (1710.376791ms)
✔ checkTasksRoot validates discoverable task folders (2132.856041ms)
✔ checkDependenciesJson validates version and task IDs (2165.326125ms)
✔ runBatchPreflight passes on initialized clean fixture (4778.426208ms)
✔ runBatchPreflight fails when git working tree is dirty (2821.256625ms)
✔ runPreflightPlanCheck validates pending scope only (SP-122) (803.377958ms)
✔ checkTasksValidate exposes distinct tasks-validate check id (619.419417ms)
✔ runBatchPreflight includes tasks-validate check distinct from plan (2508.973709ms)
✔ runBatchPreflight fails on limbo fixture with dismiss suggestion (8599.679583ms)
✔ runBatchPreflight passes when all tasks have .DONE (zero pending) (2526.666417ms)
✔ checkGitClean passes when only rules-manifest generatedAt drifted (926.056792ms)
✔ checkGitClean still fails when rules-manifest rules[] differ (550.749541ms)
✔ spine run pending is alias for batch start pending (2433.841166ms)
✔ spine run all dry-run matches pending-filtered batch start (3471.874625ms)
✔ applySetting merges nested dotted paths (0.633208ms)
✔ runSettingsSetOperation rejects unknown path (0.21025ms)
✔ runSettingsSetOperation rejects invalid value (0.131208ms)
✔ runSettingsSetOperation returns merged config on success (0.292416ms)
✔ writeSpineConfigAtomic writes valid JSON atomically (1988.433292ms)
✔ spine settings set updates maxParallel on disk (3177.720792ms)
✔ spine settings set rejects bad value (2265.354625ms)
✔ spine settings set --dry-run leaves config unchanged (1912.662917ms)
✔ spine settings set --json reports write metadata (1659.068125ms)
✔ spine settings set exits 1 with suggestedCommand when config missing (2107.540417ms)
✔ getValueAtPath reads nested config values (0.605667ms)
✔ formatSettingsShow lists all editable fields in human mode (0.39725ms)
✔ formatSettingsShow returns JSON fields array for all settings (0.60425ms)
✔ formatSettingsShow single path mode prints one value (0.11575ms)
✔ formatSettingsShow rejects unknown path (0.0835ms)
✔ buildSettingsShowFields mirrors registry order (0.406125ms)
✔ spine settings show CLI prints editable fields from temp config (3125.933833ms)
✔ spine settings show CLI single path and JSON modes (2383.277167ms)
✔ spine settings show CLI exits 1 with suggestedCommand when config missing (2235.519584ms)
✔ formatSettingsSlashMenu lists at least five editable fields with set hints (0.753084ms)
✔ runSpineSettingsSlash notifies menu with live config fields (2119.893667ms)
✔ runSpineSettingsSlash set subcommand persists a valid change (2351.309583ms)
✔ runSpineSettingsSlash set reports usage error without path and value (1486.348167ms)
✔ runSpineSettingsSlash reports missing config with suggested init (1766.283208ms)
✔ fileScopesOverlap detects parent/child path overlap (0.701333ms)
✔ extractExploreSlugsFromContext finds explore findings paths (0.512333ms)
✔ collectWaveMCountFindings warns when a wave has more than four M tasks (0.113167ms)
✔ collectPromptJsonDepsDriftFindings reports missing JSON entry (0.107ms)
✔ runSpineTasksAnalyze exits 0 for clean scope (2143.630542ms)
✔ runSpineTasksAnalyze reports parallel file-scope overlap as blocking (2273.674792ms)
✔ runSpineTasksAnalyze reports dependency cycle as blocking (1578.727375ms)
✔ runSpineTasksAnalyze exits 0 when only warnings are present (1623.487625ms)
✔ runSpineTasksAnalyze warns for missing explore findings referenced in CONTEXT (980.688833ms)
✔ runSpineTasksAnalyze --json emits AnalyzeTasksResult (1643.16325ms)
✔ spine tasks analyze CLI exits 1 for blocking overlap (2367.062042ms)
✔ spine tasks analyze CLI exits 0 for warnings-only scope (1969.179917ms)
✔ spine help tasks documents analyze subcommand (350.095417ms)
✔ parseContract extracts all five contract fields from a valid table (2.2385ms)
✔ validateContract passes for a valid contract table (2.00875ms)
✔ parseContract and validateContract handle an empty contract table (0.181917ms)
✔ validateContract warns on unknown contract fields (0.1145ms)
✔ parseContract reports duplicate field rows as errors (0.109833ms)
✔ parseContract accepts plain-text testCommand values (0.06975ms)
✔ parseContract returns hasSection false when Contract heading is absent (0.074125ms)
✔ CONTRACT_FIELD_NAMES lists all normative contract fields (0.059875ms)
✔ parseContract resolves see File Scope to File Scope bullet paths (1.346833ms)
✔ parseContract excludes optional File Scope bullets from see File Scope expansion (0.175416ms)
✔ validateContract errors on em-dash placeholders in required mode (0.122166ms)
✔ validateContract errors on see File Scope with empty File Scope section in required mode (0.229542ms)
✔ validateContract warns on placeholders in optional mode (0.075459ms)
✔ parseContract treats em dash contract cells as empty path lists (0.066334ms)
✔ parseContract splits comma-separated paths inside a single backtick wrapper (SP-396) (0.071166ms)
✔ parseContract splits comma-separated artifacts inside a single backtick wrapper (0.062ms)
✔ validateContract warns on comma-in-single-backtick path lists in optional mode (0.159625ms)
✔ validateContract errors on comma-in-single-backtick path lists in required mode (0.235625ms)
✔ mergeDeps unions identical sets from PROMPT and JSON (1.045ms)
✔ mergeDeps JSON wins when PROMPT and JSON disagree (0.08975ms)
✔ mergeTaskDeps uses golden fixtures end-to-end (2.198791ms)
✔ mergeDeps returns PROMPT deps when JSON has no entry (0.098166ms)
✔ TASK_HEADING_RE requires em dash (U+2014) (0.613167ms)
✔ parsePrompt extracts required sections and steps from golden S fixture (1.479875ms)
✔ validatePrompt rejects hyphen separator in heading (0.792208ms)
✔ discoverTasks finds three golden fixtures (8.775667ms)
✔ parsePromptDependencies parses list and Requires forms (0.449209ms)
✔ parseStatus mirrors step numbers and checkbox state (1.336459ms)
✔ getStepProgress aggregates checkbox completion (1.78525ms)
✔ listIncompleteSteps returns unchecked items per step (0.665458ms)
✔ FX-invalid-no-testing fails validatePrompt for missing Testing step (3.582959ms)
✔ FX-missing-contract fails validatePrompt in required contract mode (2.878917ms)
✔ FX-valid-contract passes validatePrompt in required contract mode (1.671375ms)
✔ FX-final-replan has Review Level >= 1 for REPLAN integration path (0.253ms)
✔ formatTasksValidateHuman prefixes summary before failure details (0.721625ms)
✔ runSpineTasksValidate exits 0 for valid PROMPT packets (2048.853083ms)
✔ runSpineTasksValidate reports same failure message as planner for invalid PROMPT (1649.126916ms)
✔ runSpineTasksValidate returns exit 2 for missing config (1244.476291ms)
✔ runSpineTasksValidate returns exit 2 for unresolved scope (1132.464041ms)
✔ spine tasks validate CLI exits 0 for valid scope (1783.33225ms)
✔ spine tasks validate CLI exits 1 for invalid PROMPT (2774.905167ms)
✔ buildTasksValidateResult matches TasksValidateResult schema (0.280292ms)
✔ collectTaskAdvisoryWarnings reports folder, STATUS, and deps mismatches (0.269ms)
✔ runSpineTasksValidate --json emits TasksValidateResult (1601.853625ms)
✔ runSpineTasksValidate --warnings-only keeps exit 0 for advisory issues (1267.508ms)
✔ spine tasks validate CLI --json exits 0 for valid scope (1561.578333ms)
✔ spine help tasks documents validate subcommand (411.716875ms)
✔ spine tasks validate CLI exits 2 for config error (1607.749541ms)
✔ validateContract warns when fileScopeMustNotChange includes spine-tasks/** (3.23325ms)
✔ validateContract warns when pattern matches current task folder only (0.546167ms)
✔ validateContract is quiet for parallel product-path guards (0.62525ms)
✔ collectFileScopeMustNotChangeWarnings dedupes broad spine-tasks ban over task folder (0.169666ms)
✔ collectFileScopeMustNotChangeWarnings ignores other task folders (0.183875ms)
✔ collectFileScopeMustNotChangeWarnings respects custom tasksRoot (0.1335ms)
✔ collectFileScopeMustNotChangeWarnings skips current-task check without taskId (0.162375ms)
✔ collectStaleFileScopeMustChangeWarnings is quiet when scope paths unchanged since task intro (2842.396792ms)
✔ collectStaleFileScopeMustChangeWarnings warns when scope paths changed on main after task intro (2446.006084ms)
✔ collectStaleFileScopeMustChangeWarnings ignores tasks without fileScopeMustChange (2651.256125ms)
✔ parseReportProgressArgs reads step and checkbox flags (0.535166ms)
✔ reportTaskProgress appends task.step_completed with metadata (17.111792ms)
✔ reportTaskProgress writes journal line on disk (34.826792ms)
✔ reportTaskProgress fails closed without batch context (0.373416ms)
✔ runSpineReportProgress returns non-zero when batchId missing (0.52925ms)
✔ runSpineReportProgress does not write with attach env when attach suppressed (5.763792ms)
✔ requestWorkerGate fails closed without batch context (0.853792ms)
✔ requestWorkerGate returns not_supported for integrate gate (16.989041ms)
✔ requestWorkerGate returns not_supported when no gate record (manual deferred) (1.69025ms)
✔ buildReviewStepCliArgs maps params and adds --stub when SPINE_WORKER_STUB=1 (3.436625ms)
✔ executeSpineReviewStep fails closed without SPINE_TASK_FOLDER (0.271417ms)
✔ spine_review_step handler returns APPROVE via stub review (255.848375ms)
✔ spine_review_step handler marks stub spawn failure as tool error (61.9015ms)
✔ spine_review_step skips nested reviewer spawn inside worker session (356.217875ms)
✔ registerSpineWorkerTools registers all three PRD worker tools (0.919292ms)
✔ executeSpineReportProgress appends task.step_completed via tool handler (17.998ms)
✔ executeSpineReportProgress fails closed without batch context (0.489417ms)
✔ spine_request_gate tool returns structured not_supported shape (17.788625ms)
✔ executeSpineRequestGate fails closed without batch context (1.205209ms)
ℹ tests 1671
ℹ suites 0
ℹ pass 1669
ℹ fail 2
ℹ cancelled 0
ℹ skipped 0
ℹ todo 0
ℹ duration_ms 226555.42675

✖ failing tests:

test at tests/cli/phase23-exit-verify.test.mjs:96:1
✖ runPhase23ExitVerify --skip-test passes structural checks in repo (18.297625ms)
  AssertionError [ERR_ASSERTION]: unexpected >500 LOC modules: src/batch/lifecycle.mjs (501)
      at TestContext.<anonymous> (file:///Users/cdelgado/Documents/github/pi-spine/.worktrees/spine-20260705T210857/lane-1/tests/cli/phase23-exit-verify.test.mjs:104:9)
      at async Test.run (node:internal/test_runner/test:1389:7)
      at async Test.processPendingSubtests (node:internal/test_runner/test:960:7) {
    generatedMessage: false,
    code: 'ERR_ASSERTION',
    actual: false,
    expected: true,
    operator: '==',
    diff: 'simple'
  }

test at tests/cli/phase23-exit-verify.test.mjs:107:1
✖ spine verify phase23-exit CLI is wired (5.330708ms)
  AssertionError [ERR_ASSERTION]: Expected values to be strictly equal:
  
  1 !== 0
  
      at TestContext.<anonymous> (file:///Users/cdelgado/Documents/github/pi-spine/.worktrees/spine-20260705T210857/lane-1/tests/cli/phase23-exit-verify.test.mjs:113:9)
      at async Test.run (node:internal/test_runner/test:1389:7)
      at async Test.processPendingSubtests (node:internal/test_runner/test:960:7) {
    generatedMessage: true,
    code: 'ERR_ASSERTION',
    actual: 1,
    expected: 0,
    operator: 'strictEqual',
    diff: 'simple'
  }

