Contract testCommand failure log
Command: npm run typecheck && SPINE_WORKER_STUB=1 npm test -- tests/batch/gitignored-auto-clean.test.mjs && npm run coverage:check && stet run --strictness lenient --auto-finish-zero --quiet
Exit code: 1
Attempt: 2 of 2
Timestamp: 2026-07-04T19:31:53.902Z
Buffer overflow: no
---

> pi-spine@1.4.0 typecheck
> tsc --project tsconfig.json --noEmit && tsc --project tsconfig.batch.json --noEmit


> pi-spine@1.4.0 test
> SPINE_SUPPRESS_JOURNAL_ATTACH=1 node --experimental-strip-types --test tests/*.test.mjs tests/cli/*.test.mjs tests/compat/*.test.mjs tests/tasks/*.test.mjs tests/config/*.test.mjs tests/config/cursor-rules/*.test.mjs tests/planner/*.test.mjs tests/batch/*.test.mjs tests/agents/*.test.mjs tests/adoption/*.test.mjs tests/dashboard/*.test.mjs tests/doctor/*.test.mjs tests/migrate/*.test.mjs tests/worker-tools/*.test.mjs tests/coverage/*.test.mjs tests/extensions/*.test.mjs tests/batch/gitignored-auto-clean.test.mjs

✔ adoption fixture: init, plan, stub batch AD-001 creates .DONE (21294.321333ms)
✔ adoption integration: REPLAN final verdict surfaces needs_replan diagnosis (18799.1675ms)
✔ worker.md documents spine tools, stall checkpoint, and coverage policy (0.765666ms)
✔ worker.md documents engine-owned code and final review after .DONE (0.307042ms)
✔ reviewer.md documents final PASS REVISE REPLAN verdicts (0.526292ms)
✔ worker-prompt tail aligns with worker.md commit and review conventions (0.170375ms)
✔ buildWorkerTailPrompt does not contradict worker.md on commit format (11.590875ms)
✔ buildAgentSessionWorkerPrompt includes review hint when level > 0 (3.17275ms)
✔ buildWorkerPiArgs omits -ne when no pi-web-access conflict (44.749042ms)
✔ buildWorkerPiArgs includes -ne before -p when extension conflict detected (25.189125ms)
✔ formatPiExtensionConflictHint surfaces pi-web-access remediation (0.332791ms)
✔ abortBatch archives batch-state before clearing active file (1470.535375ms)
✔ abortBatch journals batch.aborted and preserves prior journal tail (1945.92625ms)
✔ abortBatch writes abort signal without killing on graceful abort (1398.504709ms)
✔ hard abort removes lane worktree when cleanup enabled (1790.682583ms)
✔ hard abort keeps worktree when cleanupOnHardAbort is false (1364.659375ms)
✔ abortBatch fails when no active batch (1188.611875ms)
✔ mergeLaneToOrch auto-resolves disjoint adoption doc edits without force-merge (6751.741ms)
✔ mergeLaneToOrch fails adoption doc merge with recovery commands when hunks overlap (6944.605833ms)
✔ formatAdoptionDocMergeFailure names file and wave recovery (0.869292ms)
✔ agent session abort failure journals lane.worker_abort_failed (1863.624292ms)
✔ formatAttachedMilestoneLine renders land-loop journal types (0.524833ms)
[spine] batch.started
[spine] task.started SP-343
[spine] task.completed SP-343
[spine] batch.merge_started wave=0
[spine] batch.merge_completed wave=0
[spine] gate.opened
[spine] gate.evidence_collecting
[spine] gate.evidence_completed
[spine] batch.completed
[spine] batch.land_loop_finalized

Batch started

Batch 20260704T192548 completed: SP-343 succeeded; merged to orch/spine-20260704T192548.
  → spine gate status
  → spine gate approve
  → spine integrate
  → spine batch complete

Batch 20260704T192548 ready to integrate orch branch to main

  → spine integrate

  Alternatives:
    • /spine-integrate
    • /spine-gate
    • spine status --diagnose

  Batch: 20260704T192548
  Task: SP-343
✔ runSpineBatch attached start returns integrate handoff without process.exit in tests (21014.867833ms)
✔ attached batch CLI subprocess exits after completed with stdout milestones (18928.005417ms)
✔ formatAttachedBatchCliResult includes diagnosis suggested command (0.276292ms)
✔ enforceAttachedEngineSingleOwner fails fast when engine PID is alive (1670.403209ms)
✔ enforceAttachedEngineSingleOwner orphans prior engine with --force (1986.556125ms)
✔ resumeBatch rejects second attached resume when engine PID is alive (1362.137625ms)
✔ resumeBatchDetached rejects spawn when attached engine PID is alive (1245.470292ms)
✔ runAttachedBatchEngine blocks attached start when engine PID is alive (1183.511916ms)
✔ isLastWaveIndex matches batch 20260618T000943 wave plan (0.533208ms)
✔ maybeFinalizeAfterWaveMerge opens gate for last-wave post-merge limbo (5349.461041ms)
✔ resumeMultiTaskBatch finalizes post-merge limbo even with stale engine pid (4977.239292ms)
✔ terminateStaleDetachedEngine still clears stale engine during post-merge limbo resume handoff (1716.787333ms)
✔ startBatch multi-wave attached path opens gate after wave 1 without resume (28959.755458ms)
✔ attached milestone types include batch.merge_blocked (0.564333ms)
✔ formatAttachedBatchCliResult prints merge failure headline and exits non-zero for merge_blocked (4514.450958ms)
✔ runAttachedBatchEngine streams merge_blocked milestone before merge failure CLI output (4961.776792ms)
✔ mergeEngineStateWithDiskPause adopts operator pause from disk (1644.404708ms)
✔ saveEngineBatchState does not clobber phase paused during heartbeat-style saves (2038.710625ms)
✔ enforceOperatorPauseOnDisk re-asserts paused after engine overwrite (1750.381458ms)
✔ pauseBatch confirms when attached engine heartbeat saves honor pause (2928.221833ms)
✔ batch 20260620T194352 fixture is post-merge limbo without gate (1375.804125ms)
✔ attemptPostMergeLandLoopHandoff finalizes in-process after SIGTERM-shaped limbo (5624.447417ms)
✔ finalizeAttachedPostMergeLimbo is idempotent when gate already open (4352.575583ms)
✔ resume after orphan_terminated journal opens gate for batch 20260620T194352 pattern (5802.330375ms)
✔ installAttachedEngineShutdownHandlers finalizes on SIGTERM without manual resume (4542.495125ms)
✔ terminateStaleDetachedEngine during post-merge limbo still allows resume finalize (5299.639292ms)
✔ shouldAutoIntegrateAfterWave is false by default (0.482875ms)
✔ shouldAutoIntegrateAfterWave is true when configured and not last wave (0.077333ms)
✔ shouldAutoIntegrateAfterWave is false on last wave (0.062333ms)
✔ issue #25: retry unblocks failed phase when only pending tasks remain (10983.348833ms)
✔ issue #25: failed phase with pending-only limbo resumes without --force (5437.501416ms)
✔ retry keeps failed phase when other failed tasks remain (1674.622625ms)
✔ diagnosis suggests resume --force for failed-phase pending-only limbo (0.466792ms)
✔ parseSupersededReplacementIds extracts child task IDs (1.101ms)
✔ assertBatchStartTasksNotSuperseded rejects superseded IDs (2643.971542ms)
✔ assertBatchStartTasksNotSuperseded allows pending IDs (1708.4675ms)
✔ assertBatchStartTasksNotSuperseded honors --force-superseded (1429.266542ms)
✔ resolveBatchStartScope rejects explicit superseded task IDs (1577.8155ms)
✔ resolveBatchStartScope allows superseded IDs with forceSuperseded (1239.305625ms)
✔ startBatch dry-run rejects superseded explicit scope (1591.134833ms)
✔ startBatch dry-run allows superseded scope with forceSuperseded (2471.542084ms)
✔ parseBatchArgs maps --wave on start to waveFilter (0.666375ms)
✔ parseBatchArgs strips --wave value from scope for wave 0 (0.096458ms)
✔ buildAttachedBatchStartArgv forwards waveFilter to detached engine (0.499791ms)
✔ startBatch dry-run with pending scope and --wave 0 selects planner wave 0 (2024.051416ms)
✔ startBatch dry-run with --wave selects planner wave task IDs (2177.690958ms)
✔ wave-filtered dry-run matches explicit wave task scope dry-run (1597.742167ms)
✔ evaluateBatchStateWriteGuard rejects writes from non-owner live engine (15.959834ms)
✔ saveSpineBatchState rejects resurrecting archived batch cache (18.910583ms)
✔ resolveStallConfig defaults checkpoint warning and no file-scope grace extension (0.550625ms)
✔ file-scope mtime is activity only — does not extend stall deadline by default (0.188167ms)
✔ checkpoint signals extend grace; STATUS update moves deadline (0.080333ms)
✔ shouldEmitCheckpointWarning after activity without checkpoint threshold (0.114375ms)
✔ resolveScopedDirtyPaths limits porcelain to file scope and task folder (962.497333ms)
✔ lane.checkpoint_warning journal event and diagnose hints (66.076791ms)
✔ extractJournalDiagnosisHints omits stale checkpoint_warning older than 30 minutes (0.553041ms)
✔ collectProgressSignals includes dirtyPaths for scoped changes (2009.630333ms)
✔ runFinalReviewPhase fails fast with contract_failed and does not consume finalAttempts (9149.26425ms)
✔ reconcileBatch surfaces contract_failed headline for failed task (4402.095292ms)
✔ verifyContract satisfies pre-landed fileScopeMustChange when testCommand and artifacts pass (4054.505458ms)
✔ verifyContract still fails pre-landed scope when testCommand fails (8308.334584ms)
✔ verifyStubFileScopeMustChange passes delivery-only STATUS when source scope pre-landed (3148.835042ms)
✔ verifyContract passes delivery-only STATUS.md fileScopeMustChange contract (2750.146333ms)
✔ resolvePromptRelPath derives task PROMPT from spine-tasks delivery changes (2127.7725ms)
✔ isFileScopePatternPrelanded detects scope changed on main after task intro (3167.311333ms)
✔ testCommand fails once then succeeds on retry — contract passes (208.073542ms)
✔ testCommand fails all retries — contract_failed as before (204.38375ms)
✔ retry count configurable via spine-config contract.testRetries (1007.338125ms)
✔ failed output captured to .reviews/ directory (387.946417ms)
✔ no retry when testCommand succeeds first time (no performance cost) (715.527542ms)
✔ writeContractFailureLog creates log file with header (13.511542ms)
✔ writeContractFailureLog returns null when taskFolder is undefined (0.150334ms)
✔ CONTRACT_TEST_DEFAULT_RETRIES is 1 (0.054ms)
✔ CONTRACT_TEST_RETRY_DELAY_MS is 5000 (0.065416ms)
✔ multiple failure logs captured across retry attempts (284.265625ms)
✔ parseContract extracts stallTimeoutMinutes and extendGraceOnFileScope (1.251875ms)
✔ resolveTaskStallMinutes uses max of global, size floor, and contract override (0.114833ms)
✔ resolveStallConfigForTask applies contract stallTimeoutMinutes to stallTimeoutMs (0.114458ms)
✔ resolveStallConfigForTask honors contract extendGraceOnFileScope (0.070334ms)
✔ resolveWorkerPiTimeoutMs aligns with contract stall budget (0.095917ms)
✔ runWorker with contract stall override survives beyond global stall budget (scaled) (10511.0045ms)
✔ runWorker without contract override stalls at scaled global budget (5240.301541ms)
✔ isDeliveryArtifactPath accepts STATUS.md-only patterns (0.743125ms)
✔ isDeliveryArtifactPath accepts .DONE-only patterns (0.195584ms)
✔ isDeliveryArtifactPath accepts task-folder delivery globs (0.1305ms)
✔ isDeliveryArtifactPath rejects implementation and tasks-root paths (0.11325ms)
✔ isImplementationScopePattern detects source and tooling roots (0.075417ms)
✔ isStubDeliveryOnlyScope is true for delivery-only pattern sets (0.096542ms)
✔ isStubDeliveryOnlyScope rejects mixed implementation and delivery patterns (0.082041ms)
✔ isStubDeliveryOnlyScope rejects empty pattern lists (0.0515ms)
✔ isDeliveryArtifactPath honors custom tasksRoot (0.177708ms)
✔ resolveTaskStartCommit returns distinct start commits for serialized lane tasks (0.638583ms)
✔ resolveTaskStartCommit prefers task.started payload commit over prior lane.committed (0.096791ms)
✔ resolveTaskStartCommit returns null when task.started is missing (main...HEAD fallback) (0.078292ms)
✔ resolveTaskStartCommit resolves git HEAD at task.started timestamp when journal lacks commit (2345.866792ms)
✔ CONTRACT_TEST_COMMAND_MAX_BUFFER exceeds legacy 256KB limit (0.489458ms)
✔ runContractTestCommand captures large stdout without killing child (93.668875ms)
✔ runContractTestCommand surfaces ENOBUFS with scoped testCommand guidance (80.03875ms)
✔ verifyContract reports buffer overflow with scoped testCommand guidance (5762.095542ms)
✔ listChangedFiles with sinceCommit scopes diff to commits after anchor (2927.410625ms)
✔ listChangedFiles without sinceCommit preserves baseBranch...HEAD (1835.084333ms)
✔ verifyContract with sinceCommit ignores prior same-lane task fileScopeMustNotChange violations (2735.879ms)
✔ verifyContract without sinceCommit preserves cumulative lane branch behavior (1620.8215ms)
✔ verifyContract passes when testCommand exits 0 (293.20175ms)
✔ verifyContract fails when testCommand exits non-zero (128.766083ms)
✔ verifyContract checks artifactsMustExist paths in worktree (297.07ms)
✔ verifyContract expands glob patterns in artifactsMustExist (152.0095ms)
✔ verifyContract returns ok with empty checks when contract has no verify fields (176.515459ms)
✔ verifyContract enforces fileScopeMustChange and fileScopeMustNotChange (2371.982875ms)
✔ verifyContract checks minLineCoverage from command output (176.008334ms)
✔ shouldRunContractVerify skips legacy TP-* tasks and absent contract sections (0.263416ms)
✔ matchesContractPattern supports glob paths (0.202375ms)
✔ parseAggregateLineCoverage parses coverage table rows (0.161042ms)
✔ SP-193-shaped placeholder contract fails validateContract in required mode (1.372125ms)
✔ verifyContract passes SP-193-shaped contract when scoped files changed (2871.473375ms)
✔ fileScopeMustChange trailing-slash pattern matches files under directory prefix (2316.971541ms)
✔ fileScopeMustChange trailing-slash pattern fails when no files under prefix changed (1995.545ms)
✔ fileScopeMustChange exact-path and glob behavior preserved alongside trailing-slash (2729.740542ms)
✔ waitForDetachedBatchResume waits for integrate gate after batch completes (1484.016208ms)
✔ waitForDetachedBatchResume completes without gate when integrate gate not required (1446.921666ms)
✔ prepareDetachedResumeEngineHandoff terminates stale engine before resume spawn (79.175084ms)
✔ resolveDefaultResumeWaitTerminal returns true for engine_orphaned without flags (0.522208ms)
✔ resolveDefaultResumeWaitTerminal respects explicit flags (0.098666ms)
✔ detectPostMergeLimboForResume matches journal-only limbo for batch 20260629T210738 (4174.317ms)
✔ postMergeLimbo diagnosis suggests spine batch resume --force (0.278542ms)
✔ resumeBatchDetached --force finalizes journal-only limbo without spawning engine (8759.220833ms)
✔ detached batch start opens integrate gate after stub engine completes (17259.156292ms)
✔ timeout_waiting_for_batch with dead enginePid reconciles as engine_orphaned not running (4659.537542ms)
✔ startBatchDetached persists spawn enginePid before wait on timeout failure path (32895.666959ms)
✔ parseBatchArgs defaults to detached start (attached flag off) (0.707ms)
✔ parseBatchArgs --attached opts into foreground engine (0.079292ms)
✔ buildAttachedBatchStartArgv forwards scope and skip-preflight (9.69475ms)
✔ formatDetachedBatchStartOutput includes monitor hints (0.590625ms)
✔ batch start returns quickly and runs engine in background (17981.508709ms)
✔ parseBatchArgs resume defaults to detached (attached flag off) (0.18725ms)
✔ buildAttachedBatchResumeArgv forwards force (0.089708ms)
✔ formatDetachedEngineOutput includes resume wording (0.124042ms)
✔ waitForDetachedBatchResume returns engine_started by default (1422.159959ms)
✔ waitForDetachedBatchResume with waitTerminal returns resume_completed (1564.923416ms)
✔ collectDetachedFailureDiagnostics includes task.failed summary and log tails (1350.270167ms)
✔ parseBatchArgs accepts --wait-terminal (0.178959ms)
✔ batch resume returns quickly and runs engine in background (16199.314667ms)
✔ inferLaunchFailureKind ignores DirtyWorktree exitReason (0.618083ms)
✔ buildHeadline prefers DirtyWorktree over worker launch (0.30975ms)
✔ buildSuggestedCommand for DirtyWorktree suggests coverage cleanup and retry (0.14025ms)
✔ buildHeadline surfaces review_exhausted primary failure (0.112916ms)
✔ buildSuggestedCommand for review_exhausted suggests batch retry (0.05875ms)
✔ buildHeadline surfaces contract_failed primary failure (0.066709ms)
✔ buildSuggestedCommand for contract_failed suggests PROMPT edit and retry (0.051834ms)
✔ buildDiagnosisOutput bundles primary failure class without launch headline (0.113583ms)
✔ reconcileBatch aligns hasFailedTasks with segment drift and DirtyWorktree headline (4349.635084ms)
✔ reconcileBatch diagnoses review_exhausted from failed task exitReason (4018.091542ms)
✔ buildHeadline surfaces PI_SPINE_ROOT launch failure (0.733542ms)
✔ buildHeadline surfaces lane commit failures after worker completion (0.118042ms)
✔ buildSuggestedCommand prefers spine doctor for launch failures (0.179375ms)
✔ inferLaunchFailureKind reads worker output hints from journal (0.173125ms)
✔ extractJournalDiagnosisHints prioritizes setup hook and merge blocked events (1.435916ms)
✔ formatMixedOutcomeMessage lists succeeded tasks and spine batch retry guidance (0.127125ms)
✔ reconcileBatch diagnoses launch failure wave from fixture (4888.850542ms)
✔ buildDiagnosisOutput bundles launch failure headline and command (0.412084ms)
✔ DIAGNOSIS_TAXONOMY includes worker_orphaned distinct from needs_retry (0.593291ms)
✔ inferLaunchFailureFromWorkerOutputTail reads PI_SPINE_ROOT hints from log tail (0.117042ms)
✔ buildSuggestedCommand prefers abort for ghost running cluster (0.124667ms)
✔ buildHeadline surfaces worker_orphaned launch failure from worker output context (0.222958ms)
✔ worker_orphaned after plan review nested_spawn_blocked suggests batch retry (0.098333ms)
✔ dead lane workerPid diagnoses worker_orphaned not needs_retry (4728.23975ms)
✔ dead workerPid after lane.completed does not diagnose worker_orphaned (3857.5665ms)
✔ worker_orphaned enriches launch headline from worker output log without task.failed (3809.543875ms)
✔ multiple ghost running tasks on one lane prefer spine batch abort (3933.854542ms)
✔ segment drift still diagnoses needs_retry (3439.269583ms)
✔ buildDiagnosisOutput bundles worker_orphaned headline and command (0.238375ms)
✔ isRunningWithoutActiveWorkers is false when workers are active (0.561792ms)
✔ isRunningWithoutActiveWorkers detects all-terminal tail state (0.083208ms)
✔ buildRunningTailHeadline maps macroPhase merging to operator text (0.201333ms)
✔ buildRunningTailHeadline maps gating / post-merge limbo (0.116708ms)
✔ buildHeadline preserves generic running when workers are active (0.179417ms)
✔ deriveMacroPhase uses journal merge tail when diagnosis is running without workers (0.213834ms)
✔ deriveMacroPhase stays executing when workers are active (0.065625ms)
✔ tail-state fixture reconciles without bare is running headline (4441.738292ms)
✔ tail-state headline matches batch 20260701T031142 shape via buildHeadline (0.245041ms)
✔ isCoverageArtifactPath matches extension/coverage and root coverage dirs (0.514208ms)
✔ isPathInFileScope matches exact paths and directory prefixes (0.115375ms)
✔ filterOutOfScopeCoveragePorcelain drops modified coverage outside file scope (0.145208ms)
✔ filterOutOfScopeCoveragePorcelain keeps in-scope coverage modifications (0.069375ms)
✔ restoreOutOfScopeCoverageArtifacts resets tracked coverage files (2388.147833ms)
✔ resolvePostLaneCommitPorcelain restores and filters out-of-scope coverage (1993.165417ms)
✔ commitLaneAndValidateWorktree succeeds when only out-of-scope coverage is dirty (5003.698ms)
✔ commitLaneAndValidateWorktree fails when dirty without .DONE (2045.048959ms)
✔ isWorktreeDeletionPorcelainLine matches unstaged deletions (0.534708ms)
✔ isSymlinkOnlyDriftPorcelain is true only for deletion-only porcelain (0.093625ms)
✔ filterSetupHookSymlinkDriftPorcelain clears deletion-only drift (0.070834ms)
✔ parseLaneWorktreeIdentity extracts batch and lane from worktree path (0.49025ms)
✔ resolvePostLaneCommitPorcelain repairs hook symlink drift (3309.692792ms)
✔ commitLaneAndValidateWorktree succeeds when hook symlink drifts after PASS (5650.052666ms)
✔ dismissBatch kills live stub worker PID and journals lane.worker_terminated (4040.4125ms)
✔ shouldRunCodeReview requires review level 2 or higher (0.587209ms)
✔ findCodeReviewStepNumber prefers step with code review checkpoint (17.112458ms)
✔ findCompletedCodeReview honors journal review.completed code APPROVE (9.900417ms)
✔ findCompletedCodeReview honors step artifact APPROVE for code review step (41.755958ms)
✔ runTaskOnLane runs engine code review for RL2 without worker nested spawn (9342.871583ms)
✔ runTaskOnLane skips engine code review when review level is 0 (9306.991458ms)
✔ runTaskOnLane skips engine code review when review level is 1 (9608.440125ms)
✔ runTaskOnLane honors journal review.completed code APPROVE without duplicate spawn (10189.632875ms)
✔ runTaskOnLane re-invokes worker after code REVISE and succeeds on APPROVE (16830.748875ms)
✔ resolveReviewSpawnTimeoutMs aligns with stall budget for M tasks (0.551042ms)
✔ runStepReview journals review.failed with review_timeout on hung spawn (454.374209ms)
✔ async reviewer spawn does not block the event loop while waiting for timeout (498.175041ms)
✔ startBatch opens integrate gate before batch.completed journal event (16206.802958ms)
✔ startBatch serializes multiple tasks on one physical lane (23181.2195ms)
✔ startBatch runs disjoint-scope tasks on separate lanes in parallel (23935.522125ms)
✔ startBatch records lane commit before task.completed (17129.368042ms)
✔ runTaskOnLane emits task.failed not task.completed when lane commit fails (7983.497542ms)
✔ validateSpineConfig accepts worktreeSetupIgnorePaths (0.277417ms)
✔ engine_orphaned diagnosis suggests retry when task id known, attached resume otherwise (0.652667ms)
✔ dead engine with phase running passes validateMultiTaskResume without pause (3538.913875ms)
✔ running phase with live engine pid rejects resume without force (2495.041875ms)
✔ reconcile engine_orphaned recommends attached resume for batch 20260618T191236 pattern (3951.433959ms)
✔ engine_orphaned with failedTaskId suggests retry (SP-315) (0.602959ms)
✔ reconcileOrphanRunningState transitions running task to failed with journal events (2660.934958ms)
✔ retryTask succeeds on orphan without manual pause (issue #20 trap) (2063.874709ms)
✔ diagnose then retry: suggestedCommand matches working recovery path (4869.652042ms)
✔ resume --force allowed after orphan reconcile when phase was running (2777.31ms)
✔ terminateStaleDetachedEngine SIGTERM stale pid on failed resume (134.853125ms)
✔ runStepReview honors existing final PASS without re-spawn (141.492125ms)
✔ runStepReview skips review.failed journal when batch already completed (97.676084ms)
✔ startBatch lane branch has commit before merge when stub touches files (16460.412375ms)
✔ startBatch completes single task with stub worker (11634.822208ms)
✔ isExplicitBatchScope treats pending as explicit (0.479792ms)
✔ startBatch all dry-run allows multi-wave pending backlog (1719.502042ms)
✔ startBatch pending dry-run excludes done tasks (2684.724584ms)
✔ startBatch all fails when every task has .DONE (2796.674875ms)
✔ startBatch skips worker when .DONE exists on disk (10188.294084ms)
✔ resolveBatchStartScope normalizes all to pending IDs (2518.332666ms)
✔ startBatch explicit IDs still allow multi-wave when scope is not bare all (3088.868875ms)
✔ startBatch completes two-lane wave with stub workers (22770.145042ms)
✔ startBatch blocks merge on mixed outcomes (12071.748375ms)
✔ assessWaveMergeEligibility blocks failed and pending tasks (0.2665ms)
✔ collectCoreEvidenceBundle writes summary without complete marker (4184.564125ms)
✔ openIntegrateGate persists gate before extended evidence and journals milestones (4965.222ms)
✔ openIntegrateGate keeps gate when extended evidence command fails (5276.078125ms)
✔ collectExtendedEvidenceBundle appends to existing refs (3621.853792ms)
✔ parseEvidenceCommandArgv accepts npm run test (2.72525ms)
✔ parseEvidenceCommandArgv preserves quoted arguments (0.15575ms)
✔ parseEvidenceCommandArgv rejects shell command chaining (0.249917ms)
✔ parseEvidenceCommandArgv rejects unknown binary (0.094083ms)
✔ runEvidenceCommand executes allowlisted argv without shell (110.321625ms)
✔ runEvidenceCommand rejects malicious config strings (0.175625ms)
✔ runEvidenceCommand skips empty command (0.084ms)
✔ runEvidenceCommand rejects disallowed build binary (0.09475ms)
✔ parseEvidenceCommandArgv rejects subshell injection (0.096167ms)
✔ collectEvidenceBundle writes summary and .complete marker atomically (3867.051709ms)
✔ collectEvidenceBundle writes rejected output for unsafe testing.test (3444.266417ms)
✔ findCompletedFinalReview honors journal review.completed final PASS (2.925375ms)
✔ findCompletedFinalReview honors latest final artifact PASS (8.413417ms)
✔ runTaskOnLane honors pre-existing worker final review without spawn failure (9524.799416ms)
✔ runTaskOnLane honors journal review.completed final PASS without duplicate spawn (9228.911625ms)
✔ parseFinalReviewVerdict accepts PASS, REVISE, and REPLAN (0.861125ms)
✔ shouldRunFinalReview skips when review level is 0 (0.094792ms)
✔ runTaskOnLane skips final review when review level is 0 (9839.028416ms)
✔ runTaskOnLane journals task.verdict_recorded on PASS final review (9244.451292ms)
✔ runTaskOnLane re-invokes worker after REVISE and succeeds on PASS (14262.67875ms)
✔ runTaskOnLane caps REVISE at maxFinalAttempts with review_exhausted (19920.675875ms)
✔ runTaskOnLane fails with needs_replan and does not keep .DONE (8818.603083ms)
✔ mergeWaveLanesToOrch blocks when a wave task has exitReason needs_replan (1401.171875ms)
✔ runEngineFinalReview stub writes final artifact path (19.324416ms)
✔ buildTaskScorecard lists task rows (0.672875ms)
✔ openIntegrateGate persists pending gate and journals gate.opened (5199.295208ms)
✔ collectEvidenceBundle writes summary and diff-stat (5230.680125ms)
✔ approve and reject enforce gate FSM (3621.312625ms)
✔ rejectIntegrateGate journals gate.rejected (3282.479333ms)
✔ checkIntegrateGate blocks until approved (exit 2) (3061.008292ms)
✔ integrateOrchToBase fails with exit 2 when gate pending (3627.459375ms)
✔ integrateOrchToBase succeeds after gate approval (12780.132541ms)
✔ force integrate requires SPINE_ALLOW_FORCE=1 (3717.304333ms)
✔ openIntegrateGateAfterBatchComplete skips non-completed batches (1577.0285ms)
✔ runSpineGate CLI approve updates gate record (5493.5295ms)
✔ isGitignoredArtifactPath matches extension/coverage and node_modules (4.13075ms)
✔ listGitignoredArtifactRoots deduplicates nested artifact dirs (0.518167ms)
✔ sanitizeGitignoredArtifactsBeforeLaneCommit removes worktree-only coverage (2037.2495ms)
✔ sanitizeGitignoredArtifactsBeforeLaneCommit skips when disabled (1609.940333ms)
✔ commitLaneAndValidateWorktree succeeds when only extension/coverage is gitignored dirty (3705.979666ms)
✔ commitLaneAndValidateWorktree succeeds when only node_modules is gitignored dirty (3564.271875ms)
✔ sanitizeGitignoredArtifactsBeforeLaneCommit does not clean index-tracked gitignored paths (1439.919166ms)
✔ commitLaneWorktree still fails for index-tracked gitignored coverage (1839.76525ms)
✔ classifyGitignoredPaths returns empty arrays for empty input (1172.495417ms)
✔ classifyGitignoredPaths detects index-tracked gitignored paths (2122.630125ms)
✔ classifyGitignoredPaths detects worktree-only gitignored paths (2030.866417ms)
✔ classifyGitignoredPaths handles mixed index-tracked and worktree-only (2325.705959ms)
✔ formatGitignoredRemediationMessage: worktree-only does not suggest git rm --cached (0.319625ms)
✔ formatGitignoredRemediationMessage: index-tracked suggests git rm --cached (0.067458ms)
✔ formatGitignoredRemediationMessage: mixed suggests both remediation paths (0.063375ms)
✔ commitLaneWorktree: worktree-only gitignored does not suggest git rm --cached (2579.750625ms)
✔ commitLaneWorktree: index-tracked gitignored still suggests git rm --cached (1685.658958ms)
✔ regression: SP-011 worktree-only coverage after npm test does not suggest git rm --cached (1769.366459ms)
✔ resolveHeartbeatKind marks launching as worker_alive only (0.609834ms)
✔ shouldEmitCheckpointWarning skips launching phase (0.1965ms)
✔ buildHeartbeatPayloadFields omits stale checkpoint signals during launching (0.094458ms)
✔ recordLaneHeartbeat journals kind and phase (218.265875ms)
✔ runWorker launching heartbeat does not journal stale STATUS mtime on fast-fail retry (5627.084209ms)
✔ resolveStallConfig applies lane overrides (0.192667ms)
✔ progressSignalsChanged detects STATUS mtime updates (475.770541ms)
✔ computeStallDeadline extends past hard timeout after progress (0.124542ms)
✔ stall false positive avoided when STATUS updates extend deadline (I-01) (0.122625ms)
✔ findLatestStepCompletedMs returns newest matching task.step_completed (0.344375ms)
✔ progressSignalsChanged detects journal task.step_completed (silent tools) (356.810334ms)
✔ activitySignalsChanged detects file-scope mtime updates (FR-WORK-10 / FR-STALL-02) (663.820583ms)
✔ startBatch records lane.heartbeat during stub worker delay (11577.183417ms)
✔ isFastForwardCapableIntegrate detects orch ahead of main (#93) (3906.4235ms)
✔ integrateOrchToBase fast-forwards when orch is strictly ahead (#93 batch 20260702T071449) (10182.36275ms)
✔ integrateOrchToBase fast-forwards with generatedAt-only rules-manifest drift on main (#93) (8808.53125ms)
✔ recordBatchBaseSnapshot stores head sha and journals batch.base_snapshot (1637.502625ms)
✔ integrateOrchToBase succeeds with uncommitted edits on main (8498.746084ms)
✔ integrateOrchToBase conflict path leaves human checkout and files unchanged (6669.058625ms)
✔ integrateOrchToBase dry-run advertises isolated merge plan (3720.686083ms)
✔ resolveRulesManifestIntegrateDrift restores main when worker manifest matches orch (#22) (2101.402583ms)
✔ integrateOrchToBase succeeds with worker manifest drift on main matching orch (#22) (7688.783833ms)
✔ resolveRulesManifestIntegrateDrift blocks unrelated dirty files on main (4963.371917ms)
✔ resolveRulesManifestIntegrateDrift blocks substantive manifest drift not matching orch (4277.69175ms)
✔ resolveRulesManifestIntegrateDrift still clears generatedAt-only drift on main (5498.237708ms)
✔ resolveRulesManifestIntegrateDrift clears generatedAt-only dirty manifest on main (2003.410875ms)
✔ integrateOrchToBase succeeds with dirty generatedAt-only rules-manifest on main (8575.890584ms)
✔ DEFAULT_SYNC_TIMEOUT_MS is 60 seconds (0.757042ms)
✔ syncPlumbingMergePathsToWorktree returns ok: true on successful sync (1709.438125ms)
✔ syncPlumbingMergePathsToWorktree returns ok: false with timedOut on timeout (2136.684833ms)
✔ integrateOrchToBase emits integrate.failed with IntegrateTimeout on sync timeout (5570.069625ms)
✔ successful integrate still emits integrate.completed (regression) (13099.3075ms)
✔ partial sync failure returns ok: false with correct failureClass from integrateOrchToBase (13097.856375ms)
✔ assertOrchIntegratable refuses empty orch when mergeResults claim success (1101.322917ms)
✔ assertOrchIntegratable requires integrate when orch is ahead of base (1943.164167ms)
✔ reconcileBatch reports needs_integrate when batch completed but orch not on main (2787.8495ms)
✔ completeBatch refuses when orch is ahead but not integrated (3313.409667ms)
✔ integrateOrchToBase merges orch into main and journals events (14106.889458ms)
✔ integrateOrchToBase dry-run does not change main HEAD (5858.812459ms)
✔ completeBatch succeeds after integrate lands orch on main (14317.625084ms)
✔ integrateOrchToBase aborts merge on conflict and restores checkout (11293.866709ms)
✔ integrateOrchToBase fails when batch state is missing (0.711167ms)
✔ runSpineIntegrate CLI succeeds when orch tip already matches main (2461.0295ms)
✔ PRD §20.2 planner yields wave0 {A,C} and wave1 {B} (1619.404042ms)
✔ PRD §20.2 two-lane stub batch completes ABC waves (34009.454334ms)
✔ PRD §20.2 mixed-outcome blocks merge; retry resets wave B for resume (25860.409833ms)
✔ runStepReview with worker attach env does not journal when attach suppressed (78.952583ms)
✔ runSpineReviewStep with worker attach env does not journal when attach suppressed (92.2645ms)
✔ runSpineReportProgress with worker attach env does not journal when attach suppressed (44.931125ms)
✔ readJournalEventsCached returns same events as readJournalEvents (273.702375ms)
✔ readJournalEventsCached returns cached copy on second call without file change (83.998959ms)
✔ readJournalEventsCached invalidates when file mtime changes (113.871209ms)
✔ readJournalEventsCached returns empty array for missing file (23.426667ms)
✔ clearJournalCache forces re-read on next call (89.213958ms)
✔ invalidateJournalCache with matching path clears cache (87.170833ms)
✔ invalidateJournalCache with non-matching path preserves cache (145.97825ms)
✔ readJournalEventsCached handles transition from missing to existing file (59.481958ms)
✔ readJournalEventsCached handles switch between different batch IDs (43.995542ms)
✔ runSpineJournal replay exits non-zero when journal missing (5.185458ms)
✔ runSpineJournal replay prints human table (184.656166ms)
✔ runSpineJournal replay --json returns events array (108.533792ms)
✔ exportJournalJsonl returns null when journal missing (16.825625ms)
✔ runSpineJournal export exits non-zero when journal missing (12.186709ms)
✔ runSpineJournal export writes jsonl to stdout (100.02925ms)
✔ runSpineJournal export --output writes file (48.339167ms)
✔ exportJournalMarkdown returns null when journal missing (22.286708ms)
✔ formatJournalMarkdownTimeline produces stable table shape (12.635084ms)
✔ formatJournalMarkdownTimeline escapes pipe characters in summary (0.127958ms)
✔ runSpineJournal export markdown exits non-zero when journal missing (6.54375ms)
✔ runSpineJournal export writes markdown to stdout (77.435208ms)
✔ runSpineJournal export markdown --output writes file (35.7655ms)
✔ detectBatchStateDrift flags running cache when reconcile sees doneInLane without journal terminal (0.721375ms)
✔ deriveStructuralBatchStateFromJournal rebuilds multi-lane skeleton without cache seed (2.184666ms)
✔ resume-parallel-lane-orphan fixture: journal-only rebuild marks resumed tasks running (0.880042ms)
✔ orphan-running-resume fixture: structural + lifecycle rebuild without seed (0.780833ms)
✔ pidless-ghost-running fixture: post-resume task.started wins over historical failure (0.87975ms)
✔ resume-orphan-historical-failure fixture: rebuild ignores pre-resume failure for active task (1.242208ms)
✔ retry-clears-failed-classification fixture: rebuild fixes stale failed cache (0.804833ms)
✔ retry-clears-failed-classification fixture: detectBatchStateDrift flags cache vs journal (0.550375ms)
✔ incident fixtures rebuild from disk matches in-memory journal rebuild (475.197333ms)
✔ readJournalTimeline filters task and batch lifecycle events (0.525333ms)
✔ rebuildBatchStateFromJournal applies task.completed over stale failed cache (0.867917ms)
✔ detectBatchStateDrift flags journal completed vs cache failed (0.26625ms)
✔ detectBatchStateDrift ignores incomplete journal when cache failed (0.11325ms)
✔ incident orphan-running fixture: journal timeline is readable (326.6275ms)
✔ appendJournalEvent writes schema v1 with ISO timestamp and payload (61.371792ms)
✔ readLastTaskFailedEvent returns most recent task.failed (87.459416ms)
✔ redactSecrets masks sensitive keys (1.705ms)
✔ capPayloadSize truncates oversized payloads (0.176916ms)
✔ normalizeJournalEvent upgrades legacy lines (0.102209ms)
✔ readJournalEvents reads mixed legacy and v1 lines (39.9645ms)
✔ extractJournalDiagnosisHints surfaces failure events from tail (0.393792ms)
✔ commitLaneWorktree commits dirty worktree when .DONE exists (1605.462791ms)
✔ commitLaneWorktree fails loud when dirty without .DONE (1016.038583ms)
✔ filterPorcelain drops lines matching ignore patterns by full path (0.286667ms)
✔ filterPorcelain drops lines matching ignore patterns by basename (0.083791ms)
✔ filterPorcelain keeps rename targets when only source matches ignore (0.067375ms)
✔ filterPorcelain returns empty for empty input (0.059167ms)
✔ mergeLaneToOrch rejects empty merge when lane commits were required (4213.258959ms)
✔ mergeLaneToOrch prefers orch for conflicts outside lane file scope (4412.878459ms)
✔ mergeLaneToOrch does not auto-resolve in-scope lane conflicts (9629.472541ms)
✔ dismiss archives batch-state before clearing active file (2981.2005ms)
✔ complete with --detect-manual-merge succeeds when orch merged to main (6583.894875ms)
✔ complete refused when mergeResults succeeded but orch not on main (18553.572291ms)
✔ dismiss refused when diagnosis is running without --force (4315.499709ms)
✔ isPostMergeLimbo is true when tasks and merges succeeded with open orch branch (0.526583ms)
✔ isPostMergeLimbo rejects non-running or ended batches (0.091875ms)
✔ isPostMergeLimbo rejects empty or partial task/merge state (0.079ms)
✔ isPostMergeLimbo respects git orch branch signals (12.304417ms)
✔ isPostMergeLimbo rejects null or non-object state (0.169167ms)
✔ resolveWorkerOutputConfig defaults live log streaming off (0.590584ms)
✔ workerLiveLogPath matches runtime layout (0.099458ms)
✔ truncateLiveLogBytes applies truncation marker when over cap (0.167875ms)
✔ appendWorkerLiveLogChunk redacts secrets and enforces byte cap (30.558083ms)
✔ createWorkerLiveLogWriter returns null when streaming disabled (0.972833ms)
✔ runWorker streams subprocess stub output to live log when enabled (5519.704667ms)
✔ runWorker skips live log when streamWorkerOutputLive is false (5142.851291ms)
✔ runWorker still writes terminal failure log when live streaming enabled (5741.019917ms)
✔ startAgentSessionWorker flushes transcript chunks to live log (222.05475ms)
✔ appendWorkerLiveLogChunk rolls file with truncation marker when over max bytes (7.047375ms)
✔ MACRO_PHASES exports all eleven lifecycle values (1.095292ms)
✔ deriveMacroPhase: idle when no batch signals (0.115833ms)
✔ deriveMacroPhase: planning from batch phase (0.128375ms)
✔ deriveMacroPhase: executing for active running batch (0.095833ms)
✔ deriveMacroPhase: merging phase and needs_merge diagnosis (0.068375ms)
✔ deriveMacroPhase: reviewing when review.started is open (0.1065ms)
✔ deriveMacroPhase: gating for pending gate or post-merge limbo (0.073875ms)
✔ deriveMacroPhase: integrating for needs_integrate and open integrate.started (0.088959ms)
✔ deriveMacroPhase: completed, failed, aborted, paused terminal phases (0.076458ms)
✔ fixture running-batch.json reconciles to executing macro-phase (5062.3365ms)
✔ fixture taskplane-executing.json maps to executing (1.386667ms)
✔ fixture needs-retry-batch.json maps to failed macro-phase (4047.809083ms)
✔ fixture limbo-stale maps to completed macro-phase (4753.720625ms)
✔ all macro-phase enum values are reachable via deriveMacroPhase (0.624042ms)
✔ recordMergeBlocked sets terminal merge_blocked phase and clears enginePid (2368.250542ms)
✔ reconcileBatch diagnoses merge_blocked as failed merge, not needs_merge (4041.933958ms)
✔ legacy merging phase with endedAt and failed mergeResults reconciles as failed (4831.525375ms)
✔ findResumableWave skips succeeded merged waves when later wave has pending tasks (0.597833ms)
✔ validateMultiTaskResume allows force resume from merge_blocked (4659.332834ms)
✔ buildSuggestedCommand recommends resume --force for merge_blocked phase (0.256125ms)
✔ summarizeMergeFailures extracts failed wave and lane from mergeResults (0.632625ms)
✔ buildMergeFailureHeadline uses 1-based wave number and lane label (0.157542ms)
✔ buildHeadline for failed diagnosis surfaces merge conflict instead of zero failed tasks (0.195167ms)
✔ buildSuggestedCommand for merge failure suggests resume --force (0.119541ms)
✔ buildDiagnosisOutput bundles merge failure headline and command (0.13225ms)
✔ reconcileBatch surfaces merge failure fields distinct from failedTasks (4175.060375ms)
✔ spine status --json includes merge failure fields for monitors (4589.243375ms)
✔ spine status --diagnose prints merge failure details in text output (5371.190417ms)
✔ filterGitignoredPaths separates ignored and stageable paths (2454.125708ms)
✔ gitAddFilteredPaths skips gitignored paths without failing (3247.069417ms)
✔ mergeLaneToOrch succeeds when task branch committed gitignored coverage (13281.049208ms)
✔ commitLaneWorktree refuses gitignored-only dirty paths (4479.067958ms)
✔ commitLaneWorktree commits tracked files while skipping gitignored dirty paths (4522.129375ms)
✔ inferMergeGitignoredFailure detects gitignored merge and lane commit failures (0.283542ms)
✔ buildSuggestedCommand returns git rm --cached repair for gitignored merge failures (0.189083ms)
✔ reconcileBatch surfaces gitignored merge repair command from journal (3812.234917ms)
✔ filterPorcelain remains unchanged for SP-104 ignore patterns (0.301208ms)
✔ mergeLaneToOrch auto-resolves additive docs/PRD.md after origin/main merge task (13353.013ms)
✔ mergeLaneToOrch fails PRD merge with recovery commands when hunks overlap (9882.603584ms)
✔ formatPrdDocMergeFailure names file and wave recovery (0.220375ms)
✔ isActiveWorkerSession true when SPINE_WORKER_RUNNER is set (1.007875ms)
✔ isActiveWorkerSession false outside worker context (0.121125ms)
✔ runStepReview skips nested reviewer spawn when worker env is set (282.745708ms)
✔ runStepReview skips nested plan review spawn when worker env is set (88.724667ms)
✔ runStepReview stub path still works inside worker session (11.191834ms)
✔ runStepReview reaches pi availability check when worker env absent (12.2985ms)
✔ engine parent with leaked worker runner reaches reviewer spawn (17.783ms)
✔ batch 20260619T020951 SP-306 plan step 0 journals review.skipped not review.failed (207.824ms)
✔ detectNestedWorkerContext returns reason when SPINE_IS_WORKER=1 (0.590083ms)
✔ detectNestedWorkerContext returns reason when projectRoot is inside .worktrees/spine-* (0.113416ms)
✔ detectNestedWorkerContext returns null for normal projectRoot without worker env (0.112ms)
✔ startBatch returns error when SPINE_IS_WORKER=1 (12.902583ms)
✔ startBatch returns error when projectRoot is inside .worktrees/spine-* (33.118375ms)
✔ startBatch succeeds normally (no env, normal CWD) — regression (19732.155708ms)
✔ buildWorkerChildEnv includes SPINE_IS_WORKER=1 (6.96775ms)
✔ journalEventsSinceResume excludes pre-resume terminal events (1.504375ms)
✔ detectOrphanRunning: historical task.failed + post-resume silence + dead engine (0.837459ms)
✔ resume orphan with historical failure fixture is not diagnosed as running (4561.357ms)
✔ terminal event within scoped window still suppresses engine orphan (2.720208ms)
✔ journalIndicatesStalledSession: post-resume start without terminal (1.072208ms)
✔ detectOrphanRunning: PID-less ghost running with post-resume journal stall (0.337917ms)
✔ pidless ghost fixture reconcile is engine_orphaned, not running (5153.526167ms)
✔ terminal event within scoped window suppresses PID-less ghost signal (0.977958ms)
✔ isProcessAlive returns false for absent pid (0.580708ms)
✔ resume parallel lane orphan fixture: multiple running on lane 1 (1.056458ms)
✔ resume parallel lane orphan fixture: reconcile is actionable after scoped orphan detect (5157.266875ms)
✔ searchATon orphan incident fixture: dead workerPid is not diagnosed as running (4580.6175ms)
✔ dead workerPid with running task is not diagnosed as running (4917.180875ms)
✔ dead enginePid mid-resume without terminal journal is engine_orphaned (4583.683083ms)
✔ running batch without recorded pids still reports running (3889.78175ms)
✔ detectOrphanRunning ignores dead engine when terminal journal exists (0.810792ms)
✔ recordBatchEnginePid persists under resilience and clears on terminal save (1773.696583ms)
✔ confirmed pause records batch.paused only after engine persists phase (2447.435375ms)
✔ unconfirmed pause does not leave orphan batch.paused journal entry (2283.888792ms)
✔ pauseBatch succeeds immediately when no attached engine is alive (2385.885666ms)
✔ pauseBatch fails loud when attached engine keeps phase running (1920.662875ms)
✔ waitForPauseConfirmation returns true when phase stays paused (2258.773583ms)
✔ retryTask succeeds when batch phase is paused (1919.550542ms)
✔ retryTask rejects when batch phase is running (2005.779583ms)
✔ batch 20260630T212050 orphan-after-merge fixture describes GitHub #59 incident (0.743ms)
✔ batch 20260630T212050 journal fixture is limbo via resume detect but not bare state (4265.825334ms)
✔ hydrateMergeResultsFromJournal enables state limbo detection for batch 20260630T212050 (3195.006ms)
✔ finalizeAttachedLandLoopBeforeExit opens gate for batch 20260630T212050 journal limbo (6748.276625ms)
✔ installAttachedExitFinalizeHandlers finalizes journal limbo on SIGTERM without manual resume (6290.10575ms)
✔ batch 20260629T021550 fixture is post-merge limbo without gate (1769.604667ms)
✔ attemptPostMergeLandLoopHandoff finalizes batch 20260629T021550 limbo after SIGTERM (5962.787583ms)
✔ resumeBatchDetached --force finalizes post-merge limbo without spawning engine (6216.938291ms)
✔ resumeBatch attached path finalizes batch 20260629T021550 limbo immediately (5131.693209ms)
✔ resumeMultiTaskBatch still finalizes batch 20260629T021550 after orphan_terminated (6212.169958ms)
✔ finalizeResumePostMergeLimbo clears stale engine pid during post-merge limbo (5645.434958ms)
✔ isPostMergeLimbo detects running phase with successful merges (0.553292ms)
✔ deriveDiagnosis returns needs_integrate for post-merge limbo (0.417708ms)
✔ finalizeBatchForIntegrate opens gate from post-merge limbo without resume (5763.179125ms)
✔ resumeMultiTaskBatch opens gate from post-merge limbo without re-running tasks (6053.711958ms)
✔ mixed-outcome post-mortem lists failed IDs and retry hint, not smooth success (4849.341125ms)
✔ false-success reconciliation headline is overridden when failures exist (1.338041ms)
✔ listFailedTaskIds prefers classified terminal-failure tasks (0.629125ms)
✔ collectEvidenceBundle summary.md is honest post-mortem markdown (4616.490708ms)
✔ dismissBatch writes post-mortem path into batch history (4446.336166ms)
✔ writeBatchPostMortem persists markdown under runtime batch dir (3551.277167ms)
✔ spine status --verbose includes post-mortem section for active batch (4892.170875ms)
✔ resolveStallConfig defaults progressSnapshotIntervalMinutes to 2 (2.210209ms)
✔ resolveStallConfig applies progressSnapshotIntervalMinutes override (0.132ms)
✔ buildProgressSnapshotPayload is bounded and omits dirty path lists (6.909916ms)
✔ progressSnapshotPayloadChanged detects field deltas (0.129542ms)
✔ shouldEmitProgressSnapshot respects interval (0.113042ms)
✔ recordLaneProgressSnapshot journals bounded payload (350.451209ms)
✔ runWorker emits lane.progress_snapshot on interval and dedupes unchanged signals (10523.071167ms)
✔ startBatch fails closed on invalid PROMPT before batch starts (2431.797292ms)
fatal: malformed object name missing-base-branch
✔ inspectGitState records gitInspectionError when merged-branch scan fails (2280.32075ms)
✔ deriveDiagnosis returns git_unavailable when git inspection failed (0.480125ms)
✔ reconcileBatch surfaces git_unavailable instead of limbo_stale on git failure (4109.374875ms)
fatal: malformed object name missing-base-branch
✔ reconcileBatch records count_commits_ahead git errors from real git refs (4917.280459ms)
✔ idle-no-batch returns healthy idle state (1901.501833ms)
✔ limbo_stale detected from incident fixture (4467.131625ms)
✔ completed_manual when orch branch merged to main (4429.6415ms)
✔ needs_retry when a task failed (4897.708917ms)
✔ running diagnosis for active batch (5023.082166ms)
✔ runReconciliationCheck matches reconcileBatch output shape (4613.521209ms)
✔ reconcileBatch includes journal hints when journal exists (5125.320291ms)
✔ reconcileBatch exposes macroPhase for running batch (4142.941667ms)
✔ reconcileBatch exposes macroPhase for limbo_stale (3985.141292ms)
✔ failBatchFromEngineError writes batch.failed and clears enginePid (1873.910917ms)
✔ reconcileGhostRunningTasks marks running tasks failed without worker (0.488625ms)
✔ resumeMultiTaskBatch fail-closed when post-commit gitPorcelain throws (12859.840375ms)
✔ resumeBatch opens integrate gate before batch.completed journal event (18321.651916ms)
✔ refreshLaneHeartbeatsOnResume aligns lane heartbeats to engineStartedAt (0.654625ms)
✔ taskAlreadyComplete returns false for failed task with stale .DONE on disk (19.021667ms)
✔ resumeBatch after failed retry runs contract verification before succeed (12118.912042ms)
✔ resumeBatch continues paused 2-task 2-lane batch with stub workers (22595.631292ms)
✔ resumeBatch multi path requires existing lane worktrees (2847.672291ms)
✔ multi-task batch start → pause → resume completes both tasks (26323.272042ms)
✔ paused multi-task batch diagnose suggests multi-task resume (4216.919583ms)
✔ multi-task startBatch completes two-lane stub batch (start path) (21672.531583ms)
✔ resumeBatch serializes four tasks on one lane (41053.380458ms)
✔ resumeBatch runs two lanes with two tasks each in parallel (29854.727ms)
✔ validateMultiTaskResume accepts paused 2-task 2-lane batch (2805.35975ms)
✔ validateMultiTaskResume rejects batch with zero tasks (2429.29475ms)
✔ validateMultiTaskResume rejects missing worktree per lane (3055.800583ms)
✔ validateMultiTaskResume allows force resume when wave merge is pending (4429.730542ms)
✔ validateResumeBatch delegates to multi validator for single-task batch (2629.083709ms)
✔ resolveDetachedWaitTimeoutMs uses long default for wait-terminal orphan resume (0.5515ms)
✔ prepareOrphanResumeHandoff clears stale workerPid before orphan resume (1444.713708ms)
✔ clearStaleLaneWorkerPids preserves live worker pid (1673.545541ms)
✔ dual-dead lane+engine orphan reconciles as engine_orphaned with attached resume (5380.873959ms)
✔ attached resume --force completes stuck task after plan review orphan stall (20601.588791ms)
✔ detached resume with wait-terminal uses extended timeout constant (0.405792ms)
✔ taskTerminalSuccessInBatch requires succeeded status and journal task.completed (0.529584ms)
✔ resume --force after partial retry does not review.start succeeded task IDs (25334.566292ms)
✔ pauseBatch sets phase paused and journals batch.paused (2066.776125ms)
✔ resumeBatch continues paused single-lane batch (17875.990625ms)
✔ paused spine batch reconciliation suggests spine batch resume (3563.855792ms)
✔ validateBatchState requires segments aligned with tasks (0.293708ms)
✔ retryTask clears stale failure metadata before re-run (1680.547792ms)
✔ retry then task.completed updates counters and reconcile diagnosis (5223.554334ms)
✔ retry-clears-failed-classification fixture reconciles after success state (4763.66875ms)
✔ retryTask atomically resets task and segment records (1603.184041ms)
✔ retryTask fixes segment drift (GAP-RETRY-01) (1888.342084ms)
✔ resumeBatch refuses segment drift without retry (2724.525833ms)
✔ skipTask marks task skipped and updates counters (1442.729375ms)
✔ retryTask rejects when batch is running (1870.719917ms)
✔ defaultSegmentId used in segment records (0.368041ms)
✔ detectOrphanedReviewStarted finds orphaned review.started with no matching review.completed (0.582209ms)
✔ detectOrphanedReviewStarted returns empty when review.completed exists (0.079291ms)
✔ detectOrphanedReviewStarted distinguishes code and final review types (0.075208ms)
✔ reconcileOrphanedReviewEvents synthesizes completion when APPROVE artifact on disk (67.30775ms)
✔ reconcileOrphanedReviewEvents does NOT synthesize when no artifact on disk (61.538084ms)
✔ reconcileOrphanedReviewEvents does NOT synthesize for REVISE verdict (75.469917ms)
✔ findCompletedCodeReview honors artifact at attempt > 0 (266.613167ms)
✔ normal review flow (no crash) still works correctly (0.193958ms)
✔ reconcileOrphanedReviewEvents handles final review with PASS verdict (304.871666ms)
✔ buildReviewerSystemPrompt includes project standards when rules manifest exists (44.734584ms)
✔ buildReviewerSystemPrompt emits reviewer.rules_selected journal event (46.598958ms)
✔ buildReviewRequest user prompt does not include injected standards block (0.330792ms)
✔ runStepReview stub path does not emit reviewer.rules_selected (212.2425ms)
✔ isNoiseReviewScopePath matches runtime artifact paths (0.648958ms)
✔ filterReviewScopeNoise dedupes and drops noise (0.473208ms)
✔ resolvePlanReviewScopePaths returns PROMPT File Scope minus noise (41.609708ms)
✔ resolveReviewScopePaths plan uses task PROMPT file scope (43.482458ms)
✔ resolveReviewScopePaths final returns empty scope (0.129417ms)
✔ resolveCodeReviewScopePaths uses baseline..HEAD when baseline provided (2632.585833ms)
✔ resolveCodeReviewScopePaths falls back to git diff --name-only without baseline (2051.17275ms)
✔ resolveReviewScopePaths code honors injectable git runner (0.566042ms)
✔ resolveCodeReviewScopePaths returns empty array when git fails (0.226625ms)
✔ parseReviewLevel reads PROMPT heading (0.619042ms)
✔ isReviewTypeRequired follows Taskplane rubric (0.087291ms)
✔ formatReviewTimestamp strips separators from ISO time (3.965666ms)
✔ buildReviewArtifactPath uses step-timestamp pattern (0.204583ms)
✔ buildFinalReviewArtifactPath uses final-timestamp pattern (0.108417ms)
✔ normalizeVerdict maps enums by review type (0.083083ms)
✔ normalizeFinalVerdict and normalizeCodeVerdict are type-specific aliases (0.066708ms)
✔ parseReviewVerdict reads JSON and markdown verdicts (0.4625ms)
✔ parseReviewVerdict accepts PASS REVISE REPLAN when reviewType is final (0.085709ms)
✔ parseReviewVerdict step mode rejects final-only verdict enums (0.174875ms)
✔ parseFinalReviewVerdict accepts PASS, REVISE, and REPLAN (0.123083ms)
✔ parseFinalReviewVerdict omits heading summary unlike parseReviewVerdict (0.095709ms)
✔ shouldRunCodeReview requires review level 2 or higher (0.06ms)
✔ shouldRunFinalReview skips when review level is 0 (0.060959ms)
✔ DEFAULT_REVIEW_SPAWN_TIMEOUT_MS is 90 minutes (0.520208ms)
✔ honorReviewSpawnFailureWhenEligible honors final review when contract passed (4.194167ms)
✔ honorReviewSpawnFailureWhenEligible skips when contract failed (2.816125ms)
✔ honorReviewSpawnFailureWhenEligible honors code review with .DONE (1.828333ms)
✔ buildReviewerPiArgs includes --model when config pins reviewer (65.865792ms)
✔ buildReviewerPiArgs omits --model when reviewer model is inherit (115.251208ms)
✔ buildReviewerPiArgs uses per-type model override for matching reviewType (65.296292ms)
✔ buildReviewerPiArgs falls back to top-level reviewer pin when per-type block missing (22.769209ms)
✔ buildReviewerPiArgs cascades per-type inherit to top-level reviewer pin (19.716625ms)
✔ spawnReviewerPi fails closed when pi unavailable via SPINE_REVIEW_TEST_NO_PI (35.838375ms)
✔ buildReviewerChildEnv strips SPINE_WORKER_RUNNER from reviewer child env (1.091458ms)
✔ shouldBlockNestedReviewerSpawn false when only worker runner leaked on engine (0.312583ms)
✔ spawnReviewerPi allows engine spawn when worker runner leaked without journal attach (24.74925ms)
✔ shouldBlockNestedReviewerSpawn true inside live worker child session (0.732ms)
✔ parseReviewLevel reads PROMPT heading (0.880292ms)
✔ isReviewTypeRequired follows Taskplane rubric (0.1005ms)
✔ buildReviewArtifactPath uses step-timestamp pattern (1.347916ms)
✔ buildFinalReviewArtifactPath uses final-timestamp pattern (0.137334ms)
✔ parseReviewVerdict reads JSON and markdown verdicts (0.533209ms)
✔ parseReviewVerdict accepts PASS REVISE REPLAN when reviewType is final (0.16725ms)
✔ parseReviewVerdict step mode rejects final-only verdict enums (0.115375ms)
✔ parseReviewVerdict accepts PASS REVISE REPLAN for final review type (0.067459ms)
✔ resolveBatchJournalContext ignores SPINE_BATCH_ID without SPINE_JOURNAL_ATTACH (0.167ms)
✔ isJournalAttachBlocked honors SPINE_SUPPRESS_JOURNAL_ATTACH (0.125375ms)
✔ resolveBatchJournalContext blocked when attach suppressed (0.097792ms)
✔ runStepReview ignores SPINE_REVIEW_STUB_FAIL without stub mode (42.980791ms)
✔ runStepReview stub APPROVE writes artifact and journal events (228.7245ms)
✔ runStepReview stub REVISE returns exitCode 2 (89.5125ms)
✔ runStepReview fail-closed on stub spawn failure (411.506792ms)
✔ runStepReview skips when review level does not require type (140.064458ms)
✔ runStepReview final stub PASS writes final artifact path (51.705458ms)
✔ runStepReview final spawn failure exits non-zero at review level >= 1 (63.612125ms)
✔ runSpineReviewStep CLI --type final emits JSON verdict (96.190458ms)
✔ runSpineReviewStep CLI emits JSON verdict (161.109208ms)
✔ assertReviewToolAvailable fails closed without pi at review level > 0 (49.601541ms)
✔ runWorker fails closed when review tool unavailable at level > 0 (136.876833ms)
✔ stub worker stops when enforced review spawn fails (245.444166ms)
✔ DEFAULT_REVIEW_SPAWN_TIMEOUT_MS remains 90 minutes (backstop unchanged) (0.47275ms)
✔ runStepReview honors on-disk APPROVE while pi hangs — seconds not stall timeout (519.95275ms)
✔ resolveReviewerModelPin returns per-type override when set (0.536792ms)
✔ resolveReviewerModelPin falls back to top-level when per-type block missing (0.092667ms)
✔ resolveReviewerModelPin cascades per-type inherit to top-level pin (0.058584ms)
✔ resolveReviewerModelPin returns null for top-level inherit (0.058584ms)
✔ resolveReviewerModelPin returns null when reviewer block absent (0.068625ms)
✔ resolveReviewerThinkingPin returns per-type override when set (0.072875ms)
✔ resolveReviewerThinkingPin falls back to top-level when per-type block missing (0.054375ms)
✔ resolveReviewerThinkingPin cascades per-type inherit to top-level pin (0.049ms)
✔ resolveReviewerThinkingPin returns null for off at any level (0.07625ms)
✔ resolveReviewerThinkingPin returns null when reviewer block absent (0.096875ms)
✔ resolveRulesManifestGeneratedAtMerge keeps newest generatedAt (0.7315ms)
✔ resolveRulesManifestGeneratedAtMerge fails when rules differ (0.100125ms)
✔ fingerprintRulesManifest ignores generatedAt (0.081334ms)
✔ mergeLaneToOrch clears generatedAt-only dirty rules-manifest before merge (10526.983333ms)
✔ mergeLaneToOrch auto-resolves generatedAt-only rules-manifest conflict (6914.3045ms)
✔ mergeLaneToOrch fails loud when rules[] differ (9334.406417ms)
✔ mergeLaneToOrch does not auto-resolve when other paths conflict (6250.647875ms)
✔ tryAutoResolveRulesManifestMergeConflict resolves in-progress merge (3937.530084ms)
✔ appendTaskMetric writes TaskMetricRecord JSONL line (14.316875ms)
✔ buildTaskMetricRecord includes laneNumber and durationMs when available (0.231125ms)
✔ buildTaskMetricRecord omits laneNumber when not a positive lane (0.108459ms)
✔ metrics.enabled false skips append without error (6.56625ms)
✔ resolveTaskMetricOutcome maps skipped_done_on_disk to skipped (0.151875ms)
✔ appendTaskMetric redacts secret-like fields and omits prompt text (164.402625ms)
✔ skipTaskDoneOnDisk records skipped task metric (338.9895ms)
✔ appendBatchMetric writes BatchMetricRecord JSONL line (88.372667ms)
✔ recordBatchTerminalMetric skips when metrics disabled (11.73425ms)
✔ dismissBatch appends batch metric line (2755.354875ms)
✔ spine metrics show filters by batch and formats table output (76.79475ms)
✔ spine metrics show CLI filters by batch id (370.146792ms)
✔ resolveSalvageConfig defaults autoCommitOnStall to false (0.513291ms)
✔ validateSpineConfig rejects non-boolean autoCommitOnStall (0.817209ms)
✔ recordTaskFailureSalvage with autoCommitOnStall commits scoped paths on lane branch (4486.82475ms)
✔ recordTaskFailureSalvage without autoCommitOnStall does not commit (3552.876459ms)
✔ salvage commit refuses merge_in_progress and index_conflicts (3123.391167ms)
✔ salvage commit refuses pre-commit hook failure (1870.382375ms)
✔ atomic retry retains salvage WIP commit on lane branch (4535.113958ms)
✔ inspectLaneSalvage scopes porcelain to file scope and task folder (1591.297334ms)
✔ recordTaskFailureSalvage journals inspection and writes evidence without committing (4080.028375ms)
✔ writeSalvageEvidence writes pretty JSON atomically without temp files (1481.417625ms)
✔ startBatch worker failure with dirty scoped file emits salvage and diagnose hint (16548.83475ms)
✔ parseSequenceArgs honors --auto-approve-gate and --force (50.61175ms)
✔ spine run sequence --auto-approve-gate dry-run succeeds under stub (2736.886375ms)
✔ spine run sequence --auto-approve-gate refused for real pi without --force (3148.313375ms)
✔ spine run sequence --auto-approve-gate --force dry-run succeeds for real pi (2739.361792ms)
✔ validateSequenceAutoApproveGate allows stub mode without force (0.546625ms)
✔ validateSequenceAutoApproveGate blocks real pi without force (0.130917ms)
✔ validateSequenceAutoApproveGate allows real pi with force (0.069709ms)
✔ validateSequenceAutoApproveGate skips check when flag is false (0.067875ms)
✔ buildSequenceAutoApproveDoctorCheck warns for real pi (0.082458ms)
✔ buildSequenceAutoApproveDoctorCheck passes for stub mode (0.066ms)
✔ runSequence refuses auto-approve on dry-run for real pi (0.343625ms)
✔ runSequence allows auto-approve dry-run with force on real pi (0.152ms)
✔ readCurrentBatchLogTail returns null for missing file (0.583958ms)
✔ readCurrentBatchLogTail filters to last batch session header (3.031708ms)
✔ readCurrentBatchLogTail returns full content when no header exists (7.423666ms)
✔ readCurrentBatchLogTail respects lineCount limit (15.546167ms)
✔ waitForSequenceBatchTerminal returns settled when batch completes before timeout (5711.472458ms)
✔ waitForSequenceBatchTerminal does not exit while engine PID is alive (10657.313583ms)
✔ waitForSequenceBatchTerminal returns failure diagnosis even with alive engine (5437.084292ms)
✔ isPiSessionMetadataPath matches .pi session roots and children (1.011042ms)
✔ checkGitClean ignores untracked .pi/ session metadata (3104.2325ms)
✔ checkGitClean still fails when non-.pi paths are dirty (2663.165458ms)
✔ runSequence with only .pi/ dirty passes preflight (47808.439625ms)
✔ runSequence surfaces preflight failure on stderr-equivalent output (20052.764833ms)
✔ resolveResumeFromWave continues after last completed wave (0.511875ms)
✔ sequence persists fromWave, completedWaves, and lastBatchId after wave 0 (33173.88775ms)
✔ resume after interrupted wave 0 integrate completes remaining waves (50859.758709ms)
✔ sequence halts on wave failure with --stop-on-failure and preserves completed waves (17046.21125ms)
✔ resolveWaveTaskIds and resolveSequenceWaves honor planner waves (1.023125ms)
✔ diagnosis helpers classify settled, waiting, and failure states (0.094084ms)
✔ dry-run prints operator-equivalent land loop commands per wave (0.225458ms)
✔ 2-wave stub sequence completes with auto-approve land loop (60149.027584ms)
✔ buildSequencePlan resolves pending scope for dry-run integration (2521.107666ms)
✔ skipTask leaves phase paused when all tasks terminal without merge (7976.420292ms)
✔ skipTask clears failed segment drift for reconcile (7726.375041ms)
✔ resolveWorkerOutputConfig applies lane defaults and overrides (0.812083ms)
✔ captureWorkerOutputTail keeps last lines and marks byte truncation (0.285875ms)
✔ redactWorkerOutput applies built-in and config deny patterns (0.3855ms)
✔ runWorker stall_timeout captures stderr, persists log, journals stall_killed (5532.107375ms)
✔ collectEvidenceBundle references persisted worker output logs (40.471125ms)
✔ successful worker skips log unless retainWorkerOutputOnSuccess (5162.082167ms)
✔ SAT-020 replay: checkpoint_warning → stall_killed → salvage_inspection → task.failed (69010.912542ms)
✔ regression: stub worker still requires .DONE for batch success (10437.704167ms)
✔ recordTaskTransition writes batch-state then journal in order (1210.371458ms)
✔ saveSpineBatchState leaves prior JSON intact when atomic write fails (734.12175ms)
✔ saveGateRecord leaves prior JSON intact when atomic write fails (1100.994916ms)
✔ validateBatchState accepts healthy schema v1 state (0.785ms)
✔ validateBatchState rejects counter drift (0.159625ms)
✔ runSpineState validate passes on archived batch-state (129.931292ms)
✔ runSpineState validate fails loud on corrupt active state (84.403666ms)
✔ computeStatusProgress derives wave and task counts from batch raw (0.878833ms)
✔ computeStatusProgress returns null without batch raw (0.087959ms)
✔ formatStatusJson includes documented progress field names (0.149375ms)
✔ spine status --json includes task and wave progress for active batch (5384.703375ms)
✔ spine status --json omits progress counts when no batch is active (2170.151583ms)
✔ reconcileBatch exposes progress fields for spine watch consumers (4611.117083ms)
✔ classifyTaskDoneSemantics distinguishes lane vs main .DONE (issue #35) (1435.711042ms)
✔ spine status --diagnose --json exposes explicit done flags mid-batch (3269.264292ms)
✔ verifyStubFileScopeMustChange fails when contract paths are unchanged (3269.562541ms)
✔ verifyStubFileScopeMustChange passes when contract path changed (3638.217459ms)
✔ verifyStubFileScopeMustChange passes for comma-in-single-backtick fileScopeMustChange (SP-396) (3136.153292ms)
✔ commitLaneWorktree rejects stub completion without fileScopeMustChange diffs (3115.907709ms)
✔ commitLaneWorktree allows stub completion when fileScopeMustChange is satisfied (3057.425666ms)
✔ stub contract helpers detect release-critical contracts and legacy markers (0.373667ms)
✔ shouldEnforceStubContractAtLaneCommit uses env or legacy .DONE marker (1337.643709ms)
✔ stub cannot succeed merge/version task without file-scope changes (4573.1205ms)
✔ checkStubReleaseCritical warns when stub mode has pending fileScopeMustChange tasks (2372.641959ms)
✔ diagnosis surfaces exitReason stub for M/L legacy stub .DONE markers (2.515041ms)
✔ reconcileBatch surfaces exitReason stub for succeeded M/L tasks with legacy stub .DONE (4830.757375ms)
✔ applyStubDeliveryStatusBlock updates existing header lines (0.824792ms)
✔ applyStubDeliveryStatusBlock appends block when header lines are missing (0.141625ms)
✔ writeStubDeliveryStatusIfNeeded updates STATUS for delivery-only contracts (58.581833ms)
✔ writeStubDeliveryStatusIfNeeded skips implementation scopes (28.291333ms)
✔ stub worker auto-writes STATUS for delivery-only fileScopeMustChange (334.720292ms)
✔ stub worker does not auto-write STATUS for implementation fileScopeMustChange (185.358959ms)
✔ stub worker STATUS delivery satisfies verifyStubFileScopeMustChange (3534.45375ms)
✔ parseTaskSizeFromMarkdown reads Size line (0.663709ms)
✔ resolveTaskStallMinutes uses max of config and size floor (0.785709ms)
✔ resolveStallConfigForTask applies minutes to stallTimeoutMs (0.128458ms)
✔ journalTaskAwaitingFirstHeartbeat: true after task.started before lane.heartbeat (0.574125ms)
✔ journalTaskAwaitingFirstHeartbeat: false after matching lane.heartbeat (0.084125ms)
✔ detectOrphanRunning suppresses lane orphan during first-heartbeat debounce when engine alive (0.349584ms)
✔ detectOrphanRunning still reports lane orphan before heartbeat when engine is dead (0.137083ms)
✔ detectOrphanRunning still reports lane orphan after first heartbeat (0.10125ms)
✔ reconcileBatch: transient dead workerPid mid-start diagnoses running not worker_orphaned (5728.345125ms)
✔ reconcileOrphanRunningState does not fail running task during debounce window (1811.851ms)
✔ post-heartbeat dead pid still worker_orphaned with retry (4182.751917ms)
✔ hasPendingWaveMerge is true when an intermediate wave lacks mergeResults (0.672875ms)
✔ hasPendingWaveMerge is false when every terminal wave is recorded (0.501208ms)
✔ recordWaveMergeResult records forceMerged flag and updates existing wave row (0.141167ms)
✔ resolveWorkerBackend defaults to subprocess (0.594583ms)
✔ resolveWorkerBackend honors agentSession flag (0.083833ms)
✔ validateWorkerBackendConfig rejects invalid values (0.106917ms)
✔ validateSpineConfig accepts optional workerBackend (0.248542ms)
✔ settings registry validates workerBackend enum case-sensitively (0.150709ms)
✔ buildAgentSessionWorkerPrompt includes PROMPT reference and review hint (5.105875ms)
✔ createStubAgentSession writes .DONE (14.430708ms)
✔ startAgentSessionWorker completes with injected mock session (14.793291ms)
✔ runWorker uses agentSession backend with mock factory (5307.717667ms)
✔ runWorker keeps subprocess default when workerBackend unset (5196.162209ms)
✔ WORKER_BACKENDS lists supported values (0.624042ms)
✔ buildWorkerBackendDoctorCheck reports subprocess as production default (0.139125ms)
✔ buildWorkerBackendDoctorCheck warns or fails on opt-in agentSession (0.305375ms)
✔ buildWorkerBackendDoctorCheck falls back to subprocess for invalid config (0.043667ms)
✔ DIAGNOSIS_TAXONOMY includes worker_done_missing distinct from worker_orphaned and needs_retry (0.5715ms)
✔ outputIndicatesWorkerDoneMissing matches runner stderr message (0.117125ms)
✔ inferWorkerDoneMissingFailure reads task.failed payload from journal (0.198375ms)
✔ buildHeadline and buildSuggestedCommand for worker_done_missing cite worker log (0.3145ms)
✔ reconcileBatch diagnoses worker_done_missing for issue #18 journal pattern (5574.241875ms)
✔ buildDiagnosisOutput bundles worker_done_missing headline and retry command (0.223292ms)
✔ resolvePiSpineRoot defaults to pi-spine package root (1.241833ms)
✔ resolvePiSpineRoot honors development.piSpineRoot override (25.485625ms)
✔ buildWorkerChildEnv sets PI_SPINE_ROOT for worker spawn (12.045542ms)
✔ validateWorkerLaunchScriptPath requires scripts/ prefix (20.988417ms)
✔ validateWorkerLaunchScriptPath rejects traversal (73.236917ms)
✔ validateWorkerLaunchScriptPath rejects symlink escape (75.410666ms)
✔ resolveSafeWorkerLaunchScript returns default when present (38.7265ms)
✔ validateSpineConfig rejects unsafe development.workerLaunchScript (13.09625ms)
✔ DEFAULT_WORKER_LAUNCH_SCRIPT matches conventional path (0.081375ms)
✔ runWorker classifies launch script fast-fail as launch_failed (5433.192583ms)
✔ appendWorkerAgentModelArgs adds --model when configured and not inherit (0.534708ms)
✔ appendWorkerAgentModelArgs omits --model for inherit and empty (0.086125ms)
✔ appendWorkerAgentModelArgs adds --thinking when set and not off (0.069167ms)
✔ buildWorkerPiArgs includes --model cursor/auto from spine-config (21.746375ms)
✔ buildWorkerPiArgs omits --model when agents.worker.model is inherit (21.185334ms)
✔ parseWorkerDoneMarker accepts legacy empty and text markers (0.881792ms)
✔ parseWorkerDoneMarker accepts structured JSON markers (0.36825ms)
✔ parseWorkerDoneMarker rejects partial JSON markers (0.201333ms)
✔ isWorkerDoneMarkerValid mirrors parseWorkerDoneMarker (0.19175ms)
✔ writeWorkerDoneMarker writes atomic structured JSON (59.853125ms)
✔ readWorkerDoneMarker reports absent marker (22.345458ms)
✔ persistWorkerOutputLog writes atomically without temp leftovers (126.96275ms)
✔ resolveWorkerPiTimeoutMs uses per-size stall floor (0.592833ms)
✔ resolveWorkerPiTimeoutMs honors SPINE_WORKER_PI_TIMEOUT_MS override (0.096209ms)
✔ buildWorkerChildEnv sets SPINE_WORKER_PI_TIMEOUT_MS from stall budget (1.088667ms)
✔ buildPiWorkerTimeoutDoctorCheck reports stall-aligned timeout for M floor (0.669541ms)
✔ runWorker terminates hung child after .DONE and returns ok: true (10294.518416ms)
✔ runWorker pre-.DONE stall_timeout still works (5454.883708ms)
✔ buildWorkerTailPrompt includes critical-rules for JS-scoped task (36.115375ms)
✔ buildWorkerContextAsync appends config.standards end-to-end (3.163458ms)
✔ buildWorkerContextAsync emits worker.rules_selected journal event (70.023125ms)
✔ buildWorkerContextAsync falls back to static context without .cursor/rules (22.405625ms)
✔ buildReviewLevelHint delegates code and final review to engine (0.63525ms)
✔ buildCommitBoundaryHint uses SP-064 feat(taskId) convention (0.08275ms)
✔ buildDoneCheckpointHint references done path and uncommitted failure (0.14175ms)
✔ buildWorkerTailPrompt includes tools hint and task id from folder (0.525291ms)
✔ buildWorkerTailPrompt appends worker agent and PROMPT when present (23.352333ms)
✔ shouldSlideStallAnchorOnHeartbeat only slides worker_alive in pi phase (0.485792ms)
✔ computeStallDeadline slides silent stall window when lastAliveAt advances (0.190375ms)
✔ nextStallAnchorAt advances only on pi worker_alive (0.081042ms)
✔ runWorker worker_alive heartbeats extend stall deadline past initial window (20686.794125ms)
✔ runWorker silent stall still fails without heartbeats (5338.361959ms)
✔ SP-190 wedge fixture describes hung-child-after-.DONE incident (2.326958ms)
✔ SP-190 wedge class: engine completes within post-done grace (SP-193) (10356.308333ms)
✔ completeBatch removes lane worktrees and journals batch.worktrees_cleaned (5657.554542ms)
✔ dismissBatch removes lane worktrees and journals batch.worktrees_cleaned (4661.949833ms)
✔ completeBatch keeps worktree when cleanupWorktreesOnComplete is false (6181.854125ms)
✔ provisionLaneWorktree normalizes git metadata to relative posix paths (1891.758708ms)
✔ repairLaneWorktreeGitMetadata fixes broken absolute gitdir pointers (1787.303958ms)
✔ normalizeLaneWorktreeGitPaths is idempotent (1888.381041ms)
✔ validateMultiTaskResume repairs unhealthy lane worktree git metadata (2416.670667ms)
✔ validateWorktreeSetupHookPath accepts ./scripts/ prefix when file exists (13.596916ms)
✔ validateWorktreeSetupHookPath rejects ./scripts/../ traversal (13.08125ms)
✔ validateSpineConfig rejects unsafe worktreeSetupHook (0.674375ms)
✔ checkWorktreeSetupHook fails preflight for unsafe hook path (4.574292ms)
✔ runWorktreeSetupHook succeeds with JSON stdout (345.281542ms)
✔ runWorktreeSetupHook throws when hook returns ok false (457.210084ms)
✔ runWorktreeSetupHook throws on malformed JSON stdout (503.882209ms)
✔ runWorktreeSetupHook is no-op when hook not configured (20.302083ms)
✔ batch help helpers detect help invocations (0.528083ms)
✔ printBatchHelp returns usage text (0.11725ms)
✔ runSpineBatch exits 0 for help without starting a batch (1473.371542ms)
✔ spine batch start --help does not create batch state (1368.910916ms)
✔ isCliEntrypoint returns true when argv[1] is a symlink to the module (14.923875ms)
✔ isCliEntrypoint returns false for an unrelated script path (0.158375ms)
✔ isCliEntrypoint returns false when argv[1] is missing (0.122458ms)
✔ spine help via symlink produces stdout and exit 0 (543.528209ms)
✔ spine version via symlink produces stdout and exit 0 (1883.035875ms)
✔ HANDOFF_DEFAULTS autoWriteOn includes session_start (0.828542ms)
✔ /spine auto-writes handoff on session_start when batch needs attention (7738.404041ms)
✔ /spine skips auto-write when autoWriteOn excludes session_start (4137.118958ms)
✔ /spine skips auto-write for idle diagnosis even with session_start enabled (16021.777208ms)
✔ /spine merges default autoWriteOn when config omits handoff.autoWriteOn (6950.8465ms)
✔ formatIssueDraftMarkdown renders all issue checklist sections (0.889167ms)
✔ formatIssueDraftMarkdown applies redaction to section content (0.133625ms)
✔ buildIssueDraftBody returns title, body, and labels for idle repo (13153.4495ms)
✔ buildIssueDraftBody includes batch context and journal tail (22901.406959ms)
✔ buildIssueDraftBody maps issueType to GitHub labels (29070.108709ms)
✔ buildIssueDraftBody rejects invalid issueType (919.828291ms)
✔ buildIssueDraftBody redacts sk- token patterns in title and body (7715.328041ms)
✔ parseJournalFollowArgs reads batch, lane, and json flags (0.979084ms)
✔ resolveFollowBatchId uses reconcile then batch-state (2107.137542ms)
✔ formatJournalFollowLine uses summarizeJournalEvent (7.422ms)
✔ formatJournalFollowOutputLine filters by lane and supports json passthrough (0.198708ms)
✔ readJournalFollowSnapshot prints header once in human mode (138.444958ms)
✔ runJournalFollow exits non-zero when journal missing (5.819167ms)
✔ runJournalFollow exits non-zero when no batch can be resolved (10.090875ms)
✔ runJournalFollow prints existing events without following (90.235ms)
✔ runJournalFollow defaults batch from batch-state (2252.933667ms)
✔ spine journal follow exits non-zero when journal missing (279.205417ms)
✔ parseLaneNumber accepts positive integers (0.613709ms)
✔ parseLaneLogsArgs reads lane, task, batch, and follow flags (0.496458ms)
✔ extractTaskIdFromLogFilename parses worker log names (0.0805ms)
✔ resolveLaneLogPath prefers live log when present (87.25675ms)
✔ resolveLaneLogPath falls back to worker-output log (40.500167ms)
✔ findMostRecentLogTaskId picks newest log in lane directory (47.875959ms)
✔ resolveLaneLogTaskId uses explicit task id (37.075875ms)
✔ resolveLaneLogTaskId infers running task from batch state (33.1035ms)
✔ runLaneLogs exits non-zero when lane is missing (9.847333ms)
✔ runLaneLogs exits non-zero when no batch can be resolved (8.636084ms)
✔ runLaneLogs prints existing log without following (2531.054875ms)
✔ runLaneLogs prefers live log content (2618.846125ms)
✔ spine lane logs exits non-zero when log file missing (2711.743375ms)
✔ isExitVerificationTask detects exit verification headings (0.712375ms)
✔ shouldRunContractVerifyForWorker skips stub for normal tasks (0.955708ms)
✔ shouldRunContractVerifyForWorker runs stub contract for exit tasks (0.214833ms)
✔ runPhase23ExitVerify --skip-test passes structural checks in repo (36.365083ms)
✔ spine verify phase23-exit CLI is wired (13.43975ms)
✔ runScenariosList prints empty registry message (1.958458ms)
✔ runScenariosList returns sorted scenarios as JSON (11.993625ms)
✔ runScenariosShow returns scenario details (1.368458ms)
✔ runScenariosShow rejects unknown scenario (1.881083ms)
✔ loadScenarioFixture reads incident fixture from registry entry (2.301125ms)
✔ loadScenarioFixture rejects recipe kind (0.277792ms)
✔ materializeFixtureToProject writes batch-state and journal tail (1349.3115ms)
✔ assertMaterializeAllowed blocks when batch-state exists (1310.529833ms)
✔ runScenariosMaterialize blocks active batch without --force (1402.437708ms)
✔ runScenariosMaterialize writes fixture with --force (1359.10825ms)
✔ runScenariosMaterialize rejects recipe scenarios (21.624625ms)
✔ spine scenarios CLI routes list and materialize (2013.23075ms)
✔ parseSequenceArgs defaults scope to pending and stopOnFailure to true (0.597875ms)
✔ parseSequenceArgs honors wave and attached flags (0.094375ms)
✔ formatSequenceResult emits JSON when requested (0.469458ms)
✔ spine run sequence pending --dry-run prints per-wave land loop commands (2375.57925ms)
✔ spine run sequence pending --dry-run --json returns structured payload (2044.482167ms)
✔ spine run sequence pending --from-wave 1 limits dry-run to later waves (1922.84875ms)
✔ runSpineSequence rejects invalid through-wave with non-zero exit (1596.446959ms)
✔ spine run pending still aliases batch start (1127.032959ms)
✔ assembleHandoffData returns idle shape when no active batch (1604.669334ms)
✔ assembleHandoffData includes reconciliation fields for active batch (4431.694208ms)
✔ assembleHandoffData redacts secret-like payload fields in journal tail (3658.391ms)
✔ paused batch handoff lists pending tasks and spine batch resume (4266.499208ms)
✔ renderHandoffMarkdown matches golden snapshot structure (5288.567875ms)
✔ redactHandoffText removes KEY TOKEN and SECRET value patterns (0.256291ms)
✔ recordHandoffWritten appends handoff.written journal event (1593.062709ms)
✔ handleNext appends handoff path hint when handoff file exists (3251.230542ms)
✔ runSpineHandoff --json writes handoff file and returns structured output (3552.607334ms)
✔ runInit copies rules profile, discovers manifest, standards default [] (142.134708ms)
✔ runInit dry-run plans rules files without writing (22.926333ms)
✔ rules-manifest.json is not listed in .gitignore (0.928625ms)
✔ parseIssueDraftArgs applies defaults and flags (0.581708ms)
✔ buildIssueDraftBody works in idle repo without batch context (13171.203583ms)
✔ runSpineIssueDraft writes draft file and prints human output by default (13385.853167ms)
✔ runSpineIssueDraft --json returns structured payload without writing file (15300.623583ms)
✔ runSpineIssueDraft --create fails clearly when gh is missing (457.174625ms)
✔ runSpineIssue rejects unknown subcommands (548.109ms)
✔ spine issue draft routes through spine.mjs help and dispatch (8540.862875ms)
✔ buildIssueDraftBody redacts secret-like values (8409.527125ms)
✔ get-version helpers use spawnSync without shell (67.652291ms)
✔ spine help and version route through thin CLI entry (2741.218584ms)
✔ spine rejects unknown commands (243.089667ms)
✔ router dispatches plan, status, batch, gate, and integrate (2099.360042ms)
✔ spine rules --help lists subcommands (285.951292ms)
✔ runSpineRules discover writes manifest in initialized project (1242.684416ms)
✔ runSpineRules select rejects invalid PROMPT before manifest check (993.180458ms)
✔ runSpineRules select uses validated file scope (929.468875ms)
✔ runSpineRules select requires manifest (711.581167ms)
✔ spine rules sync via CLI exits zero in pi-spine repo (388.372917ms)
✔ parseRulesArgv defaults role to worker (0.103875ms)
✔ parseRulesArgv requires review-type for reviewer role (0.287ms)
✔ runSpineRules select worker default unchanged (1385.834959ms)
✔ runSpineRules select reviewer plan uses PROMPT file scope (1862.390416ms)
✔ runSpineRules select reviewer final returns empty scope (2751.268958ms)
✔ runSpineRules select reviewer code honors baseline (2873.470792ms)
✔ spine status prints macro phase for idle repo (1178.547292ms)
✔ spine status prints macro phase for active batch (3457.9565ms)
✔ spine status --diagnose verbose signals include macroPhase (4608.387042ms)
✔ spine status --json includes macroPhase fields (5445.266667ms)
✔ parseDurationMs accepts plain seconds and suffix forms (0.749375ms)
✔ parseDurationMs rejects invalid values (0.295208ms)
✔ parseUntilDiagnoses parses comma-separated diagnoses (0.492708ms)
✔ parseUntilDiagnoses rejects unknown diagnoses (0.093125ms)
✔ parseWaitArgs requires --until and applies defaults (0.119167ms)
✔ parseWaitArgs accepts timeout interval and json (0.072ms)
✔ parseWaitArgs rejects unknown flags (0.066958ms)
✔ diagnosisMatchesUntil matches only non-null diagnoses in set (0.074667ms)
✔ runSpineWait exits 0 when diagnosis matches (0.300667ms)
✔ runSpineWait exits 1 on timeout and emits final json snapshot (0.21575ms)
✔ runSpineWait polls until diagnosis changes (0.15325ms)
✔ spine wait --json exits 0 when diagnosis matches fixture (3973.106083ms)
✔ spine wait times out with exit 1 (4811.663042ms)
✔ spine wait rejects missing --until (285.245416ms)
✔ spine help lists wait command (356.866209ms)
✔ parseWatchArgs defaults (0.611875ms)
✔ parseWatchArgs accepts interval json and once (0.073167ms)
✔ parseWatchArgs rejects invalid interval (0.256333ms)
✔ parseWatchArgs rejects unknown flags (0.072959ms)
✔ formatWatchHumanLine renders compact reconcile summary (0.083042ms)
✔ formatWatchHumanLine uses idle placeholders when batch absent (0.1045ms)
✔ buildWatchSnapshot includes core fields and progress block when present (0.49925ms)
✔ buildWatchSnapshot prefers explicit progress object (0.081917ms)
✔ runSpineWatch --once human mode prints one line (0.217209ms)
✔ runSpineWatch --once json mode prints NDJSON snapshot (0.181458ms)
✔ runSpineWatch polls until once breaks loop without extra reconcile calls (0.14425ms)
✔ spine watch --once integrates with reconcileBatch in idle repo (1301.475584ms)
✔ spine watch --json --once emits reconcile snapshot for active batch (3676.609459ms)
✔ spine watch rejects invalid interval (443.130125ms)
✔ spine help lists watch command (268.767708ms)
✔ DIAGNOSIS_TAXONOMY includes needs_replan (0.526833ms)
✔ needs_replan diagnosis messaging matches handoff §9.1 shape (0.756458ms)
✔ buildDiagnosisOutput bundles needs_replan operator fields (0.147166ms)
✔ deriveDiagnosis prefers needs_replan over needs_retry for replan failures (0.3145ms)
✔ needs_replan blocks needs_merge diagnosis when replan task remains (0.080458ms)
✔ reconcileBatch surfaces needs_replan with edit-PROMPT suggestion (3489.444292ms)
✔ I-01 progress signals extend stall deadline past hard timeout (0.691333ms)
✔ I-02 spine batch retry resets task and segment with pendingSegments > 0 (1249.325666ms)
✔ I-03 spine state validate rejects corrupt batch-state (38.794208ms)
✔ I-04 spine batch abort archives batch-state before clearing active file (2087.542334ms)
✔ I-05 wave merge blocked on failed/pending tasks; force-merge override exists (2138.97325ms)
✔ I-06 retry refused while batch phase is executing or merging (2730.919875ms)
✔ I-07 stall logic uses STATUS, lane commit, and file-scope mtime signals (485.825083ms)
✔ I-08 post-mortem does not claim success when failures exist (3875.604916ms)
✔ I-09 CONTEXT documents serial bootstrap and preflight execution policy (3.114167ms)
✔ I-10 runStepReview fail-closed when review tool unavailable at level > 0 (127.352416ms)
✔ CONFIG_V2_SECTION_DEFAULTS match handoff §6.2 (30.719375ms)
✔ applyConfigDefaults merges missing v2 sections without overwriting existing keys (0.288875ms)
✔ loadSpineConfig merges defaults for legacy config missing v2 keys (86.47225ms)
✔ init scaffold includes v2 config sections from template (29.68725ms)
✔ CONTRACT_DEFAULTS match handoff §3.1 (0.934667ms)
✔ applyConfigDefaults merges contract section (0.218917ms)
✔ validateContractConfig rejects invalid mode (0.139292ms)
✔ validateContractConfig rejects non-array legacyTaskIdPrefixes (0.060458ms)
✔ validateSpineConfig accepts valid contract block (0.193584ms)
✔ validateSpineConfig rejects invalid contract.mode via validateSpineConfig (0.060791ms)
✔ discoverCursorRules returns empty manifest when rules root is missing (5.688208ms)
✔ discoverCursorRules excludes brutal-audit rules via profile patterns (144.079959ms)
✔ discoverCursorRules records parse warn entries in manifest rules (76.888833ms)
✔ discoverCursorRules manifest round-trip via atomic write (48.207083ms)
✔ classifyCursorRuleSpineClass prefers always over globs (0.278417ms)
✔ getCursorRuleExclusionReason matches excludeRelPaths exactly (0.671ms)
✔ expandFileScopeProbes returns empty for empty scope (0.943ms)
✔ expandFileScopeProbes adds synthetic probes for dir/* and dir/** (0.199083ms)
✔ expandFileScopeProbes keeps literal file paths (0.155083ms)
✔ expandFileScopeProbes expands in-path wildcards (0.072791ms)
✔ ruleGlobsMatchFileScope is false for empty file scope (0.101958ms)
✔ ruleGlobsMatchFileScope matches **/* when file scope is non-empty (0.09225ms)
✔ ruleGlobsMatchFileScope matches JS globs against mjs scope (0.561167ms)
✔ ruleGlobsMatchFileScope matches scope glob entries against rule globs (0.868333ms)
✔ parseCursorRuleFrontmatter returns skip when frontmatter missing (3.454666ms)
✔ parseCursorRuleFrontmatter parses array globs fixture (1.595125ms)
✔ parseCursorRuleFrontmatter splits comma-separated globs (0.414416ms)
✔ parseCursorRuleFrontmatter treats empty globs array as no patterns (1.440417ms)
✔ parseCursorRuleFrontmatter defaults missing globs key to empty array (0.601709ms)
✔ parseCursorRuleFrontmatter coerces alwaysApply booleans (0.385625ms)
✔ parseCursorRuleFrontmatter matches repo comma-separated task authoring layout (0.357667ms)
✔ parseCursorRuleFrontmatter matches general-llm alwaysApply true layout (0.108333ms)
✔ parseCursorRuleFrontmatter matches audit-workflow empty globs layout (0.146125ms)
✔ parseCursorRuleFrontmatter warns on invalid alwaysApply and bad globs (0.233375ms)
✔ DEFAULT_RULES_PROFILE seeds worker include and discovery excludes (0.773708ms)
✔ loadRulesProfile returns built-in defaults when file missing (7.471084ms)
✔ mergeRulesProfile applies neverInclude over alwaysInclude (0.189583ms)
✔ mergeRulesProfile applies reviewer defaults when file omits reviewer (0.076125ms)
✔ mergeRulesProfile applies reviewer neverInclude over alwaysInclude (0.091333ms)
✔ loadRulesProfile rejects invalid JSON with RULES_PROFILE_INVALID (11.380625ms)
✔ validateRulesProfile rejects unsupported profileVersion (0.256709ms)
✔ loadRulesProfile merges partial file overrides (8.664833ms)
✔ validateRulesProfile rejects schema and path traversal errors (0.353375ms)
✔ loadRulesProfile rejects validated file errors (15.950834ms)
✔ selectRulesForReviewer returns empty when reviewer.enabled is false (3.891708ms)
✔ selectRulesForReviewer never selects taskplane-worker-cursor.mdc (0.346708ms)
✔ selectRulesForReviewer selects glob rules when scopePaths match (0.609083ms)
✔ selectRulesForReviewer appends standards without duplicates (0.211167ms)
✔ selectRulesForReviewer respects neverLoad (0.118834ms)
✔ selectRulesForReviewer uses profile.reviewer.maxRules cap (8.767208ms)
✔ context path helpers round-trip under .cursor/rules (0.720834ms)
✔ selectRulesForWorker includes alwaysInclude and always-class rules (2.397584ms)
✔ selectRulesForWorker selects JS globs and excludes Swift for JS-only scope (14.827625ms)
✔ selectRulesForWorker matches OWASP for bin/*.mjs scope via scope glob (0.282208ms)
✔ selectRulesForWorker appends standards without duplicates (0.229125ms)
✔ selectRulesForWorker respects neverLoad and neverInclude (0.136083ms)
✔ selectRulesForWorker exports journal-friendly entries shape (0.097083ms)
✔ normalizeTasksRootFromEnv accepts relative and rejects parent traversal (0.657875ms)
✔ applyEnvOverrides: SPINE_MAX_LANES overrides file value (0.28575ms)
✔ applyEnvOverrides: SPINE_TASKS_ROOT overrides paths.tasksRoot (0.1055ms)
✔ applyEnvOverrides rejects invalid SPINE_MAX_LANES (0.147417ms)
✔ loadSpineConfig applies env overrides after file load (2104.56325ms)
✔ SPINE_TASKS_ROOT env discovers tasks under alternate root in plan (2922.827584ms)
✔ spine settings show reports env source for overridden lanes.maxParallel (1579.214583ms)
✔ runDoctorChecks lists effective config with env source (11555.582458ms)
✔ DEFAULT_REVIEWER_CONTEXT_BYTE_CAP is 16KiB (0.558541ms)
✔ buildReviewerContext skips when .cursor/rules is missing (5.991417ms)
✔ buildReviewerContext does not inject referenceDocs (70.588ms)
✔ buildReviewerContext truncates at byte cap (67.857625ms)
✔ buildReviewerContext emits reviewer.rules_selected journal event (128.035917ms)
✔ buildReviewerContext degrades gracefully on invalid rules profile (192.37625ms)
✔ buildReviewerContext selects rules for scoped plan review (42.251667ms)
✔ emitReviewerRulesSelected is no-op without journal context (0.159583ms)
✔ SETTINGS_FIELDS lists editable paths including reviewer per-type pins (0.937292ms)
✔ listEditableFields returns shallow copies (0.119542ms)
✔ parseSettingPath rejects unknown path (0.128917ms)
✔ parseSettingPath accepts registered path (0.063792ms)
✔ lanes.maxParallel accepts valid integer and coerces string (0.127ms)
✔ lanes.maxParallel rejects below min and above max (0.07375ms)
✔ gates.requireBeforeIntegrate accepts booleans and CLI strings (0.11975ms)
✔ agents.worker.model accepts inherit and optional empty (0.074625ms)
✔ agents.worker.thinking accepts enum values case-insensitively (0.122333ms)
✔ agents.reviewer.model accepts inherit and optional empty (0.114791ms)
✔ agents.reviewer.thinking accepts inherit and enum values (0.074166ms)
✔ agents.reviewer.plan.model accepts per-type override values (0.057791ms)
✔ agents.reviewer.code.thinking accepts per-type inherit (0.051458ms)
✔ dashboard.port accepts valid port range (0.067875ms)
✔ lanes.workerBackend accepts registered enum values (0.056084ms)
✔ validateSettingValue rejects unknown path (0.05325ms)
✔ src/cli and src/migrate do not import from bin/ (44.531166ms)
✔ src/** has no bin/ imports (34.357584ms)
✔ spine-config template defaults mirror package.json script patterns (1.601ms)
✔ init applies testing defaults including coverage command (8.555ms)
✔ dogfood spine-config has non-empty testing fields (0.925042ms)
✔ buildTestingEvidenceDoctorChecks warns on empty build when collectBuildEvidence (0.120583ms)
✔ buildTestingEvidenceDoctorChecks warns on empty test when collectTestEvidence (0.081834ms)
✔ buildTestingEvidenceDoctorChecks passes when commands configured (0.452959ms)
✔ buildTestingEvidenceDoctorChecks treats collectTestEvidence default as enabled (0.2235ms)
✔ SPINE_GITIGNORE_ENTRIES includes run-metrics.jsonl (0.581917ms)
✔ ensureGitignoreEntries adds run-metrics path on fresh init (29.808625ms)
✔ isMergeOriginMainTask detects merge-origin-main packet shapes (0.56125ms)
✔ checkOrchMergeConflictWarn passes without pending merge-origin-main tasks (6664.391125ms)
✔ checkOrchMergeConflictWarn warns on PRD + manifest divergence with merge-origin-main pending (3562.992291ms)
✔ runBatchPreflight and plan check surface orch merge conflict warning (10163.493542ms)
✔ checkPrelandedFileScopeWarn passes when no stale pending tasks (4026.200125ms)
✔ checkPrelandedFileScopeWarn warns for prelanded fileScopeMustChange (2951.407875ms)
✔ runBatchPreflight and plan check surface prelanded file-scope warning (5759.268583ms)
✔ checkGitClean passes when only metrics file has append-only drift (4063.086833ms)
✔ checkGitClean fails when metrics file content is truncated (2167.168625ms)
✔ checkGitClean passes when metrics file is gitignored and not tracked (1626.829083ms)
✔ runDoctorChecks warns when metrics file is git-tracked (14387.317959ms)
✔ tsconfig.batch.json scopes checkJs hot paths (3.776542ms)
✔ npm run typecheck validates extensions and batch hot paths (9639.735541ms)
✔ normalizeContextPathList rejects non-arrays (0.932584ms)
✔ buildWorkerContext honors neverLoad and byte cap (185.030166ms)
✔ buildWorkerTailPrompt injects configured standards (61.534666ms)
✔ buildWorkerContextAsync uses auto selection when cursor rules exist (153.372833ms)
✔ spine init defaults standards to [] for auto-discovery (SP-093) (265.820541ms)
✔ validateSpineConfig rejects invalid referenceDocs (2.041125ms)
✔ loadContextDocEntries stops at byte cap (53.800416ms)
✔ DEFAULT_WORKER_CONTEXT_BYTE_CAP is 32KiB (2.090542ms)
✔ validateWorkerLaunchScriptPath accepts ./scripts/ prefix when file exists (7.261834ms)
✔ validateWorkerLaunchScriptPath rejects ./scripts/../ traversal (1.277ms)
✔ COVERAGE_THRESHOLD is 77 (0.983917ms)
✔ COVERAGE_INCLUDES scopes src, bin, and extensions (1.384875ms)
✔ FILE_COVERAGE_THRESHOLDS enforces slash-commands.ts floor (0.113875ms)
✔ TEST_GLOBS has bidirectional parity with package.json test script (0.327167ms)
✔ parseAggregateLineCoverage reads all files line percent (0.203209ms)
✔ parseAggregateLineCoverage returns null when summary missing (16.639625ms)
✔ parseAggregateLineCoverage reads coverage:check summary line (0.185834ms)
✔ parsePerFileLineCoverage reads per-file rows (0.59325ms)
✔ findFileCoverageFailures reports missing and below-threshold files (0.26475ms)
✔ formatDashboardStartupMessage includes URL, port, and operator hints (0.628ms)
✔ formatDashboardStartupMessage notes --port source (0.081125ms)
✔ resolveDashboardPortWithSource prefers CLI over config (1374.189291ms)

pi-spine dashboard

  Open in browser: http://127.0.0.1:53294/
  Listen:          127.0.0.1:0 (--port)

  While running:   keep this terminal open; dashboard updates via SSE (~2s)

  In another terminal:
    spine status
    spine batch start <task-id>

  → Open http://127.0.0.1:53294/ in your browser

  API:  http://127.0.0.1:53294/api/snapshot
        http://127.0.0.1:53294/api/events

  Stop: Ctrl+C

✔ runSpineDashboard writes startup to stdout before shutdown (1583.798ms)
✔ spine dashboard CLI prints URL before process exits (4324.836583ms)
✔ emptyLaneThroughputStats returns zeroed task-based fields (4.044125ms)
✔ computeThroughputTasksPerHour is task-based and guards zero elapsed (0.113167ms)
✔ deriveLaneThroughputStats counts completed and failed journal events per lane (1.878292ms)
✔ deriveLaneThroughputStats includes open running task elapsed through now (0.117042ms)
✔ deriveLaneThroughputStats prefers run-metrics duration when present (0.123625ms)
✔ deriveLaneThroughputStats falls back to journal when metrics missing (0.09075ms)
✔ deriveLaneThroughputStats maps tasks by laneNumber when lane metadata is sparse (0.093417ms)
✔ deriveLanesThroughput returns isolated stats per lane (0.160625ms)
✔ summarizeLaneThroughput aggregates counts and recomputes rate from totals (0.141041ms)
✔ NFR-OBS-02: dashboard SSE poll interval defaults to 2s (3.042209ms)
✔ parity: idle — no batch (1707.285375ms)
✔ parity: running batch (5635.329625ms)
✔ parity: needs_retry (8315.8915ms)
✔ parity: limbo_stale (6962.064042ms)
✔ parity: completed_manual after manual merge (4575.746708ms)
✔ parity: needs_integrate (4062.3305ms)
✔ parity: completed after integrate (3896.634167ms)
✔ parity: failed phase still reconciles consistently (3272.928167ms)
✔ assertLoopbackHost throws for 0.0.0.0 (0.663166ms)
✔ formatSseDataFrame valid data: line (0.19875ms)
✔ dashboard server serves browser view-model dependency graph (1102.285167ms)
✔ dashboard server serves snapshot and one SSE frame (891.7465ms)
✔ resolveLaneActivityPhase: heartbeat pi → worker (0.642458ms)
✔ resolveLaneActivityPhase: open code review.started → code review (0.11325ms)
✔ resolveLaneActivityPhase: open final review.started → final review (0.069292ms)
✔ resolveLaneActivityPhase: closed review.started falls through to worker heartbeat (0.081333ms)
✔ resolveLaneActivityPhase: lane.completed code_rework → rework (0.068208ms)
✔ resolveLaneActivityPhase: no active tasks → em dash (0.06025ms)
✔ buildLaneRows exposes activityPhase fields (0.858042ms)
✔ computeActiveTaskIdsForLane returns running/pending tasks in current wave only (0.963042ms)
✔ computeRunningTaskIdForLane returns at most one running task in current wave (0.103791ms)
✔ computeQueuedTaskIdsForLane returns pending tasks in lane.taskIds order (0.083667ms)
✔ buildLaneRows exposes runningTaskId, queuedTaskIds, and deprecated activeTaskIds union (0.740375ms)
✔ buildLaneRows exposes activeTaskIds separate from batch assignment (0.202916ms)
✔ buildLaneRows attaches per-lane throughput stats from journal (10.003917ms)
✔ resolveLaneHeartbeatMeta reads latest lane heartbeat kind and phase (0.980833ms)
✔ formatLaneHeartbeatDisplay shows launching instead of age (0.121375ms)
✔ dashboard snapshot exposes launching heartbeat display from journal (3344.111875ms)
✔ buildDefaultViewStatus exposes gate missing affordance for needs_integrate (0.563042ms)
✔ idle snapshot diagnosis null matches reconcile (1780.42275ms)
✔ running batch fixture has lanes and waves (5241.501458ms)
✔ truncateWorktreePath keeps trailing segments (0.196083ms)
✔ classifyLaneStatus stale when heartbeat old (0.220333ms)
✔ classifyLaneStatus does not mark lane completed when doneInLane but cache pending under engine_orphaned (0.179084ms)
✔ buildWaveProgress marks prior waves completed (0.146542ms)
✔ buildWaveProgress marks last wave completed when all tasks terminal-success (0.092917ms)
✔ buildWaveProgress keeps in-flight current wave active (0.06725ms)
✔ diagnosisBadgeClass maps needs_integrate separately from running (0.725792ms)
✔ idle snapshot uses reconcile headline (0.534792ms)
✔ buildActionChips exposes copyable primary and alternatives (0.345792ms)
✔ needs_integrate banner ignores completed phase for badge color (0.121959ms)
✔ needs_integrate without gate record shows default gate affordance (0.368042ms)
✔ buildDashboardViewModel includes all §16.1 panels (0.440625ms)
✔ buildLaneTableModel exposes throughput columns for lanes (0.109875ms)
✔ buildLaneTableSummaryModel aggregates when multiple lanes present (0.084709ms)
✔ buildLaneTableSummaryModel is null for single lane (0.0645ms)
✔ lane-throughput-multi-lane fixture drives throughput column values (3.848667ms)
✔ lane-throughput-multi-lane fixture documents SP-327 throughput field contract (0.933125ms)
✔ buildLaneTableModel exposes heartbeatDisplay for launching lanes (0.14325ms)
✔ dashboard.js uses heartbeatDisplay without double-formatting (0.685833ms)
✔ buildBannerModel uses finalizing badge and macro phase during tail state (0.160333ms)
✔ buildBannerModel reflects gating macro phase during post-merge tail (0.144875ms)
✔ buildBannerModel keeps running badge when workers are active (0.079458ms)
✔ resolveTailActivityLabel prefers recent journal over macro phase during tail (0.276625ms)
✔ buildTailActivityModel exposes lane table subline when lanes are idle during tail (0.212917ms)
✔ resolveTailActivityLabel returns null when running task is active (0.059875ms)
✔ dashboard.js renders lane table tail activity footer row (0.209583ms)
✔ banner uses diagnosis badge class, not macro phase (0.058834ms)
✔ resolveStaticAsset serves dashboard public files and view.mjs (0.766292ms)
✔ dashboard server GET / returns HTML shell (1003.309292ms)
✔ running batch view model exposes journal for bottom panel (0.248416ms)
✔ idle snapshot has empty journal via idle flag (0.066667ms)
✔ buildLaneDetailModel exposes recent events and log tail (0.0585ms)
✔ buildLaneTableModel includes lane detail on each row (0.0625ms)
✔ buildLaneRecentEvents returns last five lane-scoped journal entries (0.101583ms)
✔ buildJournalModel filters by lane id (0.052208ms)
✔ buildJournalLaneFilterOptions lists lane ids (0.493ms)
✔ buildLaneRows attaches recentEvents and logTail from snapshot inputs (1130.703708ms)
✔ resolveLaneWorkerLog prefers live log over terminal output (1149.551375ms)
✔ dashboard HTML exposes lane detail and journal lane filter hooks (2.325416ms)
✔ dashboard server HTML includes journal lane filter (2015.448709ms)
✔ spineAgentsUseInherit is true when worker or reviewer effective pin inherits (0.5615ms)
✔ formatReviewerEffectivePins shows resolved per-type model and thinking (0.164208ms)
✔ buildReviewerPerTypePinsDoctorCheck reports effective per-type pins (0.083667ms)
✔ resolvePiDefaultProvider prefers project settings over global (24.926459ms)
✔ buildAgentModelInheritDoctorCheck warns on inherit + lmstudio (0.306792ms)
✔ buildAgentModelInheritDoctorCheck passes when models pinned (0.077458ms)
✔ buildAgentModelInheritDoctorCheck passes when inherit but pi not lmstudio (0.071334ms)
✔ readPiSettingsFile returns null for missing or invalid JSON (0.098958ms)
✔ countMediumLargeTasks counts only M and L sizes with per-size breakdown (13.381084ms)
✔ buildBatchSizeGuidanceWarning returns null below threshold (6.96ms)
✔ buildBatchSizeGuidanceWarning M-only batch does not mention L (5.867042ms)
✔ formatPlanHuman appends batch size guidance warning (4.432292ms)
✔ buildBatchSizeGuidanceWarning mixed batch shows both M and L counts (10.327ms)
✔ appendBatchSizeGuidanceToPlanOutput skips warning in stub mode (4.522917ms)
✔ isPiWebAccessPackageSource matches npm and path entries (0.657042ms)
✔ detectPiWebAccessExtensionConflict flags npm plus local checkout (1.413125ms)
✔ detectPiWebAccessExtensionConflict ok with single source (0.835583ms)
✔ buildPiExtensionConflictDoctorCheck warns with actionable command (1.452875ms)
✔ shouldWorkerUsePiNoExtensions mirrors conflict assessment (1.64475ms)
✔ isPiExtensionConflictOutput detects worker spawn conflict text (0.202291ms)
✔ resolvePiPackageSourcePath resolves npm and relative entries (0.082209ms)
✔ readPiPackageSources returns empty for missing settings (0.472708ms)
✔ isDisplayLabel matches pi TUI display labels (0.886916ms)
✔ isDisplayLabel rejects canonical ids and invalid strings (0.104375ms)
✔ displayLabelToCanonical converts to provider/model (0.080458ms)
✔ displayLabelToCanonical returns null for non-labels (0.070083ms)
✔ isCanonicalModelId validates provider/model format (0.131334ms)
✔ isCanonicalModelId rejects non-canonical strings (0.052542ms)
✔ normalizeModelId passes canonical ids through (0.081333ms)
✔ normalizeModelId converts display labels to canonical (0.052666ms)
✔ normalizeModelId passes special values through (0.504708ms)
✔ normalizeModelId rejects unrecognized formats (0.162792ms)
✔ normalizeModelId rejects non-string input (0.065208ms)
✔ validateModelIdFormat accepts canonical ids (0.086083ms)
✔ validateModelIdFormat accepts special values and non-strings (0.075708ms)
✔ validateModelIdFormat flags display labels with canonical hint (0.060375ms)
✔ validateModelIdFormat flags unrecognized formats (0.048583ms)
✔ buildAgentModelIdsDoctorCheck passes when all pins are canonical (0.141875ms)
✔ buildAgentModelIdsDoctorCheck fails when display label is in config (0.124417ms)
✔ buildAgentModelIdsDoctorCheck fails on invalid format (0.069584ms)
✔ buildAgentModelIdsDoctorCheck passes when no models configured (0.042834ms)
✔ buildAgentModelIdsDoctorCheck skips inherit and empty values (0.043375ms)
✔ settings set normalizes display label to canonical id (0.535084ms)
✔ settings set passes canonical id through unchanged (0.070625ms)
✔ settings set rejects invalid model id format (0.046625ms)
✔ settings set allows inherit for model fields (2.1455ms)
✔ settings set rejects invalid model id in JSON mode (0.135334ms)
✔ settings set normalizes worker model display label (0.101084ms)
✔ settings set normalizes per-type reviewer model display label (0.091375ms)
✔ fingerprintRulesManifest ignores generatedAt (0.577875ms)
✔ buildRulesManifestDoctorCheck warns when manifest missing (35.884917ms)
✔ buildRulesManifestDoctorCheck warns when manifest stale (114.596167ms)
✔ resolveSpineOnPath uses which by default (4.442834ms)
✔ readPackageVersion reads package.json version (0.528792ms)
✔ buildStalePathDoctorCheck warns when spine not on PATH (0.197333ms)
✔ buildStalePathDoctorCheck ok when PATH matches package bin (0.122292ms)
✔ buildStalePathDoctorCheck warns on version mismatch (1.1845ms)
✔ buildStalePathDoctorCheck warns on mtime mismatch only (2.978375ms)
✔ isStalePathSpineBlocking true only for stale PATH label (0.114833ms)
✔ isStalePathSpinePreflightBlocking requires version mismatch detail (0.078542ms)
✔ readSpineCliVersion parses spine --version output (2193.155625ms)
✔ resolveInProgressSpineBatchId returns batchId for running batch (983.625708ms)
✔ resolveInProgressSpineBatchId returns null for completed batch (1248.379458ms)
✔ listStaleSpineWorktreeBatchIds flags dirs without matching active batch (1738.552917ms)
✔ buildStaleWorktreesDoctorCheck warns on stale worktree dirs (1674.363958ms)
✔ buildStaleWorktreesDoctorCheck passes when only active batch dir exists (1436.64475ms)
✔ runDoctorChecks includes stale worktrees warning (16727.757792ms)
✔ buildStallConfigDoctorCheck warns when stall timeout unset for real pi (1.717542ms)
✔ buildStallConfigDoctorCheck passes when stall timeout configured high (0.159375ms)
✔ isStubWorkerMode respects SPINE_WORKER_STUB (0.070541ms)
✔ resolveConfiguredStallMinutes returns null when missing (0.062375ms)
✔ suggestMaxParallel(4) → 2 (0.809083ms)
✔ suggestMaxParallel(8) → 4 (0.10025ms)
✔ suggestMaxParallel(1) → 1 (0.476708ms)
✔ suggestMaxParallel(2) → 1 (0.896667ms)
✔ buildMaxParallelDoctorCheck warns when configured exceeds suggested + 1 (0.259292ms)
✔ buildMaxParallelDoctorCheck no warning when configured matches suggested (0.083834ms)
✔ buildMaxParallelDoctorCheck no warning at default 3 when suggested is 2 (4-core) (0.0585ms)
✔ collectTaskPacketSizeIssues flags XL and too many steps on pending packet (36.901584ms)
✔ collectTaskPacketSizeIssues ignores tasks with .DONE (20.031208ms)
✔ classifyBatchStateSource uses path and content markers (0.595667ms)
✔ assessOrchestratorCoexistence passes when no batch-state files (1492.685042ms)
✔ assessOrchestratorCoexistence fails on active Taskplane batch in .pi (8535.764708ms)
✔ assessOrchestratorCoexistence fails when spine and Taskplane batches both active (10749.481125ms)
✔ buildCoexistencePreflightCheck blocks spine start when Taskplane batch active (3761.71425ms)
✔ runBatchPreflight fails with orchestrator-coexistence when Taskplane batch active (6605.440583ms)
✔ runDoctorChecks reports mutual exclusion failure for Taskplane batch (11868.963375ms)
✔ buildCoexistenceDoctorCheck passes when only pi-spine batch is active (3473.515334ms)
✔ buildWorktreeHealthDoctorCheck passes with no worktrees (1331.933541ms)
✔ buildWorktreeHealthDoctorCheck flags absolute gitdir (1822.439875ms)
✔ /spine-status reports idle reconciliation on clean repo (1907.83025ms)
✔ /spine-deps delegates to CLI and notifies graph output (1933.225292ms)
✔ /spine-plan succeeds after preflight passes (16977.081334ms)
✔ /spine-dismiss archives limbo batch state (2310.446125ms)
✔ /spine-pause pauses a running spine batch (579.03325ms)
✔ /spine-resume resumes a paused spine batch (2424.59525ms)
✔ /spine-retry-task resets a failed task (563.824875ms)
✔ /spine-skip-task skips a failed task (655.143167ms)
✔ /spine-abort archives an active spine batch (640.281375ms)
✔ /spine-next prints reconciliation suggestion (543.187875ms)
✔ /spine-validate checks pending task packets (665.811583ms)
✔ /spine-handoff writes operator note and notifies (3780.98425ms)
✔ /spine-gate inspects integrate gate state (2369.56675ms)
✔ /spine-integrate dry-run reports merge preview (2155.409625ms)
✔ /spine-settings shows interactive configuration menu (425.878292ms)
✔ /spine-dashboard notifies listen URL and port source (503.647542ms)
✔ /spine entry warns on limbo_stale diagnosis (1883.344917ms)
✔ /spine entry warns on needs_retry diagnosis (1904.312583ms)
✔ /spine entry reports running batch headline (2019.054ms)
✔ /spine entry starts batch when scope provided after preflight (14782.876625ms)
✔ /spine-deps truncates very large dependency output (1588.513791ms)
✔ parseMigrateArgs rejects --source without value (0.668542ms)
✔ runMigrateFromTaskplane fails when source file is missing (3.959333ms)
✔ runMigrateFromTaskplane refuses overwrite without force (9.377208ms)
✔ runMigrateFromTaskplane dry-run does not write config (1.736083ms)
✔ loadTaskplaneConfig reads repo fixture (0.700292ms)
✔ mapTaskplaneToSpine maps repo fixture to valid spine config (0.772ms)
✔ mapTaskplaneToSpine honors tasksRootOverride (0.291625ms)
✔ mapTaskplaneToSpine ignores unknown keys (0.304ms)
✔ mapMaxParallel clamps invalid and excessive values (0.090292ms)
✔ loadTaskplaneConfig fails loud on missing file (0.268541ms)
✔ DEFAULT_TASKPLANE_SOURCE_PATH matches repo layout (0.105166ms)
✔ normalizeFileScopePath strips trailing globs and normalizes separators (0.679958ms)
✔ pathsOverlap detects parent/child and rejects unrelated prefixes (0.088166ms)
✔ fileScopesOverlap detects parent/child directory overlap (1.91225ms)
✔ fileScopesOverlap detects exact file overlap in same wave scenario (0.091208ms)
✔ fileScopePatternsOverlap handles wildcard file globs (0.332791ms)
✔ fileScopePatternsOverlap does not treat dotted sibling paths as overlapping (0.671334ms)
✔ fileScopePatternsOverlap handles literal paths with regex metacharacters (0.475625ms)
✔ expandFileScopeProbes produces nested paths for directory globs (0.171208ms)
✔ findWaveFileScopeOverlaps returns pairs within the same wave only (1.421916ms)
✔ findWaveFileScopeOverlaps matches issue #31 parent/child safety paths (0.150167ms)
✔ findWaveFileScopeOverlaps ignores single-task waves (0.276791ms)
✔ planWaves serializes two tasks with the same file to one virtual lane (0.280833ms)
✔ assignLanesToWaves uses glob-aware overlap for wildcard scopes (0.122125ms)
✔ formatFileScopeOverlapWarnings lists wave and task pairs (0.124167ms)
✔ buildPlan reports file-scope overlaps and serializes conflicting tasks (40.647583ms)
✔ formatPlanHuman shows serial lane as bullet list with titles (1.19175ms)
✔ formatPlanHuman shows parallel lanes and omits tick jargon (0.12675ms)
✔ formatPlanHuman includes start hints for multi-wave plans (0.100792ms)
✔ topoWaves groups tasks into deterministic dependency waves (1.158042ms)
✔ buildGraph includes nodes that only appear as dependencies (0.139459ms)
✔ findCyclePath returns a closed cycle path (1.51725ms)
✔ repo spine-tasks plan has wave0 TP-006||TP-007 and wave1 TP-008 (45.589417ms)
✔ TP-034/038/041 disjoint scopes get three virtual lanes in tick 0 (1.217584ms)
✔ overlapping file scopes share one virtual lane (serialized) (0.185542ms)
✔ buildPlan for TP-034 TP-038 TP-041 lists three lanes in human output (54.466916ms)
✔ spine plan CLI shows three lanes for TP-034 TP-038 TP-041 (429.536708ms)
✔ assignLanesToWaves assigns disjoint file scopes to separate virtual lanes (0.778791ms)
✔ assignLanesToWaves packs overlapping file scopes into same virtual lane (0.137875ms)
✔ assignLanesToWaves respects maxParallel by queueing excess virtual lanes into ticks (0.131541ms)
✔ filterPendingTaskIds excludes tasks with .DONE marker (148.103042ms)
✔ parseScope pending mode returns pending IDs and excluded count (91.467209ms)
✔ parseScope pending throws when all tasks are done (63.332084ms)
✔ buildPlan pending scope preserves dependency waves (103.324333ms)
✔ filterPendingTaskIds excludes tasks with .SUPERSEDED marker (81.738125ms)
✔ summarizePendingScope counts excluded tasks (172.530292ms)
✔ runSpinePlan pending with all .DONE returns exit 0 informational output (241.309209ms)
✔ runSpinePlan pending JSON with all .DONE returns synthetic plan (244.122708ms)
✔ runSpinePlan pending with all .DONE does not throw (25.741542ms)
✔ parseScope pending empty error carries structured metadata (58.951084ms)
✔ runSpinePlan pending output includes maxParallel from config (50.013208ms)
✔ buildPlan rejects invalid heading separator (55.154417ms)
✔ buildPlan rejects missing testing coverage (159.047667ms)
✔ buildPlan rejects missing File Scope section (187.364875ms)
✔ runSpinePlan exits with validation errors for invalid PROMPT (32.698584ms)
✔ buildPlan accepts valid PROMPT packets (43.459667ms)
✔ parseScope glob escapes literal dots in path patterns (170.707041ms)
✔ parseScope glob escapes literal parentheses in path patterns (64.39075ms)
✔ parseScope glob with plus in path pattern matches literally (55.812917ms)
✔ parseScope TP-* glob scopes remain unchanged (41.192708ms)
✔ parseScope('all') selects all discovered tasks (268.352ms)
✔ parseScope('TP-002') selects explicit task IDs (92.812084ms)
✔ parseScope supports glob path patterns (58.30625ms)
✔ resolveWaveTaskIds returns wave task IDs (0.877834ms)
✔ resolveWaveTaskIds rejects out-of-range and empty waves (0.13125ms)
✔ filterPlanToWave narrows plan to one wave (0.700459ms)
✔ parseBatchStartWaveFilter accepts --wave and --through-wave (0.131334ms)
✔ parseBatchStartWaveFilter rejects conflicting and invalid flags (0.077833ms)
✔ registerSpineSlashCommands registers all PRD §15.1 command names (0.70825ms)
✔ /spine-retry-task without task id notifies usage error (0.1485ms)
✔ /spine-skip-task without task id notifies usage error (0.117875ms)
✔ /spine-plan notifies error when preflight fails (16834.363292ms)
✔ /spine handler runs preflight before batch guidance (10170.723333ms)
✔ buildDepsReport returns empty graph for isolated task with no deps (1697.036375ms)
✔ buildDepsReport detects synthetic dependency cycle (1718.971042ms)
✔ cycleNodesFromPath deduplicates closing node (0.249666ms)
✔ depsToEdges and formatDepsHuman render dependency flow (0.194416ms)
✔ repo fixture TP-031 scope shows TP-030 dependency edge (73.587959ms)
✔ spine deps CLI emits JSON shape with nodes, edges, cycles, waves (1503.337916ms)
✔ spine deps CLI exits 1 when cycle detected (1870.440083ms)
✔ findCyclePath returns path for cyclic graph (0.662167ms)
✔ init --preset taskplane-compat --tasks-root taskplane-tasks --dry-run produces expected keys (8.074ms)
✔ init --preset taskplane-compat defaults tasksRoot to taskplane-tasks (4.609167ms)
✔ plain init applies spine defaults without preset flag (8.559708ms)
✔ init rejects unknown preset (8.780125ms)
✔ fresh init creates config, agents, tasks root, and gitignore entries (64.893583ms)
✔ init skips constitution.md when it already exists without --force (60.53575ms)
✔ buildConstitutionMd substitutes project title from directory name (2.298166ms)
✔ init without --force refuses when spine-config.json exists (90.107541ms)
✔ --tasks-root taskplane-tasks sets paths.tasksRoot correctly (67.790458ms)
✔ --dry-run makes no filesystem changes (46.711125ms)
✔ init skips CONTEXT.md when it already exists without --force (75.499083ms)
✔ init --force overwrites existing CONTEXT.md (165.248792ms)
✔ buildContextMd substitutes project title from directory name (0.863958ms)
✔ --dry-run plans CONTEXT.md create without writing files (36.20325ms)
✔ ensureGitignoreEntries appends only missing entries (34.81025ms)
✔ runPreflightPlanCheck builds wave plan during preflight (5881.861875ms)
✔ runReconciliationCheck returns real diagnosis for running batch (3992.292375ms)
✔ checkDoctor fails when doctor reports issues (0.286958ms)
✔ checkStalePathSpine fails when PATH spine version is stale (1.157709ms)
✔ checkGitClean lists up to 20 dirty paths (430.69225ms)
✔ checkNoActiveBatch passes when no batch-state file exists (845.7425ms)
✔ checkNoActiveBatch calls reconciliation when batch-state exists (719.799333ms)
✔ checkTasksRoot validates discoverable task folders (609.995833ms)
✔ checkDependenciesJson validates version and task IDs (564.590625ms)
✔ runBatchPreflight passes on initialized clean fixture (2575.635167ms)
✔ runBatchPreflight fails when git working tree is dirty (2001.453583ms)
✔ runPreflightPlanCheck validates pending scope only (SP-122) (535.31025ms)
✔ checkTasksValidate exposes distinct tasks-validate check id (492.065625ms)
✔ runBatchPreflight includes tasks-validate check distinct from plan (2071.652375ms)
✔ runBatchPreflight fails on limbo fixture with dismiss suggestion (6723.30175ms)
✔ runBatchPreflight passes when all tasks have .DONE (zero pending) (2202.590792ms)
✔ checkGitClean passes when only rules-manifest generatedAt drifted (2245.222084ms)
✔ checkGitClean still fails when rules-manifest rules[] differ (877.223125ms)
✔ spine run pending is alias for batch start pending (2869.272917ms)
✔ spine run all dry-run matches pending-filtered batch start (1269.556333ms)
✔ applySetting merges nested dotted paths (0.655417ms)
✔ runSettingsSetOperation rejects unknown path (0.204625ms)
✔ runSettingsSetOperation rejects invalid value (0.134625ms)
✔ runSettingsSetOperation returns merged config on success (0.318042ms)
✔ writeSpineConfigAtomic writes valid JSON atomically (1892.793041ms)
✔ spine settings set updates maxParallel on disk (1921.127042ms)
✔ spine settings set rejects bad value (1871.449708ms)
✔ spine settings set --dry-run leaves config unchanged (1666.8ms)
✔ spine settings set --json reports write metadata (1080.546542ms)
✔ spine settings set exits 1 with suggestedCommand when config missing (1781.144167ms)
✔ getValueAtPath reads nested config values (0.577917ms)
✔ formatSettingsShow lists all editable fields in human mode (0.3775ms)
✔ formatSettingsShow returns JSON fields array for all settings (0.566417ms)
✔ formatSettingsShow single path mode prints one value (0.111916ms)
✔ formatSettingsShow rejects unknown path (0.074875ms)
✔ buildSettingsShowFields mirrors registry order (0.215167ms)
✔ spine settings show CLI prints editable fields from temp config (2589.536125ms)
✔ spine settings show CLI single path and JSON modes (1548.352625ms)
✔ spine settings show CLI exits 1 with suggestedCommand when config missing (2237.381167ms)
✔ formatSettingsSlashMenu lists at least five editable fields with set hints (0.901333ms)
✔ runSpineSettingsSlash notifies menu with live config fields (1906.13025ms)
✔ runSpineSettingsSlash set subcommand persists a valid change (1073.283291ms)
✔ runSpineSettingsSlash set reports usage error without path and value (1254.036333ms)
✔ runSpineSettingsSlash reports missing config with suggested init (1522.42525ms)
✔ fileScopesOverlap detects parent/child path overlap (0.712333ms)
✔ extractExploreSlugsFromContext finds explore findings paths (0.540875ms)
✔ collectWaveMCountFindings warns when a wave has more than four M tasks (0.110708ms)
✔ collectPromptJsonDepsDriftFindings reports missing JSON entry (0.104625ms)
✔ runSpineTasksAnalyze exits 0 for clean scope (1284.286916ms)
✔ runSpineTasksAnalyze reports parallel file-scope overlap as blocking (1837.39375ms)
✔ runSpineTasksAnalyze reports dependency cycle as blocking (1000.345375ms)
✔ runSpineTasksAnalyze exits 0 when only warnings are present (661.731625ms)
✔ runSpineTasksAnalyze warns for missing explore findings referenced in CONTEXT (961.10525ms)
✔ runSpineTasksAnalyze --json emits AnalyzeTasksResult (1018.721583ms)
✔ spine tasks analyze CLI exits 1 for blocking overlap (1141.67275ms)
✔ spine tasks analyze CLI exits 0 for warnings-only scope (748.157458ms)
✔ spine help tasks documents analyze subcommand (288.045042ms)
✔ parseContract extracts all five contract fields from a valid table (1.868167ms)
✔ validateContract passes for a valid contract table (1.973708ms)
✔ parseContract and validateContract handle an empty contract table (0.190125ms)
✔ validateContract warns on unknown contract fields (0.117583ms)
✔ parseContract reports duplicate field rows as errors (0.111416ms)
✔ parseContract accepts plain-text testCommand values (0.07175ms)
✔ parseContract returns hasSection false when Contract heading is absent (0.072292ms)
✔ CONTRACT_FIELD_NAMES lists all normative contract fields (0.066458ms)
✔ parseContract resolves see File Scope to File Scope bullet paths (0.139542ms)
✔ parseContract excludes optional File Scope bullets from see File Scope expansion (0.132292ms)
✔ validateContract errors on em-dash placeholders in required mode (0.227958ms)
✔ validateContract errors on see File Scope with empty File Scope section in required mode (0.266833ms)
✔ validateContract warns on placeholders in optional mode (0.085583ms)
✔ parseContract treats em dash contract cells as empty path lists (0.074125ms)
✔ parseContract splits comma-separated paths inside a single backtick wrapper (SP-396) (0.076167ms)
✔ parseContract splits comma-separated artifacts inside a single backtick wrapper (0.067833ms)
✔ validateContract warns on comma-in-single-backtick path lists in optional mode (0.174ms)
✔ validateContract errors on comma-in-single-backtick path lists in required mode (0.127875ms)
✔ mergeDeps unions identical sets from PROMPT and JSON (0.908166ms)
✔ mergeDeps JSON wins when PROMPT and JSON disagree (0.087375ms)
✔ mergeTaskDeps uses golden fixtures end-to-end (3.208959ms)
✔ mergeDeps returns PROMPT deps when JSON has no entry (0.088625ms)
✔ TASK_HEADING_RE requires em dash (U+2014) (0.653042ms)
✔ parsePrompt extracts required sections and steps from golden S fixture (2.369708ms)
✔ validatePrompt rejects hyphen separator in heading (0.682ms)
✔ discoverTasks finds three golden fixtures (10.1325ms)
✔ parsePromptDependencies parses list and Requires forms (0.522584ms)
✔ parseStatus mirrors step numbers and checkbox state (1.513125ms)
✔ getStepProgress aggregates checkbox completion (0.809ms)
✔ listIncompleteSteps returns unchecked items per step (0.383167ms)
✔ FX-invalid-no-testing fails validatePrompt for missing Testing step (3.725584ms)
✔ FX-missing-contract fails validatePrompt in required contract mode (1.41175ms)
✔ FX-valid-contract passes validatePrompt in required contract mode (1.821ms)
✔ FX-final-replan has Review Level >= 1 for REPLAN integration path (0.998458ms)
✔ formatTasksValidateHuman prefixes summary before failure details (0.707917ms)
✔ runSpineTasksValidate exits 0 for valid PROMPT packets (1515.583833ms)
✔ runSpineTasksValidate reports same failure message as planner for invalid PROMPT (1386.431958ms)
✔ runSpineTasksValidate returns exit 2 for missing config (859.89125ms)
✔ runSpineTasksValidate returns exit 2 for unresolved scope (833.620709ms)
✔ spine tasks validate CLI exits 0 for valid scope (1129.263875ms)
✔ spine tasks validate CLI exits 1 for invalid PROMPT (1194.839084ms)
✔ buildTasksValidateResult matches TasksValidateResult schema (0.269959ms)
✔ collectTaskAdvisoryWarnings reports folder, STATUS, and deps mismatches (0.259667ms)
✔ runSpineTasksValidate --json emits TasksValidateResult (515.815042ms)
✔ runSpineTasksValidate --warnings-only keeps exit 0 for advisory issues (699.549916ms)
✔ spine tasks validate CLI --json exits 0 for valid scope (763.050417ms)
✔ spine help tasks documents validate subcommand (250.583292ms)
✔ spine tasks validate CLI exits 2 for config error (603.987583ms)
✔ validateContract warns when fileScopeMustNotChange includes spine-tasks/** (3.594792ms)
✔ validateContract warns when pattern matches current task folder only (0.557375ms)
✔ validateContract is quiet for parallel product-path guards (0.563375ms)
✔ collectFileScopeMustNotChangeWarnings dedupes broad spine-tasks ban over task folder (0.140959ms)
✔ collectFileScopeMustNotChangeWarnings ignores other task folders (0.170542ms)
✔ collectFileScopeMustNotChangeWarnings respects custom tasksRoot (0.124542ms)
✔ collectFileScopeMustNotChangeWarnings skips current-task check without taskId (0.160375ms)
✔ collectStaleFileScopeMustChangeWarnings is quiet when scope paths unchanged since task intro (2483.390917ms)
✔ collectStaleFileScopeMustChangeWarnings warns when scope paths changed on main after task intro (1562.191416ms)
✔ collectStaleFileScopeMustChangeWarnings ignores tasks without fileScopeMustChange (1747.076667ms)
✔ parseReportProgressArgs reads step and checkbox flags (0.77875ms)
✔ reportTaskProgress appends task.step_completed with metadata (3.316ms)
✔ reportTaskProgress writes journal line on disk (18.56075ms)
✔ reportTaskProgress fails closed without batch context (0.218875ms)
✔ runSpineReportProgress returns non-zero when batchId missing (0.217917ms)
✔ runSpineReportProgress does not write with attach env when attach suppressed (1.366209ms)
✔ requestWorkerGate fails closed without batch context (0.599041ms)
✔ requestWorkerGate returns not_supported for integrate gate (7.894584ms)
✔ requestWorkerGate returns not_supported when no gate record (manual deferred) (0.869333ms)
✔ buildReviewStepCliArgs maps params and adds --stub when SPINE_WORKER_STUB=1 (0.928ms)
✔ executeSpineReviewStep fails closed without SPINE_TASK_FOLDER (0.237834ms)
✔ spine_review_step handler returns APPROVE via stub review (112.208584ms)
✔ spine_review_step handler marks stub spawn failure as tool error (22.06625ms)
✔ spine_review_step skips nested reviewer spawn inside worker session (142.655417ms)
✔ registerSpineWorkerTools registers all three PRD worker tools (0.917833ms)
✔ executeSpineReportProgress appends task.step_completed via tool handler (53.104375ms)
✔ executeSpineReportProgress fails closed without batch context (0.799ms)
✔ spine_request_gate tool returns structured not_supported shape (9.4295ms)
✔ executeSpineRequestGate fails closed without batch context (0.542542ms)
ℹ tests 1597
ℹ suites 0
ℹ pass 1597
ℹ fail 0
ℹ cancelled 0
ℹ skipped 0
ℹ todo 0
ℹ duration_ms 220612.5025

> pi-spine@1.4.0 coverage:check
> node scripts/run-coverage.mjs

✔ adoption fixture: init, plan, stub batch AD-001 creates .DONE (16133.424583ms)
✔ adoption integration: REPLAN final verdict surfaces needs_replan diagnosis (15326.487208ms)
✔ worker.md documents spine tools, stall checkpoint, and coverage policy (1.584959ms)
✔ worker.md documents engine-owned code and final review after .DONE (0.42075ms)
✔ reviewer.md documents final PASS REVISE REPLAN verdicts (0.202542ms)
✔ worker-prompt tail aligns with worker.md commit and review conventions (0.128166ms)
✔ buildWorkerTailPrompt does not contradict worker.md on commit format (12.655417ms)
✔ buildAgentSessionWorkerPrompt includes review hint when level > 0 (4.753584ms)
✔ buildWorkerPiArgs omits -ne when no pi-web-access conflict (21.606042ms)
✔ buildWorkerPiArgs includes -ne before -p when extension conflict detected (74.301542ms)
✔ formatPiExtensionConflictHint surfaces pi-web-access remediation (0.366083ms)
✔ abortBatch archives batch-state before clearing active file (1675.067333ms)
✔ abortBatch journals batch.aborted and preserves prior journal tail (1148.286875ms)
✔ abortBatch writes abort signal without killing on graceful abort (914.616833ms)
✔ hard abort removes lane worktree when cleanup enabled (1369.435833ms)
✔ hard abort keeps worktree when cleanupOnHardAbort is false (1504.594875ms)
✔ abortBatch fails when no active batch (458.835958ms)
✔ mergeLaneToOrch auto-resolves disjoint adoption doc edits without force-merge (5197.192ms)
✔ mergeLaneToOrch fails adoption doc merge with recovery commands when hunks overlap (4499.531791ms)
✔ formatAdoptionDocMergeFailure names file and wave recovery (0.627083ms)
✔ agent session abort failure journals lane.worker_abort_failed (1753.431125ms)
✔ formatAttachedMilestoneLine renders land-loop journal types (0.6505ms)
[spine] batch.started
[spine] task.started SP-343
[spine] task.completed SP-343
[spine] batch.merge_started wave=0
[spine] batch.merge_completed wave=0
[spine] gate.opened
[spine] gate.evidence_collecting
[spine] gate.evidence_completed
[spine] batch.completed
[spine] batch.land_loop_finalized

Batch started

Batch 20260704T192928 completed: SP-343 succeeded; merged to orch/spine-20260704T192928.
  → spine gate status
  → spine gate approve
  → spine integrate
  → spine batch complete

Batch 20260704T192928 ready to integrate orch branch to main

  → spine integrate

  Alternatives:
    • /spine-integrate
    • /spine-gate
    • spine status --diagnose

  Batch: 20260704T192928
  Task: SP-343
✔ runSpineBatch attached start returns integrate handoff without process.exit in tests (15321.873208ms)
✔ attached batch CLI subprocess exits after completed with stdout milestones (10921.721875ms)
✔ formatAttachedBatchCliResult includes diagnosis suggested command (0.338875ms)
✔ enforceAttachedEngineSingleOwner fails fast when engine PID is alive (1316.706958ms)
✔ enforceAttachedEngineSingleOwner orphans prior engine with --force (1329.375209ms)
✔ resumeBatch rejects second attached resume when engine PID is alive (889.560416ms)
✔ resumeBatchDetached rejects spawn when attached engine PID is alive (720.760458ms)
✔ runAttachedBatchEngine blocks attached start when engine PID is alive (1113.596458ms)
✔ isLastWaveIndex matches batch 20260618T000943 wave plan (0.615916ms)
✔ maybeFinalizeAfterWaveMerge opens gate for last-wave post-merge limbo (4841.204125ms)
✔ resumeMultiTaskBatch finalizes post-merge limbo even with stale engine pid (4153.20175ms)
✔ terminateStaleDetachedEngine still clears stale engine during post-merge limbo resume handoff (923.834833ms)
✔ startBatch multi-wave attached path opens gate after wave 1 without resume (16705.620666ms)
✔ attached milestone types include batch.merge_blocked (0.657083ms)
✔ formatAttachedBatchCliResult prints merge failure headline and exits non-zero for merge_blocked (4063.115208ms)
✔ runAttachedBatchEngine streams merge_blocked milestone before merge failure CLI output (3934.885916ms)
✔ mergeEngineStateWithDiskPause adopts operator pause from disk (1164.087542ms)
✔ saveEngineBatchState does not clobber phase paused during heartbeat-style saves (1332.935333ms)
✔ enforceOperatorPauseOnDisk re-asserts paused after engine overwrite (1297.930208ms)
✔ pauseBatch confirms when attached engine heartbeat saves honor pause (2316.009959ms)
✔ batch 20260620T194352 fixture is post-merge limbo without gate (1452.943ms)
✔ attemptPostMergeLandLoopHandoff finalizes in-process after SIGTERM-shaped limbo (3947.762042ms)
✔ finalizeAttachedPostMergeLimbo is idempotent when gate already open (3878.783458ms)
✔ resume after orphan_terminated journal opens gate for batch 20260620T194352 pattern (3591.083125ms)
✔ installAttachedEngineShutdownHandlers finalizes on SIGTERM without manual resume (2653.645333ms)
✔ terminateStaleDetachedEngine during post-merge limbo still allows resume finalize (1902.950542ms)
✔ shouldAutoIntegrateAfterWave is false by default (0.602334ms)
✔ shouldAutoIntegrateAfterWave is true when configured and not last wave (0.081ms)
✔ shouldAutoIntegrateAfterWave is false on last wave (0.050417ms)
✔ issue #25: retry unblocks failed phase when only pending tasks remain (9064.905667ms)
✔ issue #25: failed phase with pending-only limbo resumes without --force (3735.813667ms)
✔ retry keeps failed phase when other failed tasks remain (838.354542ms)
✔ diagnosis suggests resume --force for failed-phase pending-only limbo (0.695625ms)
✔ parseSupersededReplacementIds extracts child task IDs (1.345834ms)
✔ assertBatchStartTasksNotSuperseded rejects superseded IDs (1982.032375ms)
✔ assertBatchStartTasksNotSuperseded allows pending IDs (1395.601958ms)
✔ assertBatchStartTasksNotSuperseded honors --force-superseded (1139.497666ms)
✔ resolveBatchStartScope rejects explicit superseded task IDs (1685.944041ms)
✔ resolveBatchStartScope allows superseded IDs with forceSuperseded (654.907375ms)
✔ startBatch dry-run rejects superseded explicit scope (939.644125ms)
✔ startBatch dry-run allows superseded scope with forceSuperseded (1152.46875ms)
✔ parseBatchArgs maps --wave on start to waveFilter (0.800375ms)
✔ parseBatchArgs strips --wave value from scope for wave 0 (0.080208ms)
✔ buildAttachedBatchStartArgv forwards waveFilter to detached engine (0.631ms)
✔ startBatch dry-run with pending scope and --wave 0 selects planner wave 0 (2014.214583ms)
✔ startBatch dry-run with --wave selects planner wave task IDs (1309.113042ms)
✔ wave-filtered dry-run matches explicit wave task scope dry-run (1272.910917ms)
✔ evaluateBatchStateWriteGuard rejects writes from non-owner live engine (28.105292ms)
✔ saveSpineBatchState rejects resurrecting archived batch cache (25.12675ms)
✔ resolveStallConfig defaults checkpoint warning and no file-scope grace extension (0.731833ms)
✔ file-scope mtime is activity only — does not extend stall deadline by default (0.630625ms)
✔ checkpoint signals extend grace; STATUS update moves deadline (0.5215ms)
✔ shouldEmitCheckpointWarning after activity without checkpoint threshold (0.174209ms)
✔ resolveScopedDirtyPaths limits porcelain to file scope and task folder (741.800209ms)
✔ lane.checkpoint_warning journal event and diagnose hints (50.63275ms)
✔ extractJournalDiagnosisHints omits stale checkpoint_warning older than 30 minutes (0.14725ms)
✔ collectProgressSignals includes dirtyPaths for scoped changes (1090.639209ms)
✔ runFinalReviewPhase fails fast with contract_failed and does not consume finalAttempts (8147.269708ms)
✔ reconcileBatch surfaces contract_failed headline for failed task (3293.474375ms)
✔ verifyContract satisfies pre-landed fileScopeMustChange when testCommand and artifacts pass (3041.555209ms)
✔ verifyContract still fails pre-landed scope when testCommand fails (7345.610459ms)
✔ verifyStubFileScopeMustChange passes delivery-only STATUS when source scope pre-landed (1639.121834ms)
✔ verifyContract passes delivery-only STATUS.md fileScopeMustChange contract (982.5035ms)
✔ resolvePromptRelPath derives task PROMPT from spine-tasks delivery changes (871.2585ms)
✔ isFileScopePatternPrelanded detects scope changed on main after task intro (1047.542416ms)
✔ testCommand fails once then succeeds on retry — contract passes (297.418875ms)
✔ testCommand fails all retries — contract_failed as before (265.600834ms)
✔ retry count configurable via spine-config contract.testRetries (515.322292ms)
✔ failed output captured to .reviews/ directory (236.108334ms)
✔ no retry when testCommand succeeds first time (no performance cost) (219.890833ms)
✔ writeContractFailureLog creates log file with header (69.812084ms)
✔ writeContractFailureLog returns null when taskFolder is undefined (0.234208ms)
✔ CONTRACT_TEST_DEFAULT_RETRIES is 1 (0.044125ms)
✔ CONTRACT_TEST_RETRY_DELAY_MS is 5000 (0.047208ms)
✔ multiple failure logs captured across retry attempts (350.729292ms)
✔ parseContract extracts stallTimeoutMinutes and extendGraceOnFileScope (2.339666ms)
✔ resolveTaskStallMinutes uses max of global, size floor, and contract override (8.458125ms)
✔ resolveStallConfigForTask applies contract stallTimeoutMinutes to stallTimeoutMs (0.194416ms)
✔ resolveStallConfigForTask honors contract extendGraceOnFileScope (0.070333ms)
✔ resolveWorkerPiTimeoutMs aligns with contract stall budget (0.457959ms)
✔ runWorker with contract stall override survives beyond global stall budget (scaled) (5341.680709ms)
✔ runWorker without contract override stalls at scaled global budget (5243.057125ms)
✔ isDeliveryArtifactPath accepts STATUS.md-only patterns (0.86475ms)
✔ isDeliveryArtifactPath accepts .DONE-only patterns (0.191792ms)
✔ isDeliveryArtifactPath accepts task-folder delivery globs (0.134334ms)
✔ isDeliveryArtifactPath rejects implementation and tasks-root paths (0.080708ms)
✔ isImplementationScopePattern detects source and tooling roots (0.051375ms)
✔ isStubDeliveryOnlyScope is true for delivery-only pattern sets (0.089959ms)
✔ isStubDeliveryOnlyScope rejects mixed implementation and delivery patterns (0.060666ms)
✔ isStubDeliveryOnlyScope rejects empty pattern lists (0.04025ms)
✔ isDeliveryArtifactPath honors custom tasksRoot (0.149125ms)
✔ resolveTaskStartCommit returns distinct start commits for serialized lane tasks (8.429042ms)
✔ resolveTaskStartCommit prefers task.started payload commit over prior lane.committed (0.099083ms)
✔ resolveTaskStartCommit returns null when task.started is missing (main...HEAD fallback) (0.069ms)
✔ resolveTaskStartCommit resolves git HEAD at task.started timestamp when journal lacks commit (1617.872084ms)
✔ CONTRACT_TEST_COMMAND_MAX_BUFFER exceeds legacy 256KB limit (0.597125ms)
✔ runContractTestCommand captures large stdout without killing child (169.135166ms)
✔ runContractTestCommand surfaces ENOBUFS with scoped testCommand guidance (170.1855ms)
✔ verifyContract reports buffer overflow with scoped testCommand guidance (5500.231458ms)
✔ listChangedFiles with sinceCommit scopes diff to commits after anchor (2077.556292ms)
✔ listChangedFiles without sinceCommit preserves baseBranch...HEAD (1947.831459ms)
✔ verifyContract with sinceCommit ignores prior same-lane task fileScopeMustNotChange violations (2614.626375ms)
✔ verifyContract without sinceCommit preserves cumulative lane branch behavior (842.602417ms)
✔ verifyContract passes when testCommand exits 0 (101.999084ms)
✔ verifyContract fails when testCommand exits non-zero (82.0165ms)
✔ verifyContract checks artifactsMustExist paths in worktree (183.055541ms)
✔ verifyContract expands glob patterns in artifactsMustExist (367.173834ms)
✔ verifyContract returns ok with empty checks when contract has no verify fields (372.881375ms)
✔ verifyContract enforces fileScopeMustChange and fileScopeMustNotChange (1230.46125ms)
✔ verifyContract checks minLineCoverage from command output (123.928ms)
✔ shouldRunContractVerify skips legacy TP-* tasks and absent contract sections (0.261917ms)
✔ matchesContractPattern supports glob paths (0.182583ms)
✔ parseAggregateLineCoverage parses coverage table rows (0.358583ms)
✔ SP-193-shaped placeholder contract fails validateContract in required mode (2.103459ms)
✔ verifyContract passes SP-193-shaped contract when scoped files changed (1392.994708ms)
✔ fileScopeMustChange trailing-slash pattern matches files under directory prefix (1565.266708ms)
✔ fileScopeMustChange trailing-slash pattern fails when no files under prefix changed (1257.82875ms)
✔ fileScopeMustChange exact-path and glob behavior preserved alongside trailing-slash (1197.31175ms)
✔ waitForDetachedBatchResume waits for integrate gate after batch completes (1301.593416ms)
✔ waitForDetachedBatchResume completes without gate when integrate gate not required (592.148ms)
✔ prepareDetachedResumeEngineHandoff terminates stale engine before resume spawn (82.015625ms)
✔ resolveDefaultResumeWaitTerminal returns true for engine_orphaned without flags (0.594125ms)
✔ resolveDefaultResumeWaitTerminal respects explicit flags (0.108959ms)
✔ detectPostMergeLimboForResume matches journal-only limbo for batch 20260629T210738 (1900.445667ms)
✔ postMergeLimbo diagnosis suggests spine batch resume --force (0.288375ms)
✔ resumeBatchDetached --force finalizes journal-only limbo without spawning engine (5814.845167ms)
✔ detached batch start opens integrate gate after stub engine completes (10077.247708ms)
✔ timeout_waiting_for_batch with dead enginePid reconciles as engine_orphaned not running (2756.392792ms)
✔ startBatchDetached persists spawn enginePid before wait on timeout failure path (32002.364334ms)
✔ parseBatchArgs defaults to detached start (attached flag off) (0.80225ms)
✔ parseBatchArgs --attached opts into foreground engine (0.079333ms)
✔ buildAttachedBatchStartArgv forwards scope and skip-preflight (0.638792ms)
✔ formatDetachedBatchStartOutput includes monitor hints (0.220833ms)
✔ batch start returns quickly and runs engine in background (10595.802292ms)
✔ parseBatchArgs resume defaults to detached (attached flag off) (0.159958ms)
✔ buildAttachedBatchResumeArgv forwards force (0.090834ms)
✔ formatDetachedEngineOutput includes resume wording (0.113667ms)
✔ waitForDetachedBatchResume returns engine_started by default (783.106208ms)
✔ waitForDetachedBatchResume with waitTerminal returns resume_completed (912.476875ms)
✔ collectDetachedFailureDiagnostics includes task.failed summary and log tails (526.114917ms)
✔ parseBatchArgs accepts --wait-terminal (0.182042ms)
✔ batch resume returns quickly and runs engine in background (10648.639666ms)
✔ inferLaunchFailureKind ignores DirtyWorktree exitReason (0.691917ms)
✔ buildHeadline prefers DirtyWorktree over worker launch (0.358333ms)
✔ buildSuggestedCommand for DirtyWorktree suggests coverage cleanup and retry (0.174958ms)
✔ buildHeadline surfaces review_exhausted primary failure (0.105042ms)
✔ buildSuggestedCommand for review_exhausted suggests batch retry (0.077333ms)
✔ buildHeadline surfaces contract_failed primary failure (0.066ms)
✔ buildSuggestedCommand for contract_failed suggests PROMPT edit and retry (0.054209ms)
✔ buildDiagnosisOutput bundles primary failure class without launch headline (0.130291ms)
✔ reconcileBatch aligns hasFailedTasks with segment drift and DirtyWorktree headline (3126.765583ms)
✔ reconcileBatch diagnoses review_exhausted from failed task exitReason (2583.643667ms)
✔ buildHeadline surfaces PI_SPINE_ROOT launch failure (0.820542ms)
✔ buildHeadline surfaces lane commit failures after worker completion (0.111167ms)
✔ buildSuggestedCommand prefers spine doctor for launch failures (0.210958ms)
✔ inferLaunchFailureKind reads worker output hints from journal (0.189375ms)
✔ extractJournalDiagnosisHints prioritizes setup hook and merge blocked events (3.733625ms)
✔ formatMixedOutcomeMessage lists succeeded tasks and spine batch retry guidance (0.143416ms)
✔ reconcileBatch diagnoses launch failure wave from fixture (3128.055333ms)
✔ buildDiagnosisOutput bundles launch failure headline and command (0.444416ms)
✔ DIAGNOSIS_TAXONOMY includes worker_orphaned distinct from needs_retry (0.844708ms)
✔ inferLaunchFailureFromWorkerOutputTail reads PI_SPINE_ROOT hints from log tail (0.126916ms)
✔ buildSuggestedCommand prefers abort for ghost running cluster (0.157458ms)
✔ buildHeadline surfaces worker_orphaned launch failure from worker output context (0.259416ms)
✔ worker_orphaned after plan review nested_spawn_blocked suggests batch retry (0.111875ms)
✔ dead lane workerPid diagnoses worker_orphaned not needs_retry (3053.228084ms)
✔ dead workerPid after lane.completed does not diagnose worker_orphaned (2668.762667ms)
✔ worker_orphaned enriches launch headline from worker output log without task.failed (2139.887583ms)
✔ multiple ghost running tasks on one lane prefer spine batch abort (1280.131792ms)
✔ segment drift still diagnoses needs_retry (1542.420125ms)
✔ buildDiagnosisOutput bundles worker_orphaned headline and command (0.23425ms)
✔ isRunningWithoutActiveWorkers is false when workers are active (0.635667ms)
✔ isRunningWithoutActiveWorkers detects all-terminal tail state (0.0795ms)
✔ buildRunningTailHeadline maps macroPhase merging to operator text (0.222917ms)
✔ buildRunningTailHeadline maps gating / post-merge limbo (0.111708ms)
✔ buildHeadline preserves generic running when workers are active (0.204125ms)
✔ deriveMacroPhase uses journal merge tail when diagnosis is running without workers (0.277959ms)
✔ deriveMacroPhase stays executing when workers are active (0.074667ms)
✔ tail-state fixture reconciles without bare is running headline (3030.860875ms)
✔ tail-state headline matches batch 20260701T031142 shape via buildHeadline (0.199167ms)
✔ isCoverageArtifactPath matches extension/coverage and root coverage dirs (0.655792ms)
✔ isPathInFileScope matches exact paths and directory prefixes (0.146334ms)
✔ filterOutOfScopeCoveragePorcelain drops modified coverage outside file scope (0.194167ms)
✔ filterOutOfScopeCoveragePorcelain keeps in-scope coverage modifications (0.06675ms)
✔ restoreOutOfScopeCoverageArtifacts resets tracked coverage files (1351.639375ms)
✔ resolvePostLaneCommitPorcelain restores and filters out-of-scope coverage (1124.909333ms)
✔ commitLaneAndValidateWorktree succeeds when only out-of-scope coverage is dirty (1672.281708ms)
✔ commitLaneAndValidateWorktree fails when dirty without .DONE (1282.879125ms)
✔ isWorktreeDeletionPorcelainLine matches unstaged deletions (0.679042ms)
✔ isSymlinkOnlyDriftPorcelain is true only for deletion-only porcelain (0.101875ms)
✔ filterSetupHookSymlinkDriftPorcelain clears deletion-only drift (0.086958ms)
✔ parseLaneWorktreeIdentity extracts batch and lane from worktree path (0.627542ms)
✔ resolvePostLaneCommitPorcelain repairs hook symlink drift (2073.869125ms)
✔ commitLaneAndValidateWorktree succeeds when hook symlink drifts after PASS (2263.037458ms)
✔ dismissBatch kills live stub worker PID and journals lane.worker_terminated (2701.583833ms)
✔ shouldRunCodeReview requires review level 2 or higher (0.692667ms)
✔ findCodeReviewStepNumber prefers step with code review checkpoint (2.457792ms)
✔ findCompletedCodeReview honors journal review.completed code APPROVE (1.590834ms)
✔ findCompletedCodeReview honors step artifact APPROVE for code review step (10.098875ms)
✔ runTaskOnLane runs engine code review for RL2 without worker nested spawn (6882.677041ms)
✔ runTaskOnLane skips engine code review when review level is 0 (6404.822791ms)
✔ runTaskOnLane skips engine code review when review level is 1 (6498.357875ms)
✔ runTaskOnLane honors journal review.completed code APPROVE without duplicate spawn (7129.899916ms)
✔ runTaskOnLane re-invokes worker after code REVISE and succeeds on APPROVE (11596.43325ms)
✔ resolveReviewSpawnTimeoutMs aligns with stall budget for M tasks (0.693708ms)
✔ runStepReview journals review.failed with review_timeout on hung spawn (472.225083ms)
✔ async reviewer spawn does not block the event loop while waiting for timeout (336.425666ms)
✔ startBatch opens integrate gate before batch.completed journal event (9584.531959ms)
✔ startBatch serializes multiple tasks on one physical lane (15198.69025ms)
✔ startBatch runs disjoint-scope tasks on separate lanes in parallel (10029.016792ms)
✔ startBatch records lane commit before task.completed (9540.96475ms)
✔ runTaskOnLane emits task.failed not task.completed when lane commit fails (5886.991ms)
✔ validateSpineConfig accepts worktreeSetupIgnorePaths (0.3485ms)
✔ engine_orphaned diagnosis suggests retry when task id known, attached resume otherwise (0.653125ms)
✔ dead engine with phase running passes validateMultiTaskResume without pause (1346.603666ms)
✔ running phase with live engine pid rejects resume without force (993.261458ms)
✔ reconcile engine_orphaned recommends attached resume for batch 20260618T191236 pattern (1374.012417ms)
✔ engine_orphaned with failedTaskId suggests retry (SP-315) (0.679875ms)
✔ reconcileOrphanRunningState transitions running task to failed with journal events (809.504416ms)
✔ retryTask succeeds on orphan without manual pause (issue #20 trap) (1182.954708ms)
✔ diagnose then retry: suggestedCommand matches working recovery path (1499.723166ms)
✔ resume --force allowed after orphan reconcile when phase was running (874.199791ms)
✔ terminateStaleDetachedEngine SIGTERM stale pid on failed resume (32.454459ms)
✔ runStepReview honors existing final PASS without re-spawn (16.194542ms)
✔ runStepReview skips review.failed journal when batch already completed (23.170541ms)
✔ startBatch lane branch has commit before merge when stub touches files (9898.111291ms)
✔ startBatch completes single task with stub worker (9791.090667ms)
✔ isExplicitBatchScope treats pending as explicit (0.192875ms)
✔ startBatch all dry-run allows multi-wave pending backlog (649.069458ms)
✔ startBatch pending dry-run excludes done tasks (391.821875ms)
✔ startBatch all fails when every task has .DONE (339.896209ms)
✔ startBatch skips worker when .DONE exists on disk (2243.798ms)
✔ resolveBatchStartScope normalizes all to pending IDs (420.352875ms)
✔ startBatch explicit IDs still allow multi-wave when scope is not bare all (575.089667ms)
✔ startBatch completes two-lane wave with stub workers (8319.578584ms)
✔ startBatch blocks merge on mixed outcomes (6439.513084ms)
✔ assessWaveMergeEligibility blocks failed and pending tasks (0.243875ms)
✔ collectCoreEvidenceBundle writes summary without complete marker (1827.6335ms)
✔ openIntegrateGate persists gate before extended evidence and journals milestones (1529.517333ms)
✔ openIntegrateGate keeps gate when extended evidence command fails (1741.312041ms)
✔ collectExtendedEvidenceBundle appends to existing refs (1326.830125ms)
✔ parseEvidenceCommandArgv accepts npm run test (1.213416ms)
✔ parseEvidenceCommandArgv preserves quoted arguments (0.122958ms)
✔ parseEvidenceCommandArgv rejects shell command chaining (0.265375ms)
✔ parseEvidenceCommandArgv rejects unknown binary (0.08ms)
✔ runEvidenceCommand executes allowlisted argv without shell (125.855416ms)
✔ runEvidenceCommand rejects malicious config strings (0.1715ms)
✔ runEvidenceCommand skips empty command (0.072625ms)
✔ runEvidenceCommand rejects disallowed build binary (0.097583ms)
✔ parseEvidenceCommandArgv rejects subshell injection (0.103834ms)
✔ collectEvidenceBundle writes summary and .complete marker atomically (1609.331417ms)
✔ collectEvidenceBundle writes rejected output for unsafe testing.test (1278.313041ms)
✔ findCompletedFinalReview honors journal review.completed final PASS (11.339083ms)
✔ findCompletedFinalReview honors latest final artifact PASS (12.964041ms)
✔ runTaskOnLane honors pre-existing worker final review without spawn failure (6735.24225ms)
✔ runTaskOnLane honors journal review.completed final PASS without duplicate spawn (6981.267834ms)
✔ parseFinalReviewVerdict accepts PASS, REVISE, and REPLAN (1.249667ms)
✔ shouldRunFinalReview skips when review level is 0 (0.120708ms)
✔ runTaskOnLane skips final review when review level is 0 (6588.485333ms)
✔ runTaskOnLane journals task.verdict_recorded on PASS final review (6759.876167ms)
✔ runTaskOnLane re-invokes worker after REVISE and succeeds on PASS (11416.789ms)
✔ runTaskOnLane caps REVISE at maxFinalAttempts with review_exhausted (15929.934292ms)
✔ runTaskOnLane fails with needs_replan and does not keep .DONE (5533.029916ms)
✔ mergeWaveLanesToOrch blocks when a wave task has exitReason needs_replan (151.146292ms)
✔ runEngineFinalReview stub writes final artifact path (1.476625ms)
✔ buildTaskScorecard lists task rows (0.740834ms)
✔ openIntegrateGate persists pending gate and journals gate.opened (1997.503958ms)
✔ collectEvidenceBundle writes summary and diff-stat (2039.711667ms)
✔ approve and reject enforce gate FSM (2078.652167ms)
✔ rejectIntegrateGate journals gate.rejected (1565.252ms)
✔ checkIntegrateGate blocks until approved (exit 2) (1518.046916ms)
✔ integrateOrchToBase fails with exit 2 when gate pending (2206.825041ms)
✔ integrateOrchToBase succeeds after gate approval (4239.387334ms)
✔ force integrate requires SPINE_ALLOW_FORCE=1 (468.297792ms)
✔ openIntegrateGateAfterBatchComplete skips non-completed batches (259.155167ms)
✔ runSpineGate CLI approve updates gate record (1576.45075ms)
✔ isGitignoredArtifactPath matches extension/coverage and node_modules (0.683333ms)
✔ listGitignoredArtifactRoots deduplicates nested artifact dirs (0.634416ms)
✔ sanitizeGitignoredArtifactsBeforeLaneCommit removes worktree-only coverage (688.236875ms)
✔ sanitizeGitignoredArtifactsBeforeLaneCommit skips when disabled (537.272583ms)
✔ commitLaneAndValidateWorktree succeeds when only extension/coverage is gitignored dirty (643.548917ms)
✔ commitLaneAndValidateWorktree succeeds when only node_modules is gitignored dirty (998.151333ms)
✔ sanitizeGitignoredArtifactsBeforeLaneCommit does not clean index-tracked gitignored paths (411.683792ms)
✔ commitLaneWorktree still fails for index-tracked gitignored coverage (1004.7205ms)
✔ classifyGitignoredPaths returns empty arrays for empty input (425.348584ms)
✔ classifyGitignoredPaths detects index-tracked gitignored paths (449.33125ms)
✔ classifyGitignoredPaths detects worktree-only gitignored paths (244.620417ms)
✔ classifyGitignoredPaths handles mixed index-tracked and worktree-only (660.870375ms)
✔ formatGitignoredRemediationMessage: worktree-only does not suggest git rm --cached (0.33875ms)
✔ formatGitignoredRemediationMessage: index-tracked suggests git rm --cached (0.058042ms)
✔ formatGitignoredRemediationMessage: mixed suggests both remediation paths (0.055583ms)
✔ commitLaneWorktree: worktree-only gitignored does not suggest git rm --cached (618.061667ms)
✔ commitLaneWorktree: index-tracked gitignored still suggests git rm --cached (644.084875ms)
✔ regression: SP-011 worktree-only coverage after npm test does not suggest git rm --cached (1173.61725ms)
✔ resolveHeartbeatKind marks launching as worker_alive only (0.699375ms)
✔ shouldEmitCheckpointWarning skips launching phase (0.152667ms)
✔ buildHeartbeatPayloadFields omits stale checkpoint signals during launching (0.087417ms)
✔ recordLaneHeartbeat journals kind and phase (143.046458ms)
✔ runWorker launching heartbeat does not journal stale STATUS mtime on fast-fail retry (5282.068041ms)
✔ resolveStallConfig applies lane overrides (0.16775ms)
✔ progressSignalsChanged detects STATUS mtime updates (286.90175ms)
✔ computeStallDeadline extends past hard timeout after progress (0.123166ms)
✔ stall false positive avoided when STATUS updates extend deadline (I-01) (0.105334ms)
✔ findLatestStepCompletedMs returns newest matching task.step_completed (0.085583ms)
✔ progressSignalsChanged detects journal task.step_completed (silent tools) (300.130709ms)
✔ activitySignalsChanged detects file-scope mtime updates (FR-WORK-10 / FR-STALL-02) (372.257375ms)
✔ startBatch records lane.heartbeat during stub worker delay (9844.940542ms)
✔ isFastForwardCapableIntegrate detects orch ahead of main (#93) (653.51925ms)
✔ integrateOrchToBase fast-forwards when orch is strictly ahead (#93 batch 20260702T071449) (4257.167917ms)
✔ integrateOrchToBase fast-forwards with generatedAt-only rules-manifest drift on main (#93) (3851.757833ms)
✔ recordBatchBaseSnapshot stores head sha and journals batch.base_snapshot (286.532ms)
✔ integrateOrchToBase succeeds with uncommitted edits on main (3779.279667ms)
✔ integrateOrchToBase conflict path leaves human checkout and files unchanged (3306.045791ms)
✔ integrateOrchToBase dry-run advertises isolated merge plan (1424.937875ms)
✔ resolveRulesManifestIntegrateDrift restores main when worker manifest matches orch (#22) (1689.858375ms)
✔ integrateOrchToBase succeeds with worker manifest drift on main matching orch (#22) (3665.979459ms)
✔ resolveRulesManifestIntegrateDrift blocks unrelated dirty files on main (683.83375ms)
✔ resolveRulesManifestIntegrateDrift blocks substantive manifest drift not matching orch (964.788583ms)
✔ resolveRulesManifestIntegrateDrift still clears generatedAt-only drift on main (1356.304333ms)
✔ resolveRulesManifestIntegrateDrift clears generatedAt-only dirty manifest on main (1436.144625ms)
✔ integrateOrchToBase succeeds with dirty generatedAt-only rules-manifest on main (3748.004541ms)
✔ DEFAULT_SYNC_TIMEOUT_MS is 60 seconds (0.594667ms)
✔ syncPlumbingMergePathsToWorktree returns ok: true on successful sync (957.896166ms)
✔ syncPlumbingMergePathsToWorktree returns ok: false with timedOut on timeout (412.648292ms)
✔ integrateOrchToBase emits integrate.failed with IntegrateTimeout on sync timeout (3161.105416ms)
✔ successful integrate still emits integrate.completed (regression) (3309.258667ms)
✔ partial sync failure returns ok: false with correct failureClass from integrateOrchToBase (3682.751083ms)
✔ assertOrchIntegratable refuses empty orch when mergeResults claim success (592.330458ms)
✔ assertOrchIntegratable requires integrate when orch is ahead of base (581.384166ms)
✔ reconcileBatch reports needs_integrate when batch completed but orch not on main (1475.101042ms)
✔ completeBatch refuses when orch is ahead but not integrated (2086.441708ms)
✔ integrateOrchToBase merges orch into main and journals events (4253.534ms)
✔ integrateOrchToBase dry-run does not change main HEAD (941.30425ms)
✔ completeBatch succeeds after integrate lands orch on main (3838.2235ms)
✔ integrateOrchToBase aborts merge on conflict and restores checkout (3122.260417ms)
✔ integrateOrchToBase fails when batch state is missing (0.306208ms)
✔ runSpineIntegrate CLI succeeds when orch tip already matches main (446.778375ms)
✔ PRD §20.2 planner yields wave0 {A,C} and wave1 {B} (475.150917ms)
✔ PRD §20.2 two-lane stub batch completes ABC waves (16153.996833ms)
✔ PRD §20.2 mixed-outcome blocks merge; retry resets wave B for resume (12975.779458ms)
✔ runStepReview with worker attach env does not journal when attach suppressed (10.226792ms)
✔ runSpineReviewStep with worker attach env does not journal when attach suppressed (6.160291ms)
✔ runSpineReportProgress with worker attach env does not journal when attach suppressed (1.496917ms)
✔ readJournalEventsCached returns same events as readJournalEvents (21.671ms)
✔ readJournalEventsCached returns cached copy on second call without file change (13.362459ms)
✔ readJournalEventsCached invalidates when file mtime changes (24.0985ms)
✔ readJournalEventsCached returns empty array for missing file (5.408208ms)
✔ clearJournalCache forces re-read on next call (17.053125ms)
✔ invalidateJournalCache with matching path clears cache (15.071708ms)
✔ invalidateJournalCache with non-matching path preserves cache (21.342167ms)
✔ readJournalEventsCached handles transition from missing to existing file (16.919792ms)
✔ readJournalEventsCached handles switch between different batch IDs (31.48575ms)
✔ runSpineJournal replay exits non-zero when journal missing (2.852542ms)
✔ runSpineJournal replay prints human table (23.4735ms)
✔ runSpineJournal replay --json returns events array (12.171083ms)
✔ exportJournalJsonl returns null when journal missing (4.074542ms)
✔ runSpineJournal export exits non-zero when journal missing (1.045417ms)
✔ runSpineJournal export writes jsonl to stdout (27.368792ms)
✔ runSpineJournal export --output writes file (24.962791ms)
✔ exportJournalMarkdown returns null when journal missing (3.4335ms)
✔ formatJournalMarkdownTimeline produces stable table shape (2.041292ms)
✔ formatJournalMarkdownTimeline escapes pipe characters in summary (0.094667ms)
✔ runSpineJournal export markdown exits non-zero when journal missing (4.412917ms)
✔ runSpineJournal export writes markdown to stdout (44.499708ms)
✔ runSpineJournal export markdown --output writes file (40.591708ms)
✔ detectBatchStateDrift flags running cache when reconcile sees doneInLane without journal terminal (0.876125ms)
✔ deriveStructuralBatchStateFromJournal rebuilds multi-lane skeleton without cache seed (3.115209ms)
✔ resume-parallel-lane-orphan fixture: journal-only rebuild marks resumed tasks running (1.409625ms)
✔ orphan-running-resume fixture: structural + lifecycle rebuild without seed (0.486667ms)
✔ pidless-ghost-running fixture: post-resume task.started wins over historical failure (0.694541ms)
✔ resume-orphan-historical-failure fixture: rebuild ignores pre-resume failure for active task (0.579708ms)
✔ retry-clears-failed-classification fixture: rebuild fixes stale failed cache (0.668916ms)
✔ retry-clears-failed-classification fixture: detectBatchStateDrift flags cache vs journal (0.551417ms)
✔ incident fixtures rebuild from disk matches in-memory journal rebuild (458.348792ms)
✔ readJournalTimeline filters task and batch lifecycle events (0.647958ms)
✔ rebuildBatchStateFromJournal applies task.completed over stale failed cache (1.0515ms)
✔ detectBatchStateDrift flags journal completed vs cache failed (0.304875ms)
✔ detectBatchStateDrift ignores incomplete journal when cache failed (0.093083ms)
✔ incident orphan-running fixture: journal timeline is readable (441.989792ms)
✔ appendJournalEvent writes schema v1 with ISO timestamp and payload (42.7695ms)
✔ readLastTaskFailedEvent returns most recent task.failed (50.839042ms)
✔ redactSecrets masks sensitive keys (0.463584ms)
✔ capPayloadSize truncates oversized payloads (0.328209ms)
✔ normalizeJournalEvent upgrades legacy lines (0.217167ms)
✔ readJournalEvents reads mixed legacy and v1 lines (30.868292ms)
✔ extractJournalDiagnosisHints surfaces failure events from tail (0.466166ms)
✔ commitLaneWorktree commits dirty worktree when .DONE exists (1384.545209ms)
✔ commitLaneWorktree fails loud when dirty without .DONE (372.294208ms)
✔ filterPorcelain drops lines matching ignore patterns by full path (0.295667ms)
✔ filterPorcelain drops lines matching ignore patterns by basename (0.06625ms)
✔ filterPorcelain keeps rename targets when only source matches ignore (0.058583ms)
✔ filterPorcelain returns empty for empty input (0.046708ms)
✔ mergeLaneToOrch rejects empty merge when lane commits were required (796.823375ms)
✔ mergeLaneToOrch prefers orch for conflicts outside lane file scope (1782.807583ms)
✔ mergeLaneToOrch does not auto-resolve in-scope lane conflicts (2608.308417ms)
✔ dismiss archives batch-state before clearing active file (1380.881167ms)
✔ complete with --detect-manual-merge succeeds when orch merged to main (2790.070292ms)
✔ complete refused when mergeResults succeeded but orch not on main (4767.928083ms)
✔ dismiss refused when diagnosis is running without --force (1401.102333ms)
✔ isPostMergeLimbo is true when tasks and merges succeeded with open orch branch (0.687375ms)
✔ isPostMergeLimbo rejects non-running or ended batches (0.098375ms)
✔ isPostMergeLimbo rejects empty or partial task/merge state (0.071458ms)
✔ isPostMergeLimbo respects git orch branch signals (0.070208ms)
✔ isPostMergeLimbo rejects null or non-object state (0.052333ms)
✔ resolveWorkerOutputConfig defaults live log streaming off (0.67875ms)
✔ workerLiveLogPath matches runtime layout (0.089333ms)
✔ truncateLiveLogBytes applies truncation marker when over cap (0.168833ms)
✔ appendWorkerLiveLogChunk redacts secrets and enforces byte cap (6.244625ms)
✔ createWorkerLiveLogWriter returns null when streaming disabled (0.182917ms)
✔ runWorker streams subprocess stub output to live log when enabled (5082.812ms)
✔ runWorker skips live log when streamWorkerOutputLive is false (5086.359916ms)
✔ runWorker still writes terminal failure log when live streaming enabled (5083.914375ms)
✔ startAgentSessionWorker flushes transcript chunks to live log (14.217625ms)
✔ appendWorkerLiveLogChunk rolls file with truncation marker when over max bytes (1.773542ms)
✔ MACRO_PHASES exports all eleven lifecycle values (1.308459ms)
✔ deriveMacroPhase: idle when no batch signals (0.126875ms)
✔ deriveMacroPhase: planning from batch phase (0.13375ms)
✔ deriveMacroPhase: executing for active running batch (0.100458ms)
✔ deriveMacroPhase: merging phase and needs_merge diagnosis (0.064042ms)
✔ deriveMacroPhase: reviewing when review.started is open (0.127417ms)
✔ deriveMacroPhase: gating for pending gate or post-merge limbo (0.07775ms)
✔ deriveMacroPhase: integrating for needs_integrate and open integrate.started (0.067917ms)
✔ deriveMacroPhase: completed, failed, aborted, paused terminal phases (0.064875ms)
✔ fixture running-batch.json reconciles to executing macro-phase (2224.038791ms)
✔ fixture taskplane-executing.json maps to executing (0.303333ms)
✔ fixture needs-retry-batch.json maps to failed macro-phase (1424.457083ms)
✔ fixture limbo-stale maps to completed macro-phase (1489.267333ms)
✔ all macro-phase enum values are reachable via deriveMacroPhase (0.308125ms)
✔ recordMergeBlocked sets terminal merge_blocked phase and clears enginePid (1072.108416ms)
✔ reconcileBatch diagnoses merge_blocked as failed merge, not needs_merge (1477.004125ms)
✔ legacy merging phase with endedAt and failed mergeResults reconciles as failed (1684.9305ms)
✔ findResumableWave skips succeeded merged waves when later wave has pending tasks (0.665708ms)
✔ validateMultiTaskResume allows force resume from merge_blocked (958.049792ms)
✔ buildSuggestedCommand recommends resume --force for merge_blocked phase (0.328833ms)
✔ summarizeMergeFailures extracts failed wave and lane from mergeResults (0.722875ms)
✔ buildMergeFailureHeadline uses 1-based wave number and lane label (0.162334ms)
✔ buildHeadline for failed diagnosis surfaces merge conflict instead of zero failed tasks (0.229ms)
✔ buildSuggestedCommand for merge failure suggests resume --force (0.1385ms)
✔ buildDiagnosisOutput bundles merge failure headline and command (0.130167ms)
✔ reconcileBatch surfaces merge failure fields distinct from failedTasks (1649.183459ms)
✔ spine status --json includes merge failure fields for monitors (1144.808208ms)
✔ spine status --diagnose prints merge failure details in text output (1335.116042ms)
✔ filterGitignoredPaths separates ignored and stageable paths (582.877209ms)
✔ gitAddFilteredPaths skips gitignored paths without failing (508.603875ms)
✔ mergeLaneToOrch succeeds when task branch committed gitignored coverage (1510.544833ms)
✔ commitLaneWorktree refuses gitignored-only dirty paths (624.509875ms)
✔ commitLaneWorktree commits tracked files while skipping gitignored dirty paths (1124.014459ms)
✔ inferMergeGitignoredFailure detects gitignored merge and lane commit failures (0.24725ms)
✔ buildSuggestedCommand returns git rm --cached repair for gitignored merge failures (0.194583ms)
✔ reconcileBatch surfaces gitignored merge repair command from journal (1406.80175ms)
✔ filterPorcelain remains unchanged for SP-104 ignore patterns (0.31275ms)
✔ mergeLaneToOrch auto-resolves additive docs/PRD.md after origin/main merge task (1891.236583ms)
✔ mergeLaneToOrch fails PRD merge with recovery commands when hunks overlap (1218.659583ms)
✔ formatPrdDocMergeFailure names file and wave recovery (0.196583ms)
✔ isActiveWorkerSession true when SPINE_WORKER_RUNNER is set (0.649542ms)
✔ isActiveWorkerSession false outside worker context (0.088042ms)
✔ runStepReview skips nested reviewer spawn when worker env is set (48.813917ms)
✔ runStepReview skips nested plan review spawn when worker env is set (23.618ms)
✔ runStepReview stub path still works inside worker session (4.951458ms)
✔ runStepReview reaches pi availability check when worker env absent (3.306209ms)
✔ engine parent with leaked worker runner reaches reviewer spawn (3.463167ms)
✔ batch 20260619T020951 SP-306 plan step 0 journals review.skipped not review.failed (32.254459ms)
✔ detectNestedWorkerContext returns reason when SPINE_IS_WORKER=1 (0.700625ms)
✔ detectNestedWorkerContext returns reason when projectRoot is inside .worktrees/spine-* (0.126917ms)
✔ detectNestedWorkerContext returns null for normal projectRoot without worker env (0.109333ms)
✔ startBatch returns error when SPINE_IS_WORKER=1 (13.271417ms)
✔ startBatch returns error when projectRoot is inside .worktrees/spine-* (25.089208ms)
✔ startBatch succeeds normally (no env, normal CWD) — regression (8095.080416ms)
✔ buildWorkerChildEnv includes SPINE_IS_WORKER=1 (1.125917ms)
✔ journalEventsSinceResume excludes pre-resume terminal events (1.448625ms)
✔ detectOrphanRunning: historical task.failed + post-resume silence + dead engine (0.56375ms)
✔ resume orphan with historical failure fixture is not diagnosed as running (1148.591666ms)
✔ terminal event within scoped window still suppresses engine orphan (0.588334ms)
✔ journalIndicatesStalledSession: post-resume start without terminal (0.838125ms)
✔ detectOrphanRunning: PID-less ghost running with post-resume journal stall (0.386209ms)
✔ pidless ghost fixture reconcile is engine_orphaned, not running (1148.333125ms)
✔ terminal event within scoped window suppresses PID-less ghost signal (0.397458ms)
✔ isProcessAlive returns false for absent pid (0.707208ms)
✔ resume parallel lane orphan fixture: multiple running on lane 1 (1.428292ms)
✔ resume parallel lane orphan fixture: reconcile is actionable after scoped orphan detect (1306.549833ms)
✔ searchATon orphan incident fixture: dead workerPid is not diagnosed as running (1536.322ms)
✔ dead workerPid with running task is not diagnosed as running (1234.846333ms)
✔ dead enginePid mid-resume without terminal journal is engine_orphaned (1412.361292ms)
✔ running batch without recorded pids still reports running (1536.013792ms)
✔ detectOrphanRunning ignores dead engine when terminal journal exists (0.223875ms)
✔ recordBatchEnginePid persists under resilience and clears on terminal save (308.739125ms)
✔ confirmed pause records batch.paused only after engine persists phase (225.521708ms)
✔ unconfirmed pause does not leave orphan batch.paused journal entry (585.534209ms)
✔ pauseBatch succeeds immediately when no attached engine is alive (360.090792ms)
✔ pauseBatch fails loud when attached engine keeps phase running (521.564875ms)
✔ waitForPauseConfirmation returns true when phase stays paused (492.106542ms)
✔ retryTask succeeds when batch phase is paused (248.358625ms)
✔ retryTask rejects when batch phase is running (222.973333ms)
✔ batch 20260630T212050 orphan-after-merge fixture describes GitHub #59 incident (1.821417ms)
✔ batch 20260630T212050 journal fixture is limbo via resume detect but not bare state (876.130916ms)
✔ hydrateMergeResultsFromJournal enables state limbo detection for batch 20260630T212050 (370.435208ms)
✔ finalizeAttachedLandLoopBeforeExit opens gate for batch 20260630T212050 journal limbo (1571.835625ms)
✔ installAttachedExitFinalizeHandlers finalizes journal limbo on SIGTERM without manual resume (1974.917291ms)
✔ batch 20260629T021550 fixture is post-merge limbo without gate (396.442334ms)
✔ attemptPostMergeLandLoopHandoff finalizes batch 20260629T021550 limbo after SIGTERM (1554.171084ms)
✔ resumeBatchDetached --force finalizes post-merge limbo without spawning engine (1749.410709ms)
✔ resumeBatch attached path finalizes batch 20260629T021550 limbo immediately (1866.186375ms)
✔ resumeMultiTaskBatch still finalizes batch 20260629T021550 after orphan_terminated (1393.832375ms)
✔ finalizeResumePostMergeLimbo clears stale engine pid during post-merge limbo (1233.825125ms)
✔ isPostMergeLimbo detects running phase with successful merges (0.636334ms)
✔ deriveDiagnosis returns needs_integrate for post-merge limbo (0.54ms)
✔ finalizeBatchForIntegrate opens gate from post-merge limbo without resume (1584.910709ms)
✔ resumeMultiTaskBatch opens gate from post-merge limbo without re-running tasks (1617.940959ms)
✔ mixed-outcome post-mortem lists failed IDs and retry hint, not smooth success (1180.648958ms)
✔ false-success reconciliation headline is overridden when failures exist (0.491083ms)
✔ listFailedTaskIds prefers classified terminal-failure tasks (0.8235ms)
✔ collectEvidenceBundle summary.md is honest post-mortem markdown (1442.037833ms)
✔ dismissBatch writes post-mortem path into batch history (1492.461292ms)
✔ writeBatchPostMortem persists markdown under runtime batch dir (1113.531792ms)
✔ spine status --verbose includes post-mortem section for active batch (994.303666ms)
✔ resolveStallConfig defaults progressSnapshotIntervalMinutes to 2 (0.625625ms)
✔ resolveStallConfig applies progressSnapshotIntervalMinutes override (0.073542ms)
✔ buildProgressSnapshotPayload is bounded and omits dirty path lists (0.626041ms)
✔ progressSnapshotPayloadChanged detects field deltas (0.088167ms)
✔ shouldEmitProgressSnapshot respects interval (0.061834ms)
✔ recordLaneProgressSnapshot journals bounded payload (79.847334ms)
✔ runWorker emits lane.progress_snapshot on interval and dedupes unchanged signals (10104.838209ms)
✔ startBatch fails closed on invalid PROMPT before batch starts (417.524041ms)
fatal: malformed object name missing-base-branch
✔ inspectGitState records gitInspectionError when merged-branch scan fails (525.782584ms)
✔ deriveDiagnosis returns git_unavailable when git inspection failed (0.559666ms)
✔ reconcileBatch surfaces git_unavailable instead of limbo_stale on git failure (1174.075458ms)
fatal: malformed object name missing-base-branch
✔ reconcileBatch records count_commits_ahead git errors from real git refs (1664.931666ms)
✔ idle-no-batch returns healthy idle state (219.139083ms)
✔ limbo_stale detected from incident fixture (1365.600042ms)
✔ completed_manual when orch branch merged to main (1399.77425ms)
✔ needs_retry when a task failed (959.01675ms)
✔ running diagnosis for active batch (1015.535458ms)
✔ runReconciliationCheck matches reconcileBatch output shape (1040.438291ms)
✔ reconcileBatch includes journal hints when journal exists (1005.9685ms)
✔ reconcileBatch exposes macroPhase for running batch (1000.411416ms)
✔ reconcileBatch exposes macroPhase for limbo_stale (1337.324ms)
✔ failBatchFromEngineError writes batch.failed and clears enginePid (264.271666ms)
✔ reconcileGhostRunningTasks marks running tasks failed without worker (0.2355ms)
✔ resumeMultiTaskBatch fail-closed when post-commit gitPorcelain throws (6713.281833ms)
✔ resumeBatch opens integrate gate before batch.completed journal event (7877.289541ms)
✔ refreshLaneHeartbeatsOnResume aligns lane heartbeats to engineStartedAt (0.750541ms)
✔ taskAlreadyComplete returns false for failed task with stale .DONE on disk (0.691709ms)
✔ resumeBatch after failed retry runs contract verification before succeed (2766.797042ms)
✔ resumeBatch continues paused 2-task 2-lane batch with stub workers (9463.706167ms)
✔ resumeBatch multi path requires existing lane worktrees (611.347916ms)
✔ multi-task batch start → pause → resume completes both tasks (9949.074916ms)
✔ paused multi-task batch diagnose suggests multi-task resume (1533.089792ms)
✔ multi-task startBatch completes two-lane stub batch (start path) (8409.299292ms)
✔ resumeBatch serializes four tasks on one lane (24221.255ms)
✔ resumeBatch runs two lanes with two tasks each in parallel (14630.354083ms)
✔ validateMultiTaskResume accepts paused 2-task 2-lane batch (438.491125ms)
✔ validateMultiTaskResume rejects batch with zero tasks (262.6415ms)
✔ validateMultiTaskResume rejects missing worktree per lane (364.918875ms)
✔ validateMultiTaskResume allows force resume when wave merge is pending (575.178667ms)
✔ validateResumeBatch delegates to multi validator for single-task batch (428.961833ms)
✔ resolveDetachedWaitTimeoutMs uses long default for wait-terminal orphan resume (0.638083ms)
✔ prepareOrphanResumeHandoff clears stale workerPid before orphan resume (211.764334ms)
✔ clearStaleLaneWorkerPids preserves live worker pid (183.409667ms)
✔ dual-dead lane+engine orphan reconciles as engine_orphaned with attached resume (1148.962125ms)
✔ attached resume --force completes stuck task after plan review orphan stall (8980.926291ms)
✔ detached resume with wait-terminal uses extended timeout constant (0.203042ms)
✔ taskTerminalSuccessInBatch requires succeeded status and journal task.completed (0.646125ms)
✔ resume --force after partial retry does not review.start succeeded task IDs (10042.743458ms)
✔ pauseBatch sets phase paused and journals batch.paused (208.871334ms)
✔ resumeBatch continues paused single-lane batch (8166.012708ms)
✔ paused spine batch reconciliation suggests spine batch resume (1500.180584ms)
✔ validateBatchState requires segments aligned with tasks (0.348875ms)
✔ retryTask clears stale failure metadata before re-run (202.214583ms)
✔ retry then task.completed updates counters and reconcile diagnosis (1059.027083ms)
✔ retry-clears-failed-classification fixture reconciles after success state (984.09025ms)
✔ retryTask atomically resets task and segment records (200.927083ms)
✔ retryTask fixes segment drift (GAP-RETRY-01) (214.390333ms)
✔ resumeBatch refuses segment drift without retry (286.224416ms)
✔ skipTask marks task skipped and updates counters (164.963042ms)
✔ retryTask rejects when batch is running (154.190042ms)
✔ defaultSegmentId used in segment records (0.146ms)
✔ detectOrphanedReviewStarted finds orphaned review.started with no matching review.completed (0.718833ms)
✔ detectOrphanedReviewStarted returns empty when review.completed exists (0.087042ms)
✔ detectOrphanedReviewStarted distinguishes code and final review types (0.068042ms)
✔ reconcileOrphanedReviewEvents synthesizes completion when APPROVE artifact on disk (28.471584ms)
✔ reconcileOrphanedReviewEvents does NOT synthesize when no artifact on disk (3.42175ms)
✔ reconcileOrphanedReviewEvents does NOT synthesize for REVISE verdict (3.103833ms)
✔ findCompletedCodeReview honors artifact at attempt > 0 (7.742542ms)
✔ normal review flow (no crash) still works correctly (0.158417ms)
✔ reconcileOrphanedReviewEvents handles final review with PASS verdict (13.845292ms)
✔ buildReviewerSystemPrompt includes project standards when rules manifest exists (20.188833ms)
✔ buildReviewerSystemPrompt emits reviewer.rules_selected journal event (11.550458ms)
✔ buildReviewRequest user prompt does not include injected standards block (0.3205ms)
✔ runStepReview stub path does not emit reviewer.rules_selected (14.190042ms)
✔ isNoiseReviewScopePath matches runtime artifact paths (0.649333ms)
✔ filterReviewScopeNoise dedupes and drops noise (0.554709ms)
✔ resolvePlanReviewScopePaths returns PROMPT File Scope minus noise (2.017875ms)
✔ resolveReviewScopePaths plan uses task PROMPT file scope (1.230292ms)
✔ resolveReviewScopePaths final returns empty scope (0.082875ms)
✔ resolveCodeReviewScopePaths uses baseline..HEAD when baseline provided (269.667833ms)
✔ resolveCodeReviewScopePaths falls back to git diff --name-only without baseline (221.634916ms)
✔ resolveReviewScopePaths code honors injectable git runner (0.263ms)
✔ resolveCodeReviewScopePaths returns empty array when git fails (0.101584ms)
✔ parseReviewLevel reads PROMPT heading (0.691917ms)
✔ isReviewTypeRequired follows Taskplane rubric (0.082083ms)
✔ formatReviewTimestamp strips separators from ISO time (1.465833ms)
✔ buildReviewArtifactPath uses step-timestamp pattern (0.21775ms)
✔ buildFinalReviewArtifactPath uses final-timestamp pattern (0.113209ms)
✔ normalizeVerdict maps enums by review type (0.081333ms)
✔ normalizeFinalVerdict and normalizeCodeVerdict are type-specific aliases (0.067833ms)
✔ parseReviewVerdict reads JSON and markdown verdicts (0.478125ms)
✔ parseReviewVerdict accepts PASS REVISE REPLAN when reviewType is final (0.073625ms)
✔ parseReviewVerdict step mode rejects final-only verdict enums (0.108417ms)
✔ parseFinalReviewVerdict accepts PASS, REVISE, and REPLAN (0.118916ms)
✔ parseFinalReviewVerdict omits heading summary unlike parseReviewVerdict (0.092417ms)
✔ shouldRunCodeReview requires review level 2 or higher (0.062542ms)
✔ shouldRunFinalReview skips when review level is 0 (0.064416ms)
✔ DEFAULT_REVIEW_SPAWN_TIMEOUT_MS is 90 minutes (0.512542ms)
✔ honorReviewSpawnFailureWhenEligible honors final review when contract passed (2.540042ms)
✔ honorReviewSpawnFailureWhenEligible skips when contract failed (0.68025ms)
✔ honorReviewSpawnFailureWhenEligible honors code review with .DONE (1.053834ms)
✔ buildReviewerPiArgs includes --model when config pins reviewer (4.421166ms)
✔ buildReviewerPiArgs omits --model when reviewer model is inherit (1.312666ms)
✔ buildReviewerPiArgs uses per-type model override for matching reviewType (1.409833ms)
✔ buildReviewerPiArgs falls back to top-level reviewer pin when per-type block missing (1.287125ms)
✔ buildReviewerPiArgs cascades per-type inherit to top-level reviewer pin (1.224709ms)
✔ spawnReviewerPi fails closed when pi unavailable via SPINE_REVIEW_TEST_NO_PI (1.646125ms)
✔ buildReviewerChildEnv strips SPINE_WORKER_RUNNER from reviewer child env (0.323333ms)
✔ shouldBlockNestedReviewerSpawn false when only worker runner leaked on engine (0.099166ms)
✔ spawnReviewerPi allows engine spawn when worker runner leaked without journal attach (1.637458ms)
✔ shouldBlockNestedReviewerSpawn true inside live worker child session (0.132625ms)
✔ parseReviewLevel reads PROMPT heading (0.977166ms)
✔ isReviewTypeRequired follows Taskplane rubric (0.114458ms)
✔ buildReviewArtifactPath uses step-timestamp pattern (1.223917ms)
✔ buildFinalReviewArtifactPath uses final-timestamp pattern (0.10175ms)
✔ parseReviewVerdict reads JSON and markdown verdicts (0.513709ms)
✔ parseReviewVerdict accepts PASS REVISE REPLAN when reviewType is final (0.132542ms)
✔ parseReviewVerdict step mode rejects final-only verdict enums (0.1015ms)
✔ parseReviewVerdict accepts PASS REVISE REPLAN for final review type (0.064125ms)
✔ resolveBatchJournalContext ignores SPINE_BATCH_ID without SPINE_JOURNAL_ATTACH (0.193667ms)
✔ isJournalAttachBlocked honors SPINE_SUPPRESS_JOURNAL_ATTACH (0.242042ms)
✔ resolveBatchJournalContext blocked when attach suppressed (0.14825ms)
✔ runStepReview ignores SPINE_REVIEW_STUB_FAIL without stub mode (8.000708ms)
✔ runStepReview stub APPROVE writes artifact and journal events (22.987584ms)
✔ runStepReview stub REVISE returns exitCode 2 (3.003208ms)
✔ runStepReview fail-closed on stub spawn failure (13.211334ms)
✔ runStepReview skips when review level does not require type (1.846875ms)
✔ runStepReview final stub PASS writes final artifact path (3.234209ms)
✔ runStepReview final spawn failure exits non-zero at review level >= 1 (2.087ms)
✔ runSpineReviewStep CLI --type final emits JSON verdict (12.462959ms)
✔ runSpineReviewStep CLI emits JSON verdict (18.280125ms)
✔ assertReviewToolAvailable fails closed without pi at review level > 0 (2.1615ms)
✔ runWorker fails closed when review tool unavailable at level > 0 (21.463416ms)
✔ stub worker stops when enforced review spawn fails (80.960208ms)
✔ DEFAULT_REVIEW_SPAWN_TIMEOUT_MS remains 90 minutes (backstop unchanged) (0.572583ms)
✔ runStepReview honors on-disk APPROVE while pi hangs — seconds not stall timeout (270.731375ms)
✔ resolveReviewerModelPin returns per-type override when set (0.724833ms)
✔ resolveReviewerModelPin falls back to top-level when per-type block missing (0.091792ms)
✔ resolveReviewerModelPin cascades per-type inherit to top-level pin (0.064666ms)
✔ resolveReviewerModelPin returns null for top-level inherit (0.053ms)
✔ resolveReviewerModelPin returns null when reviewer block absent (0.057375ms)
✔ resolveReviewerThinkingPin returns per-type override when set (0.086125ms)
✔ resolveReviewerThinkingPin falls back to top-level when per-type block missing (0.063208ms)
✔ resolveReviewerThinkingPin cascades per-type inherit to top-level pin (0.046417ms)
✔ resolveReviewerThinkingPin returns null for off at any level (0.07525ms)
✔ resolveReviewerThinkingPin returns null when reviewer block absent (0.053833ms)
✔ resolveRulesManifestGeneratedAtMerge keeps newest generatedAt (0.752625ms)
✔ resolveRulesManifestGeneratedAtMerge fails when rules differ (0.1005ms)
✔ fingerprintRulesManifest ignores generatedAt (0.060583ms)
✔ mergeLaneToOrch clears generatedAt-only dirty rules-manifest before merge (1941.434334ms)
✔ mergeLaneToOrch auto-resolves generatedAt-only rules-manifest conflict (1802.038917ms)
✔ mergeLaneToOrch fails loud when rules[] differ (1619.524667ms)
✔ mergeLaneToOrch does not auto-resolve when other paths conflict (1924.24225ms)
✔ tryAutoResolveRulesManifestMergeConflict resolves in-progress merge (862.644083ms)
✔ appendTaskMetric writes TaskMetricRecord JSONL line (7.278208ms)
✔ buildTaskMetricRecord includes laneNumber and durationMs when available (0.194375ms)
✔ buildTaskMetricRecord omits laneNumber when not a positive lane (0.109042ms)
✔ metrics.enabled false skips append without error (1.98275ms)
✔ resolveTaskMetricOutcome maps skipped_done_on_disk to skipped (0.107ms)
✔ appendTaskMetric redacts secret-like fields and omits prompt text (7.011083ms)
✔ skipTaskDoneOnDisk records skipped task metric (38.152167ms)
✔ appendBatchMetric writes BatchMetricRecord JSONL line (4.022167ms)
✔ recordBatchTerminalMetric skips when metrics disabled (0.938334ms)
✔ dismissBatch appends batch metric line (952.31975ms)
✔ spine metrics show filters by batch and formats table output (2.7625ms)
✔ spine metrics show CLI filters by batch id (124.699917ms)
✔ resolveSalvageConfig defaults autoCommitOnStall to false (0.654125ms)
✔ validateSpineConfig rejects non-boolean autoCommitOnStall (0.658958ms)
✔ recordTaskFailureSalvage with autoCommitOnStall commits scoped paths on lane branch (836.842875ms)
✔ recordTaskFailureSalvage without autoCommitOnStall does not commit (729.293667ms)
✔ salvage commit refuses merge_in_progress and index_conflicts (909.078542ms)
✔ salvage commit refuses pre-commit hook failure (821.457125ms)
✔ atomic retry retains salvage WIP commit on lane branch (853.921417ms)
✔ inspectLaneSalvage scopes porcelain to file scope and task folder (254.280375ms)
✔ recordTaskFailureSalvage journals inspection and writes evidence without committing (730.840791ms)
✔ writeSalvageEvidence writes pretty JSON atomically without temp files (374.255292ms)
✔ startBatch worker failure with dirty scoped file emits salvage and diagnose hint (8131.98325ms)
✔ parseSequenceArgs honors --auto-approve-gate and --force (0.657959ms)
✔ spine run sequence --auto-approve-gate dry-run succeeds under stub (626.662917ms)
✔ spine run sequence --auto-approve-gate refused for real pi without --force (588.060083ms)
✔ spine run sequence --auto-approve-gate --force dry-run succeeds for real pi (598.025708ms)
✔ validateSequenceAutoApproveGate allows stub mode without force (0.756041ms)
✔ validateSequenceAutoApproveGate blocks real pi without force (0.158667ms)
✔ validateSequenceAutoApproveGate allows real pi with force (0.068958ms)
✔ validateSequenceAutoApproveGate skips check when flag is false (0.064292ms)
✔ buildSequenceAutoApproveDoctorCheck warns for real pi (0.084ms)
✔ buildSequenceAutoApproveDoctorCheck passes for stub mode (0.06275ms)
✔ runSequence refuses auto-approve on dry-run for real pi (0.423ms)
✔ runSequence allows auto-approve dry-run with force on real pi (0.16925ms)
✔ readCurrentBatchLogTail returns null for missing file (0.655625ms)
✔ readCurrentBatchLogTail filters to last batch session header (12.501125ms)
✔ readCurrentBatchLogTail returns full content when no header exists (11.633125ms)
✔ readCurrentBatchLogTail respects lineCount limit (5.913333ms)
✔ waitForSequenceBatchTerminal returns settled when batch completes before timeout (1520.867916ms)
✔ waitForSequenceBatchTerminal does not exit while engine PID is alive (3487.95075ms)
✔ waitForSequenceBatchTerminal returns failure diagnosis even with alive engine (1116.907708ms)
✔ isPiSessionMetadataPath matches .pi session roots and children (1.183083ms)
✔ checkGitClean ignores untracked .pi/ session metadata (394.978167ms)
✔ checkGitClean still fails when non-.pi paths are dirty (553.27375ms)
✔ runSequence with only .pi/ dirty passes preflight (16262.001916ms)
✔ runSequence surfaces preflight failure on stderr-equivalent output (8131.984833ms)
✔ resolveResumeFromWave continues after last completed wave (0.619834ms)
✔ sequence persists fromWave, completedWaves, and lastBatchId after wave 0 (11361.789417ms)
✔ resume after interrupted wave 0 integrate completes remaining waves (25019.677792ms)
✔ sequence halts on wave failure with --stop-on-failure and preserves completed waves (10631.574958ms)
✔ resolveWaveTaskIds and resolveSequenceWaves honor planner waves (1.217792ms)
✔ diagnosis helpers classify settled, waiting, and failure states (0.103375ms)
✔ dry-run prints operator-equivalent land loop commands per wave (0.230084ms)
✔ 2-wave stub sequence completes with auto-approve land loop (23591.670084ms)
✔ buildSequencePlan resolves pending scope for dry-run integration (517.024041ms)
✔ skipTask leaves phase paused when all tasks terminal without merge (2139.028708ms)
✔ skipTask clears failed segment drift for reconcile (1911.463584ms)
✔ resolveWorkerOutputConfig applies lane defaults and overrides (0.677459ms)
✔ captureWorkerOutputTail keeps last lines and marks byte truncation (0.443584ms)
✔ redactWorkerOutput applies built-in and config deny patterns (0.418542ms)
✔ runWorker stall_timeout captures stderr, persists log, journals stall_killed (5135.402916ms)
✔ collectEvidenceBundle references persisted worker output logs (4.673958ms)
✔ successful worker skips log unless retainWorkerOutputOnSuccess (5031.287625ms)
✔ SAT-020 replay: checkpoint_warning → stall_killed → salvage_inspection → task.failed (62002.063209ms)
✔ regression: stub worker still requires .DONE for batch success (6786.532208ms)
✔ recordTaskTransition writes batch-state then journal in order (149.291166ms)
✔ saveSpineBatchState leaves prior JSON intact when atomic write fails (139.479166ms)
✔ saveGateRecord leaves prior JSON intact when atomic write fails (135.000917ms)
✔ validateBatchState accepts healthy schema v1 state (1.020958ms)
✔ validateBatchState rejects counter drift (0.187167ms)
✔ runSpineState validate passes on archived batch-state (5.04225ms)
✔ runSpineState validate fails loud on corrupt active state (1.703666ms)
✔ computeStatusProgress derives wave and task counts from batch raw (1.041292ms)
✔ computeStatusProgress returns null without batch raw (0.07875ms)
✔ formatStatusJson includes documented progress field names (0.132625ms)
✔ spine status --json includes task and wave progress for active batch (911.740667ms)
✔ spine status --json omits progress counts when no batch is active (133.707709ms)
✔ reconcileBatch exposes progress fields for spine watch consumers (903.600708ms)
✔ classifyTaskDoneSemantics distinguishes lane vs main .DONE (issue #35) (244.956917ms)
✔ spine status --diagnose --json exposes explicit done flags mid-batch (938.23225ms)
✔ verifyStubFileScopeMustChange fails when contract paths are unchanged (291.941833ms)
✔ verifyStubFileScopeMustChange passes when contract path changed (388.64225ms)
✔ verifyStubFileScopeMustChange passes for comma-in-single-backtick fileScopeMustChange (SP-396) (283.080667ms)
✔ commitLaneWorktree rejects stub completion without fileScopeMustChange diffs (272.637958ms)
✔ commitLaneWorktree allows stub completion when fileScopeMustChange is satisfied (533.208792ms)
✔ stub contract helpers detect release-critical contracts and legacy markers (0.298375ms)
✔ 
Line coverage (in-scope): 88.71% (threshold: 77%)
no active session; run stet start first
