Contract testCommand failure log
Command: npm run typecheck && SPINE_WORKER_STUB=1 npm test -- tests/batch/gitignored-auto-clean.test.mjs && npm run coverage:check && stet run --strictness lenient --auto-finish-zero --quiet
Exit code: 1
Attempt: 1 of 2
Timestamp: 2026-07-04T19:25:36.876Z
Buffer overflow: no
---

> pi-spine@1.4.0 typecheck
> tsc --project tsconfig.json --noEmit && tsc --project tsconfig.batch.json --noEmit


> pi-spine@1.4.0 test
> SPINE_SUPPRESS_JOURNAL_ATTACH=1 node --experimental-strip-types --test tests/*.test.mjs tests/cli/*.test.mjs tests/compat/*.test.mjs tests/tasks/*.test.mjs tests/config/*.test.mjs tests/config/cursor-rules/*.test.mjs tests/planner/*.test.mjs tests/batch/*.test.mjs tests/agents/*.test.mjs tests/adoption/*.test.mjs tests/dashboard/*.test.mjs tests/doctor/*.test.mjs tests/migrate/*.test.mjs tests/worker-tools/*.test.mjs tests/coverage/*.test.mjs tests/extensions/*.test.mjs tests/batch/gitignored-auto-clean.test.mjs

✔ adoption fixture: init, plan, stub batch AD-001 creates .DONE (18320.651625ms)
✔ adoption integration: REPLAN final verdict surfaces needs_replan diagnosis (17279.787542ms)
✔ worker.md documents spine tools, stall checkpoint, and coverage policy (4.020209ms)
✔ worker.md documents engine-owned code and final review after .DONE (0.382ms)
✔ reviewer.md documents final PASS REVISE REPLAN verdicts (0.385792ms)
✔ worker-prompt tail aligns with worker.md commit and review conventions (1.004209ms)
✔ buildWorkerTailPrompt does not contradict worker.md on commit format (25.610625ms)
✔ buildAgentSessionWorkerPrompt includes review hint when level > 0 (3.818ms)
✔ buildWorkerPiArgs omits -ne when no pi-web-access conflict (27.285792ms)
✔ buildWorkerPiArgs includes -ne before -p when extension conflict detected (23.692166ms)
✔ formatPiExtensionConflictHint surfaces pi-web-access remediation (0.343333ms)
✔ abortBatch archives batch-state before clearing active file (1601.81625ms)
✔ abortBatch journals batch.aborted and preserves prior journal tail (1812.982167ms)
✔ abortBatch writes abort signal without killing on graceful abort (1089.069792ms)
✔ hard abort removes lane worktree when cleanup enabled (1756.91325ms)
✔ hard abort keeps worktree when cleanupOnHardAbort is false (982.616ms)
✔ abortBatch fails when no active batch (794.599834ms)
✔ mergeLaneToOrch auto-resolves disjoint adoption doc edits without force-merge (5933.357708ms)
✔ mergeLaneToOrch fails adoption doc merge with recovery commands when hunks overlap (4669.409958ms)
✔ formatAdoptionDocMergeFailure names file and wave recovery (0.23075ms)
✔ agent session abort failure journals lane.worker_abort_failed (1539.991917ms)
✔ formatAttachedMilestoneLine renders land-loop journal types (0.556916ms)
[spine] batch.started
[spine] task.started SP-343
[spine] task.completed SP-343
[spine] batch.merge_started wave=0
[spine] batch.merge_completed wave=0
[spine] gate.opened
[spine] gate.evidence_collecting
[spine] gate.evidence_completed
[spine] batch.completed
[spine] batch.land_loop_finalized

Batch started

Batch 20260704T191941 completed: SP-343 succeeded; merged to orch/spine-20260704T191941.
  → spine gate status
  → spine gate approve
  → spine integrate
  → spine batch complete

Batch 20260704T191941 ready to integrate orch branch to main

  → spine integrate

  Alternatives:
    • /spine-integrate
    • /spine-gate
    • spine status --diagnose

  Batch: 20260704T191941
  Task: SP-343
✔ runSpineBatch attached start returns integrate handoff without process.exit in tests (17967.797959ms)
✔ attached batch CLI subprocess exits after completed with stdout milestones (14459.794375ms)
✔ formatAttachedBatchCliResult includes diagnosis suggested command (0.6975ms)
✔ enforceAttachedEngineSingleOwner fails fast when engine PID is alive (1389.3115ms)
✔ enforceAttachedEngineSingleOwner orphans prior engine with --force (1556.739125ms)
✔ resumeBatch rejects second attached resume when engine PID is alive (1253.526958ms)
✔ resumeBatchDetached rejects spawn when attached engine PID is alive (1088.170417ms)
✔ runAttachedBatchEngine blocks attached start when engine PID is alive (962.681167ms)
✔ isLastWaveIndex matches batch 20260618T000943 wave plan (0.510583ms)
✔ maybeFinalizeAfterWaveMerge opens gate for last-wave post-merge limbo (4802.150209ms)
✔ resumeMultiTaskBatch finalizes post-merge limbo even with stale engine pid (4356.47775ms)
✔ terminateStaleDetachedEngine still clears stale engine during post-merge limbo resume handoff (972.076708ms)
✔ startBatch multi-wave attached path opens gate after wave 1 without resume (22612.544167ms)
✔ attached milestone types include batch.merge_blocked (0.537666ms)
✔ formatAttachedBatchCliResult prints merge failure headline and exits non-zero for merge_blocked (4301.476375ms)
✔ runAttachedBatchEngine streams merge_blocked milestone before merge failure CLI output (3935.145792ms)
✔ mergeEngineStateWithDiskPause adopts operator pause from disk (1589.946792ms)
✔ saveEngineBatchState does not clobber phase paused during heartbeat-style saves (1737.527959ms)
✔ enforceOperatorPauseOnDisk re-asserts paused after engine overwrite (1388.50625ms)
✔ pauseBatch confirms when attached engine heartbeat saves honor pause (2637.871875ms)
✔ batch 20260620T194352 fixture is post-merge limbo without gate (1602.438625ms)
✔ attemptPostMergeLandLoopHandoff finalizes in-process after SIGTERM-shaped limbo (4631.101959ms)
✔ finalizeAttachedPostMergeLimbo is idempotent when gate already open (3945.743209ms)
✔ resume after orphan_terminated journal opens gate for batch 20260620T194352 pattern (4316.303291ms)
✔ installAttachedEngineShutdownHandlers finalizes on SIGTERM without manual resume (4402.890584ms)
✔ terminateStaleDetachedEngine during post-merge limbo still allows resume finalize (3506.6125ms)
✔ shouldAutoIntegrateAfterWave is false by default (0.496584ms)
✔ shouldAutoIntegrateAfterWave is true when configured and not last wave (0.081041ms)
✔ shouldAutoIntegrateAfterWave is false on last wave (0.06925ms)
✔ issue #25: retry unblocks failed phase when only pending tasks remain (10334.604417ms)
✔ issue #25: failed phase with pending-only limbo resumes without --force (5191.443292ms)
✔ retry keeps failed phase when other failed tasks remain (1165.942792ms)
✔ diagnosis suggests resume --force for failed-phase pending-only limbo (0.239166ms)
✔ parseSupersededReplacementIds extracts child task IDs (1.113583ms)
✔ assertBatchStartTasksNotSuperseded rejects superseded IDs (2025.581792ms)
✔ assertBatchStartTasksNotSuperseded allows pending IDs (1619.314667ms)
✔ assertBatchStartTasksNotSuperseded honors --force-superseded (1340.319958ms)
✔ resolveBatchStartScope rejects explicit superseded task IDs (1375.280792ms)
✔ resolveBatchStartScope allows superseded IDs with forceSuperseded (852.706625ms)
✔ startBatch dry-run rejects superseded explicit scope (1212.553709ms)
✔ startBatch dry-run allows superseded scope with forceSuperseded (1229.46175ms)
✔ parseBatchArgs maps --wave on start to waveFilter (0.677416ms)
✔ parseBatchArgs strips --wave value from scope for wave 0 (0.098084ms)
✔ buildAttachedBatchStartArgv forwards waveFilter to detached engine (0.494917ms)
✔ startBatch dry-run with pending scope and --wave 0 selects planner wave 0 (1878.739875ms)
✔ startBatch dry-run with --wave selects planner wave task IDs (1870.737375ms)
✔ wave-filtered dry-run matches explicit wave task scope dry-run (1418.808917ms)
✔ evaluateBatchStateWriteGuard rejects writes from non-owner live engine (78.185833ms)
✔ saveSpineBatchState rejects resurrecting archived batch cache (108.482708ms)
✔ resolveStallConfig defaults checkpoint warning and no file-scope grace extension (0.624167ms)
✔ file-scope mtime is activity only — does not extend stall deadline by default (0.187791ms)
✔ checkpoint signals extend grace; STATUS update moves deadline (0.078208ms)
✔ shouldEmitCheckpointWarning after activity without checkpoint threshold (0.105875ms)
✔ resolveScopedDirtyPaths limits porcelain to file scope and task folder (925.70925ms)
✔ lane.checkpoint_warning journal event and diagnose hints (22.688709ms)
✔ extractJournalDiagnosisHints omits stale checkpoint_warning older than 30 minutes (0.139083ms)
✔ collectProgressSignals includes dirtyPaths for scoped changes (1305.435792ms)
✔ runFinalReviewPhase fails fast with contract_failed and does not consume finalAttempts (8485.745875ms)
✔ reconcileBatch surfaces contract_failed headline for failed task (3433.568ms)
✔ verifyContract satisfies pre-landed fileScopeMustChange when testCommand and artifacts pass (3089.553125ms)
✔ verifyContract still fails pre-landed scope when testCommand fails (7426.940583ms)
✔ verifyStubFileScopeMustChange passes delivery-only STATUS when source scope pre-landed (2295.338875ms)
✔ verifyContract passes delivery-only STATUS.md fileScopeMustChange contract (2959.238167ms)
✔ resolvePromptRelPath derives task PROMPT from spine-tasks delivery changes (855.200541ms)
✔ isFileScopePatternPrelanded detects scope changed on main after task intro (1864.145917ms)
✔ testCommand fails once then succeeds on retry — contract passes (227.286083ms)
✔ testCommand fails all retries — contract_failed as before (272.22525ms)
✔ retry count configurable via spine-config contract.testRetries (619.542167ms)
✔ failed output captured to .reviews/ directory (277.130834ms)
✔ no retry when testCommand succeeds first time (no performance cost) (305.513625ms)
✔ writeContractFailureLog creates log file with header (98.163083ms)
✔ writeContractFailureLog returns null when taskFolder is undefined (0.198917ms)
✔ CONTRACT_TEST_DEFAULT_RETRIES is 1 (0.0565ms)
✔ CONTRACT_TEST_RETRY_DELAY_MS is 5000 (0.181708ms)
✔ multiple failure logs captured across retry attempts (237.554875ms)
✔ parseContract extracts stallTimeoutMinutes and extendGraceOnFileScope (1.164459ms)
✔ resolveTaskStallMinutes uses max of global, size floor, and contract override (0.118709ms)
✔ resolveStallConfigForTask applies contract stallTimeoutMinutes to stallTimeoutMs (0.122291ms)
✔ resolveStallConfigForTask honors contract extendGraceOnFileScope (0.071291ms)
✔ resolveWorkerPiTimeoutMs aligns with contract stall budget (0.098375ms)
✔ runWorker with contract stall override survives beyond global stall budget (scaled) (5308.203125ms)
✔ runWorker without contract override stalls at scaled global budget (5385.126083ms)
✔ isDeliveryArtifactPath accepts STATUS.md-only patterns (0.721083ms)
✔ isDeliveryArtifactPath accepts .DONE-only patterns (0.211167ms)
✔ isDeliveryArtifactPath accepts task-folder delivery globs (0.123166ms)
✔ isDeliveryArtifactPath rejects implementation and tasks-root paths (0.096917ms)
✔ isImplementationScopePattern detects source and tooling roots (0.070334ms)
✔ isStubDeliveryOnlyScope is true for delivery-only pattern sets (0.106125ms)
✔ isStubDeliveryOnlyScope rejects mixed implementation and delivery patterns (0.061042ms)
✔ isStubDeliveryOnlyScope rejects empty pattern lists (0.048708ms)
✔ isDeliveryArtifactPath honors custom tasksRoot (0.197416ms)
✔ resolveTaskStartCommit returns distinct start commits for serialized lane tasks (0.667625ms)
✔ resolveTaskStartCommit prefers task.started payload commit over prior lane.committed (0.102291ms)
✔ resolveTaskStartCommit returns null when task.started is missing (main...HEAD fallback) (0.073791ms)
✔ resolveTaskStartCommit resolves git HEAD at task.started timestamp when journal lacks commit (2163.780875ms)
✔ CONTRACT_TEST_COMMAND_MAX_BUFFER exceeds legacy 256KB limit (0.494333ms)
✔ runContractTestCommand captures large stdout without killing child (148.591791ms)
✔ runContractTestCommand surfaces ENOBUFS with scoped testCommand guidance (169.550958ms)
✔ verifyContract reports buffer overflow with scoped testCommand guidance (5533.586541ms)
✔ listChangedFiles with sinceCommit scopes diff to commits after anchor (2744.75175ms)
✔ listChangedFiles without sinceCommit preserves baseBranch...HEAD (1419.757458ms)
✔ verifyContract with sinceCommit ignores prior same-lane task fileScopeMustNotChange violations (2623.531666ms)
✔ verifyContract without sinceCommit preserves cumulative lane branch behavior (1105.910959ms)
✔ verifyContract passes when testCommand exits 0 (80.993417ms)
✔ verifyContract fails when testCommand exits non-zero (221.365791ms)
✔ verifyContract checks artifactsMustExist paths in worktree (212.365208ms)
✔ verifyContract expands glob patterns in artifactsMustExist (142.602542ms)
✔ verifyContract returns ok with empty checks when contract has no verify fields (212.688625ms)
✔ verifyContract enforces fileScopeMustChange and fileScopeMustNotChange (1624.158542ms)
✔ verifyContract checks minLineCoverage from command output (108.9225ms)
✔ shouldRunContractVerify skips legacy TP-* tasks and absent contract sections (0.244667ms)
✔ matchesContractPattern supports glob paths (0.210542ms)
✔ parseAggregateLineCoverage parses coverage table rows (0.152917ms)
✔ SP-193-shaped placeholder contract fails validateContract in required mode (1.350208ms)
✔ verifyContract passes SP-193-shaped contract when scoped files changed (1665.746458ms)
✔ fileScopeMustChange trailing-slash pattern matches files under directory prefix (1850.268167ms)
✔ fileScopeMustChange trailing-slash pattern fails when no files under prefix changed (1384.262792ms)
✔ fileScopeMustChange exact-path and glob behavior preserved alongside trailing-slash (2534.3895ms)
✔ waitForDetachedBatchResume waits for integrate gate after batch completes (924.792042ms)
✔ waitForDetachedBatchResume completes without gate when integrate gate not required (799.6235ms)
✔ prepareDetachedResumeEngineHandoff terminates stale engine before resume spawn (58.835541ms)
✔ resolveDefaultResumeWaitTerminal returns true for engine_orphaned without flags (0.499041ms)
✔ resolveDefaultResumeWaitTerminal respects explicit flags (0.099334ms)
✔ detectPostMergeLimboForResume matches journal-only limbo for batch 20260629T210738 (2503.525417ms)
✔ postMergeLimbo diagnosis suggests spine batch resume --force (0.570584ms)
✔ resumeBatchDetached --force finalizes journal-only limbo without spawning engine (7735.809042ms)
✔ detached batch start opens integrate gate after stub engine completes (12431.716083ms)
✔ timeout_waiting_for_batch with dead enginePid reconciles as engine_orphaned not running (3225.85425ms)
✔ startBatchDetached persists spawn enginePid before wait on timeout failure path (32434.407208ms)
✔ parseBatchArgs defaults to detached start (attached flag off) (0.711167ms)
✔ parseBatchArgs --attached opts into foreground engine (0.081916ms)
✔ buildAttachedBatchStartArgv forwards scope and skip-preflight (0.527917ms)
✔ formatDetachedBatchStartOutput includes monitor hints (0.208417ms)
✔ batch start returns quickly and runs engine in background (14217.919084ms)
✔ parseBatchArgs resume defaults to detached (attached flag off) (0.202125ms)
✔ buildAttachedBatchResumeArgv forwards force (0.090833ms)
✔ formatDetachedEngineOutput includes resume wording (0.108583ms)
✔ waitForDetachedBatchResume returns engine_started by default (1031.658125ms)
✔ waitForDetachedBatchResume with waitTerminal returns resume_completed (995.674959ms)
✔ collectDetachedFailureDiagnostics includes task.failed summary and log tails (704.618708ms)
✔ parseBatchArgs accepts --wait-terminal (0.165708ms)
✔ batch resume returns quickly and runs engine in background (11705.686625ms)
✔ inferLaunchFailureKind ignores DirtyWorktree exitReason (0.617042ms)
✔ buildHeadline prefers DirtyWorktree over worker launch (0.299958ms)
✔ buildSuggestedCommand for DirtyWorktree suggests coverage cleanup and retry (0.13975ms)
✔ buildHeadline surfaces review_exhausted primary failure (0.1075ms)
✔ buildSuggestedCommand for review_exhausted suggests batch retry (0.058625ms)
✔ buildHeadline surfaces contract_failed primary failure (0.068834ms)
✔ buildSuggestedCommand for contract_failed suggests PROMPT edit and retry (0.055875ms)
✔ buildDiagnosisOutput bundles primary failure class without launch headline (0.117333ms)
✔ reconcileBatch aligns hasFailedTasks with segment drift and DirtyWorktree headline (3376.924083ms)
✔ reconcileBatch diagnoses review_exhausted from failed task exitReason (3155.617291ms)
✔ buildHeadline surfaces PI_SPINE_ROOT launch failure (0.709584ms)
✔ buildHeadline surfaces lane commit failures after worker completion (0.116208ms)
✔ buildSuggestedCommand prefers spine doctor for launch failures (0.190917ms)
✔ inferLaunchFailureKind reads worker output hints from journal (0.181708ms)
✔ extractJournalDiagnosisHints prioritizes setup hook and merge blocked events (6.624375ms)
✔ formatMixedOutcomeMessage lists succeeded tasks and spine batch retry guidance (0.156834ms)
✔ reconcileBatch diagnoses launch failure wave from fixture (3402.274ms)
✔ buildDiagnosisOutput bundles launch failure headline and command (0.202333ms)
✔ DIAGNOSIS_TAXONOMY includes worker_orphaned distinct from needs_retry (0.596625ms)
✔ inferLaunchFailureFromWorkerOutputTail reads PI_SPINE_ROOT hints from log tail (0.122875ms)
✔ buildSuggestedCommand prefers abort for ghost running cluster (0.131167ms)
✔ buildHeadline surfaces worker_orphaned launch failure from worker output context (0.232417ms)
✔ worker_orphaned after plan review nested_spawn_blocked suggests batch retry (0.103334ms)
✔ dead lane workerPid diagnoses worker_orphaned not needs_retry (3445.626583ms)
✔ dead workerPid after lane.completed does not diagnose worker_orphaned (3188.42125ms)
✔ worker_orphaned enriches launch headline from worker output log without task.failed (3133.931875ms)
✔ multiple ghost running tasks on one lane prefer spine batch abort (3171.851625ms)
✔ segment drift still diagnoses needs_retry (2249.304125ms)
✔ buildDiagnosisOutput bundles worker_orphaned headline and command (0.213542ms)
✔ isRunningWithoutActiveWorkers is false when workers are active (0.585583ms)
✔ isRunningWithoutActiveWorkers detects all-terminal tail state (0.078583ms)
✔ buildRunningTailHeadline maps macroPhase merging to operator text (0.212083ms)
✔ buildRunningTailHeadline maps gating / post-merge limbo (0.120084ms)
✔ buildHeadline preserves generic running when workers are active (0.182125ms)
✔ deriveMacroPhase uses journal merge tail when diagnosis is running without workers (0.224667ms)
✔ deriveMacroPhase stays executing when workers are active (0.074417ms)
✔ tail-state fixture reconciles without bare is running headline (3282.674375ms)
✔ tail-state headline matches batch 20260701T031142 shape via buildHeadline (0.219209ms)
✔ isCoverageArtifactPath matches extension/coverage and root coverage dirs (0.600541ms)
✔ isPathInFileScope matches exact paths and directory prefixes (0.127375ms)
✔ filterOutOfScopeCoveragePorcelain drops modified coverage outside file scope (0.136875ms)
✔ filterOutOfScopeCoveragePorcelain keeps in-scope coverage modifications (0.082084ms)
✔ restoreOutOfScopeCoverageArtifacts resets tracked coverage files (1677.179917ms)
✔ resolvePostLaneCommitPorcelain restores and filters out-of-scope coverage (1522.689458ms)
✔ commitLaneAndValidateWorktree succeeds when only out-of-scope coverage is dirty (3694.375ms)
✔ commitLaneAndValidateWorktree fails when dirty without .DONE (1825.148583ms)
✔ isWorktreeDeletionPorcelainLine matches unstaged deletions (0.527625ms)
✔ isSymlinkOnlyDriftPorcelain is true only for deletion-only porcelain (0.099875ms)
✔ filterSetupHookSymlinkDriftPorcelain clears deletion-only drift (0.071291ms)
✔ parseLaneWorktreeIdentity extracts batch and lane from worktree path (0.497125ms)
✔ resolvePostLaneCommitPorcelain repairs hook symlink drift (2581.072167ms)
✔ commitLaneAndValidateWorktree succeeds when hook symlink drifts after PASS (4346.636083ms)
✔ dismissBatch kills live stub worker PID and journals lane.worker_terminated (3234.396417ms)
✔ shouldRunCodeReview requires review level 2 or higher (0.512458ms)
✔ findCodeReviewStepNumber prefers step with code review checkpoint (14.435959ms)
✔ findCompletedCodeReview honors journal review.completed code APPROVE (10.309542ms)
✔ findCompletedCodeReview honors step artifact APPROVE for code review step (14.142792ms)
✔ runTaskOnLane runs engine code review for RL2 without worker nested spawn (8456.447667ms)
✔ runTaskOnLane skips engine code review when review level is 0 (7048.144709ms)
✔ runTaskOnLane skips engine code review when review level is 1 (7069.757792ms)
✔ runTaskOnLane honors journal review.completed code APPROVE without duplicate spawn (6774.618958ms)
✔ runTaskOnLane re-invokes worker after code REVISE and succeeds on APPROVE (11525.584625ms)
✔ resolveReviewSpawnTimeoutMs aligns with stall budget for M tasks (0.610583ms)
✔ runStepReview journals review.failed with review_timeout on hung spawn (400.789916ms)
✔ async reviewer spawn does not block the event loop while waiting for timeout (452.150333ms)
✔ startBatch opens integrate gate before batch.completed journal event (12154.535042ms)
✔ startBatch serializes multiple tasks on one physical lane (17996.407917ms)
✔ startBatch runs disjoint-scope tasks on separate lanes in parallel (12007.478167ms)
✔ startBatch records lane commit before task.completed (10869.06825ms)
✔ runTaskOnLane emits task.failed not task.completed when lane commit fails (6802.465625ms)
✔ validateSpineConfig accepts worktreeSetupIgnorePaths (0.247708ms)
✔ engine_orphaned diagnosis suggests retry when task id known, attached resume otherwise (0.622375ms)
✔ dead engine with phase running passes validateMultiTaskResume without pause (1608.345916ms)
✔ running phase with live engine pid rejects resume without force (1958.431667ms)
✔ reconcile engine_orphaned recommends attached resume for batch 20260618T191236 pattern (2859.546583ms)
✔ engine_orphaned with failedTaskId suggests retry (SP-315) (0.602833ms)
✔ reconcileOrphanRunningState transitions running task to failed with journal events (1424.770292ms)
✔ retryTask succeeds on orphan without manual pause (issue #20 trap) (1707.554625ms)
✔ diagnose then retry: suggestedCommand matches working recovery path (2656.1705ms)
✔ resume --force allowed after orphan reconcile when phase was running (983.214917ms)
✔ terminateStaleDetachedEngine SIGTERM stale pid on failed resume (133.966667ms)
✔ runStepReview honors existing final PASS without re-spawn (142.855208ms)
✔ runStepReview skips review.failed journal when batch already completed (92.870667ms)
✔ startBatch lane branch has commit before merge when stub touches files (12314.08475ms)
✔ startBatch completes single task with stub worker (10424.784042ms)
✔ isExplicitBatchScope treats pending as explicit (0.228958ms)
✔ startBatch all dry-run allows multi-wave pending backlog (1014.687125ms)
✔ startBatch pending dry-run excludes done tasks (498.717916ms)
✔ startBatch all fails when every task has .DONE (673.91075ms)
✔ startBatch skips worker when .DONE exists on disk (3071.785875ms)
✔ resolveBatchStartScope normalizes all to pending IDs (609.588583ms)
✔ startBatch explicit IDs still allow multi-wave when scope is not bare all (536.768041ms)
✔ startBatch completes two-lane wave with stub workers (9300.540625ms)
✔ startBatch blocks merge on mixed outcomes (6423.888292ms)
✔ assessWaveMergeEligibility blocks failed and pending tasks (0.219334ms)
✔ collectCoreEvidenceBundle writes summary without complete marker (3191.420166ms)
✔ openIntegrateGate persists gate before extended evidence and journals milestones (2908.41625ms)
✔ openIntegrateGate keeps gate when extended evidence command fails (2797.375208ms)
✔ collectExtendedEvidenceBundle appends to existing refs (2149.185833ms)
✔ parseEvidenceCommandArgv accepts npm run test (2.662417ms)
✔ parseEvidenceCommandArgv preserves quoted arguments (0.156292ms)
✔ parseEvidenceCommandArgv rejects shell command chaining (0.305916ms)
✔ parseEvidenceCommandArgv rejects unknown binary (0.21425ms)
✔ runEvidenceCommand executes allowlisted argv without shell (257.297416ms)
✔ runEvidenceCommand rejects malicious config strings (0.330084ms)
✔ runEvidenceCommand skips empty command (0.210209ms)
✔ runEvidenceCommand rejects disallowed build binary (0.274667ms)
✔ parseEvidenceCommandArgv rejects subshell injection (0.314209ms)
✔ collectEvidenceBundle writes summary and .complete marker atomically (2791.832084ms)
✔ collectEvidenceBundle writes rejected output for unsafe testing.test (2186.9845ms)
✔ findCompletedFinalReview honors journal review.completed final PASS (7.923125ms)
✔ findCompletedFinalReview honors latest final artifact PASS (19.291416ms)
✔ runTaskOnLane honors pre-existing worker final review without spawn failure (8027.818209ms)
✔ runTaskOnLane honors journal review.completed final PASS without duplicate spawn (7451.43475ms)
✔ parseFinalReviewVerdict accepts PASS, REVISE, and REPLAN (0.853209ms)
✔ shouldRunFinalReview skips when review level is 0 (0.091583ms)
✔ runTaskOnLane skips final review when review level is 0 (7945.7405ms)
✔ runTaskOnLane journals task.verdict_recorded on PASS final review (7443.510625ms)
✔ runTaskOnLane re-invokes worker after REVISE and succeeds on PASS (12030.246125ms)
✔ runTaskOnLane caps REVISE at maxFinalAttempts with review_exhausted (16075.833708ms)
✔ runTaskOnLane fails with needs_replan and does not keep .DONE (5833.946958ms)
✔ mergeWaveLanesToOrch blocks when a wave task has exitReason needs_replan (1654.172458ms)
✔ runEngineFinalReview stub writes final artifact path (52.332791ms)
✔ buildTaskScorecard lists task rows (0.66225ms)
✔ openIntegrateGate persists pending gate and journals gate.opened (2751.106667ms)
✔ collectEvidenceBundle writes summary and diff-stat (2866.270375ms)
✔ approve and reject enforce gate FSM (2434.305709ms)
✔ rejectIntegrateGate journals gate.rejected (2635.245708ms)
✔ checkIntegrateGate blocks until approved (exit 2) (2456.626625ms)
✔ integrateOrchToBase fails with exit 2 when gate pending (2368.417166ms)
✔ integrateOrchToBase succeeds after gate approval (3330.851917ms)
✔ force integrate requires SPINE_ALLOW_FORCE=1 (640.488416ms)
✔ openIntegrateGateAfterBatchComplete skips non-completed batches (532.670291ms)
✔ runSpineGate CLI approve updates gate record (2293.880542ms)
✔ isGitignoredArtifactPath matches extension/coverage and node_modules (0.600292ms)
✔ listGitignoredArtifactRoots deduplicates nested artifact dirs (0.542625ms)
✔ sanitizeGitignoredArtifactsBeforeLaneCommit removes worktree-only coverage (914.554ms)
✔ sanitizeGitignoredArtifactsBeforeLaneCommit skips when disabled (587.6125ms)
✔ commitLaneAndValidateWorktree succeeds when only extension/coverage is gitignored dirty (1489.9085ms)
✔ commitLaneAndValidateWorktree succeeds when only node_modules is gitignored dirty (1477.147916ms)
✔ sanitizeGitignoredArtifactsBeforeLaneCommit does not clean index-tracked gitignored paths (1298.365666ms)
✔ commitLaneWorktree still fails for index-tracked gitignored coverage (1164.399792ms)
✔ classifyGitignoredPaths returns empty arrays for empty input (432.704792ms)
✔ classifyGitignoredPaths detects index-tracked gitignored paths (629.899666ms)
✔ classifyGitignoredPaths detects worktree-only gitignored paths (870.149208ms)
✔ classifyGitignoredPaths handles mixed index-tracked and worktree-only (690.9165ms)
✔ formatGitignoredRemediationMessage: worktree-only does not suggest git rm --cached (0.318291ms)
✔ formatGitignoredRemediationMessage: index-tracked suggests git rm --cached (0.068042ms)
✔ formatGitignoredRemediationMessage: mixed suggests both remediation paths (0.062375ms)
✔ commitLaneWorktree: worktree-only gitignored does not suggest git rm --cached (967.581458ms)
✔ commitLaneWorktree: index-tracked gitignored still suggests git rm --cached (2012.269459ms)
✔ regression: SP-011 worktree-only coverage after npm test does not suggest git rm --cached (877.625709ms)
✔ resolveHeartbeatKind marks launching as worker_alive only (0.601208ms)
✔ shouldEmitCheckpointWarning skips launching phase (0.1565ms)
✔ buildHeartbeatPayloadFields omits stale checkpoint signals during launching (0.089834ms)
✔ recordLaneHeartbeat journals kind and phase (193.828458ms)
✔ runWorker launching heartbeat does not journal stale STATUS mtime on fast-fail retry (5945.286875ms)
✔ resolveStallConfig applies lane overrides (0.417042ms)
✔ progressSignalsChanged detects STATUS mtime updates (730.226542ms)
✔ computeStallDeadline extends past hard timeout after progress (0.127959ms)
✔ stall false positive avoided when STATUS updates extend deadline (I-01) (0.102083ms)
✔ findLatestStepCompletedMs returns newest matching task.step_completed (0.123458ms)
✔ progressSignalsChanged detects journal task.step_completed (silent tools) (886.548041ms)
✔ activitySignalsChanged detects file-scope mtime updates (FR-WORK-10 / FR-STALL-02) (524.773708ms)
✔ startBatch records lane.heartbeat during stub worker delay (10495.37775ms)
✔ isFastForwardCapableIntegrate detects orch ahead of main (#93) (1476.359209ms)
✔ integrateOrchToBase fast-forwards when orch is strictly ahead (#93 batch 20260702T071449) (6530.43025ms)
✔ integrateOrchToBase fast-forwards with generatedAt-only rules-manifest drift on main (#93) (4980.748458ms)
✔ recordBatchBaseSnapshot stores head sha and journals batch.base_snapshot (899.852208ms)
✔ integrateOrchToBase succeeds with uncommitted edits on main (4493.679375ms)
✔ integrateOrchToBase conflict path leaves human checkout and files unchanged (5716.179417ms)
✔ integrateOrchToBase dry-run advertises isolated merge plan (811.620375ms)
✔ resolveRulesManifestIntegrateDrift restores main when worker manifest matches orch (#22) (1960.179958ms)
✔ integrateOrchToBase succeeds with worker manifest drift on main matching orch (#22) (5093.7325ms)
✔ resolveRulesManifestIntegrateDrift blocks unrelated dirty files on main (940.26825ms)
✔ resolveRulesManifestIntegrateDrift blocks substantive manifest drift not matching orch (1436.725375ms)
✔ resolveRulesManifestIntegrateDrift still clears generatedAt-only drift on main (841.109792ms)
✔ resolveRulesManifestIntegrateDrift clears generatedAt-only dirty manifest on main (2192.737125ms)
✔ integrateOrchToBase succeeds with dirty generatedAt-only rules-manifest on main (5068.554917ms)
✔ DEFAULT_SYNC_TIMEOUT_MS is 60 seconds (0.498875ms)
✔ syncPlumbingMergePathsToWorktree returns ok: true on successful sync (1693.500625ms)
✔ syncPlumbingMergePathsToWorktree returns ok: false with timedOut on timeout (1367.738875ms)
✔ integrateOrchToBase emits integrate.failed with IntegrateTimeout on sync timeout (3789.514042ms)
✔ successful integrate still emits integrate.completed (regression) (3559.499125ms)
✔ partial sync failure returns ok: false with correct failureClass from integrateOrchToBase (4024.854084ms)
✔ assertOrchIntegratable refuses empty orch when mergeResults claim success (937.101166ms)
✔ assertOrchIntegratable requires integrate when orch is ahead of base (1306.992916ms)
✔ reconcileBatch reports needs_integrate when batch completed but orch not on main (2691.539125ms)
✔ completeBatch refuses when orch is ahead but not integrated (1511.419125ms)
✔ integrateOrchToBase merges orch into main and journals events (3676.421125ms)
✔ integrateOrchToBase dry-run does not change main HEAD (1765.746ms)
✔ completeBatch succeeds after integrate lands orch on main (4965.788292ms)
✔ integrateOrchToBase aborts merge on conflict and restores checkout (3513.516542ms)
✔ integrateOrchToBase fails when batch state is missing (0.294417ms)
✔ runSpineIntegrate CLI succeeds when orch tip already matches main (472.263958ms)
✔ PRD §20.2 planner yields wave0 {A,C} and wave1 {B} (1077.193959ms)
✔ PRD §20.2 two-lane stub batch completes ABC waves (17866.6295ms)
✔ PRD §20.2 mixed-outcome blocks merge; retry resets wave B for resume (13135.508667ms)
✔ runStepReview with worker attach env does not journal when attach suppressed (7.864625ms)
✔ runSpineReviewStep with worker attach env does not journal when attach suppressed (5.1225ms)
✔ runSpineReportProgress with worker attach env does not journal when attach suppressed (1.378917ms)
✔ readJournalEventsCached returns same events as readJournalEvents (23.947708ms)
✔ readJournalEventsCached returns cached copy on second call without file change (9.111084ms)
✔ readJournalEventsCached invalidates when file mtime changes (21.036125ms)
✔ readJournalEventsCached returns empty array for missing file (4.213625ms)
✔ clearJournalCache forces re-read on next call (13.249292ms)
✔ invalidateJournalCache with matching path clears cache (8.505625ms)
✔ invalidateJournalCache with non-matching path preserves cache (9.770875ms)
✔ readJournalEventsCached handles transition from missing to existing file (8.757583ms)
✔ readJournalEventsCached handles switch between different batch IDs (14.394166ms)
✔ runSpineJournal replay exits non-zero when journal missing (3.27975ms)
✔ runSpineJournal replay prints human table (20.003083ms)
✔ runSpineJournal replay --json returns events array (8.650167ms)
✔ exportJournalJsonl returns null when journal missing (4.31525ms)
✔ runSpineJournal export exits non-zero when journal missing (2.55625ms)
✔ runSpineJournal export writes jsonl to stdout (28.274458ms)
✔ runSpineJournal export --output writes file (39.505ms)
✔ exportJournalMarkdown returns null when journal missing (5.486167ms)
✔ formatJournalMarkdownTimeline produces stable table shape (1.566042ms)
✔ formatJournalMarkdownTimeline escapes pipe characters in summary (0.117875ms)
✔ runSpineJournal export markdown exits non-zero when journal missing (1.090291ms)
✔ runSpineJournal export writes markdown to stdout (16.130833ms)
✔ runSpineJournal export markdown --output writes file (11.50925ms)
✔ detectBatchStateDrift flags running cache when reconcile sees doneInLane without journal terminal (0.746042ms)
✔ deriveStructuralBatchStateFromJournal rebuilds multi-lane skeleton without cache seed (2.561875ms)
✔ resume-parallel-lane-orphan fixture: journal-only rebuild marks resumed tasks running (0.807333ms)
✔ orphan-running-resume fixture: structural + lifecycle rebuild without seed (0.739292ms)
✔ pidless-ghost-running fixture: post-resume task.started wins over historical failure (1.243125ms)
✔ resume-orphan-historical-failure fixture: rebuild ignores pre-resume failure for active task (0.45925ms)
✔ retry-clears-failed-classification fixture: rebuild fixes stale failed cache (0.675125ms)
✔ retry-clears-failed-classification fixture: detectBatchStateDrift flags cache vs journal (0.649375ms)
✔ incident fixtures rebuild from disk matches in-memory journal rebuild (425.754917ms)
✔ readJournalTimeline filters task and batch lifecycle events (0.54175ms)
✔ rebuildBatchStateFromJournal applies task.completed over stale failed cache (0.83275ms)
✔ detectBatchStateDrift flags journal completed vs cache failed (0.269125ms)
✔ detectBatchStateDrift ignores incomplete journal when cache failed (0.118667ms)
✔ incident orphan-running fixture: journal timeline is readable (407.930667ms)
✔ appendJournalEvent writes schema v1 with ISO timestamp and payload (19.9935ms)
✔ readLastTaskFailedEvent returns most recent task.failed (28.002166ms)
✔ redactSecrets masks sensitive keys (0.226209ms)
✔ capPayloadSize truncates oversized payloads (0.194459ms)
✔ normalizeJournalEvent upgrades legacy lines (0.094083ms)
✔ readJournalEvents reads mixed legacy and v1 lines (16.619625ms)
✔ extractJournalDiagnosisHints surfaces failure events from tail (0.421166ms)
✔ commitLaneWorktree commits dirty worktree when .DONE exists (1750.003792ms)
✔ commitLaneWorktree fails loud when dirty without .DONE (391.744125ms)
✔ filterPorcelain drops lines matching ignore patterns by full path (0.299917ms)
✔ filterPorcelain drops lines matching ignore patterns by basename (0.081875ms)
✔ filterPorcelain keeps rename targets when only source matches ignore (0.072375ms)
✔ filterPorcelain returns empty for empty input (0.052291ms)
✔ mergeLaneToOrch rejects empty merge when lane commits were required (709.915583ms)
✔ mergeLaneToOrch prefers orch for conflicts outside lane file scope (2275.307583ms)
✔ mergeLaneToOrch does not auto-resolve in-scope lane conflicts (1975.109917ms)
✔ dismiss archives batch-state before clearing active file (1959.950209ms)
✔ complete with --detect-manual-merge succeeds when orch merged to main (1844.663458ms)
✔ complete refused when mergeResults succeeded but orch not on main (6828.222042ms)
✔ dismiss refused when diagnosis is running without --force (1495.889792ms)
✔ isPostMergeLimbo is true when tasks and merges succeeded with open orch branch (0.53825ms)
✔ isPostMergeLimbo rejects non-running or ended batches (0.088375ms)
✔ isPostMergeLimbo rejects empty or partial task/merge state (0.074625ms)
✔ isPostMergeLimbo respects git orch branch signals (0.736625ms)
✔ isPostMergeLimbo rejects null or non-object state (0.089166ms)
✔ resolveWorkerOutputConfig defaults live log streaming off (0.589666ms)
✔ workerLiveLogPath matches runtime layout (0.093084ms)
✔ truncateLiveLogBytes applies truncation marker when over cap (0.161583ms)
✔ appendWorkerLiveLogChunk redacts secrets and enforces byte cap (5.552625ms)
✔ createWorkerLiveLogWriter returns null when streaming disabled (0.331834ms)
✔ runWorker streams subprocess stub output to live log when enabled (5101.962167ms)
✔ runWorker skips live log when streamWorkerOutputLive is false (5089.88575ms)
✔ runWorker still writes terminal failure log when live streaming enabled (5109.393833ms)
✔ startAgentSessionWorker flushes transcript chunks to live log (22.910708ms)
✔ appendWorkerLiveLogChunk rolls file with truncation marker when over max bytes (22.217667ms)
✔ MACRO_PHASES exports all eleven lifecycle values (1.013875ms)
✔ deriveMacroPhase: idle when no batch signals (0.121125ms)
✔ deriveMacroPhase: planning from batch phase (0.132959ms)
✔ deriveMacroPhase: executing for active running batch (0.10775ms)
✔ deriveMacroPhase: merging phase and needs_merge diagnosis (0.069291ms)
✔ deriveMacroPhase: reviewing when review.started is open (0.118167ms)
✔ deriveMacroPhase: gating for pending gate or post-merge limbo (0.083459ms)
✔ deriveMacroPhase: integrating for needs_integrate and open integrate.started (0.092ms)
✔ deriveMacroPhase: completed, failed, aborted, paused terminal phases (0.079167ms)
✔ fixture running-batch.json reconciles to executing macro-phase (1996.447208ms)
✔ fixture taskplane-executing.json maps to executing (0.674875ms)
✔ fixture needs-retry-batch.json maps to failed macro-phase (1604.433125ms)
✔ fixture limbo-stale maps to completed macro-phase (2190.13425ms)
✔ all macro-phase enum values are reachable via deriveMacroPhase (0.231833ms)
✔ recordMergeBlocked sets terminal merge_blocked phase and clears enginePid (430.929459ms)
✔ reconcileBatch diagnoses merge_blocked as failed merge, not needs_merge (2170.076125ms)
✔ legacy merging phase with endedAt and failed mergeResults reconciles as failed (1811.9905ms)
✔ findResumableWave skips succeeded merged waves when later wave has pending tasks (0.572542ms)
✔ validateMultiTaskResume allows force resume from merge_blocked (1515.42875ms)
✔ buildSuggestedCommand recommends resume --force for merge_blocked phase (0.272625ms)
✔ summarizeMergeFailures extracts failed wave and lane from mergeResults (0.565625ms)
✔ buildMergeFailureHeadline uses 1-based wave number and lane label (0.156167ms)
✔ buildHeadline for failed diagnosis surfaces merge conflict instead of zero failed tasks (0.19275ms)
✔ buildSuggestedCommand for merge failure suggests resume --force (0.140666ms)
✔ buildDiagnosisOutput bundles merge failure headline and command (0.135333ms)
✔ reconcileBatch surfaces merge failure fields distinct from failedTasks (2069.568333ms)
✔ spine status --json includes merge failure fields for monitors (1694.773792ms)
✔ spine status --diagnose prints merge failure details in text output (1740.192166ms)
✔ filterGitignoredPaths separates ignored and stageable paths (542.242333ms)
✔ gitAddFilteredPaths skips gitignored paths without failing (818.513292ms)
✔ mergeLaneToOrch succeeds when task branch committed gitignored coverage (2469.743084ms)
✔ commitLaneWorktree refuses gitignored-only dirty paths (1234.742ms)
✔ commitLaneWorktree commits tracked files while skipping gitignored dirty paths (1236.412ms)
✔ inferMergeGitignoredFailure detects gitignored merge and lane commit failures (0.250458ms)
✔ buildSuggestedCommand returns git rm --cached repair for gitignored merge failures (0.207083ms)
✔ reconcileBatch surfaces gitignored merge repair command from journal (1488.827209ms)
✔ filterPorcelain remains unchanged for SP-104 ignore patterns (0.300583ms)
✔ mergeLaneToOrch auto-resolves additive docs/PRD.md after origin/main merge task (2352.946333ms)
✔ mergeLaneToOrch fails PRD merge with recovery commands when hunks overlap (2436.039083ms)
✔ formatPrdDocMergeFailure names file and wave recovery (0.213625ms)
✔ isActiveWorkerSession true when SPINE_WORKER_RUNNER is set (1.003458ms)
✔ isActiveWorkerSession false outside worker context (0.082042ms)
✔ runStepReview skips nested reviewer spawn when worker env is set (79.641ms)
✔ runStepReview skips nested plan review spawn when worker env is set (61.469042ms)
✔ runStepReview stub path still works inside worker session (29.631167ms)
✔ runStepReview reaches pi availability check when worker env absent (7.852375ms)
✔ engine parent with leaked worker runner reaches reviewer spawn (23.618083ms)
✔ batch 20260619T020951 SP-306 plan step 0 journals review.skipped not review.failed (80.198167ms)
✔ detectNestedWorkerContext returns reason when SPINE_IS_WORKER=1 (0.618417ms)
✔ detectNestedWorkerContext returns reason when projectRoot is inside .worktrees/spine-* (0.11725ms)
✔ detectNestedWorkerContext returns null for normal projectRoot without worker env (0.117875ms)
✔ startBatch returns error when SPINE_IS_WORKER=1 (11.427125ms)
✔ startBatch returns error when projectRoot is inside .worktrees/spine-* (71.063ms)
✔ startBatch succeeds normally (no env, normal CWD) — regression (9076.656167ms)
✔ buildWorkerChildEnv includes SPINE_IS_WORKER=1 (5.796959ms)
✔ journalEventsSinceResume excludes pre-resume terminal events (3.690959ms)
✔ detectOrphanRunning: historical task.failed + post-resume silence + dead engine (0.686417ms)
✔ resume orphan with historical failure fixture is not diagnosed as running (1497.006542ms)
✔ terminal event within scoped window still suppresses engine orphan (0.707042ms)
✔ journalIndicatesStalledSession: post-resume start without terminal (0.720833ms)
✔ detectOrphanRunning: PID-less ghost running with post-resume journal stall (0.368042ms)
✔ pidless ghost fixture reconcile is engine_orphaned, not running (1434.349792ms)
✔ terminal event within scoped window suppresses PID-less ghost signal (0.378542ms)
✔ isProcessAlive returns false for absent pid (0.601041ms)
✔ resume parallel lane orphan fixture: multiple running on lane 1 (1.189625ms)
✔ resume parallel lane orphan fixture: reconcile is actionable after scoped orphan detect (1427.767375ms)
✔ searchATon orphan incident fixture: dead workerPid is not diagnosed as running (1844.697375ms)
✔ dead workerPid with running task is not diagnosed as running (1590.652042ms)
✔ dead enginePid mid-resume without terminal journal is engine_orphaned (1562.031833ms)
✔ running batch without recorded pids still reports running (1457.90875ms)
✔ detectOrphanRunning ignores dead engine when terminal journal exists (0.238208ms)
✔ recordBatchEnginePid persists under resilience and clears on terminal save (678.375166ms)
✔ confirmed pause records batch.paused only after engine persists phase (259.817542ms)
✔ unconfirmed pause does not leave orphan batch.paused journal entry (537.793292ms)
✔ pauseBatch succeeds immediately when no attached engine is alive (437.351958ms)
✔ pauseBatch fails loud when attached engine keeps phase running (774.883791ms)
✔ waitForPauseConfirmation returns true when phase stays paused (487.674459ms)
✔ retryTask succeeds when batch phase is paused (433.470625ms)
✔ retryTask rejects when batch phase is running (365.318042ms)
✔ batch 20260630T212050 orphan-after-merge fixture describes GitHub #59 incident (1.089875ms)
✔ batch 20260630T212050 journal fixture is limbo via resume detect but not bare state (1077.22525ms)
✔ hydrateMergeResultsFromJournal enables state limbo detection for batch 20260630T212050 (667.148875ms)
✔ finalizeAttachedLandLoopBeforeExit opens gate for batch 20260630T212050 journal limbo (1993.462125ms)
✔ installAttachedExitFinalizeHandlers finalizes journal limbo on SIGTERM without manual resume (1976.034292ms)
✔ batch 20260629T021550 fixture is post-merge limbo without gate (594.0535ms)
✔ attemptPostMergeLandLoopHandoff finalizes batch 20260629T021550 limbo after SIGTERM (2125.77775ms)
✔ resumeBatchDetached --force finalizes post-merge limbo without spawning engine (1824.570542ms)
✔ resumeBatch attached path finalizes batch 20260629T021550 limbo immediately (1931.919916ms)
✔ resumeMultiTaskBatch still finalizes batch 20260629T021550 after orphan_terminated (1745.250292ms)
✔ finalizeResumePostMergeLimbo clears stale engine pid during post-merge limbo (1413.312292ms)
✔ isPostMergeLimbo detects running phase with successful merges (0.532083ms)
✔ deriveDiagnosis returns needs_integrate for post-merge limbo (0.41725ms)
✔ finalizeBatchForIntegrate opens gate from post-merge limbo without resume (1806.653083ms)
✔ resumeMultiTaskBatch opens gate from post-merge limbo without re-running tasks (1849.592666ms)
✔ mixed-outcome post-mortem lists failed IDs and retry hint, not smooth success (1554.700792ms)
✔ false-success reconciliation headline is overridden when failures exist (1.501ms)
✔ listFailedTaskIds prefers classified terminal-failure tasks (0.631416ms)
✔ collectEvidenceBundle summary.md is honest post-mortem markdown (1574.370583ms)
✔ dismissBatch writes post-mortem path into batch history (1504.8115ms)
✔ writeBatchPostMortem persists markdown under runtime batch dir (1050.637ms)
✔ spine status --verbose includes post-mortem section for active batch (1172.018667ms)
✔ resolveStallConfig defaults progressSnapshotIntervalMinutes to 2 (0.556792ms)
✔ resolveStallConfig applies progressSnapshotIntervalMinutes override (0.082291ms)
✔ buildProgressSnapshotPayload is bounded and omits dirty path lists (0.49125ms)
✔ progressSnapshotPayloadChanged detects field deltas (0.097417ms)
✔ shouldEmitProgressSnapshot respects interval (0.073292ms)
✔ recordLaneProgressSnapshot journals bounded payload (203.478708ms)
✔ runWorker emits lane.progress_snapshot on interval and dedupes unchanged signals (10096.469041ms)
✔ startBatch fails closed on invalid PROMPT before batch starts (447.950292ms)
fatal: malformed object name missing-base-branch
✔ inspectGitState records gitInspectionError when merged-branch scan fails (302.072125ms)
✔ deriveDiagnosis returns git_unavailable when git inspection failed (0.421875ms)
✔ reconcileBatch surfaces git_unavailable instead of limbo_stale on git failure (1315.398958ms)
fatal: malformed object name missing-base-branch
✔ reconcileBatch records count_commits_ahead git errors from real git refs (1704.222166ms)
✔ idle-no-batch returns healthy idle state (210.211584ms)
✔ limbo_stale detected from incident fixture (1534.101125ms)
✔ completed_manual when orch branch merged to main (1767.098375ms)
✔ needs_retry when a task failed (1348.604833ms)
✔ running diagnosis for active batch (1180.955208ms)
✔ runReconciliationCheck matches reconcileBatch output shape (1304.201583ms)
✔ reconcileBatch includes journal hints when journal exists (1294.066167ms)
✔ reconcileBatch exposes macroPhase for running batch (1272.214708ms)
✔ reconcileBatch exposes macroPhase for limbo_stale (953.916625ms)
✔ failBatchFromEngineError writes batch.failed and clears enginePid (372.920917ms)
✔ reconcileGhostRunningTasks marks running tasks failed without worker (0.242542ms)
✔ resumeMultiTaskBatch fail-closed when post-commit gitPorcelain throws (7033.220667ms)
✔ resumeBatch opens integrate gate before batch.completed journal event (8485.288333ms)
✔ refreshLaneHeartbeatsOnResume aligns lane heartbeats to engineStartedAt (0.582209ms)
✔ taskAlreadyComplete returns false for failed task with stale .DONE on disk (0.53325ms)
✔ resumeBatch after failed retry runs contract verification before succeed (3265.287917ms)
✔ resumeBatch continues paused 2-task 2-lane batch with stub workers (8977.986375ms)
✔ resumeBatch multi path requires existing lane worktrees (273.0145ms)
✔ multi-task batch start → pause → resume completes both tasks (9541.319ms)
✔ paused multi-task batch diagnose suggests multi-task resume (995.393ms)
✔ multi-task startBatch completes two-lane stub batch (start path) (15765.783584ms)
✔ resumeBatch serializes four tasks on one lane (32084.532542ms)
✔ resumeBatch runs two lanes with two tasks each in parallel (27865.218583ms)
✔ validateMultiTaskResume accepts paused 2-task 2-lane batch (489.606791ms)
✔ validateMultiTaskResume rejects batch with zero tasks (264.552375ms)
✔ validateMultiTaskResume rejects missing worktree per lane (471.34525ms)
✔ validateMultiTaskResume allows force resume when wave merge is pending (748.045459ms)
✔ validateResumeBatch delegates to multi validator for single-task batch (580.055042ms)
✔ resolveDetachedWaitTimeoutMs uses long default for wait-terminal orphan resume (0.50175ms)
✔ prepareOrphanResumeHandoff clears stale workerPid before orphan resume (253.171167ms)
✔ clearStaleLaneWorkerPids preserves live worker pid (182.12925ms)
✔ dual-dead lane+engine orphan reconciles as engine_orphaned with attached resume (1415.990542ms)
✔ attached resume --force completes stuck task after plan review orphan stall (8376.571583ms)
✔ detached resume with wait-terminal uses extended timeout constant (0.14975ms)
✔ taskTerminalSuccessInBatch requires succeeded status and journal task.completed (0.527ms)
✔ resume --force after partial retry does not review.start succeeded task IDs (8966.5465ms)
✔ pauseBatch sets phase paused and journals batch.paused (281.040958ms)
✔ resumeBatch continues paused single-lane batch (7602.795042ms)
✔ paused spine batch reconciliation suggests spine batch resume (1033.584667ms)
✔ validateBatchState requires segments aligned with tasks (0.268ms)
✔ retryTask clears stale failure metadata before re-run (379.675792ms)
✔ retry then task.completed updates counters and reconcile diagnosis (1343.712375ms)
✔ retry-clears-failed-classification fixture reconciles after success state (1288.14225ms)
✔ retryTask atomically resets task and segment records (298.342875ms)
✔ retryTask fixes segment drift (GAP-RETRY-01) (390.729958ms)
✔ resumeBatch refuses segment drift without retry (483.381208ms)
✔ skipTask marks task skipped and updates counters (351.573417ms)
✔ retryTask rejects when batch is running (239.111125ms)
✔ defaultSegmentId used in segment records (0.169208ms)
✔ detectOrphanedReviewStarted finds orphaned review.started with no matching review.completed (0.588875ms)
✔ detectOrphanedReviewStarted returns empty when review.completed exists (0.169792ms)
✔ detectOrphanedReviewStarted distinguishes code and final review types (0.06925ms)
✔ reconcileOrphanedReviewEvents synthesizes completion when APPROVE artifact on disk (73.207875ms)
✔ reconcileOrphanedReviewEvents does NOT synthesize when no artifact on disk (14.862709ms)
✔ reconcileOrphanedReviewEvents does NOT synthesize for REVISE verdict (15.738416ms)
✔ findCompletedCodeReview honors artifact at attempt > 0 (10.375875ms)
✔ normal review flow (no crash) still works correctly (0.179208ms)
✔ reconcileOrphanedReviewEvents handles final review with PASS verdict (23.376125ms)
✔ buildReviewerSystemPrompt includes project standards when rules manifest exists (20.028041ms)
✔ buildReviewerSystemPrompt emits reviewer.rules_selected journal event (19.833917ms)
✔ buildReviewRequest user prompt does not include injected standards block (0.30825ms)
✔ runStepReview stub path does not emit reviewer.rules_selected (28.527625ms)
✔ isNoiseReviewScopePath matches runtime artifact paths (0.602792ms)
✔ filterReviewScopeNoise dedupes and drops noise (0.453875ms)
✔ resolvePlanReviewScopePaths returns PROMPT File Scope minus noise (2.27675ms)
✔ resolveReviewScopePaths plan uses task PROMPT file scope (2.446167ms)
✔ resolveReviewScopePaths final returns empty scope (0.098708ms)
✔ resolveCodeReviewScopePaths uses baseline..HEAD when baseline provided (573.782291ms)
✔ resolveCodeReviewScopePaths falls back to git diff --name-only without baseline (358.721875ms)
✔ resolveReviewScopePaths code honors injectable git runner (0.259708ms)
✔ resolveCodeReviewScopePaths returns empty array when git fails (0.10075ms)
✔ parseReviewLevel reads PROMPT heading (1.039708ms)
✔ isReviewTypeRequired follows Taskplane rubric (0.108042ms)
✔ formatReviewTimestamp strips separators from ISO time (1.146709ms)
✔ buildReviewArtifactPath uses step-timestamp pattern (0.209583ms)
✔ buildFinalReviewArtifactPath uses final-timestamp pattern (0.11775ms)
✔ normalizeVerdict maps enums by review type (0.080458ms)
✔ normalizeFinalVerdict and normalizeCodeVerdict are type-specific aliases (0.073167ms)
✔ parseReviewVerdict reads JSON and markdown verdicts (0.493167ms)
✔ parseReviewVerdict accepts PASS REVISE REPLAN when reviewType is final (0.104291ms)
✔ parseReviewVerdict step mode rejects final-only verdict enums (0.177083ms)
✔ parseFinalReviewVerdict accepts PASS, REVISE, and REPLAN (0.121625ms)
✔ parseFinalReviewVerdict omits heading summary unlike parseReviewVerdict (0.092583ms)
✔ shouldRunCodeReview requires review level 2 or higher (0.069ms)
✔ shouldRunFinalReview skips when review level is 0 (0.062625ms)
✔ DEFAULT_REVIEW_SPAWN_TIMEOUT_MS is 90 minutes (0.460209ms)
✔ honorReviewSpawnFailureWhenEligible honors final review when contract passed (2.719167ms)
✔ honorReviewSpawnFailureWhenEligible skips when contract failed (1.302875ms)
✔ honorReviewSpawnFailureWhenEligible honors code review with .DONE (2.887792ms)
✔ buildReviewerPiArgs includes --model when config pins reviewer (8.995959ms)
✔ buildReviewerPiArgs omits --model when reviewer model is inherit (1.480291ms)
✔ buildReviewerPiArgs uses per-type model override for matching reviewType (1.802166ms)
✔ buildReviewerPiArgs falls back to top-level reviewer pin when per-type block missing (1.873042ms)
✔ buildReviewerPiArgs cascades per-type inherit to top-level reviewer pin (1.813791ms)
✔ spawnReviewerPi fails closed when pi unavailable via SPINE_REVIEW_TEST_NO_PI (2.234166ms)
✔ buildReviewerChildEnv strips SPINE_WORKER_RUNNER from reviewer child env (0.332125ms)
✔ shouldBlockNestedReviewerSpawn false when only worker runner leaked on engine (0.107709ms)
✔ spawnReviewerPi allows engine spawn when worker runner leaked without journal attach (2.439ms)
✔ shouldBlockNestedReviewerSpawn true inside live worker child session (0.226459ms)
✔ parseReviewLevel reads PROMPT heading (0.664459ms)
✔ isReviewTypeRequired follows Taskplane rubric (0.088791ms)
✔ buildReviewArtifactPath uses step-timestamp pattern (1.280042ms)
✔ buildFinalReviewArtifactPath uses final-timestamp pattern (0.285542ms)
✔ parseReviewVerdict reads JSON and markdown verdicts (0.57725ms)
✔ parseReviewVerdict accepts PASS REVISE REPLAN when reviewType is final (0.321459ms)
✔ parseReviewVerdict step mode rejects final-only verdict enums (0.120083ms)
✔ parseReviewVerdict accepts PASS REVISE REPLAN for final review type (0.081ms)
✔ resolveBatchJournalContext ignores SPINE_BATCH_ID without SPINE_JOURNAL_ATTACH (0.210584ms)
✔ isJournalAttachBlocked honors SPINE_SUPPRESS_JOURNAL_ATTACH (0.132083ms)
✔ resolveBatchJournalContext blocked when attach suppressed (0.100125ms)
✔ runStepReview ignores SPINE_REVIEW_STUB_FAIL without stub mode (9.922708ms)
✔ runStepReview stub APPROVE writes artifact and journal events (17.58625ms)
✔ runStepReview stub REVISE returns exitCode 2 (6.526667ms)
✔ runStepReview fail-closed on stub spawn failure (15.250375ms)
✔ runStepReview skips when review level does not require type (7.003459ms)
✔ runStepReview final stub PASS writes final artifact path (3.445292ms)
✔ runStepReview final spawn failure exits non-zero at review level >= 1 (2.750333ms)
✔ runSpineReviewStep CLI --type final emits JSON verdict (2.932ms)
✔ runSpineReviewStep CLI emits JSON verdict (14.54825ms)
✔ assertReviewToolAvailable fails closed without pi at review level > 0 (2.732083ms)
✔ runWorker fails closed when review tool unavailable at level > 0 (9.950834ms)
✔ stub worker stops when enforced review spawn fails (81.343416ms)
✔ DEFAULT_REVIEW_SPAWN_TIMEOUT_MS remains 90 minutes (backstop unchanged) (0.417667ms)
✔ runStepReview honors on-disk APPROVE while pi hangs — seconds not stall timeout (285.497083ms)
✔ resolveReviewerModelPin returns per-type override when set (0.652084ms)
✔ resolveReviewerModelPin falls back to top-level when per-type block missing (0.164083ms)
✔ resolveReviewerModelPin cascades per-type inherit to top-level pin (0.067167ms)
✔ resolveReviewerModelPin returns null for top-level inherit (0.062167ms)
✔ resolveReviewerModelPin returns null when reviewer block absent (0.073458ms)
✔ resolveReviewerThinkingPin returns per-type override when set (0.084208ms)
✔ resolveReviewerThinkingPin falls back to top-level when per-type block missing (0.058625ms)
✔ resolveReviewerThinkingPin cascades per-type inherit to top-level pin (0.055792ms)
✔ resolveReviewerThinkingPin returns null for off at any level (0.090209ms)
✔ resolveReviewerThinkingPin returns null when reviewer block absent (0.113959ms)
✔ resolveRulesManifestGeneratedAtMerge keeps newest generatedAt (0.622208ms)
✔ resolveRulesManifestGeneratedAtMerge fails when rules differ (0.092334ms)
✔ fingerprintRulesManifest ignores generatedAt (0.071416ms)
✔ mergeLaneToOrch clears generatedAt-only dirty rules-manifest before merge (1599.472833ms)
✔ mergeLaneToOrch auto-resolves generatedAt-only rules-manifest conflict (1190.417417ms)
✔ mergeLaneToOrch fails loud when rules[] differ (1057.400959ms)
✔ mergeLaneToOrch does not auto-resolve when other paths conflict (1158.047667ms)
✔ tryAutoResolveRulesManifestMergeConflict resolves in-progress merge (870.348708ms)
✔ appendTaskMetric writes TaskMetricRecord JSONL line (9.133917ms)
✔ buildTaskMetricRecord includes laneNumber and durationMs when available (0.229208ms)
✔ buildTaskMetricRecord omits laneNumber when not a positive lane (0.113625ms)
✔ metrics.enabled false skips append without error (1.743875ms)
✔ resolveTaskMetricOutcome maps skipped_done_on_disk to skipped (0.142958ms)
✔ appendTaskMetric redacts secret-like fields and omits prompt text (25.526584ms)
✔ skipTaskDoneOnDisk records skipped task metric (63.689625ms)
✔ appendBatchMetric writes BatchMetricRecord JSONL line (17.697167ms)
✔ recordBatchTerminalMetric skips when metrics disabled (2.717625ms)
✔ dismissBatch appends batch metric line (795.994458ms)
✔ spine metrics show filters by batch and formats table output (2.077708ms)
✔ spine metrics show CLI filters by batch id (104.258167ms)
✔ resolveSalvageConfig defaults autoCommitOnStall to false (0.502834ms)
✔ validateSpineConfig rejects non-boolean autoCommitOnStall (0.61475ms)
✔ recordTaskFailureSalvage with autoCommitOnStall commits scoped paths on lane branch (678.164833ms)
✔ recordTaskFailureSalvage without autoCommitOnStall does not commit (362.423291ms)
✔ salvage commit refuses merge_in_progress and index_conflicts (515.66975ms)
✔ salvage commit refuses pre-commit hook failure (528.522ms)
✔ atomic retry retains salvage WIP commit on lane branch (619.598625ms)
✔ inspectLaneSalvage scopes porcelain to file scope and task folder (209.121625ms)
✔ recordTaskFailureSalvage journals inspection and writes evidence without committing (456.182875ms)
✔ writeSalvageEvidence writes pretty JSON atomically without temp files (173.44375ms)
✔ startBatch worker failure with dirty scoped file emits salvage and diagnose hint (7117.821375ms)
✔ parseSequenceArgs honors --auto-approve-gate and --force (0.519416ms)
✔ spine run sequence --auto-approve-gate dry-run succeeds under stub (385.384917ms)
✔ spine run sequence --auto-approve-gate refused for real pi without --force (399.572834ms)
✔ spine run sequence --auto-approve-gate --force dry-run succeeds for real pi (328.727708ms)
✔ validateSequenceAutoApproveGate allows stub mode without force (0.585333ms)
✔ validateSequenceAutoApproveGate blocks real pi without force (0.135208ms)
✔ validateSequenceAutoApproveGate allows real pi with force (0.071625ms)
✔ validateSequenceAutoApproveGate skips check when flag is false (0.068083ms)
✔ buildSequenceAutoApproveDoctorCheck warns for real pi (0.083208ms)
✔ buildSequenceAutoApproveDoctorCheck passes for stub mode (0.059042ms)
✔ runSequence refuses auto-approve on dry-run for real pi (0.330083ms)
✔ runSequence allows auto-approve dry-run with force on real pi (0.157208ms)
✔ readCurrentBatchLogTail returns null for missing file (0.520584ms)
✔ readCurrentBatchLogTail filters to last batch session header (9.075042ms)
✔ readCurrentBatchLogTail returns full content when no header exists (3.216166ms)
✔ readCurrentBatchLogTail respects lineCount limit (7.059416ms)
✔ waitForSequenceBatchTerminal returns settled when batch completes before timeout (913.731208ms)
✔ waitForSequenceBatchTerminal does not exit while engine PID is alive (2752.226625ms)
✔ waitForSequenceBatchTerminal returns failure diagnosis even with alive engine (874.244084ms)
✔ isPiSessionMetadataPath matches .pi session roots and children (0.908375ms)
✔ checkGitClean ignores untracked .pi/ session metadata (238.594375ms)
✔ checkGitClean still fails when non-.pi paths are dirty (242.094959ms)
✔ runSequence with only .pi/ dirty passes preflight (32605.005625ms)
✔ runSequence surfaces preflight failure on stderr-equivalent output (18957.166709ms)
✔ resolveResumeFromWave continues after last completed wave (0.528416ms)
✔ sequence persists fromWave, completedWaves, and lastBatchId after wave 0 (28718.63125ms)
✔ resume after interrupted wave 0 integrate completes remaining waves (53752.75125ms)
✔ sequence halts on wave failure with --stop-on-failure and preserves completed waves (15579.100792ms)
✔ resolveWaveTaskIds and resolveSequenceWaves honor planner waves (0.993542ms)
✔ diagnosis helpers classify settled, waiting, and failure states (0.10125ms)
✔ dry-run prints operator-equivalent land loop commands per wave (0.232375ms)
✔ 2-wave stub sequence completes with auto-approve land loop (57561.873917ms)
✔ buildSequencePlan resolves pending scope for dry-run integration (2513.307417ms)
✔ skipTask leaves phase paused when all tasks terminal without merge (1627.187792ms)
✔ skipTask clears failed segment drift for reconcile (1527.601083ms)
✔ resolveWorkerOutputConfig applies lane defaults and overrides (0.577667ms)
✔ captureWorkerOutputTail keeps last lines and marks byte truncation (0.260666ms)
✔ redactWorkerOutput applies built-in and config deny patterns (0.373208ms)
✔ runWorker stall_timeout captures stderr, persists log, journals stall_killed (5489.792958ms)
✔ collectEvidenceBundle references persisted worker output logs (82.541125ms)
✔ successful worker skips log unless retainWorkerOutputOnSuccess (5299.083625ms)
✔ SAT-020 replay: checkpoint_warning → stall_killed → salvage_inspection → task.failed (66463.938833ms)
✔ regression: stub worker still requires .DONE for batch success (12229.589958ms)
✔ recordTaskTransition writes batch-state then journal in order (142.6965ms)
✔ saveSpineBatchState leaves prior JSON intact when atomic write fails (113.595084ms)
✔ saveGateRecord leaves prior JSON intact when atomic write fails (110.707792ms)
✔ validateBatchState accepts healthy schema v1 state (0.746833ms)
✔ validateBatchState rejects counter drift (0.140084ms)
✔ runSpineState validate passes on archived batch-state (4.329125ms)
✔ runSpineState validate fails loud on corrupt active state (1.9515ms)
✔ computeStatusProgress derives wave and task counts from batch raw (0.8885ms)
✔ computeStatusProgress returns null without batch raw (0.081292ms)
✔ formatStatusJson includes documented progress field names (0.139959ms)
✔ spine status --json includes task and wave progress for active batch (1855.433125ms)
✔ spine status --json omits progress counts when no batch is active (1625.953334ms)
✔ reconcileBatch exposes progress fields for spine watch consumers (4555.113125ms)
✔ classifyTaskDoneSemantics distinguishes lane vs main .DONE (issue #35) (1076.496334ms)
✔ spine status --diagnose --json exposes explicit done flags mid-batch (4140.084584ms)
✔ verifyStubFileScopeMustChange fails when contract paths are unchanged (1237.813375ms)
✔ verifyStubFileScopeMustChange passes when contract path changed (2926.807ms)
✔ verifyStubFileScopeMustChange passes for comma-in-single-backtick fileScopeMustChange (SP-396) (2421.092041ms)
✔ commitLaneWorktree rejects stub completion without fileScopeMustChange diffs (2388.136417ms)
✔ commitLaneWorktree allows stub completion when fileScopeMustChange is satisfied (3372.921ms)
✔ stub contract helpers detect release-critical contracts and legacy markers (0.394333ms)
✔ shouldEnforceStubContractAtLaneCommit uses env or legacy .DONE marker (1229.434625ms)
✔ stub cannot succeed merge/version task without file-scope changes (3286.547083ms)
✔ checkStubReleaseCritical warns when stub mode has pending fileScopeMustChange tasks (1730.777833ms)
✔ diagnosis surfaces exitReason stub for M/L legacy stub .DONE markers (1.001292ms)
✔ reconcileBatch surfaces exitReason stub for succeeded M/L tasks with legacy stub .DONE (4640.412209ms)
✔ applyStubDeliveryStatusBlock updates existing header lines (0.668542ms)
✔ applyStubDeliveryStatusBlock appends block when header lines are missing (0.096084ms)
✔ writeStubDeliveryStatusIfNeeded updates STATUS for delivery-only contracts (16.82525ms)
✔ writeStubDeliveryStatusIfNeeded skips implementation scopes (12.873167ms)
✔ stub worker auto-writes STATUS for delivery-only fileScopeMustChange (262.249959ms)
✔ stub worker does not auto-write STATUS for implementation fileScopeMustChange (184.552542ms)
✔ stub worker STATUS delivery satisfies verifyStubFileScopeMustChange (2611.170791ms)
✔ parseTaskSizeFromMarkdown reads Size line (0.631625ms)
✔ resolveTaskStallMinutes uses max of config and size floor (0.1125ms)
✔ resolveStallConfigForTask applies minutes to stallTimeoutMs (0.222709ms)
✔ journalTaskAwaitingFirstHeartbeat: true after task.started before lane.heartbeat (0.549208ms)
✔ journalTaskAwaitingFirstHeartbeat: false after matching lane.heartbeat (0.079125ms)
✔ detectOrphanRunning suppresses lane orphan during first-heartbeat debounce when engine alive (0.3085ms)
✔ detectOrphanRunning still reports lane orphan before heartbeat when engine is dead (0.13275ms)
✔ detectOrphanRunning still reports lane orphan after first heartbeat (0.092791ms)
✔ reconcileBatch: transient dead workerPid mid-start diagnoses running not worker_orphaned (4619.848625ms)
✔ reconcileOrphanRunningState does not fail running task during debounce window (1075.458417ms)
✔ post-heartbeat dead pid still worker_orphaned with retry (3716.620041ms)
✔ hasPendingWaveMerge is true when an intermediate wave lacks mergeResults (0.647209ms)
✔ hasPendingWaveMerge is false when every terminal wave is recorded (0.470958ms)
✔ recordWaveMergeResult records forceMerged flag and updates existing wave row (0.148292ms)
✔ resolveWorkerBackend defaults to subprocess (0.578792ms)
✔ resolveWorkerBackend honors agentSession flag (0.068875ms)
✔ validateWorkerBackendConfig rejects invalid values (0.099958ms)
✔ validateSpineConfig accepts optional workerBackend (0.237291ms)
✔ settings registry validates workerBackend enum case-sensitively (0.134833ms)
✔ buildAgentSessionWorkerPrompt includes PROMPT reference and review hint (37.643083ms)
✔ createStubAgentSession writes .DONE (38.050958ms)
✔ startAgentSessionWorker completes with injected mock session (28.543709ms)
✔ runWorker uses agentSession backend with mock factory (5181.476417ms)
✔ runWorker keeps subprocess default when workerBackend unset (5138.740833ms)
✔ WORKER_BACKENDS lists supported values (0.617791ms)
✔ buildWorkerBackendDoctorCheck reports subprocess as production default (0.135667ms)
✔ buildWorkerBackendDoctorCheck warns or fails on opt-in agentSession (0.311792ms)
✔ buildWorkerBackendDoctorCheck falls back to subprocess for invalid config (0.046958ms)
✔ DIAGNOSIS_TAXONOMY includes worker_done_missing distinct from worker_orphaned and needs_retry (0.517042ms)
✔ outputIndicatesWorkerDoneMissing matches runner stderr message (0.113875ms)
✔ inferWorkerDoneMissingFailure reads task.failed payload from journal (0.187542ms)
✔ buildHeadline and buildSuggestedCommand for worker_done_missing cite worker log (0.306417ms)
✔ reconcileBatch diagnoses worker_done_missing for issue #18 journal pattern (3939.891583ms)
✔ buildDiagnosisOutput bundles worker_done_missing headline and retry command (0.214333ms)
✔ resolvePiSpineRoot defaults to pi-spine package root (1.343833ms)
✔ resolvePiSpineRoot honors development.piSpineRoot override (11.946417ms)
✔ buildWorkerChildEnv sets PI_SPINE_ROOT for worker spawn (3.225292ms)
✔ validateWorkerLaunchScriptPath requires scripts/ prefix (34.743416ms)
✔ validateWorkerLaunchScriptPath rejects traversal (25.0875ms)
✔ validateWorkerLaunchScriptPath rejects symlink escape (94.956ms)
✔ resolveSafeWorkerLaunchScript returns default when present (159.783458ms)
✔ validateSpineConfig rejects unsafe development.workerLaunchScript (2.056375ms)
✔ DEFAULT_WORKER_LAUNCH_SCRIPT matches conventional path (0.085ms)
✔ runWorker classifies launch script fast-fail as launch_failed (5333.789917ms)
✔ appendWorkerAgentModelArgs adds --model when configured and not inherit (0.58925ms)
✔ appendWorkerAgentModelArgs omits --model for inherit and empty (0.090792ms)
✔ appendWorkerAgentModelArgs adds --thinking when set and not off (0.0715ms)
✔ buildWorkerPiArgs includes --model cursor/auto from spine-config (26.048334ms)
✔ buildWorkerPiArgs omits --model when agents.worker.model is inherit (28.889917ms)
✔ parseWorkerDoneMarker accepts legacy empty and text markers (0.879458ms)
✔ parseWorkerDoneMarker accepts structured JSON markers (0.125959ms)
✔ parseWorkerDoneMarker rejects partial JSON markers (0.080292ms)
✔ isWorkerDoneMarkerValid mirrors parseWorkerDoneMarker (0.071917ms)
✔ writeWorkerDoneMarker writes atomic structured JSON (20.701292ms)
✔ readWorkerDoneMarker reports absent marker (5.417208ms)
✔ persistWorkerOutputLog writes atomically without temp leftovers (40.122ms)
✔ resolveWorkerPiTimeoutMs uses per-size stall floor (0.554041ms)
✔ resolveWorkerPiTimeoutMs honors SPINE_WORKER_PI_TIMEOUT_MS override (0.095084ms)
✔ buildWorkerChildEnv sets SPINE_WORKER_PI_TIMEOUT_MS from stall budget (0.393917ms)
✔ buildPiWorkerTimeoutDoctorCheck reports stall-aligned timeout for M floor (0.181667ms)
✔ runWorker terminates hung child after .DONE and returns ok: true (10248.287167ms)
✔ runWorker pre-.DONE stall_timeout still works (5490.5165ms)
✔ buildWorkerTailPrompt includes critical-rules for JS-scoped task (37.524375ms)
✔ buildWorkerContextAsync appends config.standards end-to-end (3.032084ms)
✔ buildWorkerContextAsync emits worker.rules_selected journal event (119.862542ms)
✔ buildWorkerContextAsync falls back to static context without .cursor/rules (9.317208ms)
✔ buildReviewLevelHint delegates code and final review to engine (0.674667ms)
✔ buildCommitBoundaryHint uses SP-064 feat(taskId) convention (0.082542ms)
✔ buildDoneCheckpointHint references done path and uncommitted failure (0.179583ms)
✔ buildWorkerTailPrompt includes tools hint and task id from folder (0.544417ms)
✔ buildWorkerTailPrompt appends worker agent and PROMPT when present (45.383875ms)
✔ shouldSlideStallAnchorOnHeartbeat only slides worker_alive in pi phase (1.924792ms)
✔ computeStallDeadline slides silent stall window when lastAliveAt advances (0.199542ms)
✔ nextStallAnchorAt advances only on pi worker_alive (0.083959ms)
✔ runWorker worker_alive heartbeats extend stall deadline past initial window (15494.11625ms)
✔ runWorker silent stall still fails without heartbeats (5372.484917ms)
✔ SP-190 wedge fixture describes hung-child-after-.DONE incident (1.714333ms)
✔ SP-190 wedge class: engine completes within post-done grace (SP-193) (10483.076459ms)
✔ completeBatch removes lane worktrees and journals batch.worktrees_cleaned (5662.776459ms)
✔ dismissBatch removes lane worktrees and journals batch.worktrees_cleaned (6105.5525ms)
✔ completeBatch keeps worktree when cleanupWorktreesOnComplete is false (5851.150166ms)
✔ provisionLaneWorktree normalizes git metadata to relative posix paths (1584.482334ms)
✔ repairLaneWorktreeGitMetadata fixes broken absolute gitdir pointers (2281.464583ms)
✔ normalizeLaneWorktreeGitPaths is idempotent (1499.817708ms)
✔ validateMultiTaskResume repairs unhealthy lane worktree git metadata (3928.467125ms)
✔ validateWorktreeSetupHookPath accepts ./scripts/ prefix when file exists (17.096084ms)
✔ validateWorktreeSetupHookPath rejects ./scripts/../ traversal (10.937125ms)
✔ validateSpineConfig rejects unsafe worktreeSetupHook (0.62ms)
✔ checkWorktreeSetupHook fails preflight for unsafe hook path (19.230917ms)
✔ runWorktreeSetupHook succeeds with JSON stdout (499.361292ms)
✔ runWorktreeSetupHook throws when hook returns ok false (329.27525ms)
✔ runWorktreeSetupHook throws on malformed JSON stdout (362.983666ms)
✔ runWorktreeSetupHook is no-op when hook not configured (16.54475ms)
✔ batch help helpers detect help invocations (0.51575ms)
✔ printBatchHelp returns usage text (0.121875ms)
✔ runSpineBatch exits 0 for help without starting a batch (860.285042ms)
✔ spine batch start --help does not create batch state (1566.523542ms)
✔ isCliEntrypoint returns true when argv[1] is a symlink to the module (2.777916ms)
✔ isCliEntrypoint returns false for an unrelated script path (0.952334ms)
✔ isCliEntrypoint returns false when argv[1] is missing (1.975917ms)
✔ spine help via symlink produces stdout and exit 0 (236.957083ms)
✔ spine version via symlink produces stdout and exit 0 (2263.234833ms)
✔ HANDOFF_DEFAULTS autoWriteOn includes session_start (0.84875ms)
✔ /spine auto-writes handoff on session_start when batch needs attention (7614.454958ms)
✔ /spine skips auto-write when autoWriteOn excludes session_start (4879.43525ms)
✔ /spine skips auto-write for idle diagnosis even with session_start enabled (16371.2365ms)
✔ /spine merges default autoWriteOn when config omits handoff.autoWriteOn (7692.323542ms)
✔ formatIssueDraftMarkdown renders all issue checklist sections (0.845792ms)
✔ formatIssueDraftMarkdown applies redaction to section content (0.14ms)
✔ buildIssueDraftBody returns title, body, and labels for idle repo (12881.549ms)
✔ buildIssueDraftBody includes batch context and journal tail (22200.1595ms)
✔ buildIssueDraftBody maps issueType to GitHub labels (31401.46875ms)
✔ buildIssueDraftBody rejects invalid issueType (735.146292ms)
✔ buildIssueDraftBody redacts sk- token patterns in title and body (7753.611ms)
✔ parseJournalFollowArgs reads batch, lane, and json flags (0.9215ms)
✔ resolveFollowBatchId uses reconcile then batch-state (2388.383833ms)
✔ formatJournalFollowLine uses summarizeJournalEvent (4.862583ms)
✔ formatJournalFollowOutputLine filters by lane and supports json passthrough (0.217083ms)
✔ readJournalFollowSnapshot prints header once in human mode (104.467209ms)
✔ runJournalFollow exits non-zero when journal missing (18.439375ms)
✔ runJournalFollow exits non-zero when no batch can be resolved (7.127917ms)
✔ runJournalFollow prints existing events without following (100.631542ms)
✔ runJournalFollow defaults batch from batch-state (2419.070042ms)
✔ spine journal follow exits non-zero when journal missing (503.142625ms)
✔ parseLaneNumber accepts positive integers (0.61925ms)
✔ parseLaneLogsArgs reads lane, task, batch, and follow flags (0.512333ms)
✔ extractTaskIdFromLogFilename parses worker log names (0.082541ms)
✔ resolveLaneLogPath prefers live log when present (61.202125ms)
✔ resolveLaneLogPath falls back to worker-output log (24.664792ms)
✔ findMostRecentLogTaskId picks newest log in lane directory (77.853708ms)
✔ resolveLaneLogTaskId uses explicit task id (15.854375ms)
✔ resolveLaneLogTaskId infers running task from batch state (16.442292ms)
✔ runLaneLogs exits non-zero when lane is missing (5.1485ms)
✔ runLaneLogs exits non-zero when no batch can be resolved (36.156667ms)
✔ runLaneLogs prints existing log without following (2322.0965ms)
✔ runLaneLogs prefers live log content (2379.840917ms)
✔ spine lane logs exits non-zero when log file missing (3377.844417ms)
✔ isExitVerificationTask detects exit verification headings (1.842459ms)
✔ shouldRunContractVerifyForWorker skips stub for normal tasks (1.018875ms)
✔ shouldRunContractVerifyForWorker runs stub contract for exit tasks (0.209417ms)
✔ runPhase23ExitVerify --skip-test passes structural checks in repo (45.610583ms)
✔ spine verify phase23-exit CLI is wired (19.4175ms)
✔ runScenariosList prints empty registry message (1.737375ms)
✔ runScenariosList returns sorted scenarios as JSON (11.602375ms)
✔ runScenariosShow returns scenario details (3.157542ms)
✔ runScenariosShow rejects unknown scenario (4.575875ms)
✔ loadScenarioFixture reads incident fixture from registry entry (2.571958ms)
✔ loadScenarioFixture rejects recipe kind (0.641875ms)
✔ materializeFixtureToProject writes batch-state and journal tail (948.720541ms)
✔ assertMaterializeAllowed blocks when batch-state exists (1338.121417ms)
✔ runScenariosMaterialize blocks active batch without --force (1570.000167ms)
✔ runScenariosMaterialize writes fixture with --force (1805.518125ms)
✔ runScenariosMaterialize rejects recipe scenarios (37.290709ms)
✔ spine scenarios CLI routes list and materialize (2620.360125ms)
✔ parseSequenceArgs defaults scope to pending and stopOnFailure to true (0.559792ms)
✔ parseSequenceArgs honors wave and attached flags (0.099125ms)
✔ formatSequenceResult emits JSON when requested (0.499166ms)
✔ spine run sequence pending --dry-run prints per-wave land loop commands (1993.968833ms)
✔ spine run sequence pending --dry-run --json returns structured payload (2734.654375ms)
✔ spine run sequence pending --from-wave 1 limits dry-run to later waves (3038.628458ms)
✔ runSpineSequence rejects invalid through-wave with non-zero exit (2071.824458ms)
✔ spine run pending still aliases batch start (1739.223375ms)
✔ assembleHandoffData returns idle shape when no active batch (1974.958ms)
✔ assembleHandoffData includes reconciliation fields for active batch (4136.345084ms)
✔ assembleHandoffData redacts secret-like payload fields in journal tail (3268.141917ms)
✔ paused batch handoff lists pending tasks and spine batch resume (4057.060334ms)
✔ renderHandoffMarkdown matches golden snapshot structure (4022.597ms)
✔ redactHandoffText removes KEY TOKEN and SECRET value patterns (0.220417ms)
✔ recordHandoffWritten appends handoff.written journal event (1469.868584ms)
✔ handleNext appends handoff path hint when handoff file exists (4168.322333ms)
✔ runSpineHandoff --json writes handoff file and returns structured output (5063.312458ms)
✔ runInit copies rules profile, discovers manifest, standards default [] (181.040292ms)
✔ runInit dry-run plans rules files without writing (20.746208ms)
✔ rules-manifest.json is not listed in .gitignore (1.519833ms)
✔ parseIssueDraftArgs applies defaults and flags (0.57475ms)
✔ buildIssueDraftBody works in idle repo without batch context (12510.601667ms)
✔ runSpineIssueDraft writes draft file and prints human output by default (12741.477209ms)
✔ runSpineIssueDraft --json returns structured payload without writing file (12335.967042ms)
✔ runSpineIssueDraft --create fails clearly when gh is missing (1121.57225ms)
✔ runSpineIssue rejects unknown subcommands (1113.736834ms)
✔ spine issue draft routes through spine.mjs help and dispatch (11865.110208ms)
✔ buildIssueDraftBody redacts secret-like values (7918.642041ms)
✔ get-version helpers use spawnSync without shell (186.795125ms)
✔ spine help and version route through thin CLI entry (2394.251042ms)
✔ spine rejects unknown commands (399.622417ms)
✔ router dispatches plan, status, batch, gate, and integrate (2849.807291ms)
✔ spine rules --help lists subcommands (400.404291ms)
✔ runSpineRules discover writes manifest in initialized project (1650.934458ms)
✔ runSpineRules select rejects invalid PROMPT before manifest check (1481.179708ms)
✔ runSpineRules select uses validated file scope (663.248708ms)
✔ runSpineRules select requires manifest (849.301167ms)
✔ spine rules sync via CLI exits zero in pi-spine repo (290.97975ms)
✔ parseRulesArgv defaults role to worker (0.265083ms)
✔ parseRulesArgv requires review-type for reviewer role (0.688208ms)
✔ runSpineRules select worker default unchanged (756.384875ms)
✔ runSpineRules select reviewer plan uses PROMPT file scope (1196.015833ms)
✔ runSpineRules select reviewer final returns empty scope (1423.857417ms)
✔ runSpineRules select reviewer code honors baseline (2752.421666ms)
✔ spine status prints macro phase for idle repo (1428.675291ms)
✔ spine status prints macro phase for active batch (3596.501583ms)
✔ spine status --diagnose verbose signals include macroPhase (3514.84225ms)
✔ spine status --json includes macroPhase fields (3945.282375ms)
✔ parseDurationMs accepts plain seconds and suffix forms (0.839833ms)
✔ parseDurationMs rejects invalid values (0.2745ms)
✔ parseUntilDiagnoses parses comma-separated diagnoses (0.480959ms)
✔ parseUntilDiagnoses rejects unknown diagnoses (0.910292ms)
✔ parseWaitArgs requires --until and applies defaults (0.5435ms)
✔ parseWaitArgs accepts timeout interval and json (0.118792ms)
✔ parseWaitArgs rejects unknown flags (0.112042ms)
✔ diagnosisMatchesUntil matches only non-null diagnoses in set (0.091625ms)
✔ runSpineWait exits 0 when diagnosis matches (0.34375ms)
✔ runSpineWait exits 1 on timeout and emits final json snapshot (0.202333ms)
✔ runSpineWait polls until diagnosis changes (0.147792ms)
✔ spine wait --json exits 0 when diagnosis matches fixture (3372.164333ms)
✔ spine wait times out with exit 1 (4201.002042ms)
✔ spine wait rejects missing --until (461.940958ms)
✔ spine help lists wait command (242.45125ms)
✔ parseWatchArgs defaults (0.653916ms)
✔ parseWatchArgs accepts interval json and once (0.079375ms)
✔ parseWatchArgs rejects invalid interval (0.243875ms)
✔ parseWatchArgs rejects unknown flags (0.069209ms)
✔ formatWatchHumanLine renders compact reconcile summary (0.087791ms)
✔ formatWatchHumanLine uses idle placeholders when batch absent (0.109916ms)
✔ buildWatchSnapshot includes core fields and progress block when present (0.526709ms)
✔ buildWatchSnapshot prefers explicit progress object (0.089083ms)
✔ runSpineWatch --once human mode prints one line (0.255208ms)
✔ runSpineWatch --once json mode prints NDJSON snapshot (0.189875ms)
✔ runSpineWatch polls until once breaks loop without extra reconcile calls (0.11925ms)
✔ spine watch --once integrates with reconcileBatch in idle repo (1074.633458ms)
✔ spine watch --json --once emits reconcile snapshot for active batch (3785.406042ms)
✔ spine watch rejects invalid interval (481.138833ms)
✔ spine help lists watch command (236.271417ms)
✔ DIAGNOSIS_TAXONOMY includes needs_replan (0.537167ms)
✔ needs_replan diagnosis messaging matches handoff §9.1 shape (0.724584ms)
✔ buildDiagnosisOutput bundles needs_replan operator fields (0.148208ms)
✔ deriveDiagnosis prefers needs_replan over needs_retry for replan failures (0.295833ms)
✔ needs_replan blocks needs_merge diagnosis when replan task remains (0.078291ms)
✔ reconcileBatch surfaces needs_replan with edit-PROMPT suggestion (3710.024208ms)
✔ I-01 progress signals extend stall deadline past hard timeout (0.60025ms)
✔ I-02 spine batch retry resets task and segment with pendingSegments > 0 (1196.316875ms)
✔ I-03 spine state validate rejects corrupt batch-state (50.891208ms)
✔ I-04 spine batch abort archives batch-state before clearing active file (1430.637292ms)
✔ I-05 wave merge blocked on failed/pending tasks; force-merge override exists (1504.7615ms)
✔ I-06 retry refused while batch phase is executing or merging (1666.844666ms)
✔ I-07 stall logic uses STATUS, lane commit, and file-scope mtime signals (506.29675ms)
✔ I-08 post-mortem does not claim success when failures exist (4057.222125ms)
✔ I-09 CONTEXT documents serial bootstrap and preflight execution policy (1.38725ms)
✔ I-10 runStepReview fail-closed when review tool unavailable at level > 0 (13.569375ms)
✔ CONFIG_V2_SECTION_DEFAULTS match handoff §6.2 (0.811792ms)
✔ applyConfigDefaults merges missing v2 sections without overwriting existing keys (0.178875ms)
✔ loadSpineConfig merges defaults for legacy config missing v2 keys (75.548167ms)
✔ init scaffold includes v2 config sections from template (22.516917ms)
✔ CONTRACT_DEFAULTS match handoff §3.1 (0.84425ms)
✔ applyConfigDefaults merges contract section (0.231167ms)
✔ validateContractConfig rejects invalid mode (0.156125ms)
✔ validateContractConfig rejects non-array legacyTaskIdPrefixes (0.066958ms)
✔ validateSpineConfig accepts valid contract block (0.192083ms)
✔ validateSpineConfig rejects invalid contract.mode via validateSpineConfig (0.067875ms)
✔ discoverCursorRules returns empty manifest when rules root is missing (8.3775ms)
✔ discoverCursorRules excludes brutal-audit rules via profile patterns (28.93725ms)
✔ discoverCursorRules records parse warn entries in manifest rules (12.781334ms)
✔ discoverCursorRules manifest round-trip via atomic write (32.827709ms)
✔ classifyCursorRuleSpineClass prefers always over globs (0.237ms)
✔ getCursorRuleExclusionReason matches excludeRelPaths exactly (0.185791ms)
✔ expandFileScopeProbes returns empty for empty scope (0.916542ms)
✔ expandFileScopeProbes adds synthetic probes for dir/* and dir/** (0.727333ms)
✔ expandFileScopeProbes keeps literal file paths (0.155166ms)
✔ expandFileScopeProbes expands in-path wildcards (0.077584ms)
✔ ruleGlobsMatchFileScope is false for empty file scope (0.10525ms)
✔ ruleGlobsMatchFileScope matches **/* when file scope is non-empty (0.097041ms)
✔ ruleGlobsMatchFileScope matches JS globs against mjs scope (0.552291ms)
✔ ruleGlobsMatchFileScope matches scope glob entries against rule globs (0.858833ms)
✔ parseCursorRuleFrontmatter returns skip when frontmatter missing (5.127042ms)
✔ parseCursorRuleFrontmatter parses array globs fixture (2.39075ms)
✔ parseCursorRuleFrontmatter splits comma-separated globs (0.483625ms)
✔ parseCursorRuleFrontmatter treats empty globs array as no patterns (0.418333ms)
✔ parseCursorRuleFrontmatter defaults missing globs key to empty array (0.450334ms)
✔ parseCursorRuleFrontmatter coerces alwaysApply booleans (0.324291ms)
✔ parseCursorRuleFrontmatter matches repo comma-separated task authoring layout (0.162083ms)
✔ parseCursorRuleFrontmatter matches general-llm alwaysApply true layout (0.11375ms)
✔ parseCursorRuleFrontmatter matches audit-workflow empty globs layout (0.09725ms)
✔ parseCursorRuleFrontmatter warns on invalid alwaysApply and bad globs (0.207958ms)
✔ DEFAULT_RULES_PROFILE seeds worker include and discovery excludes (0.590125ms)
✔ loadRulesProfile returns built-in defaults when file missing (23.5835ms)
✔ mergeRulesProfile applies neverInclude over alwaysInclude (0.366583ms)
✔ mergeRulesProfile applies reviewer defaults when file omits reviewer (0.134833ms)
✔ mergeRulesProfile applies reviewer neverInclude over alwaysInclude (0.106709ms)
✔ loadRulesProfile rejects invalid JSON with RULES_PROFILE_INVALID (36.809041ms)
✔ validateRulesProfile rejects unsupported profileVersion (0.570083ms)
✔ loadRulesProfile merges partial file overrides (36.032042ms)
✔ validateRulesProfile rejects schema and path traversal errors (0.375916ms)
✔ loadRulesProfile rejects validated file errors (24.396584ms)
✔ selectRulesForReviewer returns empty when reviewer.enabled is false (2.888292ms)
✔ selectRulesForReviewer never selects taskplane-worker-cursor.mdc (0.38425ms)
✔ selectRulesForReviewer selects glob rules when scopePaths match (0.601708ms)
✔ selectRulesForReviewer appends standards without duplicates (0.221125ms)
✔ selectRulesForReviewer respects neverLoad (0.208166ms)
✔ selectRulesForReviewer uses profile.reviewer.maxRules cap (8.942708ms)
✔ context path helpers round-trip under .cursor/rules (0.73575ms)
✔ selectRulesForWorker includes alwaysInclude and always-class rules (2.638292ms)
✔ selectRulesForWorker selects JS globs and excludes Swift for JS-only scope (18.062916ms)
✔ selectRulesForWorker matches OWASP for bin/*.mjs scope via scope glob (0.290084ms)
✔ selectRulesForWorker appends standards without duplicates (0.222916ms)
✔ selectRulesForWorker respects neverLoad and neverInclude (0.1235ms)
✔ selectRulesForWorker exports journal-friendly entries shape (0.101208ms)
✔ normalizeTasksRootFromEnv accepts relative and rejects parent traversal (0.699375ms)
✔ applyEnvOverrides: SPINE_MAX_LANES overrides file value (0.316583ms)
✔ applyEnvOverrides: SPINE_TASKS_ROOT overrides paths.tasksRoot (0.097708ms)
✔ applyEnvOverrides rejects invalid SPINE_MAX_LANES (0.133542ms)
✔ loadSpineConfig applies env overrides after file load (1766.080416ms)
✔ SPINE_TASKS_ROOT env discovers tasks under alternate root in plan (1417.926792ms)
✔ spine settings show reports env source for overridden lanes.maxParallel (1476.562167ms)
✔ runDoctorChecks lists effective config with env source (13196.341459ms)
✔ DEFAULT_REVIEWER_CONTEXT_BYTE_CAP is 16KiB (0.582375ms)
✔ buildReviewerContext skips when .cursor/rules is missing (27.393125ms)
✔ buildReviewerContext does not inject referenceDocs (106.927ms)
✔ buildReviewerContext truncates at byte cap (74.111541ms)
✔ buildReviewerContext emits reviewer.rules_selected journal event (72.73325ms)
✔ buildReviewerContext degrades gracefully on invalid rules profile (43.54525ms)
✔ buildReviewerContext selects rules for scoped plan review (16.170708ms)
✔ emitReviewerRulesSelected is no-op without journal context (0.17725ms)
✔ SETTINGS_FIELDS lists editable paths including reviewer per-type pins (1.199542ms)
✔ listEditableFields returns shallow copies (0.133542ms)
✔ parseSettingPath rejects unknown path (0.135959ms)
✔ parseSettingPath accepts registered path (0.063959ms)
✔ lanes.maxParallel accepts valid integer and coerces string (0.134834ms)
✔ lanes.maxParallel rejects below min and above max (0.071417ms)
✔ gates.requireBeforeIntegrate accepts booleans and CLI strings (0.142ms)
✔ agents.worker.model accepts inherit and optional empty (0.07825ms)
✔ agents.worker.thinking accepts enum values case-insensitively (0.122125ms)
✔ agents.reviewer.model accepts inherit and optional empty (0.114875ms)
✔ agents.reviewer.thinking accepts inherit and enum values (0.074125ms)
✔ agents.reviewer.plan.model accepts per-type override values (0.054583ms)
✔ agents.reviewer.code.thinking accepts per-type inherit (0.054333ms)
✔ dashboard.port accepts valid port range (0.061083ms)
✔ lanes.workerBackend accepts registered enum values (0.056083ms)
✔ validateSettingValue rejects unknown path (0.056959ms)
✔ src/cli and src/migrate do not import from bin/ (37.015791ms)
✔ src/** has no bin/ imports (46.309125ms)
✔ spine-config template defaults mirror package.json script patterns (1.825375ms)
✔ init applies testing defaults including coverage command (10.511084ms)
✔ dogfood spine-config has non-empty testing fields (0.37625ms)
✔ buildTestingEvidenceDoctorChecks warns on empty build when collectBuildEvidence (0.117209ms)
✔ buildTestingEvidenceDoctorChecks warns on empty test when collectTestEvidence (0.094083ms)
✔ buildTestingEvidenceDoctorChecks passes when commands configured (0.467541ms)
✔ buildTestingEvidenceDoctorChecks treats collectTestEvidence default as enabled (0.069459ms)
✔ SPINE_GITIGNORE_ENTRIES includes run-metrics.jsonl (0.521459ms)
✔ ensureGitignoreEntries adds run-metrics path on fresh init (27.249875ms)
✔ isMergeOriginMainTask detects merge-origin-main packet shapes (0.627333ms)
✔ checkOrchMergeConflictWarn passes without pending merge-origin-main tasks (5022.597959ms)
✔ checkOrchMergeConflictWarn warns on PRD + manifest divergence with merge-origin-main pending (5824.031083ms)
✔ runBatchPreflight and plan check surface orch merge conflict warning (12596.689208ms)
✔ checkPrelandedFileScopeWarn passes when no stale pending tasks (2552.079625ms)
✔ checkPrelandedFileScopeWarn warns for prelanded fileScopeMustChange (2971.125458ms)
✔ runBatchPreflight and plan check surface prelanded file-scope warning (7373.980875ms)
✔ checkGitClean passes when only metrics file has append-only drift (2391.911958ms)
✔ checkGitClean fails when metrics file content is truncated (2344.97375ms)
✔ checkGitClean passes when metrics file is gitignored and not tracked (1733.02375ms)
✔ runDoctorChecks warns when metrics file is git-tracked (13433.973042ms)
✔ tsconfig.batch.json scopes checkJs hot paths (5.1635ms)
✔ npm run typecheck validates extensions and batch hot paths (7926.040417ms)
✔ normalizeContextPathList rejects non-arrays (3.898541ms)
✔ buildWorkerContext honors neverLoad and byte cap (55.003333ms)
✔ buildWorkerTailPrompt injects configured standards (19.344292ms)
✔ buildWorkerContextAsync uses auto selection when cursor rules exist (123.20375ms)
✔ spine init defaults standards to [] for auto-discovery (SP-093) (121.015583ms)
✔ validateSpineConfig rejects invalid referenceDocs (0.25225ms)
✔ loadContextDocEntries stops at byte cap (45.786625ms)
✔ DEFAULT_WORKER_CONTEXT_BYTE_CAP is 32KiB (0.19325ms)
✔ validateWorkerLaunchScriptPath accepts ./scripts/ prefix when file exists (16.17475ms)
✔ validateWorkerLaunchScriptPath rejects ./scripts/../ traversal (1.380791ms)
✔ COVERAGE_THRESHOLD is 77 (0.536334ms)
✔ COVERAGE_INCLUDES scopes src, bin, and extensions (0.436292ms)
✔ FILE_COVERAGE_THRESHOLDS enforces slash-commands.ts floor (0.059542ms)
✔ TEST_GLOBS has bidirectional parity with package.json test script (0.285333ms)
✔ parseAggregateLineCoverage reads all files line percent (0.184417ms)
✔ parseAggregateLineCoverage returns null when summary missing (0.163791ms)
✔ parseAggregateLineCoverage reads coverage:check summary line (0.074042ms)
✔ parsePerFileLineCoverage reads per-file rows (0.327292ms)
✔ findFileCoverageFailures reports missing and below-threshold files (0.188584ms)
✔ formatDashboardStartupMessage includes URL, port, and operator hints (0.665833ms)
✔ formatDashboardStartupMessage notes --port source (0.087083ms)
✔ resolveDashboardPortWithSource prefers CLI over config (1296.359125ms)

pi-spine dashboard

  Open in browser: http://127.0.0.1:52927/
  Listen:          127.0.0.1:0 (--port)

  While running:   keep this terminal open; dashboard updates via SSE (~2s)

  In another terminal:
    spine status
    spine batch start <task-id>

  → Open http://127.0.0.1:52927/ in your browser

  API:  http://127.0.0.1:52927/api/snapshot
        http://127.0.0.1:52927/api/events

  Stop: Ctrl+C

✔ runSpineDashboard writes startup to stdout before shutdown (1829.520792ms)
✔ spine dashboard CLI prints URL before process exits (4394.740584ms)
✔ emptyLaneThroughputStats returns zeroed task-based fields (1.53375ms)
✔ computeThroughputTasksPerHour is task-based and guards zero elapsed (0.105542ms)
✔ deriveLaneThroughputStats counts completed and failed journal events per lane (1.912375ms)
✔ deriveLaneThroughputStats includes open running task elapsed through now (0.10925ms)
✔ deriveLaneThroughputStats prefers run-metrics duration when present (0.113584ms)
✔ deriveLaneThroughputStats falls back to journal when metrics missing (0.090916ms)
✔ deriveLaneThroughputStats maps tasks by laneNumber when lane metadata is sparse (0.103833ms)
✔ deriveLanesThroughput returns isolated stats per lane (0.166458ms)
✔ summarizeLaneThroughput aggregates counts and recomputes rate from totals (0.20875ms)
✔ NFR-OBS-02: dashboard SSE poll interval defaults to 2s (0.536167ms)
✔ parity: idle — no batch (1430.324625ms)
✔ parity: running batch (6542.290708ms)
✔ parity: needs_retry (7082.637209ms)
✔ parity: limbo_stale (6858.855541ms)
✔ parity: completed_manual after manual merge (6930.002583ms)
✔ parity: needs_integrate (6223.434583ms)
✔ parity: completed after integrate (5388.034ms)
✔ parity: failed phase still reconciles consistently (3277.454833ms)
✔ assertLoopbackHost throws for 0.0.0.0 (0.687583ms)
✔ formatSseDataFrame valid data: line (0.229792ms)
✔ dashboard server serves browser view-model dependency graph (1665.174791ms)
✔ dashboard server serves snapshot and one SSE frame (1494.28275ms)
✔ resolveLaneActivityPhase: heartbeat pi → worker (0.654625ms)
✔ resolveLaneActivityPhase: open code review.started → code review (0.112708ms)
✔ resolveLaneActivityPhase: open final review.started → final review (0.074834ms)
✔ resolveLaneActivityPhase: closed review.started falls through to worker heartbeat (0.07975ms)
✔ resolveLaneActivityPhase: lane.completed code_rework → rework (0.485041ms)
✔ resolveLaneActivityPhase: no active tasks → em dash (0.331334ms)
✔ buildLaneRows exposes activityPhase fields (2.544125ms)
✔ computeActiveTaskIdsForLane returns running/pending tasks in current wave only (0.997042ms)
✔ computeRunningTaskIdForLane returns at most one running task in current wave (0.106041ms)
✔ computeQueuedTaskIdsForLane returns pending tasks in lane.taskIds order (0.085417ms)
✔ buildLaneRows exposes runningTaskId, queuedTaskIds, and deprecated activeTaskIds union (0.755833ms)
✔ buildLaneRows exposes activeTaskIds separate from batch assignment (0.196625ms)
✔ buildLaneRows attaches per-lane throughput stats from journal (4.07325ms)
✔ resolveLaneHeartbeatMeta reads latest lane heartbeat kind and phase (0.987792ms)
✔ formatLaneHeartbeatDisplay shows launching instead of age (0.118292ms)
✔ dashboard snapshot exposes launching heartbeat display from journal (4312.286625ms)
✔ buildDefaultViewStatus exposes gate missing affordance for needs_integrate (0.81ms)
✔ idle snapshot diagnosis null matches reconcile (1898.7255ms)
✔ running batch fixture has lanes and waves (4068.732792ms)
✔ truncateWorktreePath keeps trailing segments (0.1775ms)
✔ classifyLaneStatus stale when heartbeat old (0.107875ms)
✔ classifyLaneStatus does not mark lane completed when doneInLane but cache pending under engine_orphaned (6.228042ms)
✔ buildWaveProgress marks prior waves completed (0.144791ms)
✔ buildWaveProgress marks last wave completed when all tasks terminal-success (0.076416ms)
✔ buildWaveProgress keeps in-flight current wave active (0.063208ms)
✔ diagnosisBadgeClass maps needs_integrate separately from running (3.318208ms)
✔ idle snapshot uses reconcile headline (0.552458ms)
✔ buildActionChips exposes copyable primary and alternatives (1.332625ms)
✔ needs_integrate banner ignores completed phase for badge color (0.143291ms)
✔ needs_integrate without gate record shows default gate affordance (0.191166ms)
✔ buildDashboardViewModel includes all §16.1 panels (0.394334ms)
✔ buildLaneTableModel exposes throughput columns for lanes (0.11375ms)
✔ buildLaneTableSummaryModel aggregates when multiple lanes present (0.094958ms)
✔ buildLaneTableSummaryModel is null for single lane (0.164916ms)
✔ lane-throughput-multi-lane fixture drives throughput column values (7.941541ms)
✔ lane-throughput-multi-lane fixture documents SP-327 throughput field contract (1.92725ms)
✔ buildLaneTableModel exposes heartbeatDisplay for launching lanes (0.15325ms)
✔ dashboard.js uses heartbeatDisplay without double-formatting (4.995041ms)
✔ buildBannerModel uses finalizing badge and macro phase during tail state (0.162125ms)
✔ buildBannerModel reflects gating macro phase during post-merge tail (0.129625ms)
✔ buildBannerModel keeps running badge when workers are active (0.07475ms)
✔ resolveTailActivityLabel prefers recent journal over macro phase during tail (0.186291ms)
✔ buildTailActivityModel exposes lane table subline when lanes are idle during tail (0.107167ms)
✔ resolveTailActivityLabel returns null when running task is active (0.045625ms)
✔ dashboard.js renders lane table tail activity footer row (0.185291ms)
✔ banner uses diagnosis badge class, not macro phase (0.434875ms)
✔ resolveStaticAsset serves dashboard public files and view.mjs (0.850833ms)
✔ dashboard server GET / returns HTML shell (1432.645666ms)
✔ running batch view model exposes journal for bottom panel (0.225041ms)
✔ idle snapshot has empty journal via idle flag (0.068583ms)
✔ buildLaneDetailModel exposes recent events and log tail (0.060583ms)
✔ buildLaneTableModel includes lane detail on each row (0.06675ms)
✔ buildLaneRecentEvents returns last five lane-scoped journal entries (0.100833ms)
✔ buildJournalModel filters by lane id (0.058209ms)
✔ buildJournalLaneFilterOptions lists lane ids (0.4865ms)
✔ buildLaneRows attaches recentEvents and logTail from snapshot inputs (1931.112709ms)
✔ resolveLaneWorkerLog prefers live log over terminal output (1740.328541ms)
✔ dashboard HTML exposes lane detail and journal lane filter hooks (1.221209ms)
✔ dashboard server HTML includes journal lane filter (2035.203084ms)
✔ spineAgentsUseInherit is true when worker or reviewer effective pin inherits (0.572084ms)
✔ formatReviewerEffectivePins shows resolved per-type model and thinking (0.1765ms)
✔ buildReviewerPerTypePinsDoctorCheck reports effective per-type pins (0.086459ms)
✔ resolvePiDefaultProvider prefers project settings over global (161.286292ms)
✔ buildAgentModelInheritDoctorCheck warns on inherit + lmstudio (0.375459ms)
✔ buildAgentModelInheritDoctorCheck passes when models pinned (0.085333ms)
✔ buildAgentModelInheritDoctorCheck passes when inherit but pi not lmstudio (0.077042ms)
✔ readPiSettingsFile returns null for missing or invalid JSON (0.4885ms)
✔ countMediumLargeTasks counts only M and L sizes with per-size breakdown (154.827584ms)
✔ buildBatchSizeGuidanceWarning returns null below threshold (39.384792ms)
✔ buildBatchSizeGuidanceWarning M-only batch does not mention L (74.136042ms)
✔ formatPlanHuman appends batch size guidance warning (53.2965ms)
✔ buildBatchSizeGuidanceWarning mixed batch shows both M and L counts (30.185ms)
✔ appendBatchSizeGuidanceToPlanOutput skips warning in stub mode (10.381583ms)
✔ isPiWebAccessPackageSource matches npm and path entries (1.633542ms)
✔ detectPiWebAccessExtensionConflict flags npm plus local checkout (3.199125ms)
✔ detectPiWebAccessExtensionConflict ok with single source (0.795209ms)
✔ buildPiExtensionConflictDoctorCheck warns with actionable command (1.603375ms)
✔ shouldWorkerUsePiNoExtensions mirrors conflict assessment (1.805708ms)
✔ isPiExtensionConflictOutput detects worker spawn conflict text (0.210708ms)
✔ resolvePiPackageSourcePath resolves npm and relative entries (0.081ms)
✔ readPiPackageSources returns empty for missing settings (0.463875ms)
✔ isDisplayLabel matches pi TUI display labels (1.041292ms)
✔ isDisplayLabel rejects canonical ids and invalid strings (0.122167ms)
✔ displayLabelToCanonical converts to provider/model (0.085208ms)
✔ displayLabelToCanonical returns null for non-labels (0.078959ms)
✔ isCanonicalModelId validates provider/model format (0.158792ms)
✔ isCanonicalModelId rejects non-canonical strings (0.058458ms)
✔ normalizeModelId passes canonical ids through (0.089917ms)
✔ normalizeModelId converts display labels to canonical (0.054167ms)
✔ normalizeModelId passes special values through (0.513709ms)
✔ normalizeModelId rejects unrecognized formats (0.182291ms)
✔ normalizeModelId rejects non-string input (0.081417ms)
✔ validateModelIdFormat accepts canonical ids (0.097625ms)
✔ validateModelIdFormat accepts special values and non-strings (0.079083ms)
✔ validateModelIdFormat flags display labels with canonical hint (0.066834ms)
✔ validateModelIdFormat flags unrecognized formats (0.048125ms)
✔ buildAgentModelIdsDoctorCheck passes when all pins are canonical (0.148875ms)
✔ buildAgentModelIdsDoctorCheck fails when display label is in config (0.123417ms)
✔ buildAgentModelIdsDoctorCheck fails on invalid format (0.075ms)
✔ buildAgentModelIdsDoctorCheck passes when no models configured (0.043333ms)
✔ buildAgentModelIdsDoctorCheck skips inherit and empty values (0.050542ms)
✔ settings set normalizes display label to canonical id (0.509875ms)
✔ settings set passes canonical id through unchanged (0.090333ms)
✔ settings set rejects invalid model id format (0.134333ms)
✔ settings set allows inherit for model fields (0.072209ms)
✔ settings set rejects invalid model id in JSON mode (1.496ms)
✔ settings set normalizes worker model display label (0.10775ms)
✔ settings set normalizes per-type reviewer model display label (0.103166ms)
✔ fingerprintRulesManifest ignores generatedAt (0.597375ms)
✔ buildRulesManifestDoctorCheck warns when manifest missing (10.980292ms)
✔ buildRulesManifestDoctorCheck warns when manifest stale (17.424292ms)
✔ resolveSpineOnPath uses which by default (0.558666ms)
✔ readPackageVersion reads package.json version (0.527833ms)
✔ buildStalePathDoctorCheck warns when spine not on PATH (0.193125ms)
✔ buildStalePathDoctorCheck ok when PATH matches package bin (0.119125ms)
✔ buildStalePathDoctorCheck warns on version mismatch (1.121042ms)
✔ buildStalePathDoctorCheck warns on mtime mismatch only (2.933125ms)
✔ isStalePathSpineBlocking true only for stale PATH label (0.082917ms)
✔ isStalePathSpinePreflightBlocking requires version mismatch detail (0.068625ms)
✔ readSpineCliVersion parses spine --version output (2138.752416ms)
✔ resolveInProgressSpineBatchId returns batchId for running batch (1877.06475ms)
✔ resolveInProgressSpineBatchId returns null for completed batch (2002.934916ms)
✔ listStaleSpineWorktreeBatchIds flags dirs without matching active batch (1223.454375ms)
✔ buildStaleWorktreesDoctorCheck warns on stale worktree dirs (969.983417ms)
✔ buildStaleWorktreesDoctorCheck passes when only active batch dir exists (953.666375ms)
✔ runDoctorChecks includes stale worktrees warning (17040.92025ms)
✔ buildStallConfigDoctorCheck warns when stall timeout unset for real pi (0.635916ms)
✔ buildStallConfigDoctorCheck passes when stall timeout configured high (0.094417ms)
✔ isStubWorkerMode respects SPINE_WORKER_STUB (0.0645ms)
✔ resolveConfiguredStallMinutes returns null when missing (0.061375ms)
✔ suggestMaxParallel(4) → 2 (0.538458ms)
✔ suggestMaxParallel(8) → 4 (0.06325ms)
✔ suggestMaxParallel(1) → 1 (0.563458ms)
✔ suggestMaxParallel(2) → 1 (0.072792ms)
✔ buildMaxParallelDoctorCheck warns when configured exceeds suggested + 1 (0.854208ms)
✔ buildMaxParallelDoctorCheck no warning when configured matches suggested (0.09075ms)
✔ buildMaxParallelDoctorCheck no warning at default 3 when suggested is 2 (4-core) (0.06075ms)
✔ collectTaskPacketSizeIssues flags XL and too many steps on pending packet (6.833417ms)
✔ collectTaskPacketSizeIssues ignores tasks with .DONE (1.991291ms)
✔ classifyBatchStateSource uses path and content markers (0.648916ms)
✔ assessOrchestratorCoexistence passes when no batch-state files (1749.317875ms)
✔ assessOrchestratorCoexistence fails on active Taskplane batch in .pi (6489.266209ms)
✔ assessOrchestratorCoexistence fails when spine and Taskplane batches both active (11471.170917ms)
✔ buildCoexistencePreflightCheck blocks spine start when Taskplane batch active (5315.847916ms)
✔ runBatchPreflight fails with orchestrator-coexistence when Taskplane batch active (8373.720792ms)
✔ runDoctorChecks reports mutual exclusion failure for Taskplane batch (10340.406458ms)
✔ buildCoexistenceDoctorCheck passes when only pi-spine batch is active (2965.741708ms)
✔ buildWorktreeHealthDoctorCheck passes with no worktrees (1636.544208ms)
✔ buildWorktreeHealthDoctorCheck flags absolute gitdir (1714.694917ms)
✔ /spine-status reports idle reconciliation on clean repo (2135.343083ms)
✔ /spine-deps delegates to CLI and notifies graph output (1598.61225ms)
✔ /spine-plan succeeds after preflight passes (15550.303666ms)
✔ /spine-dismiss archives limbo batch state (3155.424167ms)
✔ /spine-pause pauses a running spine batch (1156.560917ms)
✔ /spine-resume resumes a paused spine batch (3569.033625ms)
✔ /spine-retry-task resets a failed task (870.707583ms)
✔ /spine-skip-task skips a failed task (738.899125ms)
✔ /spine-abort archives an active spine batch (612.524084ms)
✔ /spine-next prints reconciliation suggestion (892.471542ms)
✔ /spine-validate checks pending task packets (1210.29425ms)
✔ /spine-handoff writes operator note and notifies (3831.764458ms)
✔ /spine-gate inspects integrate gate state (1248.001542ms)
✔ /spine-integrate dry-run reports merge preview (1714.904ms)
✔ /spine-settings shows interactive configuration menu (751.208375ms)
✔ /spine-dashboard notifies listen URL and port source (494.825417ms)
✔ /spine entry warns on limbo_stale diagnosis (2081.168542ms)
✔ /spine entry warns on needs_retry diagnosis (2405.394625ms)
✔ /spine entry reports running batch headline (1631.569083ms)
✔ /spine entry starts batch when scope provided after preflight (10864.913208ms)
✔ /spine-deps truncates very large dependency output (2345.45875ms)
✔ parseMigrateArgs rejects --source without value (1.032708ms)
✔ runMigrateFromTaskplane fails when source file is missing (4.760917ms)
✔ runMigrateFromTaskplane refuses overwrite without force (21.560625ms)
✔ runMigrateFromTaskplane dry-run does not write config (12.701541ms)
✔ loadTaskplaneConfig reads repo fixture (1.025625ms)
✔ mapTaskplaneToSpine maps repo fixture to valid spine config (3.254209ms)
✔ mapTaskplaneToSpine honors tasksRootOverride (2.795917ms)
✔ mapTaskplaneToSpine ignores unknown keys (3.34875ms)
✔ mapMaxParallel clamps invalid and excessive values (0.064041ms)
✔ loadTaskplaneConfig fails loud on missing file (0.226875ms)
✔ DEFAULT_TASKPLANE_SOURCE_PATH matches repo layout (0.113167ms)
✔ normalizeFileScopePath strips trailing globs and normalizes separators (0.648958ms)
✔ pathsOverlap detects parent/child and rejects unrelated prefixes (0.08ms)
✔ fileScopesOverlap detects parent/child directory overlap (1.913167ms)
✔ fileScopesOverlap detects exact file overlap in same wave scenario (0.085375ms)
✔ fileScopePatternsOverlap handles wildcard file globs (0.304459ms)
✔ fileScopePatternsOverlap does not treat dotted sibling paths as overlapping (0.7205ms)
✔ fileScopePatternsOverlap handles literal paths with regex metacharacters (0.6295ms)
✔ expandFileScopeProbes produces nested paths for directory globs (0.163ms)
✔ findWaveFileScopeOverlaps returns pairs within the same wave only (5.781292ms)
✔ findWaveFileScopeOverlaps matches issue #31 parent/child safety paths (0.242375ms)
✔ findWaveFileScopeOverlaps ignores single-task waves (2.553583ms)
✔ planWaves serializes two tasks with the same file to one virtual lane (18.616834ms)
✔ assignLanesToWaves uses glob-aware overlap for wildcard scopes (0.149458ms)
✔ formatFileScopeOverlapWarnings lists wave and task pairs (0.131334ms)
✔ buildPlan reports file-scope overlaps and serializes conflicting tasks (255.396084ms)
✔ formatPlanHuman shows serial lane as bullet list with titles (0.733333ms)
✔ formatPlanHuman shows parallel lanes and omits tick jargon (0.115583ms)
✔ formatPlanHuman includes start hints for multi-wave plans (0.103458ms)
✔ topoWaves groups tasks into deterministic dependency waves (1.109875ms)
✔ buildGraph includes nodes that only appear as dependencies (0.107041ms)
✔ findCyclePath returns a closed cycle path (1.22625ms)
✔ repo spine-tasks plan has wave0 TP-006||TP-007 and wave1 TP-008 (112.83125ms)
✔ TP-034/038/041 disjoint scopes get three virtual lanes in tick 0 (1.268709ms)
✔ overlapping file scopes share one virtual lane (serialized) (0.130916ms)
✔ buildPlan for TP-034 TP-038 TP-041 lists three lanes in human output (177.261167ms)
✔ spine plan CLI shows three lanes for TP-034 TP-038 TP-041 (561.640625ms)
✔ assignLanesToWaves assigns disjoint file scopes to separate virtual lanes (0.759583ms)
✔ assignLanesToWaves packs overlapping file scopes into same virtual lane (0.124792ms)
✔ assignLanesToWaves respects maxParallel by queueing excess virtual lanes into ticks (0.110584ms)
✔ filterPendingTaskIds excludes tasks with .DONE marker (123.140791ms)
✔ parseScope pending mode returns pending IDs and excluded count (77.513042ms)
✔ parseScope pending throws when all tasks are done (61.581667ms)
✔ buildPlan pending scope preserves dependency waves (52.350292ms)
✔ filterPendingTaskIds excludes tasks with .SUPERSEDED marker (52.976375ms)
✔ summarizePendingScope counts excluded tasks (52.904917ms)
✔ runSpinePlan pending with all .DONE returns exit 0 informational output (282.135208ms)
✔ runSpinePlan pending JSON with all .DONE returns synthetic plan (138.353292ms)
✔ runSpinePlan pending with all .DONE does not throw (22.195083ms)
✔ parseScope pending empty error carries structured metadata (55.895708ms)
✔ runSpinePlan pending output includes maxParallel from config (103.954541ms)
✔ buildPlan rejects invalid heading separator (82.683583ms)
✔ buildPlan rejects missing testing coverage (104.9625ms)
✔ buildPlan rejects missing File Scope section (71.074291ms)
✔ runSpinePlan exits with validation errors for invalid PROMPT (68.881ms)
✔ buildPlan accepts valid PROMPT packets (27.406959ms)
✔ parseScope glob escapes literal dots in path patterns (21.254292ms)
✔ parseScope glob escapes literal parentheses in path patterns (24.866291ms)
✔ parseScope glob with plus in path pattern matches literally (13.0575ms)
✔ parseScope TP-* glob scopes remain unchanged (30.494625ms)
✔ parseScope('all') selects all discovered tasks (139.617666ms)
✔ parseScope('TP-002') selects explicit task IDs (91.508917ms)
✔ parseScope supports glob path patterns (68.102708ms)
✔ resolveWaveTaskIds returns wave task IDs (1.002792ms)
✔ resolveWaveTaskIds rejects out-of-range and empty waves (0.152959ms)
✔ filterPlanToWave narrows plan to one wave (10.431209ms)
✔ parseBatchStartWaveFilter accepts --wave and --through-wave (0.214167ms)
✔ parseBatchStartWaveFilter rejects conflicting and invalid flags (0.093791ms)
✔ registerSpineSlashCommands registers all PRD §15.1 command names (0.861292ms)
✔ /spine-retry-task without task id notifies usage error (0.176625ms)
✔ /spine-skip-task without task id notifies usage error (0.138ms)
✔ /spine-plan notifies error when preflight fails (14560.569334ms)
✔ /spine handler runs preflight before batch guidance (13459.03025ms)
✔ buildDepsReport returns empty graph for isolated task with no deps (1314.458666ms)
✔ buildDepsReport detects synthetic dependency cycle (851.527458ms)
✔ cycleNodesFromPath deduplicates closing node (0.225583ms)
✔ depsToEdges and formatDepsHuman render dependency flow (0.185834ms)
✔ repo fixture TP-031 scope shows TP-030 dependency edge (15.563083ms)
✔ spine deps CLI emits JSON shape with nodes, edges, cycles, waves (1492.858ms)
✔ spine deps CLI exits 1 when cycle detected (2080.260667ms)
✔ findCyclePath returns path for cyclic graph (0.249416ms)
✔ init --preset taskplane-compat --tasks-root taskplane-tasks --dry-run produces expected keys (17.027375ms)
✔ init --preset taskplane-compat defaults tasksRoot to taskplane-tasks (17.074459ms)
✔ plain init applies spine defaults without preset flag (19.941583ms)
✔ init rejects unknown preset (20.602834ms)
✔ fresh init creates config, agents, tasks root, and gitignore entries (26.456417ms)
✔ init skips constitution.md when it already exists without --force (86.926042ms)
✔ buildConstitutionMd substitutes project title from directory name (6.637666ms)
✔ init without --force refuses when spine-config.json exists (121.429916ms)
✔ --tasks-root taskplane-tasks sets paths.tasksRoot correctly (27.391709ms)
✔ --dry-run makes no filesystem changes (4.861ms)
✔ init skips CONTEXT.md when it already exists without --force (25.202416ms)
✔ init --force overwrites existing CONTEXT.md (59.489291ms)
✔ buildContextMd substitutes project title from directory name (3.14075ms)
✔ --dry-run plans CONTEXT.md create without writing files (11.210958ms)
✔ ensureGitignoreEntries appends only missing entries (2.059917ms)
✔ runPreflightPlanCheck builds wave plan during preflight (4806.430208ms)
✔ runReconciliationCheck returns real diagnosis for running batch (4281.339667ms)
✔ checkDoctor fails when doctor reports issues (0.298917ms)
✔ checkStalePathSpine fails when PATH spine version is stale (1.569458ms)
✔ checkGitClean lists up to 20 dirty paths (322.966708ms)
✔ checkNoActiveBatch passes when no batch-state file exists (1360.459459ms)
✔ checkNoActiveBatch calls reconciliation when batch-state exists (991.296459ms)
✔ checkTasksRoot validates discoverable task folders (1100.656ms)
✔ checkDependenciesJson validates version and task IDs (1026.295291ms)
✔ runBatchPreflight passes on initialized clean fixture (3297.562458ms)
✔ runBatchPreflight fails when git working tree is dirty (3443.467042ms)
✔ runPreflightPlanCheck validates pending scope only (SP-122) (980.006166ms)
✔ checkTasksValidate exposes distinct tasks-validate check id (806.295792ms)
✔ runBatchPreflight includes tasks-validate check distinct from plan (2919.433083ms)
✔ runBatchPreflight fails on limbo fixture with dismiss suggestion (7153.811709ms)
✔ runBatchPreflight passes when all tasks have .DONE (zero pending) (2278.012875ms)
✔ checkGitClean passes when only rules-manifest generatedAt drifted (716.399459ms)
✔ checkGitClean still fails when rules-manifest rules[] differ (689.412459ms)
✔ spine run pending is alias for batch start pending (1726.358083ms)
✔ spine run all dry-run matches pending-filtered batch start (1652.685375ms)
✔ applySetting merges nested dotted paths (2.094834ms)
✔ runSettingsSetOperation rejects unknown path (0.250958ms)
✔ runSettingsSetOperation rejects invalid value (0.136834ms)
✔ runSettingsSetOperation returns merged config on success (0.337417ms)
✔ writeSpineConfigAtomic writes valid JSON atomically (1161.124167ms)
✔ spine settings set updates maxParallel on disk (1603.061334ms)
✔ spine settings set rejects bad value (2096.910917ms)
✔ spine settings set --dry-run leaves config unchanged (1788.130542ms)
✔ spine settings set --json reports write metadata (1847.979709ms)
✔ spine settings set exits 1 with suggestedCommand when config missing (1472.628958ms)
✔ getValueAtPath reads nested config values (0.554042ms)
✔ formatSettingsShow lists all editable fields in human mode (0.373625ms)
✔ formatSettingsShow returns JSON fields array for all settings (0.5415ms)
✔ formatSettingsShow single path mode prints one value (0.137542ms)
✔ formatSettingsShow rejects unknown path (0.077875ms)
✔ buildSettingsShowFields mirrors registry order (3.440459ms)
✔ spine settings show CLI prints editable fields from temp config (1201.284916ms)
✔ spine settings show CLI single path and JSON modes (1876.817958ms)
✔ spine settings show CLI exits 1 with suggestedCommand when config missing (2226.707ms)
✔ formatSettingsSlashMenu lists at least five editable fields with set hints (0.757791ms)
✔ runSpineSettingsSlash notifies menu with live config fields (1231.578292ms)
✔ runSpineSettingsSlash set subcommand persists a valid change (2078.894667ms)
✔ runSpineSettingsSlash set reports usage error without path and value (1759.079791ms)
✔ runSpineSettingsSlash reports missing config with suggested init (1358.89725ms)
✔ fileScopesOverlap detects parent/child path overlap (0.748625ms)
✔ extractExploreSlugsFromContext finds explore findings paths (0.57625ms)
✔ collectWaveMCountFindings warns when a wave has more than four M tasks (0.113125ms)
✔ collectPromptJsonDepsDriftFindings reports missing JSON entry (0.108083ms)
✔ runSpineTasksAnalyze exits 0 for clean scope (1595.607333ms)
✔ runSpineTasksAnalyze reports parallel file-scope overlap as blocking (1839.361459ms)
✔ runSpineTasksAnalyze reports dependency cycle as blocking (1544.837417ms)
✔ runSpineTasksAnalyze exits 0 when only warnings are present (1529.271917ms)
✔ runSpineTasksAnalyze warns for missing explore findings referenced in CONTEXT (1042.666041ms)
✔ runSpineTasksAnalyze --json emits AnalyzeTasksResult (1288.876834ms)
✔ spine tasks analyze CLI exits 1 for blocking overlap (1118.323375ms)
✔ spine tasks analyze CLI exits 0 for warnings-only scope (1293.864875ms)
✔ spine help tasks documents analyze subcommand (230.878541ms)
✔ parseContract extracts all five contract fields from a valid table (1.897459ms)
✔ validateContract passes for a valid contract table (2.01775ms)
✔ parseContract and validateContract handle an empty contract table (0.204083ms)
✔ validateContract warns on unknown contract fields (0.128084ms)
✔ parseContract reports duplicate field rows as errors (0.1395ms)
✔ parseContract accepts plain-text testCommand values (0.081667ms)
✔ parseContract returns hasSection false when Contract heading is absent (0.075417ms)
✔ CONTRACT_FIELD_NAMES lists all normative contract fields (0.06225ms)
✔ parseContract resolves see File Scope to File Scope bullet paths (0.118917ms)
✔ parseContract excludes optional File Scope bullets from see File Scope expansion (4.576ms)
✔ validateContract errors on em-dash placeholders in required mode (0.144375ms)
✔ validateContract errors on see File Scope with empty File Scope section in required mode (0.248334ms)
✔ validateContract warns on placeholders in optional mode (0.077875ms)
✔ parseContract treats em dash contract cells as empty path lists (0.100333ms)
✔ parseContract splits comma-separated paths inside a single backtick wrapper (SP-396) (0.629542ms)
✔ parseContract splits comma-separated artifacts inside a single backtick wrapper (0.151083ms)
✔ validateContract warns on comma-in-single-backtick path lists in optional mode (0.190584ms)
✔ validateContract errors on comma-in-single-backtick path lists in required mode (0.118791ms)
✔ mergeDeps unions identical sets from PROMPT and JSON (0.92ms)
✔ mergeDeps JSON wins when PROMPT and JSON disagree (0.081834ms)
✔ mergeTaskDeps uses golden fixtures end-to-end (3.041208ms)
✔ mergeDeps returns PROMPT deps when JSON has no entry (0.172667ms)
✔ TASK_HEADING_RE requires em dash (U+2014) (0.625791ms)
✔ parsePrompt extracts required sections and steps from golden S fixture (2.123333ms)
✔ validatePrompt rejects hyphen separator in heading (0.650709ms)
✔ discoverTasks finds three golden fixtures (8.755583ms)
✔ parsePromptDependencies parses list and Requires forms (0.450083ms)
✔ parseStatus mirrors step numbers and checkbox state (1.605625ms)
✔ getStepProgress aggregates checkbox completion (0.68425ms)
✔ listIncompleteSteps returns unchecked items per step (0.451542ms)
✔ FX-invalid-no-testing fails validatePrompt for missing Testing step (2.34125ms)
✔ FX-missing-contract fails validatePrompt in required contract mode (1.5955ms)
✔ FX-valid-contract passes validatePrompt in required contract mode (2.128375ms)
✔ FX-final-replan has Review Level >= 1 for REPLAN integration path (0.401042ms)
✔ formatTasksValidateHuman prefixes summary before failure details (0.77125ms)
✔ runSpineTasksValidate exits 0 for valid PROMPT packets (1992.822334ms)
✔ runSpineTasksValidate reports same failure message as planner for invalid PROMPT (1371.656625ms)
✔ runSpineTasksValidate returns exit 2 for missing config (983.273042ms)
✔ runSpineTasksValidate returns exit 2 for unresolved scope (1043.017375ms)
✔ spine tasks validate CLI exits 0 for valid scope (1540.931917ms)
✔ spine tasks validate CLI exits 1 for invalid PROMPT (1422.190625ms)
✔ buildTasksValidateResult matches TasksValidateResult schema (0.405208ms)
✔ collectTaskAdvisoryWarnings reports folder, STATUS, and deps mismatches (0.286125ms)
✔ runSpineTasksValidate --json emits TasksValidateResult (738.046917ms)
✔ runSpineTasksValidate --warnings-only keeps exit 0 for advisory issues (815.351291ms)
✔ spine tasks validate CLI --json exits 0 for valid scope (827.650792ms)
✔ spine help tasks documents validate subcommand (349.625208ms)
✔ spine tasks validate CLI exits 2 for config error (824.9805ms)
✔ validateContract warns when fileScopeMustNotChange includes spine-tasks/** (3.26975ms)
✔ validateContract warns when pattern matches current task folder only (0.533042ms)
✔ validateContract is quiet for parallel product-path guards (0.545ms)
✔ collectFileScopeMustNotChangeWarnings dedupes broad spine-tasks ban over task folder (0.141792ms)
✔ collectFileScopeMustNotChangeWarnings ignores other task folders (0.172875ms)
✔ collectFileScopeMustNotChangeWarnings respects custom tasksRoot (0.125ms)
✔ collectFileScopeMustNotChangeWarnings skips current-task check without taskId (0.16ms)
✔ collectStaleFileScopeMustChangeWarnings is quiet when scope paths unchanged since task intro (2522.6975ms)
✔ collectStaleFileScopeMustChangeWarnings warns when scope paths changed on main after task intro (2024.800625ms)
✔ collectStaleFileScopeMustChangeWarnings ignores tasks without fileScopeMustChange (1889.312542ms)
✔ parseReportProgressArgs reads step and checkbox flags (0.550833ms)
✔ reportTaskProgress appends task.step_completed with metadata (6.189792ms)
✔ reportTaskProgress writes journal line on disk (14.003125ms)
✔ reportTaskProgress fails closed without batch context (0.22125ms)
✔ runSpineReportProgress returns non-zero when batchId missing (0.218459ms)
✔ runSpineReportProgress does not write with attach env when attach suppressed (0.821084ms)
✔ requestWorkerGate fails closed without batch context (0.600792ms)
✔ requestWorkerGate returns not_supported for integrate gate (9.881958ms)
✔ requestWorkerGate returns not_supported when no gate record (manual deferred) (2.957167ms)
✔ buildReviewStepCliArgs maps params and adds --stub when SPINE_WORKER_STUB=1 (0.891ms)
✔ executeSpineReviewStep fails closed without SPINE_TASK_FOLDER (0.222833ms)
✔ spine_review_step handler returns APPROVE via stub review (187.172667ms)
✔ spine_review_step handler marks stub spawn failure as tool error (12.101792ms)
✔ spine_review_step skips nested reviewer spawn inside worker session (87.830583ms)
✔ registerSpineWorkerTools registers all three PRD worker tools (0.886459ms)
✔ executeSpineReportProgress appends task.step_completed via tool handler (27.650208ms)
✔ executeSpineReportProgress fails closed without batch context (0.574458ms)
✔ spine_request_gate tool returns structured not_supported shape (4.241834ms)
✔ executeSpineRequestGate fails closed without batch context (0.234042ms)
ℹ tests 1597
ℹ suites 0
ℹ pass 1597
ℹ fail 0
ℹ cancelled 0
ℹ skipped 0
ℹ todo 0
ℹ duration_ms 173148.602917

> pi-spine@1.4.0 coverage:check
> node scripts/run-coverage.mjs

✔ adoption fixture: init, plan, stub batch AD-001 creates .DONE (20877.904084ms)
✔ adoption integration: REPLAN final verdict surfaces needs_replan diagnosis (17789.658708ms)
✔ worker.md documents spine tools, stall checkpoint, and coverage policy (0.854042ms)
✔ worker.md documents engine-owned code and final review after .DONE (0.501375ms)
✔ reviewer.md documents final PASS REVISE REPLAN verdicts (0.284959ms)
✔ worker-prompt tail aligns with worker.md commit and review conventions (0.825625ms)
✔ buildWorkerTailPrompt does not contradict worker.md on commit format (16.799875ms)
✔ buildAgentSessionWorkerPrompt includes review hint when level > 0 (2.560875ms)
✔ buildWorkerPiArgs omits -ne when no pi-web-access conflict (23.31225ms)
✔ buildWorkerPiArgs includes -ne before -p when extension conflict detected (46.072542ms)
✔ formatPiExtensionConflictHint surfaces pi-web-access remediation (0.312542ms)
✔ abortBatch archives batch-state before clearing active file (873.098833ms)
✔ abortBatch journals batch.aborted and preserves prior journal tail (1386.198834ms)
✔ abortBatch writes abort signal without killing on graceful abort (1402.686375ms)
✔ hard abort removes lane worktree when cleanup enabled (2026.297875ms)
✔ hard abort keeps worktree when cleanupOnHardAbort is false (2044.534375ms)
✔ abortBatch fails when no active batch (808.085292ms)
✔ mergeLaneToOrch auto-resolves disjoint adoption doc edits without force-merge (5169.070958ms)
✔ mergeLaneToOrch fails adoption doc merge with recovery commands when hunks overlap (6117.898292ms)
✔ formatAdoptionDocMergeFailure names file and wave recovery (0.203333ms)
✔ agent session abort failure journals lane.worker_abort_failed (1180.487708ms)
✔ formatAttachedMilestoneLine renders land-loop journal types (0.630583ms)
[spine] batch.started
[spine] task.started SP-343
[spine] task.completed SP-343
[spine] batch.merge_started wave=0
[spine] batch.merge_completed wave=0
[spine] gate.opened
[spine] gate.evidence_collecting
[spine] gate.evidence_completed
[spine] batch.completed
[spine] batch.land_loop_finalized

Batch started

Batch 20260704T192234 completed: SP-343 succeeded; merged to orch/spine-20260704T192234.
  → spine gate status
  → spine gate approve
  → spine integrate
  → spine batch complete

Batch 20260704T192234 ready to integrate orch branch to main

  → spine integrate

  Alternatives:
    • /spine-integrate
    • /spine-gate
    • spine status --diagnose

  Batch: 20260704T192234
  Task: SP-343
✔ runSpineBatch attached start returns integrate handoff without process.exit in tests (19003.593791ms)
✔ attached batch CLI subprocess exits after completed with stdout milestones (19898.147709ms)
✔ formatAttachedBatchCliResult includes diagnosis suggested command (0.324709ms)
✔ enforceAttachedEngineSingleOwner fails fast when engine PID is alive (1173.466417ms)
✔ enforceAttachedEngineSingleOwner orphans prior engine with --force (1505.451625ms)
✔ resumeBatch rejects second attached resume when engine PID is alive (1155.912291ms)
✔ resumeBatchDetached rejects spawn when attached engine PID is alive (1361.983042ms)
✔ runAttachedBatchEngine blocks attached start when engine PID is alive (1285.195ms)
✔ isLastWaveIndex matches batch 20260618T000943 wave plan (0.641916ms)
✔ maybeFinalizeAfterWaveMerge opens gate for last-wave post-merge limbo (4776.068708ms)
✔ resumeMultiTaskBatch finalizes post-merge limbo even with stale engine pid (5370.281917ms)
✔ terminateStaleDetachedEngine still clears stale engine during post-merge limbo resume handoff (1464.003042ms)
✔ startBatch multi-wave attached path opens gate after wave 1 without resume (28652.93925ms)
✔ attached milestone types include batch.merge_blocked (0.851959ms)
✔ formatAttachedBatchCliResult prints merge failure headline and exits non-zero for merge_blocked (4193.950917ms)
✔ runAttachedBatchEngine streams merge_blocked milestone before merge failure CLI output (5119.951708ms)
✔ mergeEngineStateWithDiskPause adopts operator pause from disk (966.380625ms)
✔ saveEngineBatchState does not clobber phase paused during heartbeat-style saves (1508.214083ms)
✔ enforceOperatorPauseOnDisk re-asserts paused after engine overwrite (1781.817375ms)
✔ pauseBatch confirms when attached engine heartbeat saves honor pause (3222.834625ms)
✔ batch 20260620T194352 fixture is post-merge limbo without gate (1320.430292ms)
✔ attemptPostMergeLandLoopHandoff finalizes in-process after SIGTERM-shaped limbo (5334.285375ms)
✔ finalizeAttachedPostMergeLimbo is idempotent when gate already open (4721.626916ms)
✔ resume after orphan_terminated journal opens gate for batch 20260620T194352 pattern (4828.806792ms)
✔ installAttachedEngineShutdownHandlers finalizes on SIGTERM without manual resume (4445.011958ms)
✔ terminateStaleDetachedEngine during post-merge limbo still allows resume finalize (4943.517959ms)
✔ shouldAutoIntegrateAfterWave is false by default (0.594459ms)
✔ shouldAutoIntegrateAfterWave is true when configured and not last wave (0.084667ms)
✔ shouldAutoIntegrateAfterWave is false on last wave (0.052917ms)
✔ issue #25: retry unblocks failed phase when only pending tasks remain (10735.493667ms)
✔ issue #25: failed phase with pending-only limbo resumes without --force (5103.123333ms)
✔ retry keeps failed phase when other failed tasks remain (1643.317375ms)
✔ diagnosis suggests resume --force for failed-phase pending-only limbo (0.209291ms)
✔ parseSupersededReplacementIds extracts child task IDs (1.3485ms)
✔ assertBatchStartTasksNotSuperseded rejects superseded IDs (1850.060083ms)
✔ assertBatchStartTasksNotSuperseded allows pending IDs (1559.035ms)
✔ assertBatchStartTasksNotSuperseded honors --force-superseded (1902.623125ms)
✔ resolveBatchStartScope rejects explicit superseded task IDs (2008.032042ms)
✔ resolveBatchStartScope allows superseded IDs with forceSuperseded (1302.998417ms)
✔ startBatch dry-run rejects superseded explicit scope (998.651875ms)
✔ startBatch dry-run allows superseded scope with forceSuperseded (1636.860542ms)
✔ parseBatchArgs maps --wave on start to waveFilter (0.873166ms)
✔ parseBatchArgs strips --wave value from scope for wave 0 (0.1075ms)
✔ buildAttachedBatchStartArgv forwards waveFilter to detached engine (0.66725ms)
✔ startBatch dry-run with pending scope and --wave 0 selects planner wave 0 (1882.416333ms)
✔ startBatch dry-run with --wave selects planner wave task IDs (1585.300458ms)
✔ wave-filtered dry-run matches explicit wave task scope dry-run (1868.744ms)
✔ evaluateBatchStateWriteGuard rejects writes from non-owner live engine (20.791375ms)
✔ saveSpineBatchState rejects resurrecting archived batch cache (24.583958ms)
✔ resolveStallConfig defaults checkpoint warning and no file-scope grace extension (0.690542ms)
✔ file-scope mtime is activity only — does not extend stall deadline by default (0.211958ms)
✔ checkpoint signals extend grace; STATUS update moves deadline (0.069208ms)
✔ shouldEmitCheckpointWarning after activity without checkpoint threshold (0.105416ms)
✔ resolveScopedDirtyPaths limits porcelain to file scope and task folder (582.707083ms)
✔ lane.checkpoint_warning journal event and diagnose hints (40.860417ms)
✔ extractJournalDiagnosisHints omits stale checkpoint_warning older than 30 minutes (0.173208ms)
✔ collectProgressSignals includes dirtyPaths for scoped changes (1162.246083ms)
✔ runFinalReviewPhase fails fast with contract_failed and does not consume finalAttempts (8004.76025ms)
✔ reconcileBatch surfaces contract_failed headline for failed task (3710.170458ms)
✔ verifyContract satisfies pre-landed fileScopeMustChange when testCommand and artifacts pass (2982.5065ms)
✔ verifyContract still fails pre-landed scope when testCommand fails (8426.444875ms)
✔ verifyStubFileScopeMustChange passes delivery-only STATUS when source scope pre-landed (2677.988875ms)
✔ verifyContract passes delivery-only STATUS.md fileScopeMustChange contract (2134.576542ms)
✔ resolvePromptRelPath derives task PROMPT from spine-tasks delivery changes (1157.635042ms)
✔ isFileScopePatternPrelanded detects scope changed on main after task intro (2399.294541ms)
✔ testCommand fails once then succeeds on retry — contract passes (155.99775ms)
✔ testCommand fails all retries — contract_failed as before (169.238042ms)
✔ retry count configurable via spine-config contract.testRetries (441.416958ms)
✔ failed output captured to .reviews/ directory (434.414833ms)
✔ no retry when testCommand succeeds first time (no performance cost) (145.481458ms)
✔ writeContractFailureLog creates log file with header (81.761875ms)
✔ writeContractFailureLog returns null when taskFolder is undefined (0.167167ms)
✔ CONTRACT_TEST_DEFAULT_RETRIES is 1 (0.042625ms)
✔ CONTRACT_TEST_RETRY_DELAY_MS is 5000 (0.047167ms)
✔ multiple failure logs captured across retry attempts (318.904041ms)
✔ parseContract extracts stallTimeoutMinutes and extendGraceOnFileScope (1.378459ms)
✔ resolveTaskStallMinutes uses max of global, size floor, and contract override (0.131292ms)
✔ resolveStallConfigForTask applies contract stallTimeoutMinutes to stallTimeoutMs (0.131333ms)
✔ resolveStallConfigForTask honors contract extendGraceOnFileScope (0.064708ms)
✔ resolveWorkerPiTimeoutMs aligns with contract stall budget (0.103708ms)
✔ runWorker with contract stall override survives beyond global stall budget (scaled) (5288.201125ms)
✔ runWorker without contract override stalls at scaled global budget (5455.437292ms)
✔ isDeliveryArtifactPath accepts STATUS.md-only patterns (0.799084ms)
✔ isDeliveryArtifactPath accepts .DONE-only patterns (0.176458ms)
✔ isDeliveryArtifactPath accepts task-folder delivery globs (0.10775ms)
✔ isDeliveryArtifactPath rejects implementation and tasks-root paths (0.09725ms)
✔ isImplementationScopePattern detects source and tooling roots (0.051375ms)
✔ isStubDeliveryOnlyScope is true for delivery-only pattern sets (0.09075ms)
✔ isStubDeliveryOnlyScope rejects mixed implementation and delivery patterns (0.064625ms)
✔ isStubDeliveryOnlyScope rejects empty pattern lists (0.041791ms)
✔ isDeliveryArtifactPath honors custom tasksRoot (0.162708ms)
✔ resolveTaskStartCommit returns distinct start commits for serialized lane tasks (0.868ms)
✔ resolveTaskStartCommit prefers task.started payload commit over prior lane.committed (0.107834ms)
✔ resolveTaskStartCommit returns null when task.started is missing (main...HEAD fallback) (0.070667ms)
✔ resolveTaskStartCommit resolves git HEAD at task.started timestamp when journal lacks commit (2036.456208ms)
✔ CONTRACT_TEST_COMMAND_MAX_BUFFER exceeds legacy 256KB limit (0.599084ms)
✔ runContractTestCommand captures large stdout without killing child (96.41125ms)
✔ runContractTestCommand surfaces ENOBUFS with scoped testCommand guidance (203.8565ms)
✔ verifyContract reports buffer overflow with scoped testCommand guidance (5797.139583ms)
✔ listChangedFiles with sinceCommit scopes diff to commits after anchor (2399.608375ms)
✔ listChangedFiles without sinceCommit preserves baseBranch...HEAD (2224.481416ms)
✔ verifyContract with sinceCommit ignores prior same-lane task fileScopeMustNotChange violations (3255.41375ms)
✔ verifyContract without sinceCommit preserves cumulative lane branch behavior (1660.682167ms)
✔ verifyContract passes when testCommand exits 0 (171.506709ms)
✔ verifyContract fails when testCommand exits non-zero (120.661292ms)
✔ verifyContract checks artifactsMustExist paths in worktree (132.176709ms)
✔ verifyContract expands glob patterns in artifactsMustExist (276.668625ms)
✔ verifyContract returns ok with empty checks when contract has no verify fields (272.209625ms)
✔ verifyContract enforces fileScopeMustChange and fileScopeMustNotChange (2233.297417ms)
✔ verifyContract checks minLineCoverage from command output (123.389959ms)
✔ shouldRunContractVerify skips legacy TP-* tasks and absent contract sections (0.28825ms)
✔ matchesContractPattern supports glob paths (2.488417ms)
✔ parseAggregateLineCoverage parses coverage table rows (0.124458ms)
✔ SP-193-shaped placeholder contract fails validateContract in required mode (1.552125ms)
✔ verifyContract passes SP-193-shaped contract when scoped files changed (1945.693209ms)
✔ fileScopeMustChange trailing-slash pattern matches files under directory prefix (2286.846916ms)
✔ fileScopeMustChange trailing-slash pattern fails when no files under prefix changed (1850.569584ms)
✔ fileScopeMustChange exact-path and glob behavior preserved alongside trailing-slash (1726.255542ms)
✔ waitForDetachedBatchResume waits for integrate gate after batch completes (1337.856292ms)
✔ waitForDetachedBatchResume completes without gate when integrate gate not required (930.652417ms)
✔ prepareDetachedResumeEngineHandoff terminates stale engine before resume spawn (129.073833ms)
✔ resolveDefaultResumeWaitTerminal returns true for engine_orphaned without flags (0.643ms)
✔ resolveDefaultResumeWaitTerminal respects explicit flags (0.0955ms)
✔ detectPostMergeLimboForResume matches journal-only limbo for batch 20260629T210738 (2585.722083ms)
✔ postMergeLimbo diagnosis suggests spine batch resume --force (0.299791ms)
✔ resumeBatchDetached --force finalizes journal-only limbo without spawning engine (8421.763875ms)
✔ detached batch start opens integrate gate after stub engine completes (17386.560458ms)
✔ timeout_waiting_for_batch with dead enginePid reconciles as engine_orphaned not running (3966.881542ms)
✔ startBatchDetached persists spawn enginePid before wait on timeout failure path (33223.774292ms)
✔ parseBatchArgs defaults to detached start (attached flag off) (0.80225ms)
✔ parseBatchArgs --attached opts into foreground engine (0.106417ms)
✔ buildAttachedBatchStartArgv forwards scope and skip-preflight (0.643209ms)
✔ formatDetachedBatchStartOutput includes monitor hints (0.233458ms)
✔ batch start returns quickly and runs engine in background (16619.7985ms)
✔ parseBatchArgs resume defaults to detached (attached flag off) (0.188834ms)
✔ buildAttachedBatchResumeArgv forwards force (0.092ms)
✔ formatDetachedEngineOutput includes resume wording (0.10475ms)
✔ waitForDetachedBatchResume returns engine_started by default (1245.368917ms)
✔ waitForDetachedBatchResume with waitTerminal returns resume_completed (1299.663875ms)
✔ collectDetachedFailureDiagnostics includes task.failed summary and log tails (1052.516541ms)
✔ parseBatchArgs accepts --wait-terminal (0.164583ms)
✔ batch resume returns quickly and runs engine in background (17488.859375ms)
✔ inferLaunchFailureKind ignores DirtyWorktree exitReason (0.694583ms)
✔ buildHeadline prefers DirtyWorktree over worker launch (0.338542ms)
✔ buildSuggestedCommand for DirtyWorktree suggests coverage cleanup and retry (0.175292ms)
✔ buildHeadline surfaces review_exhausted primary failure (0.1105ms)
✔ buildSuggestedCommand for review_exhausted suggests batch retry (0.049125ms)
✔ buildHeadline surfaces contract_failed primary failure (0.062125ms)
✔ buildSuggestedCommand for contract_failed suggests PROMPT edit and retry (0.050417ms)
✔ buildDiagnosisOutput bundles primary failure class without launch headline (0.133791ms)
✔ reconcileBatch aligns hasFailedTasks with segment drift and DirtyWorktree headline (3770.695542ms)
✔ reconcileBatch diagnoses review_exhausted from failed task exitReason (3811.289541ms)
✔ buildHeadline surfaces PI_SPINE_ROOT launch failure (0.876625ms)
✔ buildHeadline surfaces lane commit failures after worker completion (0.123ms)
✔ buildSuggestedCommand prefers spine doctor for launch failures (0.230375ms)
✔ inferLaunchFailureKind reads worker output hints from journal (0.205958ms)
✔ extractJournalDiagnosisHints prioritizes setup hook and merge blocked events (1.501792ms)
✔ formatMixedOutcomeMessage lists succeeded tasks and spine batch retry guidance (0.162834ms)
✔ reconcileBatch diagnoses launch failure wave from fixture (3765.936125ms)
✔ buildDiagnosisOutput bundles launch failure headline and command (0.442875ms)
✔ DIAGNOSIS_TAXONOMY includes worker_orphaned distinct from needs_retry (0.674292ms)
✔ inferLaunchFailureFromWorkerOutputTail reads PI_SPINE_ROOT hints from log tail (0.1295ms)
✔ buildSuggestedCommand prefers abort for ghost running cluster (0.150625ms)
✔ buildHeadline surfaces worker_orphaned launch failure from worker output context (0.257291ms)
✔ worker_orphaned after plan review nested_spawn_blocked suggests batch retry (0.112208ms)
✔ dead lane workerPid diagnoses worker_orphaned not needs_retry (3667.722083ms)
✔ dead workerPid after lane.completed does not diagnose worker_orphaned (3926.883ms)
✔ worker_orphaned enriches launch headline from worker output log without task.failed (4350.449875ms)
✔ multiple ghost running tasks on one lane prefer spine batch abort (4375.884875ms)
✔ segment drift still diagnoses needs_retry (3220.635667ms)
✔ buildDiagnosisOutput bundles worker_orphaned headline and command (0.196834ms)
✔ isRunningWithoutActiveWorkers is false when workers are active (0.681166ms)
✔ isRunningWithoutActiveWorkers detects all-terminal tail state (0.086125ms)
✔ buildRunningTailHeadline maps macroPhase merging to operator text (0.220917ms)
✔ buildRunningTailHeadline maps gating / post-merge limbo (0.115625ms)
✔ buildHeadline preserves generic running when workers are active (0.203458ms)
✔ deriveMacroPhase uses journal merge tail when diagnosis is running without workers (0.27325ms)
✔ deriveMacroPhase stays executing when workers are active (0.080417ms)
✔ tail-state fixture reconciles without bare is running headline (3890.642917ms)
✔ tail-state headline matches batch 20260701T031142 shape via buildHeadline (0.433833ms)
✔ isCoverageArtifactPath matches extension/coverage and root coverage dirs (0.6785ms)
✔ isPathInFileScope matches exact paths and directory prefixes (0.135542ms)
✔ filterOutOfScopeCoveragePorcelain drops modified coverage outside file scope (0.184708ms)
✔ filterOutOfScopeCoveragePorcelain keeps in-scope coverage modifications (0.068ms)
✔ restoreOutOfScopeCoverageArtifacts resets tracked coverage files (1936.058875ms)
✔ resolvePostLaneCommitPorcelain restores and filters out-of-scope coverage (1781.542333ms)
✔ commitLaneAndValidateWorktree succeeds when only out-of-scope coverage is dirty (2807.849042ms)
✔ commitLaneAndValidateWorktree fails when dirty without .DONE (2196.86ms)
✔ isWorktreeDeletionPorcelainLine matches unstaged deletions (0.633334ms)
✔ isSymlinkOnlyDriftPorcelain is true only for deletion-only porcelain (0.108ms)
✔ filterSetupHookSymlinkDriftPorcelain clears deletion-only drift (0.070666ms)
✔ parseLaneWorktreeIdentity extracts batch and lane from worktree path (0.659583ms)
✔ resolvePostLaneCommitPorcelain repairs hook symlink drift (2785.167291ms)
✔ commitLaneAndValidateWorktree succeeds when hook symlink drifts after PASS (3989.925584ms)
✔ dismissBatch kills live stub worker PID and journals lane.worker_terminated (4170.246792ms)
✔ shouldRunCodeReview requires review level 2 or higher (0.670167ms)
✔ findCodeReviewStepNumber prefers step with code review checkpoint (2.821292ms)
✔ findCompletedCodeReview honors journal review.completed code APPROVE (1.57675ms)
✔ findCompletedCodeReview honors step artifact APPROVE for code review step (7.910958ms)
✔ runTaskOnLane runs engine code review for RL2 without worker nested spawn (9537.022541ms)
✔ runTaskOnLane skips engine code review when review level is 0 (9494.035792ms)
✔ runTaskOnLane skips engine code review when review level is 1 (9647.143ms)
✔ runTaskOnLane honors journal review.completed code APPROVE without duplicate spawn (8479.07625ms)
✔ runTaskOnLane re-invokes worker after code REVISE and succeeds on APPROVE (13061.8625ms)
✔ resolveReviewSpawnTimeoutMs aligns with stall budget for M tasks (0.736709ms)
✔ runStepReview journals review.failed with review_timeout on hung spawn (447.4385ms)
✔ async reviewer spawn does not block the event loop while waiting for timeout (460.127125ms)
✔ startBatch opens integrate gate before batch.completed journal event (14852.532292ms)
✔ startBatch serializes multiple tasks on one physical lane (22749.610833ms)
✔ startBatch runs disjoint-scope tasks on separate lanes in parallel (16640.387708ms)
✔ startBatch records lane commit before task.completed (14883.964333ms)
✔ runTaskOnLane emits task.failed not task.completed when lane commit fails (8238.809625ms)
✔ validateSpineConfig accepts worktreeSetupIgnorePaths (0.8565ms)
✔ engine_orphaned diagnosis suggests retry when task id known, attached resume otherwise (0.728375ms)
✔ dead engine with phase running passes validateMultiTaskResume without pause (2522.028917ms)
✔ running phase with live engine pid rejects resume without force (2728.44675ms)
✔ reconcile engine_orphaned recommends attached resume for batch 20260618T191236 pattern (4045.204875ms)
✔ engine_orphaned with failedTaskId suggests retry (SP-315) (0.721625ms)
✔ reconcileOrphanRunningState transitions running task to failed with journal events (2009.860833ms)
✔ retryTask succeeds on orphan without manual pause (issue #20 trap) (1670.675708ms)
✔ diagnose then retry: suggestedCommand matches working recovery path (4790.228792ms)
✔ resume --force allowed after orphan reconcile when phase was running (2310.034708ms)
✔ terminateStaleDetachedEngine SIGTERM stale pid on failed resume (199.042375ms)
✔ runStepReview honors existing final PASS without re-spawn (156.352417ms)
✔ runStepReview skips review.failed journal when batch already completed (101.130542ms)
✔ startBatch lane branch has commit before merge when stub touches files (15808.9445ms)
✔ startBatch completes single task with stub worker (12766.875791ms)
✔ isExplicitBatchScope treats pending as explicit (0.189ms)
✔ startBatch all dry-run allows multi-wave pending backlog (1183.143625ms)
✔ startBatch pending dry-run excludes done tasks (1186.066375ms)
✔ startBatch all fails when every task has .DONE (1210.159125ms)
✔ startBatch skips worker when .DONE exists on disk (5294.439167ms)
✔ resolveBatchStartScope normalizes all to pending IDs (639.411541ms)
✔ startBatch explicit IDs still allow multi-wave when scope is not bare all (573.755959ms)
✔ startBatch completes two-lane wave with stub workers (12196.608666ms)
✔ startBatch blocks merge on mixed outcomes (6390.207292ms)
✔ assessWaveMergeEligibility blocks failed and pending tasks (0.267667ms)
✔ collectCoreEvidenceBundle writes summary without complete marker (4159.108709ms)
✔ openIntegrateGate persists gate before extended evidence and journals milestones (4733.006334ms)
✔ openIntegrateGate keeps gate when extended evidence command fails (5085.217292ms)
✔ collectExtendedEvidenceBundle appends to existing refs (3915.353209ms)
✔ parseEvidenceCommandArgv accepts npm run test (1.308792ms)
✔ parseEvidenceCommandArgv preserves quoted arguments (0.129791ms)
✔ parseEvidenceCommandArgv rejects shell command chaining (0.278167ms)
✔ parseEvidenceCommandArgv rejects unknown binary (0.078833ms)
✔ runEvidenceCommand executes allowlisted argv without shell (111.472541ms)
✔ runEvidenceCommand rejects malicious config strings (0.160334ms)
✔ runEvidenceCommand skips empty command (0.076208ms)
✔ runEvidenceCommand rejects disallowed build binary (0.09375ms)
✔ parseEvidenceCommandArgv rejects subshell injection (0.088583ms)
✔ collectEvidenceBundle writes summary and .complete marker atomically (4444.210417ms)
✔ collectEvidenceBundle writes rejected output for unsafe testing.test (3383.230042ms)
✔ findCompletedFinalReview honors journal review.completed final PASS (1.864834ms)
✔ findCompletedFinalReview honors latest final artifact PASS (4.082167ms)
✔ runTaskOnLane honors pre-existing worker final review without spawn failure (9952.412875ms)
✔ runTaskOnLane honors journal review.completed final PASS without duplicate spawn (9481.778208ms)
✔ parseFinalReviewVerdict accepts PASS, REVISE, and REPLAN (0.997709ms)
✔ shouldRunFinalReview skips when review level is 0 (0.100291ms)
✔ runTaskOnLane skips final review when review level is 0 (9860.876125ms)
✔ runTaskOnLane journals task.verdict_recorded on PASS final review (9899.675334ms)
✔ runTaskOnLane re-invokes worker after REVISE and succeeds on PASS (13456.088375ms)
✔ runTaskOnLane caps REVISE at maxFinalAttempts with review_exhausted (17855.411084ms)
✔ runTaskOnLane fails with needs_replan and does not keep .DONE (5678.483292ms)
✔ mergeWaveLanesToOrch blocks when a wave task has exitReason needs_replan (259.930375ms)
✔ runEngineFinalReview stub writes final artifact path (5.467875ms)
✔ buildTaskScorecard lists task rows (0.761708ms)
✔ openIntegrateGate persists pending gate and journals gate.opened (5803.804ms)
✔ collectEvidenceBundle writes summary and diff-stat (5048.199959ms)
✔ approve and reject enforce gate FSM (3984.296375ms)
✔ rejectIntegrateGate journals gate.rejected (4152.407375ms)
✔ checkIntegrateGate blocks until approved (exit 2) (3944.76625ms)
✔ integrateOrchToBase fails with exit 2 when gate pending (3719.136ms)
✔ integrateOrchToBase succeeds after gate approval (5712.987666ms)
✔ force integrate requires SPINE_ALLOW_FORCE=1 (1071.958167ms)
✔ openIntegrateGateAfterBatchComplete skips non-completed batches (1351.41275ms)
✔ runSpineGate CLI approve updates gate record (2833.685709ms)
✔ isGitignoredArtifactPath matches extension/coverage and node_modules (3.479917ms)
✔ listGitignoredArtifactRoots deduplicates nested artifact dirs (0.705125ms)
✔ sanitizeGitignoredArtifactsBeforeLaneCommit removes worktree-only coverage (1407.178292ms)
✔ sanitizeGitignoredArtifactsBeforeLaneCommit skips when disabled (1511.087834ms)
✔ commitLaneAndValidateWorktree succeeds when only extension/coverage is gitignored dirty (3624.549042ms)
✔ commitLaneAndValidateWorktree succeeds when only node_modules is gitignored dirty (3238.517042ms)
✔ sanitizeGitignoredArtifactsBeforeLaneCommit does not clean index-tracked gitignored paths (2359.925042ms)
✔ commitLaneWorktree still fails for index-tracked gitignored coverage (3003.1475ms)
✔ classifyGitignoredPaths returns empty arrays for empty input (932.361083ms)
✔ classifyGitignoredPaths detects index-tracked gitignored paths (2477.347917ms)
✔ classifyGitignoredPaths detects worktree-only gitignored paths (1414.074042ms)
✔ classifyGitignoredPaths handles mixed index-tracked and worktree-only (2035.353792ms)
✔ formatGitignoredRemediationMessage: worktree-only does not suggest git rm --cached (0.305208ms)
✔ formatGitignoredRemediationMessage: index-tracked suggests git rm --cached (0.059208ms)
✔ formatGitignoredRemediationMessage: mixed suggests both remediation paths (0.05225ms)
✔ commitLaneWorktree: worktree-only gitignored does not suggest git rm --cached (2549.870084ms)
✔ commitLaneWorktree: index-tracked gitignored still suggests git rm --cached (2894.551125ms)
✔ regression: SP-011 worktree-only coverage after npm test does not suggest git rm --cached (3145.09375ms)
✔ resolveHeartbeatKind marks launching as worker_alive only (0.672375ms)
✔ shouldEmitCheckpointWarning skips launching phase (0.162833ms)
✔ buildHeartbeatPayloadFields omits stale checkpoint signals during launching (0.086875ms)
✔ recordLaneHeartbeat journals kind and phase (516.180625ms)
✔ runWorker launching heartbeat does not journal stale STATUS mtime on fast-fail retry (5653.254917ms)
✔ resolveStallConfig applies lane overrides (0.165084ms)
✔ progressSignalsChanged detects STATUS mtime updates (542.499208ms)
✔ computeStallDeadline extends past hard timeout after progress (0.117291ms)
✔ stall false positive avoided when STATUS updates extend deadline (I-01) (0.097125ms)
✔ findLatestStepCompletedMs returns newest matching task.step_completed (0.07425ms)
✔ progressSignalsChanged detects journal task.step_completed (silent tools) (473.139083ms)
✔ activitySignalsChanged detects file-scope mtime updates (FR-WORK-10 / FR-STALL-02) (529.410584ms)
✔ startBatch records lane.heartbeat during stub worker delay (12279.494292ms)
✔ isFastForwardCapableIntegrate detects orch ahead of main (#93) (3952.1225ms)
✔ integrateOrchToBase fast-forwards when orch is strictly ahead (#93 batch 20260702T071449) (11655.472ms)
✔ integrateOrchToBase fast-forwards with generatedAt-only rules-manifest drift on main (#93) (7240.85675ms)
✔ recordBatchBaseSnapshot stores head sha and journals batch.base_snapshot (1704.373542ms)
✔ integrateOrchToBase succeeds with uncommitted edits on main (10733.361958ms)
✔ integrateOrchToBase conflict path leaves human checkout and files unchanged (7392.16525ms)
✔ integrateOrchToBase dry-run advertises isolated merge plan (2182.006208ms)
✔ resolveRulesManifestIntegrateDrift restores main when worker manifest matches orch (#22) (3930.2345ms)
✔ integrateOrchToBase succeeds with worker manifest drift on main matching orch (#22) (7979.774291ms)
✔ resolveRulesManifestIntegrateDrift blocks unrelated dirty files on main (2172.979416ms)
✔ resolveRulesManifestIntegrateDrift blocks substantive manifest drift not matching orch (1664.149042ms)
✔ resolveRulesManifestIntegrateDrift still clears generatedAt-only drift on main (1753.269958ms)
✔ resolveRulesManifestIntegrateDrift clears generatedAt-only dirty manifest on main (4206.176667ms)
✔ integrateOrchToBase succeeds with dirty generatedAt-only rules-manifest on main (8566.342708ms)
✔ DEFAULT_SYNC_TIMEOUT_MS is 60 seconds (0.57875ms)
✔ syncPlumbingMergePathsToWorktree returns ok: true on successful sync (2896.249292ms)
✔ syncPlumbingMergePathsToWorktree returns ok: false with timedOut on timeout (2140.644084ms)
✔ integrateOrchToBase emits integrate.failed with IntegrateTimeout on sync timeout (6254.649667ms)
✔ successful integrate still emits integrate.completed (regression) (7228.613042ms)
✔ partial sync failure returns ok: false with correct failureClass from integrateOrchToBase (5806.576167ms)
✔ assertOrchIntegratable refuses empty orch when mergeResults claim success (1927.140833ms)
✔ assertOrchIntegratable requires integrate when orch is ahead of base (1808.661667ms)
✔ reconcileBatch reports needs_integrate when batch completed but orch not on main (3289.737ms)
✔ completeBatch refuses when orch is ahead but not integrated (3640.805ms)
✔ integrateOrchToBase merges orch into main and journals events (7090.035583ms)
✔ integrateOrchToBase dry-run does not change main HEAD (1554.133833ms)
✔ completeBatch succeeds after integrate lands orch on main (8062.50125ms)
✔ integrateOrchToBase aborts merge on conflict and restores checkout (3758.345125ms)
✔ integrateOrchToBase fails when batch state is missing (0.353875ms)
✔ runSpineIntegrate CLI succeeds when orch tip already matches main (443.447ms)
✔ PRD §20.2 planner yields wave0 {A,C} and wave1 {B} (1480.698333ms)
✔ PRD §20.2 two-lane stub batch completes ABC waves (21907.253292ms)
✔ PRD §20.2 mixed-outcome blocks merge; retry resets wave B for resume (14306.7615ms)
✔ runStepReview with worker attach env does not journal when attach suppressed (86.735375ms)
✔ runSpineReviewStep with worker attach env does not journal when attach suppressed (69.44175ms)
✔ runSpineReportProgress with worker attach env does not journal when attach suppressed (17.931208ms)
✔ readJournalEventsCached returns same events as readJournalEvents (79.260541ms)
✔ readJournalEventsCached returns cached copy on second call without file change (118.889625ms)
✔ readJournalEventsCached invalidates when file mtime changes (93.5675ms)
✔ readJournalEventsCached returns empty array for missing file (3.279792ms)
✔ clearJournalCache forces re-read on next call (39.016542ms)
✔ invalidateJournalCache with matching path clears cache (84.386542ms)
✔ invalidateJournalCache with non-matching path preserves cache (47.911417ms)
✔ readJournalEventsCached handles transition from missing to existing file (17.586542ms)
✔ readJournalEventsCached handles switch between different batch IDs (24.190375ms)
✔ runSpineJournal replay exits non-zero when journal missing (4.248125ms)
✔ runSpineJournal replay prints human table (47.679875ms)
✔ runSpineJournal replay --json returns events array (69.188333ms)
✔ exportJournalJsonl returns null when journal missing (4.907959ms)
✔ runSpineJournal export exits non-zero when journal missing (5.11775ms)
✔ runSpineJournal export writes jsonl to stdout (69.781083ms)
✔ runSpineJournal export --output writes file (95.294083ms)
✔ exportJournalMarkdown returns null when journal missing (8.6185ms)
✔ formatJournalMarkdownTimeline produces stable table shape (3.489208ms)
✔ formatJournalMarkdownTimeline escapes pipe characters in summary (0.207583ms)
✔ runSpineJournal export markdown exits non-zero when journal missing (4.682666ms)
✔ runSpineJournal export writes markdown to stdout (39.267209ms)
✔ runSpineJournal export markdown --output writes file (85.88775ms)
✔ detectBatchStateDrift flags running cache when reconcile sees doneInLane without journal terminal (0.943834ms)
✔ deriveStructuralBatchStateFromJournal rebuilds multi-lane skeleton without cache seed (4.990584ms)
✔ resume-parallel-lane-orphan fixture: journal-only rebuild marks resumed tasks running (0.93275ms)
✔ orphan-running-resume fixture: structural + lifecycle rebuild without seed (0.484667ms)
✔ pidless-ghost-running fixture: post-resume task.started wins over historical failure (0.372417ms)
✔ resume-orphan-historical-failure fixture: rebuild ignores pre-resume failure for active task (0.462792ms)
✔ retry-clears-failed-classification fixture: rebuild fixes stale failed cache (0.959333ms)
✔ retry-clears-failed-classification fixture: detectBatchStateDrift flags cache vs journal (0.99275ms)
✔ incident fixtures rebuild from disk matches in-memory journal rebuild (628.225625ms)
✔ readJournalTimeline filters task and batch lifecycle events (0.701166ms)
✔ rebuildBatchStateFromJournal applies task.completed over stale failed cache (2.320083ms)
✔ detectBatchStateDrift flags journal completed vs cache failed (0.310792ms)
✔ detectBatchStateDrift ignores incomplete journal when cache failed (0.094917ms)
✔ incident orphan-running fixture: journal timeline is readable (489.394125ms)
✔ appendJournalEvent writes schema v1 with ISO timestamp and payload (43.469084ms)
✔ readLastTaskFailedEvent returns most recent task.failed (42.63925ms)
✔ redactSecrets masks sensitive keys (0.229583ms)
✔ capPayloadSize truncates oversized payloads (0.150625ms)
✔ normalizeJournalEvent upgrades legacy lines (0.092333ms)
✔ readJournalEvents reads mixed legacy and v1 lines (18.554583ms)
✔ extractJournalDiagnosisHints surfaces failure events from tail (0.462916ms)
✔ commitLaneWorktree commits dirty worktree when .DONE exists (1554.898792ms)
✔ commitLaneWorktree fails loud when dirty without .DONE (1503.90075ms)
✔ filterPorcelain drops lines matching ignore patterns by full path (1.0815ms)
✔ filterPorcelain drops lines matching ignore patterns by basename (0.229959ms)
✔ filterPorcelain keeps rename targets when only source matches ignore (0.165792ms)
✔ filterPorcelain returns empty for empty input (0.130583ms)
✔ mergeLaneToOrch rejects empty merge when lane commits were required (1968.558834ms)
✔ mergeLaneToOrch prefers orch for conflicts outside lane file scope (3410.042959ms)
✔ mergeLaneToOrch does not auto-resolve in-scope lane conflicts (3596.954917ms)
✔ dismiss archives batch-state before clearing active file (3014.385125ms)
✔ complete with --detect-manual-merge succeeds when orch merged to main (3247.452583ms)
✔ complete refused when mergeResults succeeded but orch not on main (10298.278916ms)
✔ dismiss refused when diagnosis is running without --force (2686.709292ms)
✔ isPostMergeLimbo is true when tasks and merges succeeded with open orch branch (0.682916ms)
✔ isPostMergeLimbo rejects non-running or ended batches (0.088083ms)
✔ isPostMergeLimbo rejects empty or partial task/merge state (0.075167ms)
✔ isPostMergeLimbo respects git orch branch signals (0.068042ms)
✔ isPostMergeLimbo rejects null or non-object state (0.0575ms)
✔ resolveWorkerOutputConfig defaults live log streaming off (0.708458ms)
✔ workerLiveLogPath matches runtime layout (0.090917ms)
✔ truncateLiveLogBytes applies truncation marker when over cap (0.1815ms)
✔ appendWorkerLiveLogChunk redacts secrets and enforces byte cap (50.588708ms)
✔ createWorkerLiveLogWriter returns null when streaming disabled (0.428125ms)
✔ runWorker streams subprocess stub output to live log when enabled (5184.934875ms)
✔ runWorker skips live log when streamWorkerOutputLive is false (5110.8965ms)
✔ runWorker still writes terminal failure log when live streaming enabled (5153.544959ms)
✔ startAgentSessionWorker flushes transcript chunks to live log (44.360291ms)
✔ appendWorkerLiveLogChunk rolls file with truncation marker when over max bytes (8.337458ms)
✔ MACRO_PHASES exports all eleven lifecycle values (1.316333ms)
✔ deriveMacroPhase: idle when no batch signals (0.131459ms)
✔ deriveMacroPhase: planning from batch phase (0.149ms)
✔ deriveMacroPhase: executing for active running batch (0.102416ms)
✔ deriveMacroPhase: merging phase and needs_merge diagnosis (0.065709ms)
✔ deriveMacroPhase: reviewing when review.started is open (0.1145ms)
✔ deriveMacroPhase: gating for pending gate or post-merge limbo (0.061834ms)
✔ deriveMacroPhase: integrating for needs_integrate and open integrate.started (0.064708ms)
✔ deriveMacroPhase: completed, failed, aborted, paused terminal phases (0.063333ms)
✔ fixture running-batch.json reconciles to executing macro-phase (2902.84375ms)
✔ fixture taskplane-executing.json maps to executing (2.698ms)
✔ fixture needs-retry-batch.json maps to failed macro-phase (2583.912ms)
✔ fixture limbo-stale maps to completed macro-phase (2575.417ms)
✔ all macro-phase enum values are reachable via deriveMacroPhase (0.271291ms)
✔ recordMergeBlocked sets terminal merge_blocked phase and clears enginePid (811.481875ms)
✔ reconcileBatch diagnoses merge_blocked as failed merge, not needs_merge (2361.235625ms)
✔ legacy merging phase with endedAt and failed mergeResults reconciles as failed (3354.03875ms)
✔ findResumableWave skips succeeded merged waves when later wave has pending tasks (0.825083ms)
✔ validateMultiTaskResume allows force resume from merge_blocked (1756.619208ms)
✔ buildSuggestedCommand recommends resume --force for merge_blocked phase (0.278084ms)
✔ summarizeMergeFailures extracts failed wave and lane from mergeResults (0.747833ms)
✔ buildMergeFailureHeadline uses 1-based wave number and lane label (3.396792ms)
✔ buildHeadline for failed diagnosis surfaces merge conflict instead of zero failed tasks (0.272958ms)
✔ buildSuggestedCommand for merge failure suggests resume --force (0.160333ms)
✔ buildDiagnosisOutput bundles merge failure headline and command (0.153625ms)
✔ reconcileBatch surfaces merge failure fields distinct from failedTasks (2595.605375ms)
✔ spine status --json includes merge failure fields for monitors (3301.098ms)
✔ spine status --diagnose prints merge failure details in text output (3212.388083ms)
✔ filterGitignoredPaths separates ignored and stageable paths (920.892ms)
✔ gitAddFilteredPaths skips gitignored paths without failing (1486.681625ms)
✔ mergeLaneToOrch succeeds when task branch committed gitignored coverage (4494.203333ms)
✔ commitLaneWorktree refuses gitignored-only dirty paths (1738.946292ms)
✔ commitLaneWorktree commits tracked files while skipping gitignored dirty paths (2029.978125ms)
✔ inferMergeGitignoredFailure detects gitignored merge and lane commit failures (0.264417ms)
✔ buildSuggestedCommand returns git rm --cached repair for gitignored merge failures (0.205042ms)
✔ reconcileBatch surfaces gitignored merge repair command from journal (2661.157417ms)
✔ filterPorcelain remains unchanged for SP-104 ignore patterns (0.743625ms)
✔ mergeLaneToOrch auto-resolves additive docs/PRD.md after origin/main merge task (4725.5705ms)
✔ mergeLaneToOrch fails PRD merge with recovery commands when hunks overlap (4243.284542ms)
✔ formatPrdDocMergeFailure names file and wave recovery (0.201334ms)
✔ isActiveWorkerSession true when SPINE_WORKER_RUNNER is set (0.72625ms)
✔ isActiveWorkerSession false outside worker context (0.08425ms)
✔ runStepReview skips nested reviewer spawn when worker env is set (170.687125ms)
✔ runStepReview skips nested plan review spawn when worker env is set (73.403125ms)
✔ runStepReview stub path still works inside worker session (49.716791ms)
✔ runStepReview reaches pi availability check when worker env absent (51.762709ms)
✔ engine parent with leaked worker runner reaches reviewer spawn (34.948334ms)
✔ batch 20260619T020951 SP-306 plan step 0 journals review.skipped not review.failed (158.692875ms)
✔ detectNestedWorkerContext returns reason when SPINE_IS_WORKER=1 (0.714917ms)
✔ detectNestedWorkerContext returns reason when projectRoot is inside .worktrees/spine-* (0.128291ms)
✔ detectNestedWorkerContext returns null for normal projectRoot without worker env (0.116209ms)
✔ startBatch returns error when SPINE_IS_WORKER=1 (14.715167ms)
✔ startBatch returns error when projectRoot is inside .worktrees/spine-* (88.102125ms)
✔ startBatch succeeds normally (no env, normal CWD) — regression (12486.592083ms)
✔ buildWorkerChildEnv includes SPINE_IS_WORKER=1 (7.545958ms)
✔ journalEventsSinceResume excludes pre-resume terminal events (2.316833ms)
✔ detectOrphanRunning: historical task.failed + post-resume silence + dead engine (0.71525ms)
✔ resume orphan with historical failure fixture is not diagnosed as running (3406.514375ms)
✔ terminal event within scoped window still suppresses engine orphan (0.763875ms)
✔ journalIndicatesStalledSession: post-resume start without terminal (0.932416ms)
✔ detectOrphanRunning: PID-less ghost running with post-resume journal stall (0.489292ms)
✔ pidless ghost fixture reconcile is engine_orphaned, not running (3607.843625ms)
✔ terminal event within scoped window suppresses PID-less ghost signal (0.9125ms)
✔ isProcessAlive returns false for absent pid (0.809666ms)
✔ resume parallel lane orphan fixture: multiple running on lane 1 (1.294333ms)
✔ resume parallel lane orphan fixture: reconcile is actionable after scoped orphan detect (3297.086459ms)
✔ searchATon orphan incident fixture: dead workerPid is not diagnosed as running (2736.149ms)
✔ dead workerPid with running task is not diagnosed as running (2479.70625ms)
✔ dead enginePid mid-resume without terminal journal is engine_orphaned (2217.216834ms)
✔ running batch without recorded pids still reports running (1667.496333ms)
✔ detectOrphanRunning ignores dead engine when terminal journal exists (0.227ms)
✔ recordBatchEnginePid persists under resilience and clears on terminal save (275.940583ms)
✔ confirmed pause records batch.paused only after engine persists phase (386.855875ms)
✔ unconfirmed pause does not leave orphan batch.paused journal entry (1509.143541ms)
✔ pauseBatch succeeds immediately when no attached engine is alive (888.827375ms)
✔ pauseBatch fails loud when attached engine keeps phase running (1159.535875ms)
✔ waitForPauseConfirmation returns true when phase stays paused (775.376209ms)
✔ retryTask succeeds when batch phase is paused (727.173625ms)
✔ retryTask rejects when batch phase is running (527.994042ms)
✔ batch 20260630T212050 orphan-after-merge fixture describes GitHub #59 incident (3.520625ms)
✔ batch 20260630T212050 journal fixture is limbo via resume detect but not bare state (1660.969917ms)
✔ hydrateMergeResultsFromJournal enables state limbo detection for batch 20260630T212050 (1061.34425ms)
✔ finalizeAttachedLandLoopBeforeExit opens gate for batch 20260630T212050 journal limbo (3222.189208ms)
✔ installAttachedExitFinalizeHandlers finalizes journal limbo on SIGTERM without manual resume (3137.601292ms)
✔ batch 20260629T021550 fixture is post-merge limbo without gate (837.190458ms)
✔ attemptPostMergeLandLoopHandoff finalizes batch 20260629T021550 limbo after SIGTERM (3483.243125ms)
✔ resumeBatchDetached --force finalizes post-merge limbo without spawning engine (3112.988875ms)
✔ resumeBatch attached path finalizes batch 20260629T021550 limbo immediately (2519.716ms)
✔ resumeMultiTaskBatch still finalizes batch 20260629T021550 after orphan_terminated (1786.211042ms)
✔ finalizeResumePostMergeLimbo clears stale engine pid during post-merge limbo (1899.24525ms)
✔ isPostMergeLimbo detects running phase with successful merges (0.654833ms)
✔ deriveDiagnosis returns needs_integrate for post-merge limbo (0.683458ms)
✔ finalizeBatchForIntegrate opens gate from post-merge limbo without resume (3229.681834ms)
✔ resumeMultiTaskBatch opens gate from post-merge limbo without re-running tasks (3399.3545ms)
✔ mixed-outcome post-mortem lists failed IDs and retry hint, not smooth success (2772.357833ms)
✔ false-success reconciliation headline is overridden when failures exist (0.5625ms)
✔ listFailedTaskIds prefers classified terminal-failure tasks (0.689958ms)
✔ collectEvidenceBundle summary.md is honest post-mortem markdown (2810.761541ms)
✔ dismissBatch writes post-mortem path into batch history (2300.489375ms)
✔ writeBatchPostMortem persists markdown under runtime batch dir (1765.913ms)
✔ spine status --verbose includes post-mortem section for active batch (1430.16075ms)
✔ resolveStallConfig defaults progressSnapshotIntervalMinutes to 2 (0.671916ms)
✔ resolveStallConfig applies progressSnapshotIntervalMinutes override (0.09375ms)
✔ buildProgressSnapshotPayload is bounded and omits dirty path lists (0.67575ms)
✔ progressSnapshotPayloadChanged detects field deltas (0.091875ms)
✔ shouldEmitProgressSnapshot respects interval (0.06225ms)
✔ recordLaneProgressSnapshot journals bounded payload (290.586916ms)
✔ runWorker emits lane.progress_snapshot on interval and dedupes unchanged signals (10274.25725ms)
✔ startBatch fails closed on invalid PROMPT before batch starts (652.893625ms)
fatal: malformed object name missing-base-branch
✔ inspectGitState records gitInspectionError when merged-branch scan fails (919.757541ms)
✔ deriveDiagnosis returns git_unavailable when git inspection failed (0.544792ms)
✔ reconcileBatch surfaces git_unavailable instead of limbo_stale on git failure (2477.265958ms)
fatal: malformed object name missing-base-branch
✔ reconcileBatch records count_commits_ahead git errors from real git refs (2642.040708ms)
✔ idle-no-batch returns healthy idle state (694.807375ms)
✔ limbo_stale detected from incident fixture (2709.0975ms)
✔ completed_manual when orch branch merged to main (2555.974125ms)
✔ needs_retry when a task failed (1668.925708ms)
✔ running diagnosis for active batch (1540.85375ms)
✔ runReconciliationCheck matches reconcileBatch output shape (1636.112208ms)
✔ reconcileBatch includes journal hints when journal exists (1479.329458ms)
✔ reconcileBatch exposes macroPhase for running batch (1191.025875ms)
✔ reconcileBatch exposes macroPhase for limbo_stale (1310.236334ms)
✔ failBatchFromEngineError writes batch.failed and clears enginePid (884.519083ms)
✔ reconcileGhostRunningTasks marks running tasks failed without worker (0.209375ms)
✔ resumeMultiTaskBatch fail-closed when post-commit gitPorcelain throws (7460.9605ms)
✔ resumeBatch opens integrate gate before batch.completed journal event (9565.465125ms)
✔ refreshLaneHeartbeatsOnResume aligns lane heartbeats to engineStartedAt (0.742792ms)
✔ taskAlreadyComplete returns false for failed task with stale .DONE on disk (0.614125ms)
✔ resumeBatch after failed retry runs contract verification before succeed (4606.855917ms)
✔ resumeBatch continues paused 2-task 2-lane batch with stub workers (10142.54375ms)
✔ resumeBatch multi path requires existing lane worktrees (329.0575ms)
✔ multi-task batch start → pause → resume completes both tasks (10403.694541ms)
✔ paused multi-task batch diagnose suggests multi-task resume (1321.199834ms)
✔ multi-task startBatch completes two-lane stub batch (start path) (8185.339917ms)
✔ resumeBatch serializes four tasks on one lane (24113.867167ms)
✔ resumeBatch runs two lanes with two tasks each in parallel (24015.819041ms)
✔ validateMultiTaskResume accepts paused 2-task 2-lane batch (1055.548584ms)
✔ validateMultiTaskResume rejects batch with zero tasks (363.010041ms)
✔ validateMultiTaskResume rejects missing worktree per lane (552.9385ms)
✔ validateMultiTaskResume allows force resume when wave merge is pending (997.014ms)
✔ validateResumeBatch delegates to multi validator for single-task batch (868.437833ms)
✔ resolveDetachedWaitTimeoutMs uses long default for wait-terminal orphan resume (0.626041ms)
✔ prepareOrphanResumeHandoff clears stale workerPid before orphan resume (278.562875ms)
✔ clearStaleLaneWorkerPids preserves live worker pid (330.958708ms)
✔ dual-dead lane+engine orphan reconciles as engine_orphaned with attached resume (1790.046834ms)
✔ attached resume --force completes stuck task after plan review orphan stall (8400.887708ms)
✔ detached resume with wait-terminal uses extended timeout constant (0.1695ms)
✔ taskTerminalSuccessInBatch requires succeeded status and journal task.completed (0.676208ms)
✔ resume --force after partial retry does not review.start succeeded task IDs (9691.621167ms)
✔ pauseBatch sets phase paused and journals batch.paused (395.285125ms)
✔ resumeBatch continues paused single-lane batch (8050.580958ms)
✔ paused spine batch reconciliation suggests spine batch resume (1086.694084ms)
✔ validateBatchState requires segments aligned with tasks (0.236375ms)
✔ retryTask clears stale failure metadata before re-run (429.583709ms)
✔ retry then task.completed updates counters and reconcile diagnosis (1681.875208ms)
✔ retry-clears-failed-classification fixture reconciles after success state (1396.965875ms)
✔ retryTask atomically resets task and segment records (254.268167ms)
✔ retryTask fixes segment drift (GAP-RETRY-01) (392.766792ms)
✔ resumeBatch refuses segment drift without retry (559.833791ms)
✔ skipTask marks task skipped and updates counters (360.343667ms)
✔ retryTask rejects when batch is running (273.964708ms)
✔ defaultSegmentId used in segment records (0.145042ms)
✔ detectOrphanedReviewStarted finds orphaned review.started with no matching review.completed (0.669667ms)
✔ detectOrphanedReviewStarted returns empty when review.completed exists (0.07475ms)
✔ detectOrphanedReviewStarted distinguishes code and final review types (0.064833ms)
✔ reconcileOrphanedReviewEvents synthesizes completion when APPROVE artifact on disk (20.209917ms)
✔ reconcileOrphanedReviewEvents does NOT synthesize when no artifact on disk (3.115125ms)
✔ reconcileOrphanedReviewEvents does NOT synthesize for REVISE verdict (5.264916ms)
✔ findCompletedCodeReview honors artifact at attempt > 0 (11.732667ms)
✔ normal review flow (no crash) still works correctly (0.191833ms)
✔ reconcileOrphanedReviewEvents handles final review with PASS verdict (30.136208ms)
✔ buildReviewerSystemPrompt includes project standards when rules manifest exists (22.949291ms)
✔ buildReviewerSystemPrompt emits reviewer.rules_selected journal event (19.735417ms)
✔ buildReviewRequest user prompt does not include injected standards block (0.332125ms)
✔ runStepReview stub path does not emit reviewer.rules_selected (18.919916ms)
✔ isNoiseReviewScopePath matches runtime artifact paths (0.73375ms)
✔ filterReviewScopeNoise dedupes and drops noise (0.613167ms)
✔ resolvePlanReviewScopePaths returns PROMPT File Scope minus noise (2.503958ms)
✔ resolveReviewScopePaths plan uses task PROMPT file scope (3.063541ms)
✔ resolveReviewScopePaths final returns empty scope (0.088ms)
✔ resolveCodeReviewScopePaths uses baseline..HEAD when baseline provided (517.791833ms)
✔ resolveCodeReviewScopePaths falls back to git diff --name-only without baseline (576.06525ms)
✔ resolveReviewScopePaths code honors injectable git runner (0.244625ms)
✔ resolveCodeReviewScopePaths returns empty array when git fails (0.088542ms)
✔ parseReviewLevel reads PROMPT heading (0.728167ms)
✔ isReviewTypeRequired follows Taskplane rubric (0.084875ms)
✔ formatReviewTimestamp strips separators from ISO time (1.319167ms)
✔ buildReviewArtifactPath uses step-timestamp pattern (0.197375ms)
✔ buildFinalReviewArtifactPath uses final-timestamp pattern (0.122041ms)
✔ normalizeVerdict maps enums by review type (0.092791ms)
✔ normalizeFinalVerdict and normalizeCodeVerdict are type-specific aliases (0.076166ms)
✔ parseReviewVerdict reads JSON and markdown verdicts (0.483083ms)
✔ parseReviewVerdict accepts PASS REVISE REPLAN when reviewType is final (0.079875ms)
✔ parseReviewVerdict step mode rejects final-only verdict enums (0.122333ms)
✔ parseFinalReviewVerdict accepts PASS, REVISE, and REPLAN (0.122959ms)
✔ parseFinalReviewVerdict omits heading summary unlike parseReviewVerdict (0.098125ms)
✔ shouldRunCodeReview requires review level 2 or higher (0.063084ms)
✔ shouldRunFinalReview skips when review level is 0 (0.067542ms)
✔ DEFAULT_REVIEW_SPAWN_TIMEOUT_MS is 90 minutes (1.022542ms)
✔ honorReviewSpawnFailureWhenEligible honors final review when contract passed (21.536917ms)
✔ honorReviewSpawnFailureWhenEligible skips when contract failed (2.544208ms)
✔ honorReviewSpawnFailureWhenEligible honors code review with .DONE (8.187125ms)
✔ buildReviewerPiArgs includes --model when config pins reviewer (5.944833ms)
✔ buildReviewerPiArgs omits --model when reviewer model is inherit (1.684458ms)
✔ buildReviewerPiArgs uses per-type model override for matching reviewType (6.055667ms)
✔ buildReviewerPiArgs falls back to top-level reviewer pin when per-type block missing (21.892958ms)
✔ buildReviewerPiArgs cascades per-type inherit to top-level reviewer pin (15.575583ms)
✔ spawnReviewerPi fails closed when pi unavailable via SPINE_REVIEW_TEST_NO_PI (6.795917ms)
✔ buildReviewerChildEnv strips SPINE_WORKER_RUNNER from reviewer child env (0.303125ms)
✔ shouldBlockNestedReviewerSpawn false when only worker runner leaked on engine (0.101416ms)
✔ spawnReviewerPi allows engine spawn when worker runner leaked without journal attach (1.714666ms)
✔ shouldBlockNestedReviewerSpawn true inside live worker child session (0.187416ms)
✔ parseReviewLevel reads PROMPT heading (0.753042ms)
✔ isReviewTypeRequired follows Taskplane rubric (0.093666ms)
✔ buildReviewArtifactPath uses step-timestamp pattern (1.417042ms)
✔ buildFinalReviewArtifactPath uses final-timestamp pattern (0.126666ms)
✔ parseReviewVerdict reads JSON and markdown verdicts (0.526167ms)
✔ parseReviewVerdict accepts PASS REVISE REPLAN when reviewType is final (0.129125ms)
✔ parseReviewVerdict step mode rejects final-only verdict enums (0.10525ms)
✔ parseReviewVerdict accepts PASS REVISE REPLAN for final review type (0.06925ms)
✔ resolveBatchJournalContext ignores SPINE_BATCH_ID without SPINE_JOURNAL_ATTACH (0.202416ms)
✔ isJournalAttachBlocked honors SPINE_SUPPRESS_JOURNAL_ATTACH (0.066125ms)
✔ resolveBatchJournalContext blocked when attach suppressed (0.105166ms)
✔ runStepReview ignores SPINE_REVIEW_STUB_FAIL without stub mode (15.729ms)
✔ runStepReview stub APPROVE writes artifact and journal events (46.103666ms)
✔ runStepReview stub REVISE returns exitCode 2 (8.290583ms)
✔ runStepReview fail-closed on stub spawn failure (43.989667ms)
✔ runStepReview skips when review level does not require type (32.069125ms)
✔ runStepReview final stub PASS writes final artifact path (22.548666ms)
✔ runStepReview final spawn failure exits non-zero at review level >= 1 (6.289667ms)
✔ runSpineReviewStep CLI --type final emits JSON verdict (7.032458ms)
✔ runSpineReviewStep CLI emits JSON verdict (19.187666ms)
✔ assertReviewToolAvailable fails closed without pi at review level > 0 (10.093792ms)
✔ runWorker fails closed when review tool unavailable at level > 0 (35.800833ms)
✔ stub worker stops when enforced review spawn fails (103.821ms)
✔ DEFAULT_REVIEW_SPAWN_TIMEOUT_MS remains 90 minutes (backstop unchanged) (0.621416ms)
✔ runStepReview honors on-disk APPROVE while pi hangs — seconds not stall timeout (298.863417ms)
✔ resolveReviewerModelPin returns per-type override when set (0.694959ms)
✔ resolveReviewerModelPin falls back to top-level when per-type block missing (0.092667ms)
✔ resolveReviewerModelPin cascades per-type inherit to top-level pin (0.061792ms)
✔ resolveReviewerModelPin returns null for top-level inherit (0.051916ms)
✔ resolveReviewerModelPin returns null when reviewer block absent (0.063958ms)
✔ resolveReviewerThinkingPin returns per-type override when set (0.077917ms)
✔ resolveReviewerThinkingPin falls back to top-level when per-type block missing (0.114959ms)
✔ resolveReviewerThinkingPin cascades per-type inherit to top-level pin (0.048584ms)
✔ resolveReviewerThinkingPin returns null for off at any level (0.080709ms)
✔ resolveReviewerThinkingPin returns null when reviewer block absent (0.046458ms)
✔ resolveRulesManifestGeneratedAtMerge keeps newest generatedAt (0.70325ms)
✔ resolveRulesManifestGeneratedAtMerge fails when rules differ (0.085084ms)
✔ fingerprintRulesManifest ignores generatedAt (0.058625ms)
✔ mergeLaneToOrch clears generatedAt-only dirty rules-manifest before merge (1417.17325ms)
✔ mergeLaneToOrch auto-resolves generatedAt-only rules-manifest conflict (1454.673125ms)
✔ mergeLaneToOrch fails loud when rules[] differ (1328.024541ms)
✔ mergeLaneToOrch does not auto-resolve when other paths conflict (1102.928458ms)
✔ tryAutoResolveRulesManifestMergeConflict resolves in-progress merge (818.525708ms)
✔ appendTaskMetric writes TaskMetricRecord JSONL line (7.352542ms)
✔ buildTaskMetricRecord includes laneNumber and durationMs when available (0.222ms)
✔ buildTaskMetricRecord omits laneNumber when not a positive lane (0.117458ms)
✔ metrics.enabled false skips append without error (0.868792ms)
✔ resolveTaskMetricOutcome maps skipped_done_on_disk to skipped (0.183209ms)
✔ appendTaskMetric redacts secret-like fields and omits prompt text (2.083958ms)
✔ skipTaskDoneOnDisk records skipped task metric (19.658916ms)
✔ appendBatchMetric writes BatchMetricRecord JSONL line (1.737458ms)
✔ recordBatchTerminalMetric skips when metrics disabled (0.625041ms)
✔ dismissBatch appends batch metric line (832.9695ms)
✔ spine metrics show filters by batch and formats table output (1.991334ms)
✔ spine metrics show CLI filters by batch id (116.460166ms)
✔ resolveSalvageConfig defaults autoCommitOnStall to false (0.579708ms)
✔ validateSpineConfig rejects non-boolean autoCommitOnStall (0.497875ms)
✔ recordTaskFailureSalvage with autoCommitOnStall commits scoped paths on lane branch (683.303292ms)
✔ recordTaskFailureSalvage without autoCommitOnStall does not commit (375.012417ms)
✔ salvage commit refuses merge_in_progress and index_conflicts (745.982292ms)
✔ salvage commit refuses pre-commit hook failure (508.534833ms)
✔ atomic retry retains salvage WIP commit on lane branch (709.054792ms)
✔ inspectLaneSalvage scopes porcelain to file scope and task folder (210.145584ms)
✔ recordTaskFailureSalvage journals inspection and writes evidence without committing (467.281375ms)
✔ writeSalvageEvidence writes pretty JSON atomically without temp files (277.519375ms)
✔ startBatch worker failure with dirty scoped file emits salvage and diagnose hint (7581.626458ms)
✔ parseSequenceArgs honors --auto-approve-gate and --force (0.657417ms)
✔ spine run sequence --auto-approve-gate dry-run succeeds under stub (508.40775ms)
✔ spine run sequence --auto-approve-gate refused for real pi without --force (650.106625ms)
✔ spine run sequence --auto-approve-gate --force dry-run succeeds for real pi (423.3825ms)
✔ validateSequenceAutoApproveGate allows stub mode without force (0.666959ms)
✔ validateSequenceAutoApproveGate blocks real pi without force (0.137875ms)
✔ validateSequenceAutoApproveGate allows real pi with force (0.062833ms)
✔ validateSequenceAutoApproveGate skips check when flag is false (0.084208ms)
✔ buildSequenceAutoApproveDoctorCheck warns for real pi (0.07525ms)
✔ buildSequenceAutoApproveDoctorCheck passes for stub mode (0.0615ms)
✔ runSequence refuses auto-approve on dry-run for real pi (0.413584ms)
✔ runSequence allows auto-approve dry-run with force on real pi (0.164667ms)
✔ readCurrentBatchLogTail returns null for missing file (0.67025ms)
✔ readCurrentBatchLogTail filters to last batch session header (0.750375ms)
✔ readCurrentBatchLogTail returns full content when no header exists (0.640583ms)
✔ readCurrentBatchLogTail respects lineCount limit (0.454583ms)
✔ waitForSequenceBatchTerminal returns settled when batch completes before timeout (1263.280292ms)
✔ waitForSequenceBatchTerminal does not exit while engine PID is alive (2962.037208ms)
✔ waitForSequenceBatchTerminal returns failure diagnosis even with alive engine (914.756042ms)
✔ isPiSessionMetadataPath matches .pi session roots and children (1.470125ms)
✔ checkGitClean ignores untracked .pi/ session metadata (454.022708ms)
✔ checkGitClean still fails when non-.pi paths are dirty (428.707416ms)
✔ runSequence with only .pi/ dirty passes preflight (15904.016375ms)
✔ runSequence surfaces preflight failure on stderr-equivalent output (7449.482208ms)
✔ resolveResumeFromWave continues after last completed wave (0.704083ms)
✔ sequence persists fromWave, completedWaves, and lastBatchId after wave 0 (11138.430917ms)
✔ resume after interrupted wave 0 integrate completes remaining waves (40492.301167ms)
✔ sequence halts on wave failure with --stop-on-failure and preserves completed waves (19065.079417ms)
✔ resolveWaveTaskIds and resolveSequenceWaves honor planner waves (1.574083ms)
✔ diagnosis helpers classify settled, waiting, and failure states (0.135084ms)
✔ dry-run prints operator-equivalent land loop commands per wave (0.265541ms)
✔ 2-wave stub sequence completes with auto-approve land loop (23053.804917ms)
✔ buildSequencePlan resolves pending scope for dry-run integration (362.455375ms)
✔ skipTask leaves phase paused when all tasks terminal without merge (2101.515292ms)
✔ skipTask clears failed segment drift for reconcile (1934.971ms)
✔ resolveWorkerOutputConfig applies lane defaults and overrides (0.615958ms)
✔ captureWorkerOutputTail keeps last lines and marks byte truncation (0.261125ms)
✔ redactWorkerOutput applies built-in and config deny patterns (0.355083ms)
✔ runWorker stall_timeout captures stderr, persists log, journals stall_killed (5088.082ms)
✔ collectEvidenceBundle references persisted worker output logs (6.056917ms)
✔ successful worker skips log unless retainWorkerOutputOnSuccess (5039.038209ms)
✔ SAT-020 replay: checkpoint_warning → stall_killed → salvage_inspection → task.failed (64013.626875ms)
✔ regression: stub worker still requires .DONE for batch success (11853.848833ms)
✔ recordTaskTransition writes batch-state then journal in order (146.24175ms)
✔ saveSpineBatchState leaves prior JSON intact when atomic write fails (133.108375ms)
✔ saveGateRecord leaves prior JSON intact when atomic write fails (152.4645ms)
✔ validateBatchState accepts healthy schema v1 state (0.925ms)
✔ validateBatchState rejects counter drift (0.148417ms)
✔ runSpineState validate passes on archived batch-state (4.781042ms)
✔ runSpineState validate fails loud on corrupt active state (2.075958ms)
✔ computeStatusProgress derives wave and task counts from batch raw (1.06875ms)
✔ computeStatusProgress returns null without batch raw (0.082667ms)
✔ formatStatusJson includes documented progress field names (0.222834ms)
✔ spine status --json includes task and wave progress for active batch (960.7065ms)
✔ spine status --json omits progress counts when no batch is active (164.17575ms)
✔ reconcileBatch exposes progress fields for spine watch consumers (1016.620791ms)
✔ classifyTaskDoneSemantics distinguishes lane vs main .DONE (issue #35) (151.307417ms)
✔ spine status --diagnose --json exposes explicit done flags mid-batch (1050.067667ms)
✔ verifyStubFileScopeMustChange fails when contract paths are unchanged (245.964375ms)
✔ verifyStubFileScopeMustChange passes when contract path changed (308.4495ms)
✔ verifyStubFileScopeMustChange passes for comma-in-single-backtick fileScopeMustChange (SP-396) (333.484042ms)
✔ commitLaneWorktree rejects stub completion without fileScopeMustChange diffs (322.773541ms)
✔ commitLaneWorktree allows stub completion when fileScopeMustChange is satisfied (546.713583ms)
✔ stub contract helpers detect release-critical contracts an
Line coverage (in-scope): 88.57% (threshold: 77%)
no active session; run stet start first
