Contract testCommand failure log
Command: npm test -- tests/dashboard/snapshot.test.mjs
Exit code: 1
Attempt: 1 of 2
Timestamp: 2026-07-06T22:15:03.565Z
Buffer overflow: no
---

> pi-spine@1.7.0 test
> SPINE_SUPPRESS_JOURNAL_ATTACH=1 node --experimental-strip-types --test tests/*.test.mjs tests/cli/*.test.mjs tests/compat/*.test.mjs tests/tasks/*.test.mjs tests/config/*.test.mjs tests/config/cursor-rules/*.test.mjs tests/planner/*.test.mjs tests/batch/*.test.mjs tests/agents/*.test.mjs tests/adoption/*.test.mjs tests/dashboard/*.test.mjs tests/doctor/*.test.mjs tests/init/*.test.mjs tests/migrate/*.test.mjs tests/worker-tools/*.test.mjs tests/coverage/*.test.mjs tests/extensions/*.test.mjs tests/dashboard/snapshot.test.mjs

✔ adoption fixture: init, plan, stub batch AD-001 creates .DONE (18680.008791ms)
✔ adoption integration: REPLAN final verdict surfaces needs_replan diagnosis (17550.586917ms)
✔ worker.md documents spine tools, stall checkpoint, and coverage policy (2.549375ms)
✔ worker.md documents engine-owned code and final review after .DONE (0.32975ms)
✔ reviewer.md documents final PASS REVISE REPLAN verdicts (0.51675ms)
✔ worker-prompt tail aligns with worker.md commit and review conventions (0.177875ms)
✔ buildWorkerTailPrompt does not contradict worker.md on commit format (20.419334ms)
✔ buildAgentSessionWorkerPrompt includes review hint when level > 0 (13.2425ms)
✔ buildWorkerPiArgs omits -ne when no pi-web-access conflict (19.742959ms)
✔ buildWorkerPiArgs includes -ne before -p when extension conflict detected (18.301792ms)
✔ formatPiExtensionConflictHint surfaces pi-web-access remediation (0.409791ms)
✔ abortBatch archives batch-state before clearing active file (1404.582625ms)
✔ abortBatch journals batch.aborted and preserves prior journal tail (1631.671ms)
✔ abortBatch writes abort signal without killing on graceful abort (1605.600083ms)
✔ hard abort removes lane worktree when cleanup enabled (1310.635209ms)
✔ hard abort keeps worktree when cleanupOnHardAbort is false (1061.30925ms)
✔ abortBatch fails when no active batch (714.748792ms)
✔ mergeLaneToOrch auto-resolves disjoint adoption doc edits without force-merge (5494.238792ms)
✔ mergeLaneToOrch fails adoption doc merge with recovery commands when hunks overlap (3311.256625ms)
✔ formatAdoptionDocMergeFailure names file and wave recovery (0.208208ms)
✔ agent session abort failure journals lane.worker_abort_failed (1660.714208ms)
✔ formatAttachedMilestoneLine renders land-loop journal types (0.537167ms)
[spine] batch.started
[spine] task.started SP-343
[spine] task.completed SP-343
[spine] batch.merge_started wave=0
[spine] batch.merge_completed wave=0
[spine] gate.opened
[spine] gate.evidence_collecting
[spine] gate.evidence_completed
[spine] batch.completed
[spine] batch.land_loop_finalized

Batch started

Batch 20260706T221140 completed: SP-343 succeeded; merged to orch/spine-20260706T221140.
  → spine gate status
  → spine gate approve
  → spine integrate
  → spine batch complete

Batch 20260706T221140 ready to integrate orch branch to main

  → spine integrate

  Alternatives:
    • /spine-integrate
    • /spine-gate
    • spine status --diagnose

  Batch: 20260706T221140
  Task: SP-343
✔ runSpineBatch attached start returns integrate handoff without process.exit in tests (17114.311791ms)
✔ attached batch CLI subprocess exits after completed with stdout milestones (11977.678709ms)
✔ formatAttachedBatchCliResult includes diagnosis suggested command (0.290083ms)
✔ enforceAttachedEngineSingleOwner fails fast when engine PID is alive (1774.241292ms)
✔ enforceAttachedEngineSingleOwner orphans prior engine with --force (1311.679208ms)
✔ resumeBatch rejects second attached resume when engine PID is alive (1446.687875ms)
✔ resumeBatchDetached rejects spawn when attached engine PID is alive (1052.334917ms)
✔ runAttachedBatchEngine blocks attached start when engine PID is alive (697.049667ms)
✔ isLastWaveIndex matches batch 20260618T000943 wave plan (0.602083ms)
✔ maybeFinalizeAfterWaveMerge opens gate for last-wave post-merge limbo (6154.3375ms)
✔ resumeMultiTaskBatch finalizes post-merge limbo even with stale engine pid (3301.202417ms)
✔ terminateStaleDetachedEngine still clears stale engine during post-merge limbo resume handoff (960.52ms)
✔ startBatch multi-wave attached path opens gate after wave 1 without resume (18176.172458ms)
✔ attached milestone types include batch.merge_blocked (0.513625ms)
✔ formatAttachedBatchCliResult prints merge failure headline and exits non-zero for merge_blocked (4243.47925ms)
✔ runAttachedBatchEngine streams merge_blocked milestone before merge failure CLI output (4682.860666ms)
✔ mergeEngineStateWithDiskPause adopts operator pause from disk (1574.191ms)
✔ saveEngineBatchState does not clobber phase paused during heartbeat-style saves (1374.79375ms)
✔ enforceOperatorPauseOnDisk re-asserts paused after engine overwrite (3504.645292ms)
✔ pauseBatch confirms when attached engine heartbeat saves honor pause (3053.002708ms)
✔ batch 20260620T194352 fixture is post-merge limbo without gate (1261.430208ms)
✔ attemptPostMergeLandLoopHandoff finalizes in-process after SIGTERM-shaped limbo (5275.8045ms)
✔ finalizeAttachedPostMergeLimbo is idempotent when gate already open (3368.170958ms)
✔ resume after orphan_terminated journal opens gate for batch 20260620T194352 pattern (3864.522ms)
✔ installAttachedEngineShutdownHandlers finalizes on SIGTERM without manual resume (2914.132334ms)
✔ terminateStaleDetachedEngine during post-merge limbo still allows resume finalize (2792.087459ms)
✔ shouldAutoIntegrateAfterWave is false by default (0.492375ms)
✔ shouldAutoIntegrateAfterWave is true when configured and not last wave (0.095958ms)
✔ shouldAutoIntegrateAfterWave is false on last wave (0.064875ms)
✔ issue #25: retry unblocks failed phase when only pending tasks remain (9028.029625ms)
✔ issue #25: failed phase with pending-only limbo resumes without --force (3210.825875ms)
✔ retry keeps failed phase when other failed tasks remain (1696.294875ms)
✔ diagnosis suggests resume --force for failed-phase pending-only limbo (0.466125ms)
✔ parseSupersededReplacementIds extracts child task IDs (1.119375ms)
✔ assertBatchStartTasksNotSuperseded rejects superseded IDs (2312.850458ms)
✔ assertBatchStartTasksNotSuperseded allows pending IDs (1824.49975ms)
✔ assertBatchStartTasksNotSuperseded honors --force-superseded (1611.644541ms)
✔ resolveBatchStartScope rejects explicit superseded task IDs (907.667041ms)
✔ resolveBatchStartScope allows superseded IDs with forceSuperseded (1089.530083ms)
✔ startBatch dry-run rejects superseded explicit scope (485.078041ms)
✔ startBatch dry-run allows superseded scope with forceSuperseded (869.322375ms)
✔ parseBatchArgs maps --wave on start to waveFilter (0.684959ms)
✔ parseBatchArgs strips --wave value from scope for wave 0 (0.091333ms)
✔ buildAttachedBatchStartArgv forwards waveFilter to detached engine (0.481875ms)
✔ startBatch dry-run with pending scope and --wave 0 selects planner wave 0 (2235.510375ms)
✔ startBatch dry-run with --wave selects planner wave task IDs (1849.807792ms)
✔ wave-filtered dry-run matches explicit wave task scope dry-run (1650.548667ms)
✔ complete handoff preserves newer active batch (073511 vs 073937 race) (11.791834ms)
✔ clearStaleTerminalBatchStateForStart removes completed batch-state pointer (2.690958ms)
✔ assertNoActiveBatch clears stale completed pointer before start handoff (2.188792ms)
✔ runBatchComplete clears active batch-state when no newer batch took over (5343.884875ms)
✔ new batch save replaces terminal completed cache with different batchId (31.521375ms)
✔ evaluateBatchStateWriteGuard rejects writes from non-owner live engine (27.212916ms)
✔ saveSpineBatchState rejects resurrecting archived batch cache (28.769583ms)
✔ resolveStallConfig defaults checkpoint warning and no file-scope grace extension (0.576208ms)
✔ file-scope mtime is activity only — does not extend stall deadline by default (0.185875ms)
✔ checkpoint signals extend grace; STATUS update moves deadline (0.072083ms)
✔ shouldEmitCheckpointWarning after activity without checkpoint threshold (0.117791ms)
✔ resolveScopedDirtyPaths limits porcelain to file scope and task folder (766.158875ms)
✔ lane.checkpoint_warning journal event and diagnose hints (31.872334ms)
✔ extractJournalDiagnosisHints omits stale checkpoint_warning older than 30 minutes (1.536208ms)
✔ collectProgressSignals includes dirtyPaths for scoped changes (1053.652458ms)
✔ verifyContract uses base-satisfied when scope predates task PROMPT on base (3722.441833ms)
✔ verifyContract passes when scope is on base and lane has zero implementation diff (2396.239042ms)
✔ verifyContract fails base-satisfied scope when testCommand fails (6749.108708ms)
✔ verifyStubFileScopeMustChange passes when base already satisfies scope (1651.15375ms)
✔ isBaseScopeSatisfied is false when base lacks scope changes (1096.024834ms)
✔ runFinalReviewPhase fails fast with contract_failed and does not consume finalAttempts (8360.262166ms)
✔ reconcileBatch surfaces contract_failed headline for failed task (2082.768042ms)
✔ verifyContract satisfies pre-landed fileScopeMustChange when testCommand and artifacts pass (3395.002167ms)
✔ verifyContract still fails pre-landed scope when testCommand fails (7724.11675ms)
✔ verifyStubFileScopeMustChange passes delivery-only STATUS when source scope pre-landed (2028.844875ms)
✔ verifyContract passes delivery-only STATUS.md fileScopeMustChange contract (1384.468375ms)
✔ resolvePromptRelPath derives task PROMPT from spine-tasks delivery changes (753.014917ms)
✔ isFileScopePatternPrelanded detects scope changed on main after task intro (1160.022958ms)
✔ resolveTaskStartCommit ignores resumed task.started after same-task lane.committed (0.568125ms)
✔ verifyContract passes fileScopeMustChange after pause/retry/resume when lane commit exists (3006.324417ms)
✔ testCommand fails once then succeeds on retry — contract passes (362.484375ms)
✔ testCommand fails all retries — contract_failed as before (177.097042ms)
✔ retry count configurable via spine-config contract.testRetries (581.528291ms)
✔ failed output captured to .reviews/ directory (243.753834ms)
✔ no retry when testCommand succeeds first time (no performance cost) (174.224917ms)
✔ writeContractFailureLog creates log file with header (17.606792ms)
✔ writeContractFailureLog returns null when taskFolder is undefined (0.463125ms)
✔ CONTRACT_TEST_DEFAULT_RETRIES is 1 (0.067417ms)
✔ CONTRACT_TEST_RETRY_DELAY_MS is 5000 (0.059042ms)
✔ multiple failure logs captured across retry attempts (305.828667ms)
✔ parseContract extracts stallTimeoutMinutes and extendGraceOnFileScope (1.125875ms)
✔ resolveTaskStallMinutes uses max of global, size floor, and contract override (0.114959ms)
✔ resolveStallConfigForTask applies contract stallTimeoutMinutes to stallTimeoutMs (0.125ms)
✔ resolveStallConfigForTask honors contract extendGraceOnFileScope (0.073416ms)
✔ resolveWorkerPiTimeoutMs aligns with contract stall budget (0.09125ms)
✔ runWorker with contract stall override survives beyond global stall budget (scaled) (5362.04425ms)
✔ runWorker without contract override stalls at scaled global budget (5188.162417ms)
✔ isDeliveryArtifactPath accepts STATUS.md-only patterns (0.747167ms)
✔ isDeliveryArtifactPath accepts .DONE-only patterns (0.191833ms)
✔ isDeliveryArtifactPath accepts task-folder delivery globs (0.133709ms)
✔ isDeliveryArtifactPath rejects implementation and tasks-root paths (0.102292ms)
✔ isImplementationScopePattern detects source and tooling roots (0.069958ms)
✔ isStubDeliveryOnlyScope is true for delivery-only pattern sets (0.123292ms)
✔ isStubDeliveryOnlyScope rejects mixed implementation and delivery patterns (0.062542ms)
✔ isStubDeliveryOnlyScope rejects empty pattern lists (0.045375ms)
✔ isDeliveryArtifactPath honors custom tasksRoot (0.172625ms)
✔ resolveTaskStartCommit returns distinct start commits for serialized lane tasks (1.120709ms)
✔ resolveTaskStartCommit prefers task.started payload commit over prior lane.committed (0.141083ms)
✔ resolveTaskStartCommit returns null when task.started is missing (main...HEAD fallback) (0.083375ms)
✔ resolveTaskStartCommit resolves git HEAD at task.started timestamp when journal lacks commit (1170.789958ms)
✔ CONTRACT_TEST_COMMAND_MAX_BUFFER exceeds legacy 256KB limit (0.491375ms)
✔ runContractTestCommand captures large stdout without killing child (193.429666ms)
✔ runContractTestCommand surfaces ENOBUFS with scoped testCommand guidance (57.706542ms)
✔ verifyContract reports buffer overflow with scoped testCommand guidance (5265.262667ms)
✔ buildContractTestEnv moves SPINE_BATCH_ID to SPINE_PARENT_BATCH_ID (0.538541ms)
✔ detectNestedWorkerContext blocks parent batch in lane worktree (0.234333ms)
✔ startBatch blocks nested spawn when SPINE_PARENT_BATCH_ID set in lane worktree (42.9975ms)
✔ buildContractTestEnv allows isolated fixture batch start without parent batch id (2.705417ms)
✔ listChangedFiles with sinceCommit scopes diff to commits after anchor (1598.238417ms)
✔ listChangedFiles without sinceCommit preserves baseBranch...HEAD (743.367625ms)
✔ verifyContract with sinceCommit ignores prior same-lane task fileScopeMustNotChange violations (1670.659792ms)
✔ verifyContract without sinceCommit preserves cumulative lane branch behavior (789.190792ms)
✔ buildContractTestEnv removes worker-only keys (0.4575ms)
✔ runContractTestCommand subprocess does not inherit SPINE_IS_WORKER (134.623708ms)
✔ verifyContract testCommand passes under worker env when subprocess is sanitized (254.841083ms)
✔ verifyContract passes when testCommand exits 0 (230.659917ms)
✔ verifyContract fails when testCommand exits non-zero (52.501667ms)
✔ verifyContract checks artifactsMustExist paths in worktree (57.448167ms)
✔ verifyContract expands glob patterns in artifactsMustExist (57.139541ms)
✔ verifyContract returns ok with empty checks when contract has no verify fields (59.225833ms)
✔ verifyContract enforces fileScopeMustChange and fileScopeMustNotChange (1066.341958ms)
✔ verifyContract checks minLineCoverage from command output (59.207208ms)
✔ shouldRunContractVerify skips legacy TP-* tasks and absent contract sections (0.241417ms)
✔ matchesContractPattern supports glob paths (0.226625ms)
✔ parseAggregateLineCoverage parses coverage table rows (0.167667ms)
✔ SP-193-shaped placeholder contract fails validateContract in required mode (1.4425ms)
✔ verifyContract passes SP-193-shaped contract when scoped files changed (1424.933083ms)
✔ fileScopeMustChange trailing-slash pattern matches files under directory prefix (1029.699625ms)
✔ fileScopeMustChange trailing-slash pattern fails when no files under prefix changed (1394.166416ms)
✔ fileScopeMustChange exact-path and glob behavior preserved alongside trailing-slash (1710.209458ms)
✔ waitForDetachedBatchResume waits for integrate gate after batch completes (937.110458ms)
✔ waitForDetachedBatchResume completes without gate when integrate gate not required (686.704792ms)
✔ prepareDetachedResumeEngineHandoff terminates stale engine before resume spawn (32.252083ms)
✔ resolveDefaultResumeWaitTerminal returns true for engine_orphaned without flags (0.501292ms)
✔ resolveDefaultResumeWaitTerminal respects explicit flags (0.090917ms)
✔ detectPostMergeLimboForResume matches journal-only limbo for batch 20260629T210738 (1840.452917ms)
✔ postMergeLimbo diagnosis suggests spine batch resume --force (0.312667ms)
✔ resumeBatchDetached --force finalizes journal-only limbo without spawning engine (5417.131625ms)
✔ detached batch start opens integrate gate after stub engine completes (11416.256584ms)
✔ timeout_waiting_for_batch with dead enginePid reconciles as engine_orphaned not running (2768.15225ms)
✔ startBatchDetached persists spawn enginePid before wait on timeout failure path (33171.608917ms)
✔ parseBatchArgs defaults to detached start (attached flag off) (0.8265ms)
✔ parseBatchArgs --attached opts into foreground engine (0.081792ms)
✔ buildAttachedBatchStartArgv forwards scope and skip-preflight (0.526458ms)
✔ formatDetachedBatchStartOutput includes monitor hints (0.206333ms)
✔ batch start returns quickly and runs engine in background (11625.448833ms)
✔ parseBatchArgs resume defaults to detached (attached flag off) (0.19ms)
✔ buildAttachedBatchResumeArgv forwards force (0.08725ms)
✔ formatDetachedEngineOutput includes resume wording (0.102709ms)
✔ waitForDetachedBatchResume returns engine_started by default (755.952584ms)
✔ waitForDetachedBatchResume with waitTerminal returns resume_completed (898.169292ms)
✔ collectDetachedFailureDiagnostics includes task.failed summary and log tails (290.717459ms)
✔ parseBatchArgs accepts --wait-terminal (0.206125ms)
✔ batch resume returns quickly and runs engine in background (10808.568833ms)
✔ inferLaunchFailureKind ignores DirtyWorktree exitReason (0.592375ms)
✔ buildHeadline prefers DirtyWorktree over worker launch (0.319ms)
✔ buildSuggestedCommand for DirtyWorktree suggests coverage cleanup and retry (0.145834ms)
✔ buildHeadline surfaces review_exhausted primary failure (0.103583ms)
✔ buildSuggestedCommand for review_exhausted suggests batch retry (0.060541ms)
✔ buildHeadline surfaces contract_failed primary failure (0.074042ms)
✔ buildSuggestedCommand for contract_failed suggests PROMPT edit and retry (0.059083ms)
✔ buildDiagnosisOutput bundles primary failure class without launch headline (0.131666ms)
✔ reconcileBatch aligns hasFailedTasks with segment drift and DirtyWorktree headline (2700.852792ms)
✔ reconcileBatch diagnoses review_exhausted from failed task exitReason (2861.3925ms)
✔ buildHeadline surfaces PI_SPINE_ROOT launch failure (0.990084ms)
✔ buildHeadline surfaces lane commit failures after worker completion (0.152875ms)
✔ buildSuggestedCommand prefers spine doctor for launch failures (0.210333ms)
✔ inferLaunchFailureKind reads worker output hints from journal (0.180708ms)
✔ extractJournalDiagnosisHints prioritizes setup hook and merge blocked events (1.361792ms)
✔ formatMixedOutcomeMessage lists succeeded tasks and spine batch retry guidance (0.155917ms)
✔ reconcileBatch diagnoses launch failure wave from fixture (2851.269375ms)
✔ buildDiagnosisOutput bundles launch failure headline and command (0.607125ms)
✔ DIAGNOSIS_TAXONOMY includes worker_orphaned distinct from needs_retry (0.594959ms)
✔ inferLaunchFailureFromWorkerOutputTail reads PI_SPINE_ROOT hints from log tail (0.113166ms)
✔ buildSuggestedCommand prefers abort for ghost running cluster (0.123625ms)
✔ buildHeadline surfaces worker_orphaned launch failure from worker output context (0.209917ms)
✔ worker_orphaned after plan review nested_spawn_blocked suggests batch retry (0.093375ms)
✔ dead lane workerPid diagnoses worker_orphaned not needs_retry (2797.38275ms)
✔ dead workerPid after lane.completed does not diagnose worker_orphaned (2692.608125ms)
✔ worker_orphaned enriches launch headline from worker output log without task.failed (2371.210542ms)
✔ multiple ghost running tasks on one lane prefer spine batch abort (1702.69025ms)
✔ segment drift still diagnoses needs_retry (1411.917083ms)
✔ buildDiagnosisOutput bundles worker_orphaned headline and command (0.23725ms)
✔ isRunningWithoutActiveWorkers is false when workers are active (0.533292ms)
✔ isRunningWithoutActiveWorkers detects all-terminal tail state (0.08675ms)
✔ buildRunningTailHeadline maps macroPhase merging to operator text (0.224625ms)
✔ buildRunningTailHeadline maps gating / post-merge limbo (0.121667ms)
✔ buildHeadline preserves generic running when workers are active (0.215333ms)
✔ deriveMacroPhase uses journal merge tail when diagnosis is running without workers (0.202041ms)
✔ deriveMacroPhase stays executing when workers are active (0.064584ms)
✔ tail-state fixture reconciles without bare is running headline (2764.344209ms)
✔ tail-state headline matches batch 20260701T031142 shape via buildHeadline (0.588792ms)
✔ isCoverageArtifactPath matches extension/coverage and root coverage dirs (0.572167ms)
✔ isPathInFileScope matches exact paths and directory prefixes (0.124416ms)
✔ filterOutOfScopeCoveragePorcelain drops modified coverage outside file scope (0.138875ms)
✔ filterOutOfScopeCoveragePorcelain keeps in-scope coverage modifications (0.072917ms)
✔ restoreOutOfScopeCoverageArtifacts resets tracked coverage files (1258.60525ms)
✔ resolvePostLaneCommitPorcelain restores and filters out-of-scope coverage (1536.499167ms)
✔ commitLaneAndValidateWorktree succeeds when only out-of-scope coverage is dirty (1676.545375ms)
✔ commitLaneAndValidateWorktree fails when dirty without .DONE (1290.834375ms)
✔ isWorktreeDeletionPorcelainLine matches unstaged deletions (0.543666ms)
✔ isSymlinkOnlyDriftPorcelain is true only for deletion-only porcelain (0.110416ms)
✔ filterSetupHookSymlinkDriftPorcelain clears deletion-only drift (0.07825ms)
✔ parseLaneWorktreeIdentity extracts batch and lane from worktree path (0.51625ms)
✔ resolvePostLaneCommitPorcelain repairs hook symlink drift (2391.980125ms)
✔ commitLaneAndValidateWorktree succeeds when hook symlink drifts after PASS (2276.979958ms)
✔ dismissBatch kills live stub worker PID and journals lane.worker_terminated (2936.228417ms)
✔ shouldRunCodeReview requires review level 2 or higher (0.580417ms)
✔ findCodeReviewStepNumber prefers step with code review checkpoint (11.147542ms)
✔ findCompletedCodeReview honors journal review.completed code APPROVE (11.147666ms)
✔ findCompletedCodeReview honors step artifact APPROVE for code review step (27.182167ms)
✔ runTaskOnLane runs engine code review for RL2 without worker nested spawn (7137.754834ms)
✔ runTaskOnLane skips engine code review when review level is 0 (6201.808708ms)
✔ runTaskOnLane skips engine code review when review level is 1 (6360.075958ms)
✔ runTaskOnLane honors journal review.completed code APPROVE without duplicate spawn (6334.490584ms)
✔ runTaskOnLane re-invokes worker after code REVISE and succeeds on APPROVE (13931.897708ms)
✔ resolveReviewSpawnTimeoutMs aligns with stall budget for M tasks (0.596ms)
✔ runStepReview journals review.failed with review_timeout on hung spawn (286.263917ms)
✔ async reviewer spawn does not block the event loop while waiting for timeout (340.805625ms)
✔ startBatch opens integrate gate before batch.completed journal event (9659.388541ms)
✔ startBatch serializes multiple tasks on one physical lane (16367.652792ms)
✔ startBatch runs disjoint-scope tasks on separate lanes in parallel (10754.68975ms)
✔ startBatch records lane commit before task.completed (10203.519541ms)
✔ runTaskOnLane emits task.failed not task.completed when lane commit fails (6413.859125ms)
✔ validateSpineConfig accepts worktreeSetupIgnorePaths (0.232292ms)
✔ engine_orphaned diagnosis suggests retry when task id known, attached resume otherwise (0.562042ms)
✔ dead engine with phase running passes validateMultiTaskResume without pause (1375.170333ms)
✔ running phase with live engine pid rejects resume without force (1285.581625ms)
✔ reconcile engine_orphaned recommends attached resume for batch 20260618T191236 pattern (1640.922ms)
✔ engine_orphaned with failedTaskId suggests retry (SP-315) (0.556917ms)
✔ reconcileOrphanRunningState transitions running task to failed with journal events (1113.86775ms)
✔ retryTask succeeds on orphan without manual pause (issue #20 trap) (1221.871958ms)
✔ diagnose then retry: suggestedCommand matches working recovery path (1811.964625ms)
✔ resume --force allowed after orphan reconcile when phase was running (802.378875ms)
✔ terminateStaleDetachedEngine SIGTERM stale pid on failed resume (69.971584ms)
✔ runStepReview honors existing final PASS without re-spawn (73.923792ms)
✔ runStepReview skips review.failed journal when batch already completed (68.23425ms)
✔ startBatch lane branch has commit before merge when stub touches files (10880.255167ms)
✔ startBatch completes single task with stub worker (9695.137875ms)
✔ isExplicitBatchScope treats pending as explicit (0.197458ms)
✔ startBatch all dry-run allows multi-wave pending backlog (526.030917ms)
✔ startBatch pending dry-run excludes done tasks (277.907833ms)
✔ startBatch all fails when every task has .DONE (277.716042ms)
✔ startBatch skips worker when .DONE exists on disk (2908.182375ms)
✔ resolveBatchStartScope normalizes all to pending IDs (395.781125ms)
✔ startBatch explicit IDs still allow multi-wave when scope is not bare all (561.025417ms)
✔ startBatch completes two-lane wave with stub workers (23062.142041ms)
✔ startBatch blocks merge on mixed outcomes (12050.297792ms)
✔ assessWaveMergeEligibility blocks failed and pending tasks (3.360375ms)
✔ collectCoreEvidenceBundle writes summary without complete marker (2324.616292ms)
✔ openIntegrateGate persists gate before extended evidence and journals milestones (1701.442292ms)
✔ openIntegrateGate keeps gate when extended evidence command fails (1718.635375ms)
✔ collectExtendedEvidenceBundle appends to existing refs (1202.881333ms)
✔ parseEvidenceCommandArgv accepts npm run test (1.717458ms)
✔ parseEvidenceCommandArgv preserves quoted arguments (0.160167ms)
✔ parseEvidenceCommandArgv rejects shell command chaining (0.250042ms)
✔ parseEvidenceCommandArgv rejects unknown binary (0.098334ms)
✔ runEvidenceCommand executes allowlisted argv without shell (95.568875ms)
✔ runEvidenceCommand rejects malicious config strings (0.154917ms)
✔ runEvidenceCommand skips empty command (0.11025ms)
✔ runEvidenceCommand rejects disallowed build binary (0.108542ms)
✔ parseEvidenceCommandArgv rejects subshell injection (0.132083ms)
✔ collectEvidenceBundle writes summary and .complete marker atomically (2278.639459ms)
✔ collectEvidenceBundle writes rejected output for unsafe testing.test (1290.49125ms)
✔ findCompletedFinalReview honors journal review.completed final PASS (1.508084ms)
✔ findCompletedFinalReview honors latest final artifact PASS (4.167583ms)
✔ runTaskOnLane honors pre-existing worker final review without spawn failure (6690.005125ms)
✔ runTaskOnLane honors journal review.completed final PASS without duplicate spawn (7310.812875ms)
✔ parseFinalReviewVerdict accepts PASS, REVISE, and REPLAN (0.878333ms)
✔ shouldRunFinalReview skips when review level is 0 (0.091375ms)
✔ runTaskOnLane skips final review when review level is 0 (6654.239792ms)
✔ runTaskOnLane journals task.verdict_recorded on PASS final review (6820.337459ms)
✔ runTaskOnLane re-invokes worker after REVISE and succeeds on PASS (13339.314333ms)
✔ runTaskOnLane caps REVISE at maxFinalAttempts with review_exhausted (19751.28325ms)
✔ runTaskOnLane fails with needs_replan and does not keep .DONE (8674.641542ms)
✔ mergeWaveLanesToOrch blocks when a wave task has exitReason needs_replan (1659.592708ms)
✔ runEngineFinalReview stub writes final artifact path (13.767625ms)
✔ isUnscopedFlutterAnalyzeSegment detects bare and compound analyze commands (0.784458ms)
✔ isUnscopedFlutterAnalyzeCommand handles compound shell commands (0.174625ms)
✔ isFlutterAnalyzeTestCompoundCommand matches analyze plus test (0.114167ms)
✔ shouldCleanFlutterBuildBeforeAnalyze respects config opt-out (0.082417ms)
✔ sanitizeFlutterBuildBeforeAnalyze removes polluted build directory (400.738042ms)
✔ sanitizeFlutterBuildBeforeAnalyze is no-op when build is absent (274.101792ms)
✔ prepareContractVerifyEnvironment removes polluted build for compound analyze command (251.8385ms)
✔ polluted build does not fail verify after hygiene (456.585292ms)
✔ verifyContract cleans polluted build before unscoped flutter analyze testCommand (557.626083ms)
✔ buildTaskScorecard lists task rows (0.674417ms)
✔ openIntegrateGate persists pending gate and journals gate.opened (1774.781333ms)
✔ collectEvidenceBundle writes summary and diff-stat (1596.038459ms)
✔ approve and reject enforce gate FSM (1529.363875ms)
✔ rejectIntegrateGate journals gate.rejected (1940.790167ms)
✔ checkIntegrateGate blocks until approved (exit 2) (1471.176667ms)
✔ integrateOrchToBase fails with exit 2 when gate pending (1939.763334ms)
✔ integrateOrchToBase succeeds after gate approval (3353.084292ms)
✔ force integrate requires SPINE_ALLOW_FORCE=1 (841.898ms)
✔ openIntegrateGateAfterBatchComplete skips non-completed batches (473.125791ms)
✔ runSpineGate CLI approve updates gate record (1763.497417ms)
✔ isGitignoredArtifactPath matches extension/coverage and node_modules (0.562875ms)
✔ listGitignoredArtifactRoots deduplicates nested artifact dirs (0.490083ms)
✔ sanitizeGitignoredArtifactsBeforeLaneCommit removes worktree-only coverage (661.070584ms)
✔ sanitizeGitignoredArtifactsBeforeLaneCommit skips when disabled (353.542166ms)
✔ commitLaneAndValidateWorktree succeeds when only extension/coverage is gitignored dirty (870.173833ms)
✔ commitLaneAndValidateWorktree succeeds when only node_modules is gitignored dirty (852.317125ms)
✔ sanitizeGitignoredArtifactsBeforeLaneCommit does not clean index-tracked gitignored paths (462.643541ms)
✔ commitLaneWorktree still fails for index-tracked gitignored coverage (872.88675ms)
✔ classifyGitignoredPaths returns empty arrays for empty input (362.022042ms)
✔ classifyGitignoredPaths detects index-tracked gitignored paths (465.445ms)
✔ classifyGitignoredPaths detects worktree-only gitignored paths (331.869417ms)
✔ classifyGitignoredPaths handles mixed index-tracked and worktree-only (529.192875ms)
✔ formatGitignoredRemediationMessage: worktree-only does not suggest git rm --cached (0.312333ms)
✔ formatGitignoredRemediationMessage: index-tracked suggests git rm --cached (0.06425ms)
✔ formatGitignoredRemediationMessage: mixed suggests both remediation paths (0.068041ms)
✔ commitLaneWorktree: worktree-only gitignored does not suggest git rm --cached (617.574958ms)
✔ commitLaneWorktree: index-tracked gitignored still suggests git rm --cached (596.890959ms)
✔ regression: SP-011 worktree-only coverage after npm test does not suggest git rm --cached (884.074417ms)
✔ isGitignoredArtifactPath matches graphify-out hook output (0.5135ms)
✔ listGitignoredArtifactRoots deduplicates nested graphify-out paths (0.528125ms)
✔ sanitizeGitignoredArtifactsBeforeLaneCommit removes worktree-only graphify-out (629.215292ms)
✔ commitLaneAndValidateWorktree succeeds when only graphify-out is gitignored dirty (843.506375ms)
✔ resolveHeartbeatKind marks launching as worker_alive only (0.607125ms)
✔ shouldEmitCheckpointWarning skips launching phase (0.236375ms)
✔ buildHeartbeatPayloadFields omits stale checkpoint signals during launching (0.116875ms)
✔ recordLaneHeartbeat journals kind and phase (141.759334ms)
✔ runWorker launching heartbeat does not journal stale STATUS mtime on fast-fail retry (5267.773583ms)
✔ resolveStallConfig applies lane overrides (0.168583ms)
✔ progressSignalsChanged detects STATUS mtime updates (179.2025ms)
✔ computeStallDeadline extends past hard timeout after progress (0.116334ms)
✔ stall false positive avoided when STATUS updates extend deadline (I-01) (0.1225ms)
✔ findLatestStepCompletedMs returns newest matching task.step_completed (0.138375ms)
✔ progressSignalsChanged detects journal task.step_completed (silent tools) (172.032167ms)
✔ activitySignalsChanged detects file-scope mtime updates (FR-WORK-10 / FR-STALL-02) (234.950583ms)
✔ startBatch records lane.heartbeat during stub worker delay (9884.691583ms)
✔ startBatch persists baseBranchHeadAtStart and journals batch.base_snapshot (9388.684542ms)
✔ isFastForwardCapableIntegrate detects orch ahead of main (#93) (1076.141167ms)
✔ integrateOrchToBase fast-forwards when orch is strictly ahead (#93 batch 20260702T071449) (4596.19ms)
✔ integrateOrchToBase fast-forwards with generatedAt-only rules-manifest drift on main (#93) (3818.220042ms)
✔ recordBatchBaseSnapshot stores head sha and journals batch.base_snapshot (1042.193875ms)
✔ integrateOrchToBase succeeds with uncommitted edits on main (3338.518459ms)
✔ integrateOrchToBase conflict path leaves human checkout and files unchanged (3477.611667ms)
✔ integrateOrchToBase succeeds with uncommitted edits on feature branch (non-base) (3780.766ms)
✔ integrateOrchToBase dry-run advertises isolated merge plan (789.797375ms)
✔ resolveRulesManifestIntegrateDrift restores main when worker manifest matches orch (#22) (1664.790417ms)
✔ integrateOrchToBase succeeds with worker manifest drift on main matching orch (#22) (3350.71825ms)
✔ resolveRulesManifestIntegrateDrift blocks unrelated dirty files on main (757.113458ms)
✔ resolveRulesManifestIntegrateDrift blocks substantive manifest drift not matching orch (967.369ms)
✔ resolveRulesManifestIntegrateDrift still clears generatedAt-only drift on main (1361.780875ms)
✔ resolveRulesManifestIntegrateDrift clears generatedAt-only dirty manifest on main (1628.4355ms)
✔ integrateOrchToBase succeeds with dirty generatedAt-only rules-manifest on main (3430.567125ms)
✔ inspectHumanBaseSync reports integrate_isolated_ok after plumbing integrate leaves HEAD behind (5930.184583ms)
✔ inspectHumanBaseSync reports human_base_diverged when human commits overlap orch paths (2937.402ms)
✔ spine sync-base CLI merges landed main into feature branch (3661.367709ms)
✔ DEFAULT_SYNC_TIMEOUT_MS is 60 seconds (0.465958ms)
✔ syncPlumbingMergePathsToWorktree returns ok: true on successful sync (684.030209ms)
✔ syncPlumbingMergePathsToWorktree returns ok: false with timedOut on timeout (534.969ms)
✔ integrateOrchToBase emits integrate.failed with IntegrateTimeout on sync timeout (3525.236959ms)
✔ successful integrate still emits integrate.completed (regression) (3480.297875ms)
✔ partial sync failure returns ok: false with correct failureClass from integrateOrchToBase (2385.750958ms)
✔ syncPlumbingMergePathsToWorktree succeeds when worktree has paths not in HEAD (773.357834ms)
✔ syncPlumbingMergePathsToWorktree restores paths that exist in merge commit (1489.252208ms)
✔ syncPlumbingMergePathsToWorktree skips diff paths absent from merge commit (1017.732125ms)
✔ assertOrchIntegratable refuses empty orch when mergeResults claim success (502.565166ms)
✔ assertOrchIntegratable requires integrate when orch is ahead of base (925.401208ms)
✔ reconcileBatch reports needs_integrate when batch completed but orch not on main (2036.7705ms)
✔ completeBatch refuses when orch is ahead but not integrated (1582.426958ms)
✔ integrateOrchToBase merges orch into main and journals events (2452.874584ms)
✔ integrateOrchToBase dry-run does not change main HEAD (953.6495ms)
✔ completeBatch succeeds after integrate lands orch on main (8982.484875ms)
✔ integrateOrchToBase aborts merge on conflict and restores checkout (12303.967916ms)
✔ integrateOrchToBase fails when batch state is missing (0.297167ms)
✔ runSpineIntegrate CLI succeeds when orch tip already matches main (2983.522209ms)
✔ PRD §20.2 planner yields wave0 {A,C} and wave1 {B} (828.108583ms)
✔ PRD §20.2 two-lane stub batch completes ABC waves (26713.11575ms)
✔ PRD §20.2 mixed-outcome blocks merge; retry resets wave B for resume (24613.641625ms)
✔ runStepReview with worker attach env does not journal when attach suppressed (8.460542ms)
✔ runSpineReviewStep with worker attach env does not journal when attach suppressed (6.555917ms)
✔ runSpineReportProgress with worker attach env does not journal when attach suppressed (4.7825ms)
✔ readJournalEventsCached returns same events as readJournalEvents (24.025875ms)
✔ readJournalEventsCached returns cached copy on second call without file change (40.254042ms)
✔ readJournalEventsCached invalidates when file mtime changes (44.11275ms)
✔ readJournalEventsCached returns empty array for missing file (1.082959ms)
✔ clearJournalCache forces re-read on next call (8.786042ms)
✔ invalidateJournalCache with matching path clears cache (10.081375ms)
✔ invalidateJournalCache with non-matching path preserves cache (11.561541ms)
✔ readJournalEventsCached handles transition from missing to existing file (16.329083ms)
✔ readJournalEventsCached handles switch between different batch IDs (44.82075ms)
✔ runSpineJournal replay exits non-zero when journal missing (3.113416ms)
✔ runSpineJournal replay prints human table (51.134083ms)
✔ runSpineJournal replay --json returns events array (24.504959ms)
✔ exportJournalJsonl returns null when journal missing (5.966541ms)
✔ runSpineJournal export exits non-zero when journal missing (3.657125ms)
✔ runSpineJournal export writes jsonl to stdout (73.247709ms)
✔ runSpineJournal export --output writes file (23.008583ms)
✔ exportJournalMarkdown returns null when journal missing (3.018708ms)
✔ formatJournalMarkdownTimeline produces stable table shape (1.850458ms)
✔ formatJournalMarkdownTimeline escapes pipe characters in summary (0.101875ms)
✔ runSpineJournal export markdown exits non-zero when journal missing (1.185334ms)
✔ runSpineJournal export writes markdown to stdout (17.796625ms)
✔ runSpineJournal export markdown --output writes file (12.977292ms)
✔ detectBatchStateDrift flags running cache when reconcile sees doneInLane without journal terminal (0.682333ms)
✔ deriveStructuralBatchStateFromJournal rebuilds multi-lane skeleton without cache seed (2.573583ms)
✔ resume-parallel-lane-orphan fixture: journal-only rebuild marks resumed tasks running (1.301083ms)
✔ orphan-running-resume fixture: structural + lifecycle rebuild without seed (0.679417ms)
✔ pidless-ghost-running fixture: post-resume task.started wins over historical failure (0.793625ms)
✔ resume-orphan-historical-failure fixture: rebuild ignores pre-resume failure for active task (0.546875ms)
✔ retry-clears-failed-classification fixture: rebuild fixes stale failed cache (0.716875ms)
✔ retry-clears-failed-classification fixture: detectBatchStateDrift flags cache vs journal (0.651917ms)
✔ incident fixtures rebuild from disk matches in-memory journal rebuild (587.739208ms)
✔ readJournalTimeline filters task and batch lifecycle events (0.522459ms)
✔ rebuildBatchStateFromJournal applies task.completed over stale failed cache (0.811459ms)
✔ detectBatchStateDrift flags journal completed vs cache failed (0.257083ms)
✔ detectBatchStateDrift ignores incomplete journal when cache failed (0.11675ms)
✔ incident orphan-running fixture: journal timeline is readable (629.734459ms)
✔ appendJournalEvent writes schema v1 with ISO timestamp and payload (22.118291ms)
✔ readLastTaskFailedEvent returns most recent task.failed (31.842709ms)
✔ redactSecrets masks sensitive keys (0.214625ms)
✔ capPayloadSize truncates oversized payloads (0.171541ms)
✔ normalizeJournalEvent upgrades legacy lines (0.087917ms)
✔ readJournalEvents reads mixed legacy and v1 lines (21.608917ms)
✔ extractJournalDiagnosisHints surfaces failure events from tail (0.407166ms)
✔ commitLaneWorktree commits dirty worktree when .DONE exists (1234.852ms)
✔ commitLaneWorktree fails loud when dirty without .DONE (453.269208ms)
✔ filterPorcelain drops lines matching ignore patterns by full path (0.285625ms)
✔ filterPorcelain drops lines matching ignore patterns by basename (0.086541ms)
✔ filterPorcelain keeps rename targets when only source matches ignore (0.078708ms)
✔ filterPorcelain returns empty for empty input (0.059084ms)
✔ mergeLaneToOrch rejects empty merge when lane commits were required (594.088208ms)
✔ mergeLaneToOrch prefers orch for conflicts outside lane file scope (1899.578917ms)
✔ mergeLaneToOrch does not auto-resolve in-scope lane conflicts (1386.32175ms)
✔ dismiss archives batch-state before clearing active file (1349.575083ms)
✔ complete with --detect-manual-merge succeeds when orch merged to main (1431.475875ms)
✔ complete refused when mergeResults succeeded but orch not on main (5546.885084ms)
✔ dismiss refused when diagnosis is running without --force (5435.068125ms)
✔ isPostMergeLimbo is true when tasks and merges succeeded with open orch branch (0.523375ms)
✔ isPostMergeLimbo rejects non-running or ended batches (0.095459ms)
✔ isPostMergeLimbo rejects empty or partial task/merge state (0.082833ms)
✔ isPostMergeLimbo respects git orch branch signals (0.7025ms)
✔ isPostMergeLimbo rejects null or non-object state (0.117708ms)
✔ resolveWorkerOutputConfig defaults live log streaming off (0.623416ms)
✔ workerLiveLogPath matches runtime layout (0.100209ms)
✔ truncateLiveLogBytes applies truncation marker when over cap (0.24425ms)
✔ appendWorkerLiveLogChunk redacts secrets and enforces byte cap (5.415042ms)
✔ createWorkerLiveLogWriter returns null when streaming disabled (0.2365ms)
✔ runWorker streams subprocess stub output to live log when enabled (5090.251ms)
✔ runWorker skips live log when streamWorkerOutputLive is false (5150.139416ms)
✔ runWorker still writes terminal failure log when live streaming enabled (5275.4555ms)
✔ startAgentSessionWorker flushes transcript chunks to live log (2249.52725ms)
✔ appendWorkerLiveLogChunk rolls file with truncation marker when over max bytes (18.954375ms)
✔ MACRO_PHASES exports all eleven lifecycle values (1.015583ms)
✔ deriveMacroPhase: idle when no batch signals (0.123375ms)
✔ deriveMacroPhase: planning from batch phase (0.119542ms)
✔ deriveMacroPhase: executing for active running batch (0.0945ms)
✔ deriveMacroPhase: merging phase and needs_merge diagnosis (0.066ms)
✔ deriveMacroPhase: reviewing when review.started is open (0.105875ms)
✔ deriveMacroPhase: gating for pending gate or post-merge limbo (0.066ms)
✔ deriveMacroPhase: integrating for needs_integrate and open integrate.started (0.097584ms)
✔ deriveMacroPhase: completed, failed, aborted, paused terminal phases (0.083292ms)
✔ fixture running-batch.json reconciles to executing macro-phase (1377.85025ms)
✔ fixture taskplane-executing.json maps to executing (0.476667ms)
✔ fixture needs-retry-batch.json maps to failed macro-phase (1168.334458ms)
✔ fixture limbo-stale maps to completed macro-phase (1150.271583ms)
✔ all macro-phase enum values are reachable via deriveMacroPhase (0.250084ms)
✔ recordMergeBlocked sets terminal merge_blocked phase and clears enginePid (423.494208ms)
✔ reconcileBatch diagnoses merge_blocked as failed merge, not needs_merge (1222.605709ms)
✔ legacy merging phase with endedAt and failed mergeResults reconciles as failed (1235.5665ms)
✔ findResumableWave skips succeeded merged waves when later wave has pending tasks (0.601958ms)
✔ validateMultiTaskResume allows force resume from merge_blocked (855.127084ms)
✔ buildSuggestedCommand recommends resume --force for merge_blocked phase (0.256375ms)
✔ summarizeMergeFailures extracts failed wave and lane from mergeResults (0.619667ms)
✔ buildMergeFailureHeadline uses 1-based wave number and lane label (0.141916ms)
✔ buildHeadline for failed diagnosis surfaces merge conflict instead of zero failed tasks (0.196875ms)
✔ buildSuggestedCommand for merge failure suggests resume --force (0.121708ms)
✔ buildDiagnosisOutput bundles merge failure headline and command (0.147042ms)
✔ reconcileBatch surfaces merge failure fields distinct from failedTasks (1157.1065ms)
✔ spine status --json includes merge failure fields for monitors (1337.271125ms)
✔ spine status --diagnose prints merge failure details in text output (1273.550416ms)
✔ filterGitignoredPaths separates ignored and stageable paths (355.905ms)
✔ gitAddFilteredPaths skips gitignored paths without failing (568.251459ms)
✔ mergeLaneToOrch succeeds when task branch committed gitignored coverage (1959.472958ms)
✔ commitLaneWorktree refuses gitignored-only dirty paths (1168.4195ms)
✔ commitLaneWorktree commits tracked files while skipping gitignored dirty paths (5417.633667ms)
✔ inferMergeGitignoredFailure detects gitignored merge and lane commit failures (0.411041ms)
✔ buildSuggestedCommand returns git rm --cached repair for gitignored merge failures (0.224916ms)
✔ reconcileBatch surfaces gitignored merge repair command from journal (5634.756333ms)
✔ filterPorcelain remains unchanged for SP-104 ignore patterns (0.73325ms)
✔ mergeLaneToOrch auto-resolves additive docs/PRD.md after origin/main merge task (2100.170542ms)
✔ mergeLaneToOrch fails PRD merge with recovery commands when hunks overlap (1843.715334ms)
✔ formatPrdDocMergeFailure names file and wave recovery (0.238667ms)
✔ isActiveWorkerSession true when SPINE_WORKER_RUNNER is set (0.55525ms)
✔ isActiveWorkerSession false outside worker context (0.077667ms)
✔ runStepReview skips nested reviewer spawn when worker env is set (53.404792ms)
✔ runStepReview skips nested plan review spawn when worker env is set (24.963958ms)
✔ runStepReview stub path still works inside worker session (6.29625ms)
✔ runStepReview reaches pi availability check when worker env absent (7.728459ms)
✔ engine parent with leaked worker runner reaches reviewer spawn (4.752084ms)
✔ batch 20260619T020951 SP-306 plan step 0 journals review.skipped not review.failed (38.638ms)
✔ detectNestedWorkerContext returns reason when SPINE_IS_WORKER=1 (0.57425ms)
✔ detectNestedWorkerContext returns reason when projectRoot is inside .worktrees/spine-* (0.119542ms)
✔ detectNestedWorkerContext returns null for normal projectRoot without worker env (0.111583ms)
✔ startBatch returns error when SPINE_IS_WORKER=1 (14.29525ms)
✔ startBatch returns error when projectRoot is inside .worktrees/spine-* (11.787334ms)
✔ startBatch succeeds normally (no env, normal CWD) — regression (18954.371709ms)
✔ buildWorkerChildEnv includes SPINE_IS_WORKER=1 (3.603708ms)
✔ journalEventsSinceResume excludes pre-resume terminal events (1.419125ms)
✔ detectOrphanRunning: historical task.failed + post-resume silence + dead engine (0.560084ms)
✔ resume orphan with historical failure fixture is not diagnosed as running (1446.872833ms)
✔ terminal event within scoped window still suppresses engine orphan (0.72425ms)
✔ journalIndicatesStalledSession: post-resume start without terminal (0.657042ms)
✔ detectOrphanRunning: PID-less ghost running with post-resume journal stall (0.304542ms)
✔ pidless ghost fixture reconcile is engine_orphaned, not running (1464.620583ms)
✔ terminal event within scoped window suppresses PID-less ghost signal (0.356958ms)
✔ isProcessAlive returns false for absent pid (0.727583ms)
✔ resume parallel lane orphan fixture: multiple running on lane 1 (1.131375ms)
✔ resume parallel lane orphan fixture: reconcile is actionable after scoped orphan detect (1052.331208ms)
✔ searchATon orphan incident fixture: dead workerPid is not diagnosed as running (4684.500041ms)
✔ dead workerPid with running task is not diagnosed as running (5129.181125ms)
✔ dead enginePid mid-resume without terminal journal is engine_orphaned (4425.647625ms)
✔ running batch without recorded pids still reports running (4850.171542ms)
✔ detectOrphanRunning ignores dead engine when terminal journal exists (0.245083ms)
✔ recordBatchEnginePid persists under resilience and clears on terminal save (1930.508417ms)
✔ confirmed pause records batch.paused only after engine persists phase (217.687208ms)
✔ unconfirmed pause does not leave orphan batch.paused journal entry (552.961583ms)
✔ pauseBatch succeeds immediately when no attached engine is alive (514.130125ms)
✔ pauseBatch fails loud when attached engine keeps phase running (2585.519292ms)
✔ waitForPauseConfirmation returns true when phase stays paused (1937.978541ms)
✔ retryTask succeeds when batch phase is paused (2112.979333ms)
✔ retryTask rejects when batch phase is running (1977.729042ms)
✔ resolveAttachedMilestonePollMs defaults to 2000ms when config omitted (1.119875ms)
✔ resolveSequencePollMs defaults to 5000ms when config omitted (0.134333ms)
✔ resolveDashboardPollMs defaults to 2000ms when config omitted (0.086542ms)
✔ resolveAttachedMilestonePollMs honors orchestrator.attachedMilestonePollMs override (0.078625ms)
✔ resolveSequencePollMs honors orchestrator.sequencePollMs override (0.066833ms)
✔ resolveDashboardPollMs honors orchestrator.dashboardPollMs override (0.059917ms)
✔ validateOrchestratorConfig rejects invalid poll values (0.135042ms)
✔ validateSpineConfig accepts orchestrator poll overrides (0.244208ms)
✔ waitForSequenceBatchTerminal uses 5000ms default poll interval (0.082125ms)
✔ batch 20260630T212050 orphan-after-merge fixture describes GitHub #59 incident (16.117291ms)
✔ batch 20260630T212050 journal fixture is limbo via resume detect but not bare state (4326.093625ms)
✔ hydrateMergeResultsFromJournal enables state limbo detection for batch 20260630T212050 (2731.437917ms)
✔ finalizeAttachedLandLoopBeforeExit opens gate for batch 20260630T212050 journal limbo (9358.967375ms)
✔ installAttachedExitFinalizeHandlers finalizes journal limbo on SIGTERM without manual resume (10430.405875ms)
✔ batch 20260629T021550 fixture is post-merge limbo without gate (2301.216958ms)
✔ attemptPostMergeLandLoopHandoff finalizes batch 20260629T021550 limbo after SIGTERM (7899.099792ms)
✔ resumeBatchDetached --force finalizes post-merge limbo without spawning engine (7018.199167ms)
✔ resumeBatch attached path finalizes batch 20260629T021550 limbo immediately (7149.415375ms)
✔ resumeMultiTaskBatch still finalizes batch 20260629T021550 after orphan_terminated (7549.929209ms)
✔ finalizeResumePostMergeLimbo clears stale engine pid during post-merge limbo (5886.155792ms)
✔ isPostMergeLimbo detects running phase with successful merges (0.547542ms)
✔ deriveDiagnosis returns needs_integrate for post-merge limbo (0.429666ms)
✔ finalizeBatchForIntegrate opens gate from post-merge limbo without resume (6654.440083ms)
✔ resumeMultiTaskBatch opens gate from post-merge limbo without re-running tasks (6643.09075ms)
✔ mixed-outcome post-mortem lists failed IDs and retry hint, not smooth success (5487.053667ms)
✔ false-success reconciliation headline is overridden when failures exist (1.719834ms)
✔ listFailedTaskIds prefers classified terminal-failure tasks (2.334541ms)
✔ collectEvidenceBundle summary.md is honest post-mortem markdown (5021.436333ms)
✔ dismissBatch writes post-mortem path into batch history (4141.925625ms)
✔ writeBatchPostMortem persists markdown under runtime batch dir (4772.145375ms)
✔ spine status --verbose includes post-mortem section for active batch (5055.979709ms)
✔ resolveStallConfig defaults progressSnapshotIntervalMinutes to 2 (0.602208ms)
✔ resolveStallConfig applies progressSnapshotIntervalMinutes override (0.077917ms)
✔ buildProgressSnapshotPayload is bounded and omits dirty path lists (0.53975ms)
✔ progressSnapshotPayloadChanged detects field deltas (0.092083ms)
✔ shouldEmitProgressSnapshot respects interval (0.07875ms)
✔ recordLaneProgressSnapshot journals bounded payload (726.085875ms)
✔ runWorker emits lane.progress_snapshot on interval and dedupes unchanged signals (10669.766458ms)
✔ startBatch fails closed on invalid PROMPT before batch starts (2280.38625ms)
fatal: malformed object name missing-base-branch
✔ inspectGitState records gitInspectionError when merged-branch scan fails (2266.966416ms)
✔ deriveDiagnosis returns git_unavailable when git inspection failed (0.454708ms)
✔ reconcileBatch surfaces git_unavailable instead of limbo_stale on git failure (4424.011208ms)
fatal: malformed object name missing-base-branch
✔ reconcileBatch records count_commits_ahead git errors from real git refs (4747.56075ms)
✔ idle-no-batch returns healthy idle state (1670.162625ms)
✔ limbo_stale detected from incident fixture (4893.74775ms)
✔ completed_manual when orch branch merged to main (5634.123292ms)
✔ needs_retry when a task failed (4627.85975ms)
✔ running diagnosis for active batch (5296.165875ms)
✔ runReconciliationCheck matches reconcileBatch output shape (5203.676334ms)
✔ reconcileBatch includes journal hints when journal exists (4473.674709ms)
✔ reconcileBatch exposes macroPhase for running batch (4977.246541ms)
✔ reconcileBatch exposes macroPhase for limbo_stale (3842.707375ms)
✔ failBatchFromEngineError writes batch.failed and clears enginePid (2004.105208ms)
✔ reconcileGhostRunningTasks marks running tasks failed without worker (0.22175ms)
✔ resumeMultiTaskBatch fail-closed when post-commit gitPorcelain throws (11980.749167ms)
✔ resumeBatch opens integrate gate before batch.completed journal event (18780.339666ms)
✔ refreshLaneHeartbeatsOnResume aligns lane heartbeats to engineStartedAt (0.591417ms)
✔ taskAlreadyComplete returns false for failed task with stale .DONE on disk (0.547375ms)
✔ resumeBatch after failed retry runs contract verification before succeed (13018.910791ms)
✔ resumeBatch continues paused 2-task 2-lane batch with stub workers (25247.987334ms)
✔ resumeBatch multi path requires existing lane worktrees (2143.83425ms)
✔ multi-task batch start → pause → resume completes both tasks (28653.320833ms)
✔ paused multi-task batch diagnose suggests multi-task resume (4380.190292ms)
✔ multi-task startBatch completes two-lane stub batch (start path) (20335.260875ms)
✔ resumeBatch serializes four tasks on one lane (41789.398875ms)
✔ resumeBatch runs two lanes with two tasks each in parallel (26768.947125ms)
✔ validateMultiTaskResume accepts paused 2-task 2-lane batch (4305.441583ms)
✔ validateMultiTaskResume rejects batch with zero tasks (2840.576541ms)
✔ validateMultiTaskResume rejects missing worktree per lane (3238.833125ms)
✔ validateMultiTaskResume allows force resume when wave merge is pending (5126.054334ms)
✔ validateResumeBatch delegates to multi validator for single-task batch (2115.586791ms)
✔ resolveDetachedWaitTimeoutMs uses long default for wait-terminal orphan resume (0.720708ms)
✔ prepareOrphanResumeHandoff clears stale workerPid before orphan resume (1950.081375ms)
✔ clearStaleLaneWorkerPids preserves live worker pid (1499.964541ms)
✔ dual-dead lane+engine orphan reconciles as engine_orphaned with attached resume (5854.972208ms)
✔ attached resume --force completes stuck task after plan review orphan stall (22256.553709ms)
✔ detached resume with wait-terminal uses extended timeout constant (4.919042ms)
✔ taskTerminalSuccessInBatch requires succeeded status and journal task.completed (0.526208ms)
✔ resume --force after partial retry does not review.start succeeded task IDs (26999.153875ms)
✔ resume-validation leaf does not import reconcile.mjs (1.078917ms)
✔ isTaskResumable accepts pending, running, and resumable segments (0.405917ms)
✔ computePendingTasks filters to resumable tasks only (0.130541ms)
✔ findResumableWave skips succeeded merged waves when later wave has pending tasks (0.204916ms)
✔ detectPostMergeLimboFromResumeSignals uses state mergeResults without journal (0.168167ms)
✔ detectPostMergeLimboFromResumeSignals detects journal-only limbo when mergeResults empty (0.087ms)
✔ detectPostMergeLimboFromResumeSignals rejects when gate already exists (0.063ms)
✔ classifyTasksForOrphanDetect maps running status to running classification (0.466167ms)
✔ pauseBatch sets phase paused and journals batch.paused (1883.169125ms)
✔ resumeBatch continues paused single-lane batch (17199.716459ms)
✔ paused spine batch reconciliation suggests spine batch resume (4906.197584ms)
✔ validateBatchState requires segments aligned with tasks (0.283583ms)
✔ retryTask clears stale failure metadata before re-run (2542.932875ms)
✔ retry then task.completed updates counters and reconcile diagnosis (6023.940333ms)
✔ retry-clears-failed-classification fixture reconciles after success state (4483.232167ms)
✔ retryTask atomically resets task and segment records (2368.371125ms)
✔ retryTask fixes segment drift (GAP-RETRY-01) (1322.593166ms)
✔ resumeBatch refuses segment drift without retry (2772.064375ms)
✔ skipTask marks task skipped and updates counters (2346.0225ms)
✔ retryTask rejects when batch is running (1300.276417ms)
✔ defaultSegmentId used in segment records (0.48975ms)
✔ detectOrphanedReviewStarted finds orphaned review.started with no matching review.completed (0.606667ms)
✔ detectOrphanedReviewStarted returns empty when review.completed exists (0.0925ms)
✔ detectOrphanedReviewStarted distinguishes code and final review types (0.083917ms)
✔ reconcileOrphanedReviewEvents synthesizes completion when APPROVE artifact on disk (255.970625ms)
✔ reconcileOrphanedReviewEvents does NOT synthesize when no artifact on disk (39.949084ms)
✔ reconcileOrphanedReviewEvents does NOT synthesize for REVISE verdict (116.470125ms)
✔ findCompletedCodeReview honors artifact at attempt > 0 (69.531584ms)
✔ normal review flow (no crash) still works correctly (0.421083ms)
✔ reconcileOrphanedReviewEvents handles final review with PASS verdict (202.476583ms)
✔ buildReviewerSystemPrompt includes project standards when rules manifest exists (24.079291ms)
✔ buildReviewerSystemPrompt emits reviewer.rules_selected journal event (259.357625ms)
✔ buildReviewRequest user prompt does not include injected standards block (0.388417ms)
✔ runStepReview stub path does not emit reviewer.rules_selected (114.990541ms)
✔ isNoiseReviewScopePath matches runtime artifact paths (0.666833ms)
✔ filterReviewScopeNoise dedupes and drops noise (0.5575ms)
✔ resolvePlanReviewScopePaths returns PROMPT File Scope minus noise (3.00925ms)
✔ resolveReviewScopePaths plan uses task PROMPT file scope (11.983ms)
✔ resolveReviewScopePaths final returns empty scope (0.12425ms)
✔ resolveCodeReviewScopePaths uses baseline..HEAD when baseline provided (3078.318875ms)
✔ resolveCodeReviewScopePaths falls back to git diff --name-only without baseline (2830.773541ms)
✔ resolveReviewScopePaths code honors injectable git runner (0.626917ms)
✔ resolveCodeReviewScopePaths returns empty array when git fails (0.274875ms)
✔ parseReviewLevel reads PROMPT heading (0.681ms)
✔ isReviewTypeRequired follows Taskplane rubric (0.084ms)
✔ formatReviewTimestamp strips separators from ISO time (21.795042ms)
✔ buildReviewArtifactPath uses step-timestamp pattern (0.215375ms)
✔ buildFinalReviewArtifactPath uses final-timestamp pattern (0.117416ms)
✔ normalizeVerdict maps enums by review type (0.084625ms)
✔ normalizeFinalVerdict and normalizeCodeVerdict are type-specific aliases (0.06875ms)
✔ parseReviewVerdict reads JSON and markdown verdicts (0.503125ms)
✔ parseReviewVerdict accepts PASS REVISE REPLAN when reviewType is final (0.088875ms)
✔ parseReviewVerdict step mode rejects final-only verdict enums (0.151959ms)
✔ parseFinalReviewVerdict accepts PASS, REVISE, and REPLAN (0.13325ms)
✔ parseFinalReviewVerdict omits heading summary unlike parseReviewVerdict (0.09675ms)
✔ shouldRunCodeReview requires review level 2 or higher (0.067792ms)
✔ shouldRunFinalReview skips when review level is 0 (0.064375ms)
✔ DEFAULT_REVIEW_SPAWN_TIMEOUT_MS is 90 minutes (0.491667ms)
✔ honorReviewSpawnFailureWhenEligible honors final review when contract passed (28.427834ms)
✔ honorReviewSpawnFailureWhenEligible skips when contract failed (14.665625ms)
✔ honorReviewSpawnFailureWhenEligible honors code review with .DONE (20.976916ms)
✔ buildReviewerPiArgs includes --model when config pins reviewer (26.776584ms)
✔ buildReviewerPiArgs omits --model when reviewer model is inherit (17.1005ms)
✔ buildReviewerPiArgs uses per-type model override for matching reviewType (36.019291ms)
✔ buildReviewerPiArgs falls back to top-level reviewer pin when per-type block missing (38.441083ms)
✔ buildReviewerPiArgs cascades per-type inherit to top-level reviewer pin (63.709375ms)
✔ spawnReviewerPi fails closed when pi unavailable via SPINE_REVIEW_TEST_NO_PI (131.595875ms)
✔ buildReviewerChildEnv strips SPINE_WORKER_RUNNER from reviewer child env (0.478667ms)
✔ shouldBlockNestedReviewerSpawn false when only worker runner leaked on engine (0.107834ms)
✔ spawnReviewerPi allows engine spawn when worker runner leaked without journal attach (67.105042ms)
✔ shouldBlockNestedReviewerSpawn true inside live worker child session (0.238708ms)
✔ parseReviewLevel reads PROMPT heading (0.675291ms)
✔ isReviewTypeRequired follows Taskplane rubric (0.090834ms)
✔ buildReviewArtifactPath uses step-timestamp pattern (8.799083ms)
✔ buildFinalReviewArtifactPath uses final-timestamp pattern (0.143083ms)
✔ parseReviewVerdict reads JSON and markdown verdicts (0.518042ms)
✔ parseReviewVerdict accepts PASS REVISE REPLAN when reviewType is final (0.148041ms)
✔ parseReviewVerdict step mode rejects final-only verdict enums (0.091209ms)
✔ parseReviewVerdict accepts PASS REVISE REPLAN for final review type (0.0675ms)
✔ resolveBatchJournalContext ignores SPINE_BATCH_ID without SPINE_JOURNAL_ATTACH (0.167333ms)
✔ isJournalAttachBlocked honors SPINE_SUPPRESS_JOURNAL_ATTACH (0.121083ms)
✔ resolveBatchJournalContext blocked when attach suppressed (0.097875ms)
✔ runStepReview ignores SPINE_REVIEW_STUB_FAIL without stub mode (129.255958ms)
✔ runStepReview stub APPROVE writes artifact and journal events (326.118ms)
✔ runStepReview stub REVISE returns exitCode 2 (109.61775ms)
✔ runStepReview fail-closed on stub spawn failure (211.486292ms)
✔ runStepReview skips when review level does not require type (175.398625ms)
✔ runStepReview final stub PASS writes final artifact path (140.241916ms)
✔ runStepReview final spawn failure exits non-zero at review level >= 1 (42.056625ms)
✔ runSpineReviewStep CLI --type final emits JSON verdict (113.595833ms)
✔ runSpineReviewStep CLI emits JSON verdict (91.851834ms)
✔ assertReviewToolAvailable fails closed without pi at review level > 0 (100.586666ms)
✔ runWorker fails closed when review tool unavailable at level > 0 (424.178333ms)
✔ stub worker stops when enforced review spawn fails (372.5545ms)
✔ DEFAULT_REVIEW_SPAWN_TIMEOUT_MS remains 90 minutes (backstop unchanged) (0.453083ms)
✔ runStepReview honors on-disk APPROVE while pi hangs — seconds not stall timeout (695.764334ms)
✔ resolveReviewerModelPin returns per-type override when set (0.598292ms)
✔ resolveReviewerModelPin falls back to top-level when per-type block missing (0.14825ms)
✔ resolveReviewerModelPin cascades per-type inherit to top-level pin (0.084083ms)
✔ resolveReviewerModelPin returns null for top-level inherit (0.0735ms)
✔ resolveReviewerModelPin returns null when reviewer block absent (0.077666ms)
✔ resolveReviewerThinkingPin returns per-type override when set (0.098083ms)
✔ resolveReviewerThinkingPin falls back to top-level when per-type block missing (0.0665ms)
✔ resolveReviewerThinkingPin cascades per-type inherit to top-level pin (0.064375ms)
✔ resolveReviewerThinkingPin returns null for off at any level (0.106208ms)
✔ resolveReviewerThinkingPin returns null when reviewer block absent (0.115ms)
✔ resolveRulesManifestGeneratedAtMerge keeps newest generatedAt (0.874459ms)
✔ resolveRulesManifestGeneratedAtMerge fails when rules differ (0.151125ms)
✔ fingerprintRulesManifest ignores generatedAt (0.083ms)
✔ mergeLaneToOrch clears generatedAt-only dirty rules-manifest before merge (8538.951583ms)
✔ mergeLaneToOrch auto-resolves generatedAt-only rules-manifest conflict (7633.512417ms)
✔ mergeLaneToOrch fails loud when rules[] differ (6511.427875ms)
✔ mergeLaneToOrch does not auto-resolve when other paths conflict (6378.250709ms)
✔ tryAutoResolveRulesManifestMergeConflict resolves in-progress merge (3638.9385ms)
✔ appendTaskMetric writes TaskMetricRecord JSONL line (129.925375ms)
✔ buildTaskMetricRecord includes laneNumber and durationMs when available (14.994792ms)
✔ buildTaskMetricRecord omits laneNumber when not a positive lane (0.181583ms)
✔ metrics.enabled false skips append without error (34.757541ms)
✔ resolveTaskMetricOutcome maps skipped_done_on_disk to skipped (0.206708ms)
✔ appendTaskMetric redacts secret-like fields and omits prompt text (41.470042ms)
✔ skipTaskDoneOnDisk records skipped task metric (62.818542ms)
✔ appendBatchMetric writes BatchMetricRecord JSONL line (56.669916ms)
✔ recordBatchTerminalMetric skips when metrics disabled (16.699458ms)
✔ dismissBatch appends batch metric line (2586.832541ms)
✔ spine metrics show filters by batch and formats table output (173.891291ms)
✔ spine metrics show CLI filters by batch id (567.71225ms)
✔ resolveSalvageConfig defaults autoCommitOnStall to false (0.532917ms)
✔ validateSpineConfig rejects non-boolean autoCommitOnStall (0.615709ms)
✔ recordTaskFailureSalvage with autoCommitOnStall commits scoped paths on lane branch (3249.507083ms)
✔ recordTaskFailureSalvage without autoCommitOnStall does not commit (1955.963125ms)
✔ salvage commit refuses merge_in_progress and index_conflicts (3996.800834ms)
✔ salvage commit refuses pre-commit hook failure (2732.326875ms)
✔ atomic retry retains salvage WIP commit on lane branch (2842.777542ms)
✔ inspectLaneSalvage scopes porcelain to file scope and task folder (1616.54475ms)
✔ recordTaskFailureSalvage journals inspection and writes evidence without committing (1986.290583ms)
✔ writeSalvageEvidence writes pretty JSON atomically without temp files (1147.984417ms)
✔ startBatch worker failure with dirty scoped file emits salvage and diagnose hint (18643.867917ms)
✔ parseSequenceArgs honors --auto-approve-gate and --force (0.537583ms)
✔ spine run sequence --auto-approve-gate dry-run succeeds under stub (2154.848167ms)
✔ spine run sequence --auto-approve-gate refused for real pi without --force (1587.318ms)
✔ spine run sequence --auto-approve-gate --force dry-run succeeds for real pi (2687.81525ms)
✔ validateSequenceAutoApproveGate allows stub mode without force (0.56525ms)
✔ validateSequenceAutoApproveGate blocks real pi without force (0.14625ms)
✔ validateSequenceAutoApproveGate allows real pi with force (0.069541ms)
✔ validateSequenceAutoApproveGate skips check when flag is false (0.067459ms)
✔ buildSequenceAutoApproveDoctorCheck warns for real pi (0.085625ms)
✔ buildSequenceAutoApproveDoctorCheck passes for stub mode (0.06775ms)
✔ runSequence refuses auto-approve on dry-run for real pi (1.826167ms)
✔ runSequence allows auto-approve dry-run with force on real pi (0.594708ms)
✔ readCurrentBatchLogTail returns null for missing file (0.663709ms)
✔ readCurrentBatchLogTail filters to last batch session header (15.153541ms)
✔ readCurrentBatchLogTail returns full content when no header exists (5.726625ms)
✔ readCurrentBatchLogTail respects lineCount limit (16.209125ms)
✔ waitForSequenceBatchTerminal returns settled when batch completes before timeout (4636.974667ms)
✔ waitForSequenceBatchTerminal does not exit while engine PID is alive (10694.874625ms)
✔ waitForSequenceBatchTerminal returns failure diagnosis even with alive engine (4990.20975ms)
✔ isMergeBlockedBatchOutcome detects mixed-outcome and merge_blocked phases (0.555166ms)
✔ evaluateWaveTaskDependencies filters runnable tasks by satisfied deps (0.589375ms)
✔ formatSequenceWaveSkipMessage names blocked dependencies per §17.4 (0.198584ms)
✔ resolveWaveAfterMergeBlocked continues wave 1 and skips wave 2 tasks (0.153208ms)
✔ planSequenceWaveTasks skips wave when no deps are satisfied (0.115708ms)
✔ 3-wave sequence continues wave 1 after wave 0 merge_blocked and skips wave 2 (42902.772ms)
✔ isPiSessionMetadataPath matches .pi session roots and children (0.969958ms)
✔ checkGitClean ignores untracked .pi/ session metadata (1264.480625ms)
✔ checkGitClean still fails when non-.pi paths are dirty (2355.37675ms)
✔ runSequence with only .pi/ dirty passes preflight (51444.022125ms)
✔ runSequence surfaces preflight failure on stderr-equivalent output (20054.715667ms)
✔ resolveResumeFromWave continues after last completed wave (0.502708ms)
✔ sequence persists fromWave, completedWaves, and lastBatchId after wave 0 (34220.76475ms)
✔ resume after interrupted wave 0 integrate completes remaining waves (58890.107125ms)
✔ sequence halts on wave failure with --stop-on-failure and preserves completed waves (15897.558584ms)
✔ resolveWaveTaskIds and resolveSequenceWaves honor planner waves (1.013583ms)
✔ diagnosis helpers classify settled, waiting, and failure states (0.119542ms)
✔ dry-run prints operator-equivalent land loop commands per wave (0.225083ms)
✔ 2-wave stub sequence completes with auto-approve land loop (68210.473458ms)
✔ buildSequencePlan resolves pending scope for dry-run integration (1862.698416ms)
✔ skipTask leaves phase paused when all tasks terminal without merge (7688.669541ms)
✔ skipTask clears failed segment drift for reconcile (7915.8205ms)
✔ resolveWorkerOutputConfig applies lane defaults and overrides (0.58075ms)
✔ captureWorkerOutputTail keeps last lines and marks byte truncation (0.282083ms)
✔ redactWorkerOutput applies built-in and config deny patterns (0.39525ms)
✔ runWorker stall_timeout captures stderr, persists log, journals stall_killed (5255.03875ms)
✔ collectEvidenceBundle references persisted worker output logs (186.907917ms)
✔ successful worker skips log unless retainWorkerOutputOnSuccess (5199.266166ms)
✔ SAT-020 replay: checkpoint_warning → stall_killed → salvage_inspection → task.failed (69542.051667ms)
✔ regression: stub worker still requires .DONE for batch success (15507.741625ms)
✔ recordTaskTransition writes batch-state then journal in order (1179.18375ms)
✔ saveSpineBatchState leaves prior JSON intact when atomic write fails (1069.569084ms)
✔ saveGateRecord leaves prior JSON intact when atomic write fails (2093.720417ms)
✔ validateBatchState accepts healthy schema v1 state (0.823541ms)
✔ validateBatchState rejects counter drift (0.147583ms)
✔ runSpineState validate passes on archived batch-state (119.294125ms)
✔ runSpineState validate fails loud on corrupt active state (55.961417ms)
✔ computeStatusProgress derives wave and task counts from batch raw (0.932875ms)
✔ computeStatusProgress returns null without batch raw (0.099542ms)
✔ formatStatusJson includes documented progress field names (0.150875ms)
✔ spine status --json includes task and wave progress for active batch (4191.631125ms)
✔ spine status --json omits progress counts when no batch is active (1817.266333ms)
✔ reconcileBatch exposes progress fields for spine watch consumers (4147.997417ms)
✔ classifyTaskDoneSemantics distinguishes lane vs main .DONE (issue #35) (1205.278875ms)
✔ spine status --diagnose --json exposes explicit done flags mid-batch (3026.279416ms)
✔ verifyStubFileScopeMustChange fails when contract paths are unchanged (1911.268625ms)
✔ verifyStubFileScopeMustChange passes when contract path changed (2883.228875ms)
✔ verifyStubFileScopeMustChange passes for comma-in-single-backtick fileScopeMustChange (SP-396) (3126.984958ms)
✔ commitLaneWorktree rejects stub completion without fileScopeMustChange diffs (2113.436916ms)
✔ commitLaneWorktree allows stub completion when fileScopeMustChange is satisfied (3106.240375ms)
✔ stub contract helpers detect release-critical contracts and legacy markers (0.378541ms)
✔ shouldEnforceStubContractAtLaneCommit uses env or legacy .DONE marker (1045.862875ms)
✔ stub cannot succeed merge/version task without file-scope changes (4035.437458ms)
✔ checkStubReleaseCritical warns when stub mode has pending fileScopeMustChange tasks (2055.904459ms)
✔ diagnosis surfaces exitReason stub for M/L legacy stub .DONE markers (0.980083ms)
✔ reconcileBatch surfaces exitReason stub for succeeded M/L tasks with legacy stub .DONE (4451.794917ms)
✔ applyStubDeliveryStatusBlock updates existing header lines (0.730459ms)
✔ applyStubDeliveryStatusBlock appends block when header lines are missing (0.121584ms)
✔ writeStubDeliveryStatusIfNeeded updates STATUS for delivery-only contracts (4.984417ms)
✔ writeStubDeliveryStatusIfNeeded skips implementation scopes (4.995625ms)
✔ stub worker auto-writes STATUS for delivery-only fileScopeMustChange (221.329ms)
✔ stub worker does not auto-write STATUS for implementation fileScopeMustChange (212.060792ms)
✔ stub worker STATUS delivery satisfies verifyStubFileScopeMustChange (2916.390208ms)
✔ isSupervisorSpawnEnabled defaults to false (0.581875ms)
✔ resolveSupervisorPollIntervalMs uses default and honors config (0.099917ms)
✔ resolveSupervisorModel returns inherit by default (0.0815ms)
✔ shouldEmitSupervisorNudge covers actionable diagnoses (0.091ms)
✔ buildSupervisorObservationPayload shapes reconcile fields (0.120458ms)
✔ buildSupervisorNudgePayload includes headline and suggestedCommand (0.404583ms)
✔ isSupervisorMonitorTerminal detects terminal phases and diagnoses (2.690667ms)
✔ spawnDetachedSupervisor does not spawn when disabled (1820.125084ms)
✔ enabled:true journals supervisor.started and supervisor.stopped on terminal (4586.992791ms)
✔ enabled:false produces no supervisor journal events via maybeSpawnSupervisorOnDetachedStart (1075.162875ms)
✔ killSupervisor journals supervisor.stopped and clears state (955.955291ms)
✔ spawnDetachedSupervisor spawns monitor child when enabled (1105.363041ms)
✔ parseTaskSizeFromMarkdown reads Size line (1.36875ms)
✔ resolveTaskStallMinutes uses max of config and size floor (0.115208ms)
✔ resolveStallConfigForTask applies minutes to stallTimeoutMs (0.130875ms)
✔ journalTaskAwaitingFirstHeartbeat: true after task.started before lane.heartbeat (0.551292ms)
✔ journalTaskAwaitingFirstHeartbeat: false after matching lane.heartbeat (0.08475ms)
✔ detectOrphanRunning suppresses lane orphan during first-heartbeat debounce when engine alive (0.361ms)
✔ detectOrphanRunning still reports lane orphan before heartbeat when engine is dead (0.2625ms)
✔ detectOrphanRunning still reports lane orphan after first heartbeat (0.149833ms)
✔ reconcileBatch: transient dead workerPid mid-start diagnoses running not worker_orphaned (4400.675625ms)
✔ reconcileOrphanRunningState does not fail running task during debounce window (1024.946375ms)
✔ post-heartbeat dead pid still worker_orphaned with retry (3281.740041ms)
✔ hasPendingWaveMerge is true when an intermediate wave lacks mergeResults (0.624709ms)
✔ hasPendingWaveMerge is false when every terminal wave is recorded (0.451667ms)
✔ recordWaveMergeResult records forceMerged flag and updates existing wave row (0.128625ms)
✔ resolveWorkerBackend defaults to subprocess (0.630958ms)
✔ resolveWorkerBackend honors agentSession flag (0.077625ms)
✔ validateWorkerBackendConfig rejects invalid values (0.106417ms)
✔ validateSpineConfig accepts optional workerBackend (0.269417ms)
✔ settings registry validates workerBackend enum case-sensitively (0.141167ms)
✔ buildAgentSessionWorkerPrompt includes PROMPT reference and review hint (7.270625ms)
✔ createStubAgentSession writes .DONE (76.076541ms)
✔ startAgentSessionWorker completes with injected mock session (1906.342917ms)
✔ runWorker uses agentSession backend with mock factory (5274.425666ms)
✔ runWorker keeps subprocess default when workerBackend unset (5141.625ms)
✔ WORKER_BACKENDS lists supported values (0.624459ms)
✔ buildWorkerBackendDoctorCheck reports subprocess as production default (0.142083ms)
✔ buildWorkerBackendDoctorCheck warns or fails on opt-in agentSession (0.281ms)
✔ buildWorkerBackendDoctorCheck falls back to subprocess for invalid config (0.042083ms)
✔ DIAGNOSIS_TAXONOMY includes worker_done_missing distinct from worker_orphaned and needs_retry (0.548542ms)
✔ outputIndicatesWorkerDoneMissing matches runner stderr message (0.115291ms)
✔ inferWorkerDoneMissingFailure reads task.failed payload from journal (0.192584ms)
✔ buildHeadline and buildSuggestedCommand for worker_done_missing cite worker log (0.326875ms)
✔ reconcileBatch diagnoses worker_done_missing for issue #18 journal pattern (4459.15725ms)
✔ buildDiagnosisOutput bundles worker_done_missing headline and retry command (0.959333ms)
✔ resolvePiSpineRoot defaults to pi-spine package root (0.679292ms)
✔ resolvePiSpineRoot honors development.piSpineRoot override (38.261583ms)
✔ buildWorkerChildEnv sets PI_SPINE_ROOT for worker spawn (4.013917ms)
✔ validateWorkerLaunchScriptPath requires scripts/ prefix (48.84675ms)
✔ validateWorkerLaunchScriptPath rejects traversal (21.585834ms)
✔ validateWorkerLaunchScriptPath rejects symlink escape (47.750917ms)
✔ resolveSafeWorkerLaunchScript returns default when present (22.248459ms)
✔ validateSpineConfig rejects unsafe development.workerLaunchScript (0.580333ms)
✔ DEFAULT_WORKER_LAUNCH_SCRIPT matches conventional path (0.078167ms)
✔ runWorker classifies launch script fast-fail as launch_failed (5148.192292ms)
✔ appendWorkerAgentModelArgs adds --model when configured and not inherit (0.92775ms)
✔ appendWorkerAgentModelArgs omits --model for inherit and empty (0.147792ms)
✔ appendWorkerAgentModelArgs adds --thinking when set and not off (0.073083ms)
✔ buildWorkerPiArgs includes --model cursor/auto from spine-config (18.677792ms)
✔ buildWorkerPiArgs omits --model when agents.worker.model is inherit (90.49275ms)
✔ parseWorkerDoneMarker accepts legacy empty and text markers (1.806667ms)
✔ parseWorkerDoneMarker accepts structured JSON markers (0.131ms)
✔ parseWorkerDoneMarker rejects partial JSON markers (0.08775ms)
✔ isWorkerDoneMarkerValid mirrors parseWorkerDoneMarker (0.080959ms)
✔ writeWorkerDoneMarker writes atomic structured JSON (27.111416ms)
✔ readWorkerDoneMarker reports absent marker (5.336667ms)
✔ persistWorkerOutputLog writes atomically without temp leftovers (49.366584ms)
✔ resolveWorkerPiTimeoutMs uses per-size stall floor (0.596333ms)
✔ resolveWorkerPiTimeoutMs honors SPINE_WORKER_PI_TIMEOUT_MS override (0.097541ms)
✔ buildWorkerChildEnv sets SPINE_WORKER_PI_TIMEOUT_MS from stall budget (0.4325ms)
✔ buildPiWorkerTimeoutDoctorCheck reports stall-aligned timeout for M floor (0.176709ms)
✔ runWorker terminates hung child after .DONE and returns ok: true (10328.880083ms)
✔ runWorker pre-.DONE stall_timeout still works (5371.538541ms)
✔ buildWorkerTailPrompt includes critical-rules for JS-scoped task (40.198709ms)
✔ buildWorkerContextAsync appends config.standards end-to-end (2.140125ms)
✔ buildWorkerContextAsync emits worker.rules_selected journal event (101.631959ms)
✔ buildWorkerContextAsync falls back to static context without .cursor/rules (7.469042ms)
✔ buildReviewLevelHint delegates code and final review to engine (0.715833ms)
✔ buildCommitBoundaryHint uses SP-064 feat(taskId) convention (0.108ms)
✔ buildDoneCheckpointHint references done path and uncommitted failure (0.163042ms)
✔ buildWorkerTailPrompt includes tools hint and task id from folder (0.539916ms)
✔ buildWorkerTailPrompt appends worker agent and PROMPT when present (23.455959ms)
✔ shouldSlideStallAnchorOnHeartbeat only slides worker_alive in pi phase (0.541125ms)
✔ computeStallDeadline slides silent stall window when lastAliveAt advances (0.179667ms)
✔ nextStallAnchorAt advances only on pi worker_alive (0.084625ms)
✔ runWorker worker_alive heartbeats extend stall deadline past initial window (15445.161959ms)
✔ runWorker silent stall still fails without heartbeats (5301.971833ms)
✔ SP-190 wedge fixture describes hung-child-after-.DONE incident (13.663ms)
✔ SP-190 wedge class: engine completes within post-done grace (SP-193) (10342.260125ms)
✔ completeBatch removes lane worktrees and journals batch.worktrees_cleaned (4036.085125ms)
✔ dismissBatch removes lane worktrees and journals batch.worktrees_cleaned (3913.929834ms)
✔ completeBatch keeps worktree when cleanupWorktreesOnComplete is false (5627.332708ms)
✔ provisionLaneWorktree normalizes git metadata to relative posix paths (1613.125959ms)
✔ repairLaneWorktreeGitMetadata fixes broken absolute gitdir pointers (1663.982458ms)
✔ normalizeLaneWorktreeGitPaths is idempotent (937.200792ms)
✔ validateMultiTaskResume repairs unhealthy lane worktree git metadata (1920.746ms)
✔ validateWorktreeSetupHookPath accepts ./scripts/ prefix when file exists (12.7945ms)
✔ validateWorktreeSetupHookPath rejects ./scripts/../ traversal (3.009083ms)
✔ validateSpineConfig rejects unsafe worktreeSetupHook (0.561583ms)
✔ checkWorktreeSetupHook fails preflight for unsafe hook path (2.768958ms)
✔ runWorktreeSetupHook succeeds with JSON stdout (260.472125ms)
✔ runWorktreeSetupHook throws when hook returns ok false (325.800292ms)
✔ runWorktreeSetupHook throws on malformed JSON stdout (327.91325ms)
✔ runWorktreeSetupHook is no-op when hook not configured (9.68575ms)
✔ batch help helpers detect help invocations (0.55175ms)
✔ printBatchHelp returns usage text (0.127167ms)
✔ runSpineBatch exits 0 for help without starting a batch (1265.172459ms)
✔ spine batch start --help does not create batch state (1038.193583ms)
✔ isCliEntrypoint returns true when argv[1] is a symlink to the module (9.832875ms)
✔ isCliEntrypoint returns false for an unrelated script path (0.167291ms)
✔ isCliEntrypoint returns false when argv[1] is missing (0.13125ms)
✔ spine help via symlink produces stdout and exit 0 (351.999ms)
✔ spine version via symlink produces stdout and exit 0 (1607.1275ms)
✔ HANDOFF_DEFAULTS autoWriteOn includes session_start (0.9085ms)
✔ /spine auto-writes handoff on session_start when batch needs attention (6513.2705ms)
✔ /spine skips auto-write when autoWriteOn excludes session_start (4672.61225ms)
✔ /spine skips auto-write for idle diagnosis even with session_start enabled (16541.221667ms)
✔ /spine merges default autoWriteOn when config omits handoff.autoWriteOn (6678.209416ms)
✔ formatIssueDraftMarkdown renders all issue checklist sections (0.917959ms)
✔ formatIssueDraftMarkdown applies redaction to section content (0.123667ms)
✔ buildIssueDraftBody returns title, body, and labels for idle repo (13957.103417ms)
✔ buildIssueDraftBody includes batch context and journal tail (28730.918291ms)
✔ buildIssueDraftBody maps issueType to GitHub labels (30861.129542ms)
✔ buildIssueDraftBody rejects invalid issueType (463.745542ms)
✔ buildIssueDraftBody redacts sk- token patterns in title and body (6022.016792ms)
✔ parseJournalFollowArgs reads batch, lane, and json flags (1.0055ms)
✔ resolveFollowBatchId uses reconcile then batch-state (2250.011083ms)
✔ formatJournalFollowLine uses summarizeJournalEvent (2.993959ms)
✔ formatJournalFollowOutputLine filters by lane and supports json passthrough (0.233334ms)
✔ readJournalFollowSnapshot prints header once in human mode (45.075625ms)
✔ runJournalFollow exits non-zero when journal missing (13.175417ms)
✔ runJournalFollow exits non-zero when no batch can be resolved (9.39375ms)
✔ runJournalFollow prints existing events without following (77.30425ms)
✔ runJournalFollow defaults batch from batch-state (2363.646833ms)
✔ spine journal follow exits non-zero when journal missing (240.305ms)
✔ parseLaneNumber accepts positive integers (0.585875ms)
✔ parseLaneLogsArgs reads lane, task, batch, and follow flags (0.514916ms)
✔ extractTaskIdFromLogFilename parses worker log names (0.083042ms)
✔ resolveLaneLogPath prefers live log when present (212.451125ms)
✔ resolveLaneLogPath falls back to worker-output log (52.368375ms)
✔ findMostRecentLogTaskId picks newest log in lane directory (41.181958ms)
✔ resolveLaneLogTaskId uses explicit task id (12.836208ms)
✔ resolveLaneLogTaskId infers running task from batch state (23.292958ms)
✔ runLaneLogs exits non-zero when lane is missing (4.674208ms)
✔ runLaneLogs exits non-zero when no batch can be resolved (6.623083ms)
✔ runLaneLogs prints existing log without following (1942.50825ms)
✔ runLaneLogs prefers live log content (2497.301042ms)
✔ spine lane logs exits non-zero when log file missing (3285.425625ms)
✔ isExitVerificationTask detects exit verification headings (0.717834ms)
✔ shouldRunContractVerifyForWorker skips stub for normal tasks (0.950167ms)
✔ shouldRunContractVerifyForWorker runs stub contract for exit tasks (3.61325ms)
✔ runPhase23ExitVerify --skip-test passes structural checks in repo (36.975916ms)
✔ spine verify phase23-exit CLI is wired (19.50775ms)
✔ runScenariosList prints empty registry message (1.928792ms)
✔ runScenariosList returns sorted scenarios as JSON (13.20875ms)
✔ runScenariosShow returns scenario details (3.395875ms)
✔ runScenariosShow rejects unknown scenario (3.334541ms)
✔ loadScenarioFixture reads incident fixture from registry entry (2.508959ms)
✔ loadScenarioFixture rejects recipe kind (0.443791ms)
✔ materializeFixtureToProject writes batch-state and journal tail (858.402667ms)
✔ assertMaterializeAllowed blocks when batch-state exists (1142.362958ms)
✔ runScenariosMaterialize blocks active batch without --force (1386.881ms)
✔ runScenariosMaterialize writes fixture with --force (1946.971167ms)
✔ runScenariosMaterialize rejects recipe scenarios (13.038ms)
✔ spine scenarios CLI routes list and materialize (1667.938958ms)
✔ parseSequenceArgs defaults scope to pending and stopOnFailure to true (0.588416ms)
✔ parseSequenceArgs honors wave and attached flags (0.095292ms)
✔ formatSequenceResult emits JSON when requested (0.472375ms)
✔ spine run sequence pending --dry-run prints per-wave land loop commands (1975.606292ms)
✔ spine run sequence pending --dry-run --json returns structured payload (2340.493ms)
✔ spine run sequence pending --from-wave 1 limits dry-run to later waves (1740.00575ms)
✔ runSpineSequence rejects invalid through-wave with non-zero exit (1556.333458ms)
✔ spine run pending still aliases batch start (1637.767625ms)
✔ buildSuggestedCommand for state_drift uses retry with task id (0.578375ms)
✔ buildSuggestedCommand for state_drift while running suggests pause then retry (0.072584ms)
✔ buildSuggestedCommand for state_drift without task id falls back to diagnose (0.061792ms)
✔ assembleHandoffData returns idle shape when no active batch (1757.736667ms)
✔ assembleHandoffData includes reconciliation fields for active batch (3353.526125ms)
✔ assembleHandoffData redacts secret-like payload fields in journal tail (4126.021541ms)
✔ paused batch handoff lists pending tasks and spine batch resume (3684.273458ms)
✔ renderHandoffMarkdown matches golden snapshot structure (3300.8885ms)
✔ redactHandoffText removes KEY TOKEN and SECRET value patterns (0.214958ms)
✔ recordHandoffWritten appends handoff.written journal event (1929.212417ms)
✔ handleNext appends handoff path hint when handoff file exists (4139.690583ms)
✔ runSpineHandoff --json writes handoff file and returns structured output (3808.444417ms)
✔ runInit copies rules profile, discovers manifest, standards default [] (47.154625ms)
✔ runInit dry-run plans rules files without writing (5.605791ms)
✔ rules-manifest.json is not listed in .gitignore (0.580834ms)
✔ parseIssueDraftArgs applies defaults and flags (0.590958ms)
✔ buildIssueDraftBody works in idle repo without batch context (13464.718417ms)
✔ runSpineIssueDraft writes draft file and prints human output by default (12991.3325ms)
✔ runSpineIssueDraft --json returns structured payload without writing file (13547.727834ms)
✔ runSpineIssueDraft --create fails clearly when gh is missing (1883.620334ms)
✔ runSpineIssue rejects unknown subcommands (1735.804416ms)
✔ spine issue draft routes through spine.mjs help and dispatch (12175.211667ms)
✔ buildIssueDraftBody redacts secret-like values (7711.520708ms)
✔ get-version helpers use spawnSync without shell (64.924334ms)
✔ spine help and version route through thin CLI entry (2396.908042ms)
✔ spine rejects unknown commands (416.264ms)
✔ router dispatches plan, status, batch, gate, and integrate (2645.571541ms)
✔ spine rules --help lists subcommands (300.171916ms)
✔ runSpineRules discover writes manifest in initialized project (888.962875ms)
✔ runSpineRules select rejects invalid PROMPT before manifest check (1090.520375ms)
✔ runSpineRules select uses validated file scope (1170.830666ms)
✔ runSpineRules select requires manifest (1369.01075ms)
✔ spine rules sync via CLI exits zero in pi-spine repo (227.180834ms)
✔ parseRulesArgv defaults role to worker (0.108583ms)
✔ parseRulesArgv requires review-type for reviewer role (0.452708ms)
✔ runSpineRules select worker default unchanged (669.164ms)
✔ runSpineRules select reviewer plan uses PROMPT file scope (970.237834ms)
✔ runSpineRules select reviewer final returns empty scope (1057.491416ms)
✔ runSpineRules select reviewer code honors baseline (1846.182792ms)
✔ parseUntilDiagnoses accepts land-loop pseudo diagnoses (0.912208ms)
✔ parseUntilDiagnoses still rejects unknown diagnoses (0.251166ms)
✔ deriveWaitPseudoDiagnoses detects gate_open from integrate gate approve suggestion (0.098583ms)
✔ deriveWaitPseudoDiagnoses detects post_merge_limbo before gate opens (0.087875ms)
✔ reconciliationMatchesUntil matches gate_open pseudo diagnosis (0.10075ms)
✔ reconciliationMatchesUntil matches taxonomy diagnosis unchanged (0.052792ms)
✔ sanitizeRetrySuggestedCommand replaces bare retry --force with task id (0.079875ms)
✔ sanitizeRetrySuggestedCommand falls back to diagnose without task id (0.079459ms)
✔ buildSuggestedCommand for state_drift never suggests bare retry --force (0.207667ms)
✔ buildSuggestedCommand sanitizes stale salvage retry --force payloads (0.150667ms)
✔ spine status prints macro phase for idle repo (1551.373ms)
✔ spine status prints macro phase for active batch (3687.785375ms)
✔ spine status --diagnose verbose signals include macroPhase (3675.30275ms)
✔ spine status --json includes macroPhase fields (4414.130792ms)
✔ parseDurationMs accepts plain seconds and suffix forms (1.558583ms)
✔ parseDurationMs rejects invalid values (0.279166ms)
✔ parseUntilDiagnoses parses comma-separated diagnoses (0.493958ms)
✔ parseUntilDiagnoses rejects unknown diagnoses (0.1055ms)
✔ parseUntilDiagnoses accepts gate_open pseudo diagnosis (0.069875ms)
✔ parseWaitArgs requires --until and applies defaults (0.111291ms)
✔ parseWaitArgs accepts timeout interval and json (0.100625ms)
✔ parseWaitArgs rejects unknown flags (0.067334ms)
✔ diagnosisMatchesUntil matches only non-null diagnoses in set (0.07025ms)
✔ runSpineWait exits 0 when gate_open pseudo diagnosis matches (0.266458ms)
✔ reconciliationMatchesUntil matches gate_open without taxonomy diagnosis (0.066459ms)
✔ runSpineWait exits 0 when diagnosis matches (0.199792ms)
✔ runSpineWait exits 1 on timeout and emits final json snapshot (0.146042ms)
✔ runSpineWait polls until diagnosis changes (0.133166ms)
✔ spine wait --json exits 0 when diagnosis matches fixture (4240.227584ms)
✔ spine wait times out with exit 1 (3738.1915ms)
✔ spine wait rejects missing --until (161.028625ms)
✔ spine help lists wait command (189.988166ms)
✔ parseWatchArgs defaults (0.670833ms)
✔ parseWatchArgs accepts interval json and once (0.086083ms)
✔ parseWatchArgs rejects invalid interval (0.251041ms)
✔ parseWatchArgs rejects unknown flags (0.073333ms)
✔ formatWatchHumanLine renders compact reconcile summary (0.119291ms)
✔ formatWatchHumanLine uses idle placeholders when batch absent (0.115541ms)
✔ buildWatchSnapshot includes core fields and progress block when present (0.515167ms)
✔ buildWatchSnapshot prefers explicit progress object (0.113875ms)
✔ runSpineWatch --once human mode prints one line (0.229375ms)
✔ runSpineWatch --once json mode prints NDJSON snapshot (0.201167ms)
✔ runSpineWatch polls until once breaks loop without extra reconcile calls (0.120834ms)
✔ spine watch --once integrates with reconcileBatch in idle repo (1092.036958ms)
✔ spine watch --json --once emits reconcile snapshot for active batch (4138.484041ms)
✔ spine watch rejects invalid interval (287.654292ms)
✔ spine help lists watch command (247.692417ms)
✔ DIAGNOSIS_TAXONOMY includes needs_replan (0.505625ms)
✔ needs_replan diagnosis messaging matches handoff §9.1 shape (1.058209ms)
✔ buildDiagnosisOutput bundles needs_replan operator fields (0.227334ms)
✔ deriveDiagnosis prefers needs_replan over needs_retry for replan failures (0.330625ms)
✔ needs_replan blocks needs_merge diagnosis when replan task remains (0.09275ms)
✔ reconcileBatch surfaces needs_replan with edit-PROMPT suggestion (3320.202708ms)
✔ I-01 progress signals extend stall deadline past hard timeout (0.670459ms)
✔ I-02 spine batch retry resets task and segment with pendingSegments > 0 (877.325917ms)
✔ I-03 spine state validate rejects corrupt batch-state (18.496125ms)
✔ I-04 spine batch abort archives batch-state before clearing active file (1128.132791ms)
✔ I-05 wave merge blocked on failed/pending tasks; force-merge override exists (929.033625ms)
✔ I-06 retry refused while batch phase is executing or merging (1056.724541ms)
✔ I-07 stall logic uses STATUS, lane commit, and file-scope mtime signals (675.052917ms)
✔ I-08 post-mortem does not claim success when failures exist (3088.90275ms)
✔ I-09 CONTEXT documents serial bootstrap and preflight execution policy (1.440875ms)
✔ I-10 runStepReview fail-closed when review tool unavailable at level > 0 (15.847625ms)
✔ CONFIG_V2_SECTION_DEFAULTS match handoff §6.2 (0.900416ms)
✔ applyConfigDefaults merges missing v2 sections without overwriting existing keys (0.239125ms)
✔ loadSpineConfig merges defaults for legacy config missing v2 keys (14.138792ms)
✔ init scaffold includes v2 config sections from template (5.211875ms)
✔ CONTRACT_DEFAULTS match handoff §3.1 (0.9385ms)
✔ applyConfigDefaults merges contract section (0.23425ms)
✔ validateContractConfig rejects invalid mode (0.151584ms)
✔ validateContractConfig rejects non-array legacyTaskIdPrefixes (0.062125ms)
✔ validateSpineConfig accepts valid contract block (0.231375ms)
✔ validateSpineConfig rejects invalid contract.mode via validateSpineConfig (0.066584ms)
✔ discoverCursorRules returns empty manifest when rules root is missing (12.050542ms)
✔ discoverCursorRules excludes brutal-audit rules via profile patterns (95.604083ms)
✔ discoverCursorRules records parse warn entries in manifest rules (32.278708ms)
✔ discoverCursorRules manifest round-trip via atomic write (86.815375ms)
✔ classifyCursorRuleSpineClass prefers always over globs (0.224292ms)
✔ getCursorRuleExclusionReason matches excludeRelPaths exactly (0.182417ms)
✔ expandFileScopeProbes returns empty for empty scope (1.026375ms)
✔ expandFileScopeProbes adds synthetic probes for dir/* and dir/** (0.195917ms)
✔ expandFileScopeProbes keeps literal file paths (0.686375ms)
✔ expandFileScopeProbes expands in-path wildcards (0.078667ms)
✔ ruleGlobsMatchFileScope is false for empty file scope (0.107042ms)
✔ ruleGlobsMatchFileScope matches **/* when file scope is non-empty (0.093916ms)
✔ ruleGlobsMatchFileScope matches JS globs against mjs scope (0.571708ms)
✔ ruleGlobsMatchFileScope matches scope glob entries against rule globs (0.872416ms)
✔ parseCursorRuleFrontmatter returns skip when frontmatter missing (1.502042ms)
✔ parseCursorRuleFrontmatter parses array globs fixture (1.772834ms)
✔ parseCursorRuleFrontmatter splits comma-separated globs (1.502334ms)
✔ parseCursorRuleFrontmatter treats empty globs array as no patterns (0.946ms)
✔ parseCursorRuleFrontmatter defaults missing globs key to empty array (0.837291ms)
✔ parseCursorRuleFrontmatter coerces alwaysApply booleans (0.622166ms)
✔ parseCursorRuleFrontmatter matches repo comma-separated task authoring layout (0.245458ms)
✔ parseCursorRuleFrontmatter matches general-llm alwaysApply true layout (0.119625ms)
✔ parseCursorRuleFrontmatter matches audit-workflow empty globs layout (0.107959ms)
✔ parseCursorRuleFrontmatter warns on invalid alwaysApply and bad globs (0.222042ms)
✔ DEFAULT_RULES_PROFILE seeds worker include and discovery excludes (0.641625ms)
✔ loadRulesProfile returns built-in defaults when file missing (7.270334ms)
✔ mergeRulesProfile applies neverInclude over alwaysInclude (0.220959ms)
✔ mergeRulesProfile applies reviewer defaults when file omits reviewer (0.081ms)
✔ mergeRulesProfile applies reviewer neverInclude over alwaysInclude (0.185917ms)
✔ loadRulesProfile rejects invalid JSON with RULES_PROFILE_INVALID (20.077042ms)
✔ validateRulesProfile rejects unsupported profileVersion (0.300125ms)
✔ loadRulesProfile merges partial file overrides (99.589541ms)
✔ validateRulesProfile rejects schema and path traversal errors (0.4615ms)
✔ loadRulesProfile rejects validated file errors (29.956667ms)
✔ selectRulesForReviewer returns empty when reviewer.enabled is false (7.253459ms)
✔ selectRulesForReviewer never selects taskplane-worker-cursor.mdc (0.350666ms)
✔ selectRulesForReviewer selects glob rules when scopePaths match (0.638791ms)
✔ selectRulesForReviewer appends standards without duplicates (0.225834ms)
✔ selectRulesForReviewer respects neverLoad (0.12525ms)
✔ selectRulesForReviewer uses profile.reviewer.maxRules cap (26.76875ms)
✔ context path helpers round-trip under .cursor/rules (0.601083ms)
✔ selectRulesForWorker includes alwaysInclude and always-class rules (3.04625ms)
✔ selectRulesForWorker selects JS globs and excludes Swift for JS-only scope (14.915ms)
✔ selectRulesForWorker matches OWASP for bin/*.mjs scope via scope glob (0.219708ms)
✔ selectRulesForWorker appends standards without duplicates (0.237042ms)
✔ selectRulesForWorker respects neverLoad and neverInclude (0.123333ms)
✔ selectRulesForWorker exports journal-friendly entries shape (0.1085ms)
✔ normalizeTasksRootFromEnv accepts relative and rejects parent traversal (0.753584ms)
✔ applyEnvOverrides: SPINE_MAX_LANES overrides file value (0.304042ms)
✔ applyEnvOverrides: SPINE_TASKS_ROOT overrides paths.tasksRoot (0.104625ms)
✔ applyEnvOverrides rejects invalid SPINE_MAX_LANES (0.141709ms)
✔ loadSpineConfig applies env overrides after file load (1453.683333ms)
✔ SPINE_TASKS_ROOT env discovers tasks under alternate root in plan (1502.00875ms)
✔ spine settings show reports env source for overridden lanes.maxParallel (1978.1365ms)
✔ runDoctorChecks lists effective config with env source (12945.613ms)
✔ DEFAULT_REVIEWER_CONTEXT_BYTE_CAP is 16KiB (0.557916ms)
✔ buildReviewerContext skips when .cursor/rules is missing (23.215584ms)
✔ buildReviewerContext does not inject referenceDocs (129.798875ms)
✔ buildReviewerContext truncates at byte cap (122.703584ms)
✔ buildReviewerContext emits reviewer.rules_selected journal event (60.739709ms)
✔ buildReviewerContext degrades gracefully on invalid rules profile (120.125875ms)
✔ buildReviewerContext selects rules for scoped plan review (79.661125ms)
✔ emitReviewerRulesSelected is no-op without journal context (0.415625ms)
✔ SETTINGS_FIELDS lists editable paths including reviewer per-type pins (1.033041ms)
✔ listEditableFields returns shallow copies (0.125125ms)
✔ parseSettingPath rejects unknown path (0.140083ms)
✔ parseSettingPath accepts registered path (0.062209ms)
✔ lanes.maxParallel accepts valid integer and coerces string (0.13025ms)
✔ lanes.maxParallel rejects below min and above max (0.069625ms)
✔ gates.requireBeforeIntegrate accepts booleans and CLI strings (0.117542ms)
✔ agents.worker.model accepts inherit and optional empty (0.073625ms)
✔ agents.worker.thinking accepts enum values case-insensitively (0.115834ms)
✔ agents.reviewer.model accepts inherit and optional empty (0.105417ms)
✔ agents.reviewer.thinking accepts inherit and enum values (0.071125ms)
✔ agents.reviewer.plan.model accepts per-type override values (0.056875ms)
✔ agents.reviewer.code.thinking accepts per-type inherit (0.047417ms)
✔ dashboard.port accepts valid port range (0.061542ms)
✔ lanes.workerBackend accepts registered enum values (0.055125ms)
✔ validateSettingValue rejects unknown path (0.055667ms)
✔ src/cli and src/migrate do not import from bin/ (103.627459ms)
✔ src/** has no bin/ imports (106.852792ms)
✔ spine-config template defaults mirror package.json script patterns (1.6565ms)
✔ init applies testing defaults including coverage command (18.899083ms)
✔ dogfood spine-config has non-empty testing fields (0.354917ms)
✔ buildTestingEvidenceDoctorChecks warns on empty build when collectBuildEvidence (0.11425ms)
✔ buildTestingEvidenceDoctorChecks warns on empty test when collectTestEvidence (0.086791ms)
✔ buildTestingEvidenceDoctorChecks passes when commands configured (0.444584ms)
✔ buildTestingEvidenceDoctorChecks treats collectTestEvidence default as enabled (0.063958ms)
✔ SPINE_GITIGNORE_ENTRIES includes run-metrics.jsonl (0.473ms)
✔ ensureGitignoreEntries adds run-metrics path on fresh init (10.851167ms)
✔ isMergeOriginMainTask detects merge-origin-main packet shapes (0.614708ms)
✔ checkOrchMergeConflictWarn passes without pending merge-origin-main tasks (5023.488542ms)
✔ checkOrchMergeConflictWarn warns on PRD + manifest divergence with merge-origin-main pending (5233.52975ms)
✔ runBatchPreflight and plan check surface orch merge conflict warning (11243.26475ms)
✔ checkPrelandedFileScopeWarn passes when no stale pending tasks (2193.927667ms)
✔ checkPrelandedFileScopeWarn warns for prelanded fileScopeMustChange (4058.498916ms)
✔ listPrelandedFileScopeStaleTasks reports multiple stale pending tasks (2984.333125ms)
✔ runBatchPreflight and plan check surface prelanded file-scope warning (5611.280166ms)
✔ checkGitClean passes when only metrics file has append-only drift (2135.929042ms)
✔ checkGitClean fails when metrics file content is truncated (2989.490292ms)
✔ checkGitClean passes when metrics file is gitignored and not tracked (1604.5175ms)
✔ runDoctorChecks warns when metrics file is git-tracked (13158.279625ms)
✔ tsconfig.batch.json scopes checkJs hot paths (12.120542ms)
✖ npm run typecheck validates extensions and batch hot paths (8773.34025ms)
✔ normalizeContextPathList rejects non-arrays (0.976791ms)
✔ buildWorkerContext honors neverLoad and byte cap (12.139333ms)
✔ buildWorkerTailPrompt injects configured standards (21.355625ms)
✔ buildWorkerContextAsync uses auto selection when cursor rules exist (47.624ms)
✔ spine init defaults standards to [] for auto-discovery (SP-093) (20.37325ms)
✔ validateSpineConfig rejects invalid referenceDocs (0.228375ms)
✔ loadContextDocEntries stops at byte cap (6.535458ms)
✔ DEFAULT_WORKER_CONTEXT_BYTE_CAP is 32KiB (0.151958ms)
✔ validateWorkerLaunchScriptPath accepts ./scripts/ prefix when file exists (53.104334ms)
✔ validateWorkerLaunchScriptPath rejects ./scripts/../ traversal (16.622541ms)
✔ COVERAGE_THRESHOLD is 77 (0.570167ms)
✔ COVERAGE_INCLUDES scopes src, bin, and extensions (0.455875ms)
✔ FILE_COVERAGE_THRESHOLDS enforces slash-commands.ts floor (0.06525ms)
✔ TEST_GLOBS has bidirectional parity with package.json test script (0.335792ms)
✔ parseAggregateLineCoverage reads all files line percent (0.192125ms)
✔ parseAggregateLineCoverage returns null when summary missing (0.169458ms)
✔ parseAggregateLineCoverage reads coverage:check summary line (0.083583ms)
✔ parsePerFileLineCoverage reads per-file rows (0.3315ms)
✔ findFileCoverageFailures reports missing and below-threshold files (0.178042ms)
✔ formatDashboardStartupMessage includes URL, port, and operator hints (0.643375ms)
✔ formatDashboardStartupMessage notes --port source (0.101583ms)
✔ resolveDashboardPortWithSource prefers CLI over config (1615.582166ms)

pi-spine dashboard

  Open in browser: http://127.0.0.1:60935/
  Listen:          127.0.0.1:0 (--port)

  While running:   keep this terminal open; dashboard updates via SSE (~2s)

  In another terminal:
    spine status
    spine batch start <task-id>

  → Open http://127.0.0.1:60935/ in your browser

  API:  http://127.0.0.1:60935/api/snapshot
        http://127.0.0.1:60935/api/events

  Stop: Ctrl+C

✔ runSpineDashboard writes startup to stdout before shutdown (2183.562334ms)
✔ spine dashboard CLI prints URL before process exits (4389.329583ms)
✔ emptyLaneThroughputStats returns zeroed task-based fields (2.376333ms)
✔ computeThroughputTasksPerHour is task-based and guards zero elapsed (0.106916ms)
✔ deriveLaneThroughputStats counts completed and failed journal events per lane (2.471041ms)
✔ deriveLaneThroughputStats includes open running task elapsed through now (0.124291ms)
✔ deriveLaneThroughputStats prefers run-metrics duration when present (0.118417ms)
✔ deriveLaneThroughputStats falls back to journal when metrics missing (0.091625ms)
✔ deriveLaneThroughputStats maps tasks by laneNumber when lane metadata is sparse (0.09275ms)
✔ deriveLanesThroughput returns isolated stats per lane (0.176125ms)
✔ summarizeLaneThroughput aggregates counts and recomputes rate from totals (0.141958ms)
✔ NFR-OBS-02: dashboard SSE poll interval defaults to 2s (0.536334ms)
✔ parity: idle — no batch (1925.635042ms)
✔ parity: running batch (6400.402708ms)
✔ parity: needs_retry (6336.593042ms)
✔ parity: limbo_stale (7554.419333ms)
✔ parity: completed_manual after manual merge (9170.992209ms)
✔ parity: needs_integrate (5924.7755ms)
✔ parity: completed after integrate (5083.088875ms)
✔ parity: failed phase still reconciles consistently (4363.591792ms)
✔ assertLoopbackHost throws for 0.0.0.0 (0.939583ms)
✔ formatSseDataFrame valid data: line (0.226708ms)
✔ dashboard server serves browser view-model dependency graph (2000.740292ms)
✔ dashboard server serves snapshot and one SSE frame (1428.60725ms)
✔ resolveLaneActivityPhase: heartbeat pi → worker (0.680583ms)
✔ resolveLaneActivityPhase: open code review.started → code review (0.122125ms)
✔ resolveLaneActivityPhase: open final review.started → final review (0.066167ms)
✔ resolveLaneActivityPhase: closed review.started falls through to worker heartbeat (0.082125ms)
✔ resolveLaneActivityPhase: lane.completed code_rework → rework (0.071291ms)
✔ resolveLaneActivityPhase: no active tasks → em dash (0.058458ms)
✔ buildLaneRows exposes activityPhase fields (0.794ms)
✔ computeActiveTaskIdsForLane returns running/pending tasks in current wave only (0.943041ms)
✔ computeRunningTaskIdForLane returns at most one running task in current wave (0.109833ms)
✔ computeQueuedTaskIdsForLane returns pending tasks in lane.taskIds order (0.088833ms)
✔ buildLaneRows exposes runningTaskId, queuedTaskIds, and deprecated activeTaskIds union (0.734292ms)
✔ buildLaneRows exposes activeTaskIds separate from batch assignment (0.178584ms)
✔ buildLaneRows attaches per-lane throughput stats from journal (2.261417ms)
✔ resolveLaneHeartbeatMeta reads latest lane heartbeat kind and phase (0.995125ms)
✔ formatLaneHeartbeatDisplay shows launching instead of age (0.121417ms)
✔ dashboard snapshot exposes launching heartbeat display from journal (3976.747375ms)
✔ buildDefaultViewStatus exposes gate missing affordance for needs_integrate (0.238625ms)
✔ idle snapshot diagnosis null matches reconcile (1467.910292ms)
✔ running batch fixture has lanes and waves (3699.751542ms)
✔ truncateWorktreePath keeps trailing segments (0.194875ms)
✔ classifyLaneStatus stale when heartbeat old (0.104541ms)
✔ classifyLaneStatus does not mark lane completed when doneInLane but cache pending under engine_orphaned (0.128958ms)
✔ buildWaveProgress marks prior waves completed (0.110167ms)
✔ buildWaveProgress marks last wave completed when all tasks terminal-success (0.080208ms)
✔ buildWaveProgress keeps in-flight current wave active (0.062292ms)
✔ resolveTailActivityFromJournal reads latest matching journal event (0.059083ms)
✔ diagnosisBadgeClass maps needs_integrate separately from running (2.975875ms)
✔ idle snapshot uses reconcile headline (0.539708ms)
✔ buildActionChips exposes copyable primary and alternatives (0.240083ms)
✔ needs_integrate banner ignores completed phase for badge color (0.10675ms)
✔ needs_integrate without gate record shows default gate affordance (0.159292ms)
✔ buildDashboardViewModel includes all §16.1 panels (0.372917ms)
✔ buildLaneTableModel exposes throughput columns for lanes (0.091583ms)
✔ buildLaneTableSummaryModel aggregates when multiple lanes present (0.07825ms)
✔ buildLaneTableSummaryModel is null for single lane (0.069959ms)
✔ lane-throughput-multi-lane fixture drives throughput column values (4.512333ms)
✔ lane-throughput-multi-lane fixture documents SP-327 throughput field contract (0.772375ms)
✔ buildLaneTableModel exposes heartbeatDisplay for launching lanes (0.322292ms)
✔ dashboard.js uses heartbeatDisplay without double-formatting (0.764125ms)
✔ buildBannerModel uses finalizing badge and macro phase during tail state (1.121958ms)
✔ buildBannerModel reflects gating macro phase during post-merge tail (0.1335ms)
✔ buildBannerModel keeps running badge when workers are active (0.07625ms)
✔ resolveTailActivityLabel prefers recent journal over macro phase during tail (0.175708ms)
✔ buildTailActivityModel exposes lane table subline when lanes are idle during tail (0.098458ms)
✔ resolveTailActivityLabel returns null when running task is active (0.044208ms)
✔ dashboard.js renders lane table tail activity footer row (0.227792ms)
✔ banner uses diagnosis badge class, not macro phase (0.056709ms)
✔ resolveStaticAsset serves dashboard public files and view.mjs (1.830417ms)
✔ dashboard server GET / returns HTML shell (1518.253958ms)
✔ running batch view model exposes journal for bottom panel (0.262125ms)
✔ idle snapshot has empty journal via idle flag (0.065042ms)
✔ buildLaneDetailModel exposes recent events and log tail (0.05625ms)
✔ buildLaneTableModel includes lane detail on each row (0.063791ms)
✔ buildLaneRecentEvents returns last five lane-scoped journal entries (0.094417ms)
✔ buildJournalModel filters by lane id (0.051542ms)
✔ buildJournalLaneFilterOptions lists lane ids (0.651667ms)
✔ buildLaneRows attaches recentEvents and logTail from snapshot inputs (1276.196459ms)
✔ resolveLaneWorkerLog prefers live log over terminal output (1290.102291ms)
✔ dashboard.js builds gate status without innerHTML (0.494542ms)
✔ dashboard.js uses textContent for gate status badge and kind label (0.158583ms)
✔ dashboard HTML exposes lane detail and journal lane filter hooks (0.6525ms)
✔ dashboard server HTML includes journal lane filter (1320.438667ms)
✔ spineAgentsUseInherit is true when worker or reviewer effective pin inherits (0.659333ms)
✔ formatReviewerEffectivePins shows resolved per-type model and thinking (0.17275ms)
✔ buildReviewerPerTypePinsDoctorCheck reports effective per-type pins (0.089833ms)
✔ resolvePiDefaultProvider prefers project settings over global (167.073792ms)
✔ buildAgentModelInheritDoctorCheck warns on inherit + lmstudio (0.716208ms)
✔ buildAgentModelInheritDoctorCheck passes when models pinned (0.19375ms)
✔ buildAgentModelInheritDoctorCheck passes when inherit but pi not lmstudio (0.178917ms)
✔ readPiSettingsFile returns null for missing or invalid JSON (0.254708ms)
✔ countMediumLargeTasks counts only M and L sizes with per-size breakdown (49.369042ms)
✔ buildBatchSizeGuidanceWarning returns null below threshold (37.421417ms)
✔ buildBatchSizeGuidanceWarning M-only batch does not mention L (39.333542ms)
✔ formatPlanHuman appends batch size guidance warning (6.474958ms)
✔ buildBatchSizeGuidanceWarning mixed batch shows both M and L counts (11.504875ms)
✔ appendBatchSizeGuidanceToPlanOutput skips warning in stub mode (6.612041ms)
✔ isPiWebAccessPackageSource matches npm and path entries (0.595417ms)
✔ detectPiWebAccessExtensionConflict flags npm plus local checkout (1.300458ms)
✔ detectPiWebAccessExtensionConflict ok with single source (1.297417ms)
✔ buildPiExtensionConflictDoctorCheck warns with actionable command (1.669917ms)
✔ shouldWorkerUsePiNoExtensions mirrors conflict assessment (2.838375ms)
✔ isPiExtensionConflictOutput detects worker spawn conflict text (0.256708ms)
✔ resolvePiPackageSourcePath resolves npm and relative entries (0.0815ms)
✔ readPiPackageSources returns empty for missing settings (0.4675ms)
✔ isAuthErrorText detects authentication failures (0.697583ms)
✔ parsePiListModelsRows and listModelsForProvider filter by provider (0.841667ms)
✔ resolveModelIdForProvider prefers defaultModel when provider matches (0.095791ms)
✔ buildInheritProviderAuthDoctorCheck passes when agents pinned to cursor/auto (0.209708ms)
✔ buildInheritProviderAuthDoctorCheck passes when inherit resolves to cursor (0.111208ms)
✔ buildInheritProviderAuthDoctorCheck fails when probe reports 401 (99.789375ms)
✔ buildInheritProviderAuthDoctorCheck fails when provider has no authenticated models (141.847083ms)
✔ probeInheritProviderAuth succeeds when list and probe pass (65.043667ms)
✔ INTEGRATE_DEFAULTS match issue #91 config sketch (0.889333ms)
✔ applyConfigDefaults merges integrate section (0.221583ms)
✔ buildConcurrentDevDoctorCheck passes with no active batch (1443.578333ms)
✔ buildConcurrentDevDoctorCheck passes when human is on a feature branch (6651.28075ms)
✔ buildConcurrentDevDoctorCheck warns on active batch + dirty main (warn mode) (7694.390125ms)
✔ buildConcurrentDevDoctorCheck fails on active batch + dirty main (block mode) (7699.361084ms)
✔ buildConcurrentDevDoctorCheck passes when allowHumanOnBaseBranch=allow (1684.8645ms)
✔ runDoctorChecks surfaces concurrent-dev warning when configured (16943.194416ms)
✔ isDisplayLabel matches pi TUI display labels (0.926583ms)
✔ isDisplayLabel rejects canonical ids and invalid strings (0.076ms)
✔ displayLabelToCanonical converts to provider/model (0.0775ms)
✔ displayLabelToCanonical returns null for non-labels (0.072042ms)
✔ isCanonicalModelId validates provider/model format (0.138667ms)
✔ isCanonicalModelId rejects non-canonical strings (0.059542ms)
✔ normalizeModelId passes canonical ids through (0.08875ms)
✔ normalizeModelId converts display labels to canonical (0.062208ms)
✔ normalizeModelId passes special values through (0.522875ms)
✔ normalizeModelId rejects unrecognized formats (0.180666ms)
✔ normalizeModelId rejects non-string input (0.104167ms)
✔ validateModelIdFormat accepts canonical ids (0.111208ms)
✔ validateModelIdFormat accepts special values and non-strings (0.066125ms)
✔ validateModelIdFormat flags display labels with canonical hint (0.092541ms)
✔ validateModelIdFormat flags unrecognized formats (0.057083ms)
✔ buildAgentModelIdsDoctorCheck passes when all pins are canonical (0.134167ms)
✔ buildAgentModelIdsDoctorCheck fails when display label is in config (0.128458ms)
✔ buildAgentModelIdsDoctorCheck fails on invalid format (0.05825ms)
✔ buildAgentModelIdsDoctorCheck passes when no models configured (0.04975ms)
✔ buildAgentModelIdsDoctorCheck skips inherit and empty values (0.044709ms)
✔ settings set normalizes display label to canonical id (0.54475ms)
✔ settings set passes canonical id through unchanged (0.900125ms)
✔ settings set rejects invalid model id format (0.099208ms)
✔ settings set allows inherit for model fields (0.085583ms)
✔ settings set rejects invalid model id in JSON mode (0.0745ms)
✔ settings set normalizes worker model display label (0.075417ms)
✔ settings set normalizes per-type reviewer model display label (0.087291ms)
✔ fingerprintRulesManifest ignores generatedAt (0.548ms)
✔ buildRulesManifestDoctorCheck warns when manifest missing (17.273833ms)
✔ buildRulesManifestDoctorCheck warns when manifest stale (29.189917ms)
✔ resolveSpineOnPath uses which by default (0.617833ms)
✔ readPackageVersion reads package.json version (0.577708ms)
✔ buildStalePathDoctorCheck warns when spine not on PATH (0.183208ms)
✔ buildStalePathDoctorCheck ok when PATH matches package bin (0.119875ms)
✔ buildStalePathDoctorCheck warns on version mismatch (1.029542ms)
✔ buildStalePathDoctorCheck warns on mtime mismatch only (2.538333ms)
✔ isStalePathSpineBlocking true only for stale PATH label (0.080958ms)
✔ isStalePathSpinePreflightBlocking requires version mismatch detail (0.070917ms)
✔ readSpineCliVersion parses spine --version output (1924.778083ms)
✔ resolveInProgressSpineBatchId returns batchId for running batch (1396.299875ms)
✔ resolveInProgressSpineBatchId returns null for completed batch (1085.275583ms)
✔ listStaleSpineWorktreeBatchIds flags dirs without matching active batch (1119.933041ms)
✔ buildStaleWorktreesDoctorCheck warns on stale worktree dirs (1022.976625ms)
✔ buildStaleWorktreesDoctorCheck passes when only active batch dir exists (808.433542ms)
✔ runDoctorChecks includes stale worktrees warning (22423.812542ms)
✔ buildStallConfigDoctorCheck warns when stall timeout unset for real pi (0.588125ms)
✔ buildStallConfigDoctorCheck passes when stall timeout configured high (0.09625ms)
✔ isStubWorkerMode respects SPINE_WORKER_STUB (0.074375ms)
✔ resolveConfiguredStallMinutes returns null when missing (0.062541ms)
✔ suggestMaxParallel(4) → 2 (0.531292ms)
✔ suggestMaxParallel(8) → 4 (0.061125ms)
✔ suggestMaxParallel(1) → 1 (0.11725ms)
✔ suggestMaxParallel(2) → 1 (0.057084ms)
✔ buildMaxParallelDoctorCheck warns when configured exceeds suggested + 1 (0.204208ms)
✔ buildMaxParallelDoctorCheck no warning when configured matches suggested (0.071083ms)
✔ buildMaxParallelDoctorCheck no warning at default 3 when suggested is 2 (4-core) (0.060667ms)
✔ supervisor settings paths are registered (0.599042ms)
✔ agents.supervisor.enabled accepts booleans and CLI strings (0.159708ms)
✔ agents.supervisor.pollIntervalMs enforces minimum 1000ms (0.171458ms)
✔ agents.supervisor.model accepts inherit and optional empty (0.082792ms)
✔ agents.supervisor.autoNudge accepts booleans (0.070208ms)
✔ buildSupervisorConfigDoctorCheck passes when disabled (0.134291ms)
✔ buildSupervisorConfigDoctorCheck fails when enabled and template missing (11.789458ms)
✔ buildSupervisorConfigDoctorCheck fails when enabled and model invalid (32.920125ms)
✔ buildSupervisorConfigDoctorCheck passes when enabled with template and valid model (14.557ms)
✔ collectTaskPacketSizeIssues flags XL and too many steps on pending packet (4.140125ms)
✔ collectTaskPacketSizeIssues ignores tasks with .DONE (1.956792ms)
✔ classifyBatchStateSource uses path and content markers (0.580833ms)
✔ assessOrchestratorCoexistence passes when no batch-state files (1098.549209ms)
✔ assessOrchestratorCoexistence fails on active Taskplane batch in .pi (6244.400833ms)
✔ assessOrchestratorCoexistence fails when spine and Taskplane batches both active (13899.398333ms)
✔ buildCoexistencePreflightCheck blocks spine start when Taskplane batch active (5290.478458ms)
✔ runBatchPreflight fails with orchestrator-coexistence when Taskplane batch active (8701.277875ms)
✔ runDoctorChecks reports mutual exclusion failure for Taskplane batch (11365.85525ms)
✔ buildCoexistenceDoctorCheck passes when only pi-spine batch is active (2494.693333ms)
✔ buildWorktreeHealthDoctorCheck passes with no worktrees (1219.410083ms)
✔ buildWorktreeHealthDoctorCheck flags absolute gitdir (810.954625ms)
✔ /spine-status reports idle reconciliation on clean repo (1242.094667ms)
✔ /spine-deps delegates to CLI and notifies graph output (966.958792ms)
✔ /spine-plan succeeds after preflight passes (18341.393583ms)
✔ /spine-dismiss archives limbo batch state (3923.602917ms)
✔ /spine-pause pauses a running spine batch (690.607083ms)
✔ /spine-resume resumes a paused spine batch (2885.406042ms)
✔ /spine-retry-task resets a failed task (870.742208ms)
✔ /spine-skip-task skips a failed task (815.627625ms)
✔ /spine-abort archives an active spine batch (1049.981083ms)
✔ /spine-next prints reconciliation suggestion (772.713625ms)
✔ /spine-validate checks pending task packets (830.757166ms)
✔ /spine-handoff writes operator note and notifies (4708.304041ms)
✔ /spine-gate inspects integrate gate state (687.46125ms)
✔ /spine-integrate dry-run reports merge preview (936.409792ms)
✔ /spine-settings shows interactive configuration menu (245.448875ms)
✔ /spine-dashboard notifies listen URL and port source (363.294875ms)
✔ /spine entry warns on limbo_stale diagnosis (1697.082708ms)
✔ /spine entry warns on needs_retry diagnosis (1995.139625ms)
✔ /spine entry reports running batch headline (1533.249625ms)
✔ /spine entry starts batch when scope provided after preflight (15653.044458ms)
✔ /spine-deps truncates very large dependency output (6087.882041ms)
✔ parseSpineOrchestrateArgs defaults to pending scope and wave 0 (1.568875ms)
✔ formatOrchestratePrompt includes wave tasks, outer loop, and skill link (0.282ms)
✔ formatOrchestratePrompt states no auto gate approve or integrate (0.127459ms)
✔ formatOrchestratePrompt respects --from-wave filter (0.075459ms)
✔ formatOrchestratePrompt reports empty plan guidance (0.063666ms)
✔ /spine-orchestrate emits structured prompt from spine plan (17895.738792ms)
✔ /spine-orchestrate does not invoke gate or integrate CLI (15864.25375ms)
✔ /spine-orchestrate fails when preflight fails (8558.895166ms)
✔ spine-config template documents commented worktreeSetupHook example (1.046583ms)
✔ stripTemplateOnlyKeys removes _examples from init output (0.113875ms)
✔ extractPubspecAssetPaths parses flutter asset entries (0.60725ms)
✔ runInit copies Flutter worktree setup hook template to scripts/ (43.670709ms)
✔ copyFlutterWorktreeSetupHookTemplate skips existing hook without force (30.118ms)
✔ findGitignoredPubspecAssetsOnMain detects gitignored assets present on main (774.273875ms)
✔ buildGitignoredPubspecAssetsDoctorCheck warns when hook not configured (549.886ms)
✔ buildGitignoredPubspecAssetsDoctorCheck warns when lane missing gitignored assets (621.363333ms)
✔ parseMigrateArgs rejects --source without value (0.692417ms)
✔ runMigrateFromTaskplane fails when source file is missing (9.999625ms)
✔ runMigrateFromTaskplane refuses overwrite without force (6.545916ms)
✔ runMigrateFromTaskplane dry-run does not write config (10.436375ms)
✔ loadTaskplaneConfig reads repo fixture (0.877292ms)
✔ mapTaskplaneToSpine maps repo fixture to valid spine config (1.086166ms)
✔ mapTaskplaneToSpine honors tasksRootOverride (0.744333ms)
✔ mapTaskplaneToSpine ignores unknown keys (0.812ms)
✔ mapMaxParallel clamps invalid and excessive values (0.110667ms)
✔ loadTaskplaneConfig fails loud on missing file (0.31125ms)
✔ DEFAULT_TASKPLANE_SOURCE_PATH matches repo layout (0.124417ms)
✔ normalizeFileScopePath strips trailing globs and normalizes separators (0.687ms)
✔ pathsOverlap detects parent/child and rejects unrelated prefixes (0.14325ms)
✔ fileScopesOverlap detects parent/child directory overlap (1.987791ms)
✔ fileScopesOverlap detects exact file overlap in same wave scenario (0.099125ms)
✔ fileScopePatternsOverlap handles wildcard file globs (0.347916ms)
✔ fileScopePatternsOverlap does not treat dotted sibling paths as overlapping (0.585209ms)
✔ fileScopePatternsOverlap handles literal paths with regex metacharacters (1.305125ms)
✔ expandFileScopeProbes produces nested paths for directory globs (0.180917ms)
✔ findWaveFileScopeOverlaps returns pairs within the same wave only (0.626209ms)
✔ findWaveFileScopeOverlaps matches issue #31 parent/child safety paths (0.13525ms)
✔ findWaveFileScopeOverlaps ignores single-task waves (0.266375ms)
✔ planWaves serializes two tasks with the same file to one virtual lane (0.29575ms)
✔ assignLanesToWaves uses glob-aware overlap for wildcard scopes (0.102167ms)
✔ formatFileScopeOverlapWarnings lists wave and task pairs (0.118292ms)
✔ buildPlan reports file-scope overlaps and serializes conflicting tasks (112.872542ms)
✔ formatPlanHuman shows serial lane as bullet list with titles (0.7555ms)
✔ formatPlanHuman shows parallel lanes and omits tick jargon (0.11325ms)
✔ formatPlanHuman includes start hints for multi-wave plans (0.097125ms)
✔ topoWaves groups tasks into deterministic dependency waves (1.001417ms)
✔ buildGraph includes nodes that only appear as dependencies (0.092291ms)
✔ findCyclePath returns a closed cycle path (0.797416ms)
✔ repo spine-tasks plan has wave0 TP-006||TP-007 and wave1 TP-008 (50.405708ms)
✔ TP-034/038/041 disjoint scopes get three virtual lanes in tick 0 (1.25575ms)
✔ overlapping file scopes share one virtual lane (serialized) (0.126541ms)
✔ buildPlan for TP-034 TP-038 TP-041 lists three lanes in human output (172.877333ms)
✔ spine plan CLI shows three lanes for TP-034 TP-038 TP-041 (366.851167ms)
✔ assignLanesToWaves assigns disjoint file scopes to separate virtual lanes (0.839708ms)
✔ assignLanesToWaves packs overlapping file scopes into same virtual lane (0.143083ms)
✔ assignLanesToWaves respects maxParallel by queueing excess virtual lanes into ticks (0.114458ms)
✔ filterPendingTaskIds excludes tasks with .DONE marker (67.002209ms)
✔ parseScope pending mode returns pending IDs and excluded count (86.602416ms)
✔ parseScope pending throws when all tasks are done (54.484833ms)
✔ buildPlan pending scope preserves dependency waves (76.739917ms)
✔ filterPendingTaskIds excludes tasks with .SUPERSEDED marker (16.49575ms)
✔ summarizePendingScope counts excluded tasks (29.989625ms)
✔ runSpinePlan pending with all .DONE returns exit 0 informational output (155.101209ms)
✔ runSpinePlan pending JSON with all .DONE returns synthetic plan (77.152ms)
✔ runSpinePlan pending with all .DONE does not throw (57.858958ms)
✔ parseScope pending empty error carries structured metadata (84.284666ms)
✔ runSpinePlan pending output includes maxParallel from config (68.211875ms)
✔ buildPlan rejects invalid heading separator (22.266334ms)
✔ buildPlan rejects missing testing coverage (32.351959ms)
✔ buildPlan rejects missing File Scope section (13.251334ms)
✔ runSpinePlan exits with validation errors for invalid PROMPT (9.335541ms)
✔ buildPlan accepts valid PROMPT packets (25.735416ms)
✔ parseScope glob escapes literal dots in path patterns (7.332375ms)
✔ parseScope glob escapes literal parentheses in path patterns (6.459375ms)
✔ parseScope glob with plus in path pattern matches literally (4.957291ms)
✔ parseScope TP-* glob scopes remain unchanged (7.432583ms)
✔ parseScope('all') selects all discovered tasks (24.884959ms)
✔ parseScope('TP-002') selects explicit task IDs (48.500333ms)
✔ parseScope supports glob path patterns (50.82675ms)
✔ resolveWaveTaskIds returns wave task IDs (0.898416ms)
✔ resolveWaveTaskIds rejects out-of-range and empty waves (0.14225ms)
✔ filterPlanToWave narrows plan to one wave (2.455375ms)
✔ parseBatchStartWaveFilter accepts --wave and --through-wave (0.164417ms)
✔ parseBatchStartWaveFilter rejects conflicting and invalid flags (0.087083ms)
✔ registerSpineSlashCommands registers all PRD §15.1 command names (0.740667ms)
✔ /spine-retry-task without task id notifies usage error (0.25ms)
✔ /spine-skip-task without task id notifies usage error (0.189333ms)
✔ /spine-plan notifies error when preflight fails (17965.513333ms)
✔ /spine handler runs preflight before batch guidance (13867.412167ms)
✔ buildDepsReport returns empty graph for isolated task with no deps (1595.623916ms)
✔ buildDepsReport detects synthetic dependency cycle (1234.928459ms)
✔ cycleNodesFromPath deduplicates closing node (0.764ms)
✔ depsToEdges and formatDepsHuman render dependency flow (0.2135ms)
✔ repo fixture TP-031 scope shows TP-030 dependency edge (9.859625ms)
✔ spine deps CLI emits JSON shape with nodes, edges, cycles, waves (2213.971958ms)
✔ spine deps CLI exits 1 when cycle detected (1771.12825ms)
✔ findCyclePath returns path for cyclic graph (0.2365ms)
✔ init --preset taskplane-compat --tasks-root taskplane-tasks --dry-run produces expected keys (18.796334ms)
✔ init --preset taskplane-compat defaults tasksRoot to taskplane-tasks (5.601667ms)
✔ plain init applies spine defaults without preset flag (4.950958ms)
✔ init rejects unknown preset (1.907625ms)
✔ fresh init creates config, agents, tasks root, and gitignore entries (27.394209ms)
✔ init skips constitution.md when it already exists without --force (32.339833ms)
✔ buildConstitutionMd substitutes project title from directory name (0.566833ms)
✔ init without --force refuses when spine-config.json exists (14.178417ms)
✔ --tasks-root taskplane-tasks sets paths.tasksRoot correctly (21.209583ms)
✔ --dry-run makes no filesystem changes (8.40075ms)
✔ init skips CONTEXT.md when it already exists without --force (37.180458ms)
✔ init --force overwrites existing CONTEXT.md (33.274917ms)
✔ buildContextMd substitutes project title from directory name (0.682167ms)
✔ --dry-run plans CONTEXT.md create without writing files (4.332708ms)
✔ ensureGitignoreEntries appends only missing entries (1.081875ms)
✔ runPreflightPlanCheck builds wave plan during preflight (4940.946542ms)
✔ runReconciliationCheck returns real diagnosis for running batch (3933.874958ms)
✔ checkDoctor fails when doctor reports issues (0.684958ms)
✔ checkStalePathSpine fails when PATH spine version is stale (9.331209ms)
✔ checkGitClean lists up to 20 dirty paths (677.659208ms)
✔ checkNoActiveBatch passes when no batch-state file exists (1612.644791ms)
✔ checkNoActiveBatch calls reconciliation when batch-state exists (1274.641ms)
✔ checkTasksRoot validates discoverable task folders (1085.410958ms)
✔ checkDependenciesJson validates version and task IDs (1869.893667ms)
✔ runBatchPreflight passes on initialized clean fixture (4768.050125ms)
✔ runBatchPreflight fails when git working tree is dirty (2712.637916ms)
✔ runPreflightPlanCheck validates pending scope only (SP-122) (946.329042ms)
✔ checkTasksValidate exposes distinct tasks-validate check id (842.770709ms)
✔ checkTasksValidate validates multiple pending PROMPT packets in one batch (836.357542ms)
✔ runBatchPreflight includes tasks-validate check distinct from plan (3403.826834ms)
✔ runBatchPreflight fails on limbo fixture with dismiss suggestion (6543.28625ms)
✔ runBatchPreflight passes when all tasks have .DONE (zero pending) (1724.544292ms)
✔ checkGitClean passes when only rules-manifest generatedAt drifted (598.202875ms)
✔ checkGitClean still fails when rules-manifest rules[] differ (577.473041ms)
✔ spine run pending is alias for batch start pending (2008.973292ms)
✔ spine run all dry-run matches pending-filtered batch start (2127.441959ms)
✔ applySetting merges nested dotted paths (0.707667ms)
✔ runSettingsSetOperation rejects unknown path (0.218625ms)
✔ runSettingsSetOperation rejects invalid value (0.140042ms)
✔ runSettingsSetOperation returns merged config on success (0.345334ms)
✔ writeSpineConfigAtomic writes valid JSON atomically (1565.01125ms)
✔ spine settings set updates maxParallel on disk (2172.3375ms)
✔ spine settings set rejects bad value (1797.351459ms)
✔ spine settings set --dry-run leaves config unchanged (1507.97025ms)
✔ spine settings set --json reports write metadata (1725.470958ms)
✔ spine settings set exits 1 with suggestedCommand when config missing (1927.047292ms)
✔ getValueAtPath reads nested config values (0.610917ms)
✔ formatSettingsShow lists all editable fields in human mode (0.391417ms)
✔ formatSettingsShow returns JSON fields array for all settings (0.568958ms)
✔ formatSettingsShow single path mode prints one value (0.135458ms)
✔ formatSettingsShow rejects unknown path (0.089ms)
✔ buildSettingsShowFields mirrors registry order (0.225625ms)
✔ spine settings show CLI prints editable fields from temp config (1805.721083ms)
✔ spine settings show CLI single path and JSON modes (1757.143666ms)
✔ spine settings show CLI exits 1 with suggestedCommand when config missing (2018.403666ms)
✔ formatSettingsSlashMenu lists at least five editable fields with set hints (0.854959ms)
✔ runSpineSettingsSlash notifies menu with live config fields (1767.655542ms)
✔ runSpineSettingsSlash set subcommand persists a valid change (998.513708ms)
✔ runSpineSettingsSlash set reports usage error without path and value (1430.636542ms)
✔ runSpineSettingsSlash reports missing config with suggested init (1673.661209ms)
✔ fileScopesOverlap detects parent/child path overlap (0.755834ms)
✔ extractExploreSlugsFromContext finds explore findings paths (0.668833ms)
✔ collectWaveMCountFindings warns when a wave has more than four M tasks (0.175917ms)
✔ collectPromptJsonDepsDriftFindings reports missing JSON entry (0.125417ms)
✔ runSpineTasksAnalyze exits 0 for clean scope (1463.9615ms)
✔ runSpineTasksAnalyze reports parallel file-scope overlap as blocking (1574.918708ms)
✔ runSpineTasksAnalyze reports dependency cycle as blocking (1706.911125ms)
✔ runSpineTasksAnalyze exits 0 when only warnings are present (1423.948708ms)
✔ runSpineTasksAnalyze warns for missing explore findings referenced in CONTEXT (1077.563042ms)
✔ runSpineTasksAnalyze --json emits AnalyzeTasksResult (1279.644583ms)
✔ spine tasks analyze CLI exits 1 for blocking overlap (2422.656583ms)
✔ spine tasks analyze CLI exits 0 for warnings-only scope (1796.103334ms)
✔ spine help tasks documents analyze subcommand (305.750916ms)
✔ parseContract extracts all five contract fields from a valid table (2.000083ms)
✔ validateContract passes for a valid contract table (1.927208ms)
✔ parseContract and validateContract handle an empty contract table (0.178ms)
✔ validateContract warns on unknown contract fields (0.113875ms)
✔ parseContract reports duplicate field rows as errors (0.103084ms)
✔ parseContract accepts plain-text testCommand values (0.07475ms)
✔ parseContract returns hasSection false when Contract heading is absent (0.104375ms)
✔ CONTRACT_FIELD_NAMES lists all normative contract fields (0.06275ms)
✔ parseContract resolves see File Scope to File Scope bullet paths (0.11975ms)
✔ parseContract excludes optional File Scope bullets from see File Scope expansion (0.135125ms)
✔ validateContract errors on em-dash placeholders in required mode (0.129708ms)
✔ validateContract errors on see File Scope with empty File Scope section in required mode (0.206334ms)
✔ validateContract warns on placeholders in optional mode (0.073959ms)
✔ parseContract treats em dash contract cells as empty path lists (0.068958ms)
✔ parseContract splits comma-separated paths inside a single backtick wrapper (SP-396) (0.072625ms)
✔ parseContract splits comma-separated artifacts inside a single backtick wrapper (0.087292ms)
✔ validateContract warns on comma-in-single-backtick path lists in optional mode (0.150917ms)
✔ validateContract errors on comma-in-single-backtick path lists in required mode (0.133709ms)
✔ mergeDeps unions identical sets from PROMPT and JSON (0.961708ms)
✔ mergeDeps JSON wins when PROMPT and JSON disagree (0.08825ms)
✔ mergeTaskDeps uses golden fixtures end-to-end (2.377375ms)
✔ mergeDeps returns PROMPT deps when JSON has no entry (0.080375ms)
✔ TASK_HEADING_RE requires em dash (U+2014) (0.650125ms)
✔ parsePrompt extracts required sections and steps from golden S fixture (1.726292ms)
✔ validatePrompt rejects hyphen separator in heading (0.856459ms)
✔ discoverTasks finds three golden fixtures (10.928375ms)
✔ parsePromptDependencies parses list and Requires forms (0.556459ms)
✔ parseStatus mirrors step numbers and checkbox state (1.45125ms)
✔ getStepProgress aggregates checkbox completion (0.38975ms)
✔ listIncompleteSteps returns unchecked items per step (1.075625ms)
✔ FX-invalid-no-testing fails validatePrompt for missing Testing step (2.524208ms)
✔ FX-missing-contract fails validatePrompt in required contract mode (1.080917ms)
✔ FX-valid-contract passes validatePrompt in required contract mode (3.082459ms)
✔ FX-final-replan has Review Level >= 1 for REPLAN integration path (0.486917ms)
✔ formatTasksValidateHuman prefixes summary before failure details (0.701417ms)
✔ runSpineTasksValidate exits 0 for valid PROMPT packets (1772.887584ms)
✔ runSpineTasksValidate reports same failure message as planner for invalid PROMPT (1531.342875ms)
✔ runSpineTasksValidate returns exit 2 for missing config (1364.453ms)
✔ runSpineTasksValidate returns exit 2 for unresolved scope (1059.374208ms)
✔ spine tasks validate CLI exits 0 for valid scope (2470.363584ms)
✔ spine tasks validate CLI exits 1 for invalid PROMPT (1774.667167ms)
✔ buildTasksValidateResult matches TasksValidateResult schema (0.315042ms)
✔ collectTaskAdvisoryWarnings reports folder, STATUS, and deps mismatches (0.272ms)
✔ runSpineTasksValidate --json emits TasksValidateResult (1219.524375ms)
✔ runSpineTasksValidate --warnings-only keeps exit 0 for advisory issues (779.251834ms)
✔ spine tasks validate CLI --json exits 0 for valid scope (767.13275ms)
✔ spine help tasks documents validate subcommand (254.3325ms)
✔ spine tasks validate CLI exits 2 for config error (731.738666ms)
✔ validateContract warns when fileScopeMustNotChange includes spine-tasks/** (3.162875ms)
✔ validateContract warns when pattern matches current task folder only (1.08975ms)
✔ validateContract is quiet for parallel product-path guards (0.525833ms)
✔ collectFileScopeMustNotChangeWarnings dedupes broad spine-tasks ban over task folder (0.14825ms)
✔ collectFileScopeMustNotChangeWarnings ignores other task folders (0.1975ms)
✔ collectFileScopeMustNotChangeWarnings respects custom tasksRoot (0.135667ms)
✔ collectFileScopeMustNotChangeWarnings skips current-task check without taskId (0.199208ms)
✔ collectStaleFileScopeMustChangeWarnings is quiet when scope paths unchanged since task intro (2389.828334ms)
✔ collectStaleFileScopeMustChangeWarnings warns when scope paths changed on main after task intro (2536.219667ms)
✔ collectStaleFileScopeMustChangeWarnings ignores tasks without fileScopeMustChange (2738.187209ms)
✔ parseReportProgressArgs reads step and checkbox flags (0.529916ms)
✔ reportTaskProgress appends task.step_completed with metadata (3.871292ms)
✔ reportTaskProgress writes journal line on disk (33.958875ms)
✔ reportTaskProgress fails closed without batch context (0.223333ms)
✔ runSpineReportProgress returns non-zero when batchId missing (0.23125ms)
✔ runSpineReportProgress does not write with attach env when attach suppressed (1.090958ms)
✔ requestWorkerGate fails closed without batch context (0.589667ms)
✔ requestWorkerGate returns not_supported for integrate gate (6.519292ms)
✔ requestWorkerGate returns not_supported when no gate record (manual deferred) (0.778625ms)
✔ buildReviewStepCliArgs maps params and adds --stub when SPINE_WORKER_STUB=1 (0.890458ms)
✔ executeSpineReviewStep fails closed without SPINE_TASK_FOLDER (0.239208ms)
✔ spine_review_step handler returns APPROVE via stub review (16.050667ms)
✔ spine_review_step handler marks stub spawn failure as tool error (64.344875ms)
✔ spine_review_step skips nested reviewer spawn inside worker session (215.964875ms)
✔ registerSpineWorkerTools registers all three PRD worker tools (0.948ms)
✔ executeSpineReportProgress appends task.step_completed via tool handler (14.781458ms)
✔ executeSpineReportProgress fails closed without batch context (0.489375ms)
✔ spine_request_gate tool returns structured not_supported shape (4.431959ms)
✔ executeSpineRequestGate fails closed without batch context (0.300875ms)
ℹ tests 1734
ℹ suites 0
ℹ pass 1733
ℹ fail 1
ℹ cancelled 0
ℹ skipped 0
ℹ todo 0
ℹ duration_ms 205324.273333

✖ failing tests:

test at tests/config/typecheck-batch.test.mjs:47:1
✖ npm run typecheck validates extensions and batch hot paths (8773.34025ms)
  AssertionError [ERR_ASSERTION]: typecheck failed (exit 2):
  
  > pi-spine@1.7.0 typecheck
  > tsc --project tsconfig.json --noEmit && tsc --project tsconfig.batch.json --noEmit
  
  src/config/preflight/discovery.mjs(15,20): error TS7006: Parameter 'id' implicitly has an 'any' type.
  src/config/preflight/discovery.mjs(15,24): error TS7006: Parameter 'ok' implicitly has an 'any' type.
  src/config/preflight/discovery.mjs(15,28): error TS7006: Parameter 'message' implicitly has an 'any' type.
  src/config/preflight/discovery.mjs(24,34): error TS7006: Parameter 'projectRoot' implicitly has an 'any' type.
  src/config/preflight/discovery.mjs(24,47): error TS7006: Parameter 'configResult' implicitly has an 'any' type.
  src/config/preflight/discovery.mjs(32,34): error TS7006: Parameter 'folderName' implicitly has an 'any' type.
  src/config/preflight/discovery.mjs(37,37): error TS7006: Parameter 'tasksRootPath' implicitly has an 'any' type.
  src/config/preflight/discovery.mjs(48,33): error TS7006: Parameter 'tasksRootPath' implicitly has an 'any' type.
  src/config/preflight/discovery.mjs(128,83): error TS18046: 'err' is of type 'unknown'.
  src/config/preflight/discovery.mjs(197,14): error TS2339: Property 'worktreeSetupHook' does not exist on type 'object'.
  src/config/preflight/discovery.mjs(300,38): error TS2345: Argument of type 'string | undefined' is not assignable to parameter of type 'string'.
    Type 'undefined' is not assignable to type 'string'.
  src/config/preflight/discovery.mjs(302,22): error TS2339: Property 'contract' does not exist on type 'object'.
  src/config/preflight/discovery.mjs(320,24): error TS2339: Property 'message' does not exist on type '{}'.
  
  
  
  2 !== 0
  
      at TestContext.<anonymous> (file:///Users/cdelgado/Documents/github/pi-spine/.worktrees/spine-20260706T210401/lane-2/tests/config/typecheck-batch.test.mjs:54:9)
      at Test.runInAsyncScope (node:async_hooks:226:14)
      at Test.run (node:internal/test_runner/test:1382:25)
      at Test.processPendingSubtests (node:internal/test_runner/test:960:18)
      at Test.postRun (node:internal/test_runner/test:1522:19)
      at Test.run (node:internal/test_runner/test:1447:12)
      at async startSubtestAfterBootstrap (node:internal/test_runner/harness:387:3) {
    generatedMessage: false,
    code: 'ERR_ASSERTION',
    actual: 2,
    expected: 0,
    operator: 'strictEqual',
    diff: 'simple'
  }

