Contract testCommand failure log
Command: npm test -- tests/dashboard/snapshot.test.mjs
Exit code: 1
Attempt: 2 of 2
Timestamp: 2026-07-06T22:18:13.075Z
Buffer overflow: no
---

> pi-spine@1.7.0 test
> SPINE_SUPPRESS_JOURNAL_ATTACH=1 node --experimental-strip-types --test tests/*.test.mjs tests/cli/*.test.mjs tests/compat/*.test.mjs tests/tasks/*.test.mjs tests/config/*.test.mjs tests/config/cursor-rules/*.test.mjs tests/planner/*.test.mjs tests/batch/*.test.mjs tests/agents/*.test.mjs tests/adoption/*.test.mjs tests/dashboard/*.test.mjs tests/doctor/*.test.mjs tests/init/*.test.mjs tests/migrate/*.test.mjs tests/worker-tools/*.test.mjs tests/coverage/*.test.mjs tests/extensions/*.test.mjs tests/dashboard/snapshot.test.mjs

✔ adoption fixture: init, plan, stub batch AD-001 creates .DONE (20263.927167ms)
✔ adoption integration: REPLAN final verdict surfaces needs_replan diagnosis (18854.901333ms)
✔ worker.md documents spine tools, stall checkpoint, and coverage policy (0.836333ms)
✔ worker.md documents engine-owned code and final review after .DONE (0.364167ms)
✔ reviewer.md documents final PASS REVISE REPLAN verdicts (0.490625ms)
✔ worker-prompt tail aligns with worker.md commit and review conventions (0.127958ms)
✔ buildWorkerTailPrompt does not contradict worker.md on commit format (16.515834ms)
✔ buildAgentSessionWorkerPrompt includes review hint when level > 0 (3.190917ms)
✔ buildWorkerPiArgs omits -ne when no pi-web-access conflict (34.877708ms)
✔ buildWorkerPiArgs includes -ne before -p when extension conflict detected (31.034459ms)
✔ formatPiExtensionConflictHint surfaces pi-web-access remediation (0.479458ms)
✔ abortBatch archives batch-state before clearing active file (1256.892958ms)
✔ abortBatch journals batch.aborted and preserves prior journal tail (1408.846708ms)
✔ abortBatch writes abort signal without killing on graceful abort (1166.529917ms)
✔ hard abort removes lane worktree when cleanup enabled (1417.126791ms)
✔ hard abort keeps worktree when cleanupOnHardAbort is false (1287.003458ms)
✔ abortBatch fails when no active batch (504.809792ms)
✔ mergeLaneToOrch auto-resolves disjoint adoption doc edits without force-merge (5014.942458ms)
✔ mergeLaneToOrch fails adoption doc merge with recovery commands when hunks overlap (3982.352042ms)
✔ formatAdoptionDocMergeFailure names file and wave recovery (0.218125ms)
✔ agent session abort failure journals lane.worker_abort_failed (1493.497125ms)
✔ formatAttachedMilestoneLine renders land-loop journal types (0.5275ms)
[spine] batch.started
[spine] task.started SP-343
[spine] task.completed SP-343
[spine] batch.merge_started wave=0
[spine] batch.merge_completed wave=0
[spine] gate.opened
[spine] gate.evidence_collecting
[spine] gate.evidence_completed
[spine] batch.completed
[spine] batch.land_loop_finalized

Batch started

Batch 20260706T221510 completed: SP-343 succeeded; merged to orch/spine-20260706T221510.
  → spine gate status
  → spine gate approve
  → spine integrate
  → spine batch complete

Batch 20260706T221510 ready to integrate orch branch to main

  → spine integrate

  Alternatives:
    • /spine-integrate
    • /spine-gate
    • spine status --diagnose

  Batch: 20260706T221510
  Task: SP-343
✔ runSpineBatch attached start returns integrate handoff without process.exit in tests (18479.442041ms)
✔ attached batch CLI subprocess exits after completed with stdout milestones (12551.387041ms)
✔ formatAttachedBatchCliResult includes diagnosis suggested command (0.370334ms)
✔ enforceAttachedEngineSingleOwner fails fast when engine PID is alive (1047.0485ms)
✔ enforceAttachedEngineSingleOwner orphans prior engine with --force (1595.640167ms)
✔ resumeBatch rejects second attached resume when engine PID is alive (1253.832875ms)
✔ resumeBatchDetached rejects spawn when attached engine PID is alive (776.948166ms)
✔ runAttachedBatchEngine blocks attached start when engine PID is alive (945.640209ms)
✔ isLastWaveIndex matches batch 20260618T000943 wave plan (0.789375ms)
✔ maybeFinalizeAfterWaveMerge opens gate for last-wave post-merge limbo (5586.376375ms)
✔ resumeMultiTaskBatch finalizes post-merge limbo even with stale engine pid (4420.948708ms)
✔ terminateStaleDetachedEngine still clears stale engine during post-merge limbo resume handoff (991.5565ms)
✔ startBatch multi-wave attached path opens gate after wave 1 without resume (19253.53525ms)
✔ attached milestone types include batch.merge_blocked (0.513292ms)
✔ formatAttachedBatchCliResult prints merge failure headline and exits non-zero for merge_blocked (4259.519667ms)
✔ runAttachedBatchEngine streams merge_blocked milestone before merge failure CLI output (5107.6235ms)
✔ mergeEngineStateWithDiskPause adopts operator pause from disk (1030.193875ms)
✔ saveEngineBatchState does not clobber phase paused during heartbeat-style saves (1287.429958ms)
✔ enforceOperatorPauseOnDisk re-asserts paused after engine overwrite (3387.139292ms)
✔ pauseBatch confirms when attached engine heartbeat saves honor pause (2950.386458ms)
✔ batch 20260620T194352 fixture is post-merge limbo without gate (1240.589083ms)
✔ attemptPostMergeLandLoopHandoff finalizes in-process after SIGTERM-shaped limbo (4993.562291ms)
✔ finalizeAttachedPostMergeLimbo is idempotent when gate already open (3842.937709ms)
✔ resume after orphan_terminated journal opens gate for batch 20260620T194352 pattern (4374.670375ms)
✔ installAttachedEngineShutdownHandlers finalizes on SIGTERM without manual resume (3819.686ms)
✔ terminateStaleDetachedEngine during post-merge limbo still allows resume finalize (2998.809375ms)
✔ shouldAutoIntegrateAfterWave is false by default (0.4825ms)
✔ shouldAutoIntegrateAfterWave is true when configured and not last wave (0.078208ms)
✔ shouldAutoIntegrateAfterWave is false on last wave (0.057833ms)
✔ issue #25: retry unblocks failed phase when only pending tasks remain (9579.5525ms)
✔ issue #25: failed phase with pending-only limbo resumes without --force (4489.468458ms)
✔ retry keeps failed phase when other failed tasks remain (1605.657834ms)
✔ diagnosis suggests resume --force for failed-phase pending-only limbo (0.20275ms)
✔ parseSupersededReplacementIds extracts child task IDs (1.190583ms)
✔ assertBatchStartTasksNotSuperseded rejects superseded IDs (1857.573958ms)
✔ assertBatchStartTasksNotSuperseded allows pending IDs (1642.492708ms)
✔ assertBatchStartTasksNotSuperseded honors --force-superseded (1236.206917ms)
✔ resolveBatchStartScope rejects explicit superseded task IDs (1312.017625ms)
✔ resolveBatchStartScope allows superseded IDs with forceSuperseded (881.911333ms)
✔ startBatch dry-run rejects superseded explicit scope (837.633666ms)
✔ startBatch dry-run allows superseded scope with forceSuperseded (965.621125ms)
✔ parseBatchArgs maps --wave on start to waveFilter (0.68575ms)
✔ parseBatchArgs strips --wave value from scope for wave 0 (0.101208ms)
✔ buildAttachedBatchStartArgv forwards waveFilter to detached engine (0.497417ms)
✔ startBatch dry-run with pending scope and --wave 0 selects planner wave 0 (1716.154208ms)
✔ startBatch dry-run with --wave selects planner wave task IDs (1805.595917ms)
✔ wave-filtered dry-run matches explicit wave task scope dry-run (1280.037792ms)
✔ complete handoff preserves newer active batch (073511 vs 073937 race) (8.122333ms)
✔ clearStaleTerminalBatchStateForStart removes completed batch-state pointer (5.184ms)
✔ assertNoActiveBatch clears stale completed pointer before start handoff (6.336875ms)
✔ runBatchComplete clears active batch-state when no newer batch took over (5040.32225ms)
✔ new batch save replaces terminal completed cache with different batchId (14.110166ms)
✔ evaluateBatchStateWriteGuard rejects writes from non-owner live engine (88.524041ms)
✔ saveSpineBatchState rejects resurrecting archived batch cache (29.232959ms)
✔ resolveStallConfig defaults checkpoint warning and no file-scope grace extension (0.608042ms)
✔ file-scope mtime is activity only — does not extend stall deadline by default (0.18075ms)
✔ checkpoint signals extend grace; STATUS update moves deadline (0.074667ms)
✔ shouldEmitCheckpointWarning after activity without checkpoint threshold (0.105667ms)
✔ resolveScopedDirtyPaths limits porcelain to file scope and task folder (844.791125ms)
✔ lane.checkpoint_warning journal event and diagnose hints (27.993459ms)
✔ extractJournalDiagnosisHints omits stale checkpoint_warning older than 30 minutes (0.154375ms)
✔ collectProgressSignals includes dirtyPaths for scoped changes (1061.109333ms)
✔ verifyContract uses base-satisfied when scope predates task PROMPT on base (3192.249541ms)
✔ verifyContract passes when scope is on base and lane has zero implementation diff (2362.006708ms)
✔ verifyContract fails base-satisfied scope when testCommand fails (6881.947583ms)
✔ verifyStubFileScopeMustChange passes when base already satisfies scope (2402.952125ms)
✔ isBaseScopeSatisfied is false when base lacks scope changes (1367.921584ms)
✔ runFinalReviewPhase fails fast with contract_failed and does not consume finalAttempts (7865.579875ms)
✔ reconcileBatch surfaces contract_failed headline for failed task (2795.786875ms)
✔ verifyContract satisfies pre-landed fileScopeMustChange when testCommand and artifacts pass (2820.181208ms)
✔ verifyContract still fails pre-landed scope when testCommand fails (7473.889125ms)
✔ verifyStubFileScopeMustChange passes delivery-only STATUS when source scope pre-landed (1944.988833ms)
✔ verifyContract passes delivery-only STATUS.md fileScopeMustChange contract (2224.680333ms)
✔ resolvePromptRelPath derives task PROMPT from spine-tasks delivery changes (1137.874417ms)
✔ isFileScopePatternPrelanded detects scope changed on main after task intro (1099.403958ms)
✔ resolveTaskStartCommit ignores resumed task.started after same-task lane.committed (0.983875ms)
✔ verifyContract passes fileScopeMustChange after pause/retry/resume when lane commit exists (2834.2155ms)
✔ testCommand fails once then succeeds on retry — contract passes (218.629333ms)
✔ testCommand fails all retries — contract_failed as before (322.44375ms)
✔ retry count configurable via spine-config contract.testRetries (561.4ms)
✔ failed output captured to .reviews/ directory (289.836541ms)
✔ no retry when testCommand succeeds first time (no performance cost) (181.308209ms)
✔ writeContractFailureLog creates log file with header (61.865292ms)
✔ writeContractFailureLog returns null when taskFolder is undefined (0.388833ms)
✔ CONTRACT_TEST_DEFAULT_RETRIES is 1 (0.141292ms)
✔ CONTRACT_TEST_RETRY_DELAY_MS is 5000 (0.150292ms)
✔ multiple failure logs captured across retry attempts (257.433ms)
✔ parseContract extracts stallTimeoutMinutes and extendGraceOnFileScope (1.145084ms)
✔ resolveTaskStallMinutes uses max of global, size floor, and contract override (0.111917ms)
✔ resolveStallConfigForTask applies contract stallTimeoutMinutes to stallTimeoutMs (0.112292ms)
✔ resolveStallConfigForTask honors contract extendGraceOnFileScope (0.065292ms)
✔ resolveWorkerPiTimeoutMs aligns with contract stall budget (0.102458ms)
✔ runWorker with contract stall override survives beyond global stall budget (scaled) (5215.088542ms)
✔ runWorker without contract override stalls at scaled global budget (5365.252542ms)
✔ isDeliveryArtifactPath accepts STATUS.md-only patterns (0.780833ms)
✔ isDeliveryArtifactPath accepts .DONE-only patterns (0.190917ms)
✔ isDeliveryArtifactPath accepts task-folder delivery globs (0.127917ms)
✔ isDeliveryArtifactPath rejects implementation and tasks-root paths (0.098125ms)
✔ isImplementationScopePattern detects source and tooling roots (0.074875ms)
✔ isStubDeliveryOnlyScope is true for delivery-only pattern sets (0.096ms)
✔ isStubDeliveryOnlyScope rejects mixed implementation and delivery patterns (0.05575ms)
✔ isStubDeliveryOnlyScope rejects empty pattern lists (0.045042ms)
✔ isDeliveryArtifactPath honors custom tasksRoot (0.183958ms)
✔ resolveTaskStartCommit returns distinct start commits for serialized lane tasks (0.636375ms)
✔ resolveTaskStartCommit prefers task.started payload commit over prior lane.committed (0.093917ms)
✔ resolveTaskStartCommit returns null when task.started is missing (main...HEAD fallback) (0.071833ms)
✔ resolveTaskStartCommit resolves git HEAD at task.started timestamp when journal lacks commit (1448.257584ms)
✔ CONTRACT_TEST_COMMAND_MAX_BUFFER exceeds legacy 256KB limit (0.500083ms)
✔ runContractTestCommand captures large stdout without killing child (124.277209ms)
✔ runContractTestCommand surfaces ENOBUFS with scoped testCommand guidance (178.241708ms)
✔ verifyContract reports buffer overflow with scoped testCommand guidance (5583.296042ms)
✔ buildContractTestEnv moves SPINE_BATCH_ID to SPINE_PARENT_BATCH_ID (0.508583ms)
✔ detectNestedWorkerContext blocks parent batch in lane worktree (0.235291ms)
✔ startBatch blocks nested spawn when SPINE_PARENT_BATCH_ID set in lane worktree (58.834625ms)
✔ buildContractTestEnv allows isolated fixture batch start without parent batch id (4.269ms)
✔ listChangedFiles with sinceCommit scopes diff to commits after anchor (1564.576084ms)
✔ listChangedFiles without sinceCommit preserves baseBranch...HEAD (1162.470375ms)
✔ verifyContract with sinceCommit ignores prior same-lane task fileScopeMustNotChange violations (1537.4585ms)
✔ verifyContract without sinceCommit preserves cumulative lane branch behavior (1116.3935ms)
✔ buildContractTestEnv removes worker-only keys (0.498667ms)
✔ runContractTestCommand subprocess does not inherit SPINE_IS_WORKER (90.147792ms)
✔ verifyContract testCommand passes under worker env when subprocess is sanitized (234.37425ms)
✔ verifyContract passes when testCommand exits 0 (73.924625ms)
✔ verifyContract fails when testCommand exits non-zero (98.303542ms)
✔ verifyContract checks artifactsMustExist paths in worktree (133.289333ms)
✔ verifyContract expands glob patterns in artifactsMustExist (83.325916ms)
✔ verifyContract returns ok with empty checks when contract has no verify fields (61.038083ms)
✔ verifyContract enforces fileScopeMustChange and fileScopeMustNotChange (1590.952083ms)
✔ verifyContract checks minLineCoverage from command output (100.704667ms)
✔ shouldRunContractVerify skips legacy TP-* tasks and absent contract sections (0.750833ms)
✔ matchesContractPattern supports glob paths (0.265459ms)
✔ parseAggregateLineCoverage parses coverage table rows (0.190708ms)
✔ SP-193-shaped placeholder contract fails validateContract in required mode (1.397875ms)
✔ verifyContract passes SP-193-shaped contract when scoped files changed (1791.002541ms)
✔ fileScopeMustChange trailing-slash pattern matches files under directory prefix (1487.879541ms)
✔ fileScopeMustChange trailing-slash pattern fails when no files under prefix changed (1547.194708ms)
✔ fileScopeMustChange exact-path and glob behavior preserved alongside trailing-slash (1701.474708ms)
✔ waitForDetachedBatchResume waits for integrate gate after batch completes (1289.116875ms)
✔ waitForDetachedBatchResume completes without gate when integrate gate not required (749.531625ms)
✔ prepareDetachedResumeEngineHandoff terminates stale engine before resume spawn (44.7605ms)
✔ resolveDefaultResumeWaitTerminal returns true for engine_orphaned without flags (0.480834ms)
✔ resolveDefaultResumeWaitTerminal respects explicit flags (0.116792ms)
✔ detectPostMergeLimboForResume matches journal-only limbo for batch 20260629T210738 (2459.394208ms)
✔ postMergeLimbo diagnosis suggests spine batch resume --force (0.576375ms)
✔ resumeBatchDetached --force finalizes journal-only limbo without spawning engine (6351.96675ms)
✔ detached batch start opens integrate gate after stub engine completes (12059.352042ms)
✔ timeout_waiting_for_batch with dead enginePid reconciles as engine_orphaned not running (3641.09725ms)
✔ startBatchDetached persists spawn enginePid before wait on timeout failure path (32225.091167ms)
✔ parseBatchArgs defaults to detached start (attached flag off) (0.754166ms)
✔ parseBatchArgs --attached opts into foreground engine (0.083458ms)
✔ buildAttachedBatchStartArgv forwards scope and skip-preflight (0.513542ms)
✔ formatDetachedBatchStartOutput includes monitor hints (0.201791ms)
✔ batch start returns quickly and runs engine in background (13277.181875ms)
✔ parseBatchArgs resume defaults to detached (attached flag off) (0.187791ms)
✔ buildAttachedBatchResumeArgv forwards force (0.080209ms)
✔ formatDetachedEngineOutput includes resume wording (0.095292ms)
✔ waitForDetachedBatchResume returns engine_started by default (749.521ms)
✔ waitForDetachedBatchResume with waitTerminal returns resume_completed (1011.943417ms)
✔ collectDetachedFailureDiagnostics includes task.failed summary and log tails (386.798333ms)
✔ parseBatchArgs accepts --wait-terminal (0.190541ms)
✔ batch resume returns quickly and runs engine in background (11489.968708ms)
✔ inferLaunchFailureKind ignores DirtyWorktree exitReason (0.621875ms)
✔ buildHeadline prefers DirtyWorktree over worker launch (0.314ms)
✔ buildSuggestedCommand for DirtyWorktree suggests coverage cleanup and retry (0.147583ms)
✔ buildHeadline surfaces review_exhausted primary failure (0.115458ms)
✔ buildSuggestedCommand for review_exhausted suggests batch retry (0.065209ms)
✔ buildHeadline surfaces contract_failed primary failure (0.076458ms)
✔ buildSuggestedCommand for contract_failed suggests PROMPT edit and retry (0.061959ms)
✔ buildDiagnosisOutput bundles primary failure class without launch headline (0.121334ms)
✔ reconcileBatch aligns hasFailedTasks with segment drift and DirtyWorktree headline (3568.184083ms)
✔ reconcileBatch diagnoses review_exhausted from failed task exitReason (3613.460042ms)
✔ buildHeadline surfaces PI_SPINE_ROOT launch failure (0.729958ms)
✔ buildHeadline surfaces lane commit failures after worker completion (0.12675ms)
✔ buildSuggestedCommand prefers spine doctor for launch failures (0.215041ms)
✔ inferLaunchFailureKind reads worker output hints from journal (0.172834ms)
✔ extractJournalDiagnosisHints prioritizes setup hook and merge blocked events (7.269583ms)
✔ formatMixedOutcomeMessage lists succeeded tasks and spine batch retry guidance (0.1485ms)
✔ reconcileBatch diagnoses launch failure wave from fixture (3639.832ms)
✔ buildDiagnosisOutput bundles launch failure headline and command (0.44325ms)
✔ DIAGNOSIS_TAXONOMY includes worker_orphaned distinct from needs_retry (0.570416ms)
✔ inferLaunchFailureFromWorkerOutputTail reads PI_SPINE_ROOT hints from log tail (0.126334ms)
✔ buildSuggestedCommand prefers abort for ghost running cluster (0.144208ms)
✔ buildHeadline surfaces worker_orphaned launch failure from worker output context (0.2495ms)
✔ worker_orphaned after plan review nested_spawn_blocked suggests batch retry (0.096291ms)
✔ dead lane workerPid diagnoses worker_orphaned not needs_retry (3665.311917ms)
✔ dead workerPid after lane.completed does not diagnose worker_orphaned (3826.106375ms)
✔ worker_orphaned enriches launch headline from worker output log without task.failed (2819.806959ms)
✔ multiple ghost running tasks on one lane prefer spine batch abort (1753.575917ms)
✔ segment drift still diagnoses needs_retry (1466.093875ms)
✔ buildDiagnosisOutput bundles worker_orphaned headline and command (0.216375ms)
✔ isRunningWithoutActiveWorkers is false when workers are active (0.587875ms)
✔ isRunningWithoutActiveWorkers detects all-terminal tail state (0.073916ms)
✔ buildRunningTailHeadline maps macroPhase merging to operator text (0.191334ms)
✔ buildRunningTailHeadline maps gating / post-merge limbo (0.115625ms)
✔ buildHeadline preserves generic running when workers are active (0.184708ms)
✔ deriveMacroPhase uses journal merge tail when diagnosis is running without workers (0.2485ms)
✔ deriveMacroPhase stays executing when workers are active (0.073708ms)
✔ tail-state fixture reconciles without bare is running headline (3648.444292ms)
✔ tail-state headline matches batch 20260701T031142 shape via buildHeadline (0.210458ms)
✔ isCoverageArtifactPath matches extension/coverage and root coverage dirs (0.567042ms)
✔ isPathInFileScope matches exact paths and directory prefixes (0.120792ms)
✔ filterOutOfScopeCoveragePorcelain drops modified coverage outside file scope (0.136167ms)
✔ filterOutOfScopeCoveragePorcelain keeps in-scope coverage modifications (0.069375ms)
✔ restoreOutOfScopeCoverageArtifacts resets tracked coverage files (1442.738958ms)
✔ resolvePostLaneCommitPorcelain restores and filters out-of-scope coverage (1622.004375ms)
✔ commitLaneAndValidateWorktree succeeds when only out-of-scope coverage is dirty (2407.008583ms)
✔ commitLaneAndValidateWorktree fails when dirty without .DONE (1343.666209ms)
✔ isWorktreeDeletionPorcelainLine matches unstaged deletions (0.570334ms)
✔ isSymlinkOnlyDriftPorcelain is true only for deletion-only porcelain (0.107083ms)
✔ filterSetupHookSymlinkDriftPorcelain clears deletion-only drift (0.076916ms)
✔ parseLaneWorktreeIdentity extracts batch and lane from worktree path (0.522084ms)
✔ resolvePostLaneCommitPorcelain repairs hook symlink drift (2314.919958ms)
✔ commitLaneAndValidateWorktree succeeds when hook symlink drifts after PASS (3234.92425ms)
✔ dismissBatch kills live stub worker PID and journals lane.worker_terminated (3949.327125ms)
✔ shouldRunCodeReview requires review level 2 or higher (0.53025ms)
✔ findCodeReviewStepNumber prefers step with code review checkpoint (9.64875ms)
✔ findCompletedCodeReview honors journal review.completed code APPROVE (12.699708ms)
✔ findCompletedCodeReview honors step artifact APPROVE for code review step (34.068917ms)
✔ runTaskOnLane runs engine code review for RL2 without worker nested spawn (7420.272542ms)
✔ runTaskOnLane skips engine code review when review level is 0 (6592.6385ms)
✔ runTaskOnLane skips engine code review when review level is 1 (6757.55725ms)
✔ runTaskOnLane honors journal review.completed code APPROVE without duplicate spawn (6269.577459ms)
✔ runTaskOnLane re-invokes worker after code REVISE and succeeds on APPROVE (11689.900416ms)
✔ resolveReviewSpawnTimeoutMs aligns with stall budget for M tasks (0.565958ms)
✔ runStepReview journals review.failed with review_timeout on hung spawn (340.66325ms)
✔ async reviewer spawn does not block the event loop while waiting for timeout (392.829167ms)
✔ startBatch opens integrate gate before batch.completed journal event (10590.945958ms)
✔ startBatch serializes multiple tasks on one physical lane (16418.699583ms)
✔ startBatch runs disjoint-scope tasks on separate lanes in parallel (11964.690708ms)
✔ startBatch records lane commit before task.completed (11534.573167ms)
✔ runTaskOnLane emits task.failed not task.completed when lane commit fails (5891.864334ms)
✔ validateSpineConfig accepts worktreeSetupIgnorePaths (0.277041ms)
✔ engine_orphaned diagnosis suggests retry when task id known, attached resume otherwise (0.588125ms)
✔ dead engine with phase running passes validateMultiTaskResume without pause (1536.617875ms)
✔ running phase with live engine pid rejects resume without force (1604.425667ms)
✔ reconcile engine_orphaned recommends attached resume for batch 20260618T191236 pattern (1959.6425ms)
✔ engine_orphaned with failedTaskId suggests retry (SP-315) (0.591917ms)
✔ reconcileOrphanRunningState transitions running task to failed with journal events (1310.22625ms)
✔ retryTask succeeds on orphan without manual pause (issue #20 trap) (1483.673084ms)
✔ diagnose then retry: suggestedCommand matches working recovery path (2068.761667ms)
✔ resume --force allowed after orphan reconcile when phase was running (824.772208ms)
✔ terminateStaleDetachedEngine SIGTERM stale pid on failed resume (46.857792ms)
✔ runStepReview honors existing final PASS without re-spawn (17.134084ms)
✔ runStepReview skips review.failed journal when batch already completed (76.132458ms)
✔ startBatch lane branch has commit before merge when stub touches files (11686.106667ms)
✔ startBatch completes single task with stub worker (9294.678625ms)
✔ isExplicitBatchScope treats pending as explicit (0.215083ms)
✔ startBatch all dry-run allows multi-wave pending backlog (527.925458ms)
✔ startBatch pending dry-run excludes done tasks (607.051667ms)
✔ startBatch all fails when every task has .DONE (371.45925ms)
✔ startBatch skips worker when .DONE exists on disk (3825.55075ms)
✔ resolveBatchStartScope normalizes all to pending IDs (483.80725ms)
✔ startBatch explicit IDs still allow multi-wave when scope is not bare all (325.35175ms)
✔ startBatch completes two-lane wave with stub workers (10184.740167ms)
✔ startBatch blocks merge on mixed outcomes (6320.405791ms)
✔ assessWaveMergeEligibility blocks failed and pending tasks (0.227ms)
✔ collectCoreEvidenceBundle writes summary without complete marker (2714.094792ms)
✔ openIntegrateGate persists gate before extended evidence and journals milestones (1906.443167ms)
✔ openIntegrateGate keeps gate when extended evidence command fails (1764.144959ms)
✔ collectExtendedEvidenceBundle appends to existing refs (1424.697917ms)
✔ parseEvidenceCommandArgv accepts npm run test (3.178ms)
✔ parseEvidenceCommandArgv preserves quoted arguments (0.452625ms)
✔ parseEvidenceCommandArgv rejects shell command chaining (0.720125ms)
✔ parseEvidenceCommandArgv rejects unknown binary (0.4465ms)
✔ runEvidenceCommand executes allowlisted argv without shell (148.538792ms)
✔ runEvidenceCommand rejects malicious config strings (0.14375ms)
✔ runEvidenceCommand skips empty command (0.107666ms)
✔ runEvidenceCommand rejects disallowed build binary (0.094667ms)
✔ parseEvidenceCommandArgv rejects subshell injection (0.095ms)
✔ collectEvidenceBundle writes summary and .complete marker atomically (2530.923708ms)
✔ collectEvidenceBundle writes rejected output for unsafe testing.test (1432.238667ms)
✔ findCompletedFinalReview honors journal review.completed final PASS (10.801292ms)
✔ findCompletedFinalReview honors latest final artifact PASS (7.596792ms)
✔ runTaskOnLane honors pre-existing worker final review without spawn failure (7430.04375ms)
✔ runTaskOnLane honors journal review.completed final PASS without duplicate spawn (6919.009292ms)
✔ parseFinalReviewVerdict accepts PASS, REVISE, and REPLAN (0.9555ms)
✔ shouldRunFinalReview skips when review level is 0 (0.096916ms)
✔ runTaskOnLane skips final review when review level is 0 (6753.892083ms)
✔ runTaskOnLane journals task.verdict_recorded on PASS final review (6676.502709ms)
✔ runTaskOnLane re-invokes worker after REVISE and succeeds on PASS (11747.158458ms)
✔ runTaskOnLane caps REVISE at maxFinalAttempts with review_exhausted (15666.740958ms)
✔ runTaskOnLane fails with needs_replan and does not keep .DONE (5832.5865ms)
✔ mergeWaveLanesToOrch blocks when a wave task has exitReason needs_replan (1311.597333ms)
✔ runEngineFinalReview stub writes final artifact path (3.73475ms)
✔ isUnscopedFlutterAnalyzeSegment detects bare and compound analyze commands (0.946167ms)
✔ isUnscopedFlutterAnalyzeCommand handles compound shell commands (0.166917ms)
✔ isFlutterAnalyzeTestCompoundCommand matches analyze plus test (0.121417ms)
✔ shouldCleanFlutterBuildBeforeAnalyze respects config opt-out (0.0855ms)
✔ sanitizeFlutterBuildBeforeAnalyze removes polluted build directory (388.534959ms)
✔ sanitizeFlutterBuildBeforeAnalyze is no-op when build is absent (362.353917ms)
✔ prepareContractVerifyEnvironment removes polluted build for compound analyze command (398.900791ms)
✔ polluted build does not fail verify after hygiene (308.597334ms)
✔ verifyContract cleans polluted build before unscoped flutter analyze testCommand (447.409292ms)
✔ buildTaskScorecard lists task rows (0.604416ms)
✔ openIntegrateGate persists pending gate and journals gate.opened (1960.921292ms)
✔ collectEvidenceBundle writes summary and diff-stat (2161.397083ms)
✔ approve and reject enforce gate FSM (2236.513667ms)
✔ rejectIntegrateGate journals gate.rejected (1434.712ms)
✔ checkIntegrateGate blocks until approved (exit 2) (1381.261833ms)
✔ integrateOrchToBase fails with exit 2 when gate pending (1587.65225ms)
✔ integrateOrchToBase succeeds after gate approval (3482.760708ms)
✔ force integrate requires SPINE_ALLOW_FORCE=1 (523.079458ms)
✔ openIntegrateGateAfterBatchComplete skips non-completed batches (338.90325ms)
✔ runSpineGate CLI approve updates gate record (1386.42625ms)
✔ isGitignoredArtifactPath matches extension/coverage and node_modules (0.552917ms)
✔ listGitignoredArtifactRoots deduplicates nested artifact dirs (0.483416ms)
✔ sanitizeGitignoredArtifactsBeforeLaneCommit removes worktree-only coverage (649.135917ms)
✔ sanitizeGitignoredArtifactsBeforeLaneCommit skips when disabled (383.666417ms)
✔ commitLaneAndValidateWorktree succeeds when only extension/coverage is gitignored dirty (991.519541ms)
✔ commitLaneAndValidateWorktree succeeds when only node_modules is gitignored dirty (1236.202875ms)
✔ sanitizeGitignoredArtifactsBeforeLaneCommit does not clean index-tracked gitignored paths (1100.309375ms)
✔ commitLaneWorktree still fails for index-tracked gitignored coverage (1355.093708ms)
✔ classifyGitignoredPaths returns empty arrays for empty input (279.247208ms)
✔ classifyGitignoredPaths detects index-tracked gitignored paths (515.303291ms)
✔ classifyGitignoredPaths detects worktree-only gitignored paths (382.028084ms)
✔ classifyGitignoredPaths handles mixed index-tracked and worktree-only (594.863ms)
✔ formatGitignoredRemediationMessage: worktree-only does not suggest git rm --cached (0.29ms)
✔ formatGitignoredRemediationMessage: index-tracked suggests git rm --cached (0.062792ms)
✔ formatGitignoredRemediationMessage: mixed suggests both remediation paths (0.059916ms)
✔ commitLaneWorktree: worktree-only gitignored does not suggest git rm --cached (822.191042ms)
✔ commitLaneWorktree: index-tracked gitignored still suggests git rm --cached (1500.239709ms)
✔ regression: SP-011 worktree-only coverage after npm test does not suggest git rm --cached (1106.560666ms)
✔ isGitignoredArtifactPath matches graphify-out hook output (0.512833ms)
✔ listGitignoredArtifactRoots deduplicates nested graphify-out paths (0.49025ms)
✔ sanitizeGitignoredArtifactsBeforeLaneCommit removes worktree-only graphify-out (587.863625ms)
✔ commitLaneAndValidateWorktree succeeds when only graphify-out is gitignored dirty (1060.418958ms)
✔ resolveHeartbeatKind marks launching as worker_alive only (1.30625ms)
✔ shouldEmitCheckpointWarning skips launching phase (0.163333ms)
✔ buildHeartbeatPayloadFields omits stale checkpoint signals during launching (0.088458ms)
✔ recordLaneHeartbeat journals kind and phase (98.159375ms)
✔ runWorker launching heartbeat does not journal stale STATUS mtime on fast-fail retry (5211.170208ms)
✔ resolveStallConfig applies lane overrides (0.214916ms)
✔ progressSignalsChanged detects STATUS mtime updates (265.278917ms)
✔ computeStallDeadline extends past hard timeout after progress (0.13975ms)
✔ stall false positive avoided when STATUS updates extend deadline (I-01) (0.270542ms)
✔ findLatestStepCompletedMs returns newest matching task.step_completed (0.214333ms)
✔ progressSignalsChanged detects journal task.step_completed (silent tools) (207.014042ms)
✔ activitySignalsChanged detects file-scope mtime updates (FR-WORK-10 / FR-STALL-02) (198.927458ms)
✔ startBatch records lane.heartbeat during stub worker delay (9554.715791ms)
✔ startBatch persists baseBranchHeadAtStart and journals batch.base_snapshot (9675.871583ms)
✔ isFastForwardCapableIntegrate detects orch ahead of main (#93) (1405.859875ms)
✔ integrateOrchToBase fast-forwards when orch is strictly ahead (#93 batch 20260702T071449) (4302.504958ms)
✔ integrateOrchToBase fast-forwards with generatedAt-only rules-manifest drift on main (#93) (3399.351041ms)
✔ recordBatchBaseSnapshot stores head sha and journals batch.base_snapshot (553.7115ms)
✔ integrateOrchToBase succeeds with uncommitted edits on main (3839.377875ms)
✔ integrateOrchToBase conflict path leaves human checkout and files unchanged (2681.362292ms)
✔ integrateOrchToBase succeeds with uncommitted edits on feature branch (non-base) (3725.833459ms)
✔ integrateOrchToBase dry-run advertises isolated merge plan (870.267583ms)
✔ resolveRulesManifestIntegrateDrift restores main when worker manifest matches orch (#22) (962.0605ms)
✔ integrateOrchToBase succeeds with worker manifest drift on main matching orch (#22) (3228.450625ms)
✔ resolveRulesManifestIntegrateDrift blocks unrelated dirty files on main (832.635458ms)
✔ resolveRulesManifestIntegrateDrift blocks substantive manifest drift not matching orch (1137.555167ms)
✔ resolveRulesManifestIntegrateDrift still clears generatedAt-only drift on main (945.535ms)
✔ resolveRulesManifestIntegrateDrift clears generatedAt-only dirty manifest on main (934.639833ms)
✔ integrateOrchToBase succeeds with dirty generatedAt-only rules-manifest on main (3147.430625ms)
✔ inspectHumanBaseSync reports integrate_isolated_ok after plumbing integrate leaves HEAD behind (5435.083041ms)
✔ inspectHumanBaseSync reports human_base_diverged when human commits overlap orch paths (2464.370584ms)
✔ spine sync-base CLI merges landed main into feature branch (4328.861209ms)
✔ DEFAULT_SYNC_TIMEOUT_MS is 60 seconds (0.483666ms)
✔ syncPlumbingMergePathsToWorktree returns ok: true on successful sync (549.865417ms)
✔ syncPlumbingMergePathsToWorktree returns ok: false with timedOut on timeout (343.128583ms)
✔ integrateOrchToBase emits integrate.failed with IntegrateTimeout on sync timeout (3180.641958ms)
✔ successful integrate still emits integrate.completed (regression) (3218.08775ms)
✔ partial sync failure returns ok: false with correct failureClass from integrateOrchToBase (2950.069833ms)
✔ syncPlumbingMergePathsToWorktree succeeds when worktree has paths not in HEAD (879.497667ms)
✔ syncPlumbingMergePathsToWorktree restores paths that exist in merge commit (1449.085333ms)
✔ syncPlumbingMergePathsToWorktree skips diff paths absent from merge commit (679.5225ms)
✔ assertOrchIntegratable refuses empty orch when mergeResults claim success (587.736959ms)
✔ assertOrchIntegratable requires integrate when orch is ahead of base (499.375875ms)
✔ reconcileBatch reports needs_integrate when batch completed but orch not on main (1784.257041ms)
✔ completeBatch refuses when orch is ahead but not integrated (1697.010292ms)
✔ integrateOrchToBase merges orch into main and journals events (3094.880625ms)
✔ integrateOrchToBase dry-run does not change main HEAD (1867.509666ms)
✔ completeBatch succeeds after integrate lands orch on main (3695.400583ms)
✔ integrateOrchToBase aborts merge on conflict and restores checkout (2713.97475ms)
✔ integrateOrchToBase fails when batch state is missing (0.345583ms)
✔ runSpineIntegrate CLI succeeds when orch tip already matches main (386.950375ms)
✔ PRD §20.2 planner yields wave0 {A,C} and wave1 {B} (631.652291ms)
✔ PRD §20.2 two-lane stub batch completes ABC waves (17670.186042ms)
✔ PRD §20.2 mixed-outcome blocks merge; retry resets wave B for resume (13698.307166ms)
✔ runStepReview with worker attach env does not journal when attach suppressed (9.236834ms)
✔ runSpineReviewStep with worker attach env does not journal when attach suppressed (3.8565ms)
✔ runSpineReportProgress with worker attach env does not journal when attach suppressed (1.047333ms)
✔ readJournalEventsCached returns same events as readJournalEvents (19.171958ms)
✔ readJournalEventsCached returns cached copy on second call without file change (17.832459ms)
✔ readJournalEventsCached invalidates when file mtime changes (19.538167ms)
✔ readJournalEventsCached returns empty array for missing file (0.948083ms)
✔ clearJournalCache forces re-read on next call (19.541375ms)
✔ invalidateJournalCache with matching path clears cache (19.18125ms)
✔ invalidateJournalCache with non-matching path preserves cache (14.114334ms)
✔ readJournalEventsCached handles transition from missing to existing file (8.843833ms)
✔ readJournalEventsCached handles switch between different batch IDs (19.329459ms)
✔ runSpineJournal replay exits non-zero when journal missing (3.57125ms)
✔ runSpineJournal replay prints human table (15.65525ms)
✔ runSpineJournal replay --json returns events array (10.822958ms)
✔ exportJournalJsonl returns null when journal missing (2.860042ms)
✔ runSpineJournal export exits non-zero when journal missing (1.536541ms)
✔ runSpineJournal export writes jsonl to stdout (38.1935ms)
✔ runSpineJournal export --output writes file (13.529875ms)
✔ exportJournalMarkdown returns null when journal missing (3.179625ms)
✔ formatJournalMarkdownTimeline produces stable table shape (1.466792ms)
✔ formatJournalMarkdownTimeline escapes pipe characters in summary (0.109625ms)
✔ runSpineJournal export markdown exits non-zero when journal missing (4.137958ms)
✔ runSpineJournal export writes markdown to stdout (25.562291ms)
✔ runSpineJournal export markdown --output writes file (14.088334ms)
✔ detectBatchStateDrift flags running cache when reconcile sees doneInLane without journal terminal (0.703834ms)
✔ deriveStructuralBatchStateFromJournal rebuilds multi-lane skeleton without cache seed (2.310958ms)
✔ resume-parallel-lane-orphan fixture: journal-only rebuild marks resumed tasks running (1.255916ms)
✔ orphan-running-resume fixture: structural + lifecycle rebuild without seed (0.975208ms)
✔ pidless-ghost-running fixture: post-resume task.started wins over historical failure (0.668833ms)
✔ resume-orphan-historical-failure fixture: rebuild ignores pre-resume failure for active task (0.510041ms)
✔ retry-clears-failed-classification fixture: rebuild fixes stale failed cache (0.760625ms)
✔ retry-clears-failed-classification fixture: detectBatchStateDrift flags cache vs journal (0.63ms)
✔ incident fixtures rebuild from disk matches in-memory journal rebuild (411.730875ms)
✔ readJournalTimeline filters task and batch lifecycle events (0.533125ms)
✔ rebuildBatchStateFromJournal applies task.completed over stale failed cache (0.836417ms)
✔ detectBatchStateDrift flags journal completed vs cache failed (0.259792ms)
✔ detectBatchStateDrift ignores incomplete journal when cache failed (0.115666ms)
✔ incident orphan-running fixture: journal timeline is readable (410.80575ms)
✔ appendJournalEvent writes schema v1 with ISO timestamp and payload (14.040542ms)
✔ readLastTaskFailedEvent returns most recent task.failed (24.311333ms)
✔ redactSecrets masks sensitive keys (0.225834ms)
✔ capPayloadSize truncates oversized payloads (0.1655ms)
✔ normalizeJournalEvent upgrades legacy lines (0.087667ms)
✔ readJournalEvents reads mixed legacy and v1 lines (13.468834ms)
✔ extractJournalDiagnosisHints surfaces failure events from tail (0.418ms)
✔ commitLaneWorktree commits dirty worktree when .DONE exists (855.52ms)
✔ commitLaneWorktree fails loud when dirty without .DONE (399.642292ms)
✔ filterPorcelain drops lines matching ignore patterns by full path (0.27025ms)
✔ filterPorcelain drops lines matching ignore patterns by basename (0.08225ms)
✔ filterPorcelain keeps rename targets when only source matches ignore (0.077167ms)
✔ filterPorcelain returns empty for empty input (0.058541ms)
✔ mergeLaneToOrch rejects empty merge when lane commits were required (902.46225ms)
✔ mergeLaneToOrch prefers orch for conflicts outside lane file scope (1545.523209ms)
✔ mergeLaneToOrch does not auto-resolve in-scope lane conflicts (1639.677208ms)
✔ dismiss archives batch-state before clearing active file (1422.827625ms)
✔ complete with --detect-manual-merge succeeds when orch merged to main (1664.343958ms)
✔ complete refused when mergeResults succeeded but orch not on main (5637.069917ms)
✔ dismiss refused when diagnosis is running without --force (1249.809459ms)
✔ isPostMergeLimbo is true when tasks and merges succeeded with open orch branch (0.501583ms)
✔ isPostMergeLimbo rejects non-running or ended batches (0.084292ms)
✔ isPostMergeLimbo rejects empty or partial task/merge state (0.072292ms)
✔ isPostMergeLimbo respects git orch branch signals (0.606625ms)
✔ isPostMergeLimbo rejects null or non-object state (0.094167ms)
✔ resolveWorkerOutputConfig defaults live log streaming off (0.615125ms)
✔ workerLiveLogPath matches runtime layout (0.093792ms)
✔ truncateLiveLogBytes applies truncation marker when over cap (0.167292ms)
✔ appendWorkerLiveLogChunk redacts secrets and enforces byte cap (5.38325ms)
✔ createWorkerLiveLogWriter returns null when streaming disabled (0.218083ms)
✔ runWorker streams subprocess stub output to live log when enabled (5072.351167ms)
✔ runWorker skips live log when streamWorkerOutputLive is false (5045.344667ms)
✔ runWorker still writes terminal failure log when live streaming enabled (5080.365167ms)
✔ startAgentSessionWorker flushes transcript chunks to live log (723.932792ms)
✔ appendWorkerLiveLogChunk rolls file with truncation marker when over max bytes (2.60825ms)
✔ MACRO_PHASES exports all eleven lifecycle values (1.13725ms)
✔ deriveMacroPhase: idle when no batch signals (0.108833ms)
✔ deriveMacroPhase: planning from batch phase (0.123375ms)
✔ deriveMacroPhase: executing for active running batch (0.105125ms)
✔ deriveMacroPhase: merging phase and needs_merge diagnosis (0.067791ms)
✔ deriveMacroPhase: reviewing when review.started is open (0.115416ms)
✔ deriveMacroPhase: gating for pending gate or post-merge limbo (0.064125ms)
✔ deriveMacroPhase: integrating for needs_integrate and open integrate.started (0.095709ms)
✔ deriveMacroPhase: completed, failed, aborted, paused terminal phases (0.095625ms)
✔ fixture running-batch.json reconciles to executing macro-phase (1445.317708ms)
✔ fixture taskplane-executing.json maps to executing (0.594416ms)
✔ fixture needs-retry-batch.json maps to failed macro-phase (1115.679916ms)
✔ fixture limbo-stale maps to completed macro-phase (2045.379584ms)
✔ all macro-phase enum values are reachable via deriveMacroPhase (0.241208ms)
✔ recordMergeBlocked sets terminal merge_blocked phase and clears enginePid (365.49125ms)
✔ reconcileBatch diagnoses merge_blocked as failed merge, not needs_merge (1212.478209ms)
✔ legacy merging phase with endedAt and failed mergeResults reconciles as failed (1824.381583ms)
✔ findResumableWave skips succeeded merged waves when later wave has pending tasks (0.589459ms)
✔ validateMultiTaskResume allows force resume from merge_blocked (983.9255ms)
✔ buildSuggestedCommand recommends resume --force for merge_blocked phase (0.300667ms)
✔ summarizeMergeFailures extracts failed wave and lane from mergeResults (0.622208ms)
✔ buildMergeFailureHeadline uses 1-based wave number and lane label (0.173958ms)
✔ buildHeadline for failed diagnosis surfaces merge conflict instead of zero failed tasks (0.202625ms)
✔ buildSuggestedCommand for merge failure suggests resume --force (0.124375ms)
✔ buildDiagnosisOutput bundles merge failure headline and command (0.162125ms)
✔ reconcileBatch surfaces merge failure fields distinct from failedTasks (2029.627667ms)
✔ spine status --json includes merge failure fields for monitors (1674.718417ms)
✔ spine status --diagnose prints merge failure details in text output (1223.897333ms)
✔ filterGitignoredPaths separates ignored and stageable paths (1047.404083ms)
✔ gitAddFilteredPaths skips gitignored paths without failing (997.261125ms)
✔ mergeLaneToOrch succeeds when task branch committed gitignored coverage (2032.011ms)
✔ commitLaneWorktree refuses gitignored-only dirty paths (544.467ms)
✔ commitLaneWorktree commits tracked files while skipping gitignored dirty paths (1002.196042ms)
✔ inferMergeGitignoredFailure detects gitignored merge and lane commit failures (0.24075ms)
✔ buildSuggestedCommand returns git rm --cached repair for gitignored merge failures (0.195167ms)
✔ reconcileBatch surfaces gitignored merge repair command from journal (1185.001958ms)
✔ filterPorcelain remains unchanged for SP-104 ignore patterns (0.302333ms)
✔ mergeLaneToOrch auto-resolves additive docs/PRD.md after origin/main merge task (3006.456584ms)
✔ mergeLaneToOrch fails PRD merge with recovery commands when hunks overlap (1783.927417ms)
✔ formatPrdDocMergeFailure names file and wave recovery (0.209416ms)
✔ isActiveWorkerSession true when SPINE_WORKER_RUNNER is set (1.336209ms)
✔ isActiveWorkerSession false outside worker context (0.125167ms)
✔ runStepReview skips nested reviewer spawn when worker env is set (156.319666ms)
✔ runStepReview skips nested plan review spawn when worker env is set (85.893667ms)
✔ runStepReview stub path still works inside worker session (45.545584ms)
✔ runStepReview reaches pi availability check when worker env absent (23.535083ms)
✔ engine parent with leaked worker runner reaches reviewer spawn (23.0795ms)
✔ batch 20260619T020951 SP-306 plan step 0 journals review.skipped not review.failed (67.9855ms)
✔ detectNestedWorkerContext returns reason when SPINE_IS_WORKER=1 (0.546583ms)
✔ detectNestedWorkerContext returns reason when projectRoot is inside .worktrees/spine-* (0.107958ms)
✔ detectNestedWorkerContext returns null for normal projectRoot without worker env (0.11575ms)
✔ startBatch returns error when SPINE_IS_WORKER=1 (14.066834ms)
✔ startBatch returns error when projectRoot is inside .worktrees/spine-* (49.47825ms)
✔ startBatch succeeds normally (no env, normal CWD) — regression (9681.575708ms)
✔ buildWorkerChildEnv includes SPINE_IS_WORKER=1 (3.643584ms)
✔ journalEventsSinceResume excludes pre-resume terminal events (1.218375ms)
✔ detectOrphanRunning: historical task.failed + post-resume silence + dead engine (0.712333ms)
✔ resume orphan with historical failure fixture is not diagnosed as running (1566.033125ms)
✔ terminal event within scoped window still suppresses engine orphan (0.706083ms)
✔ journalIndicatesStalledSession: post-resume start without terminal (0.69825ms)
✔ detectOrphanRunning: PID-less ghost running with post-resume journal stall (0.332334ms)
✔ pidless ghost fixture reconcile is engine_orphaned, not running (1606.242167ms)
✔ terminal event within scoped window suppresses PID-less ghost signal (1.210416ms)
✔ isProcessAlive returns false for absent pid (0.614709ms)
✔ resume parallel lane orphan fixture: multiple running on lane 1 (1.473458ms)
✔ resume parallel lane orphan fixture: reconcile is actionable after scoped orphan detect (1291.343083ms)
✔ searchATon orphan incident fixture: dead workerPid is not diagnosed as running (1356.195625ms)
✔ dead workerPid with running task is not diagnosed as running (1228.230833ms)
✔ dead enginePid mid-resume without terminal journal is engine_orphaned (1156.755667ms)
✔ running batch without recorded pids still reports running (1273.317459ms)
✔ detectOrphanRunning ignores dead engine when terminal journal exists (0.242458ms)
✔ recordBatchEnginePid persists under resilience and clears on terminal save (289.641167ms)
✔ confirmed pause records batch.paused only after engine persists phase (328.364417ms)
✔ unconfirmed pause does not leave orphan batch.paused journal entry (629.033667ms)
✔ pauseBatch succeeds immediately when no attached engine is alive (307.472625ms)
✔ pauseBatch fails loud when attached engine keeps phase running (584.768166ms)
✔ waitForPauseConfirmation returns true when phase stays paused (413.999208ms)
✔ retryTask succeeds when batch phase is paused (303.9015ms)
✔ retryTask rejects when batch phase is running (211.321125ms)
✔ resolveAttachedMilestonePollMs defaults to 2000ms when config omitted (0.548709ms)
✔ resolveSequencePollMs defaults to 5000ms when config omitted (0.08875ms)
✔ resolveDashboardPollMs defaults to 2000ms when config omitted (0.070125ms)
✔ resolveAttachedMilestonePollMs honors orchestrator.attachedMilestonePollMs override (0.06925ms)
✔ resolveSequencePollMs honors orchestrator.sequencePollMs override (0.06625ms)
✔ resolveDashboardPollMs honors orchestrator.dashboardPollMs override (0.057209ms)
✔ validateOrchestratorConfig rejects invalid poll values (0.1305ms)
✔ validateSpineConfig accepts orchestrator poll overrides (0.389291ms)
✔ waitForSequenceBatchTerminal uses 5000ms default poll interval (0.151875ms)
✔ batch 20260630T212050 orphan-after-merge fixture describes GitHub #59 incident (1.180625ms)
✔ batch 20260630T212050 journal fixture is limbo via resume detect but not bare state (668.768959ms)
✔ hydrateMergeResultsFromJournal enables state limbo detection for batch 20260630T212050 (310.129667ms)
✔ finalizeAttachedLandLoopBeforeExit opens gate for batch 20260630T212050 journal limbo (2332.046459ms)
✔ installAttachedExitFinalizeHandlers finalizes journal limbo on SIGTERM without manual resume (2486.059458ms)
✔ batch 20260629T021550 fixture is post-merge limbo without gate (362.351291ms)
✔ attemptPostMergeLandLoopHandoff finalizes batch 20260629T021550 limbo after SIGTERM (1543.7275ms)
✔ resumeBatchDetached --force finalizes post-merge limbo without spawning engine (1792.16525ms)
✔ resumeBatch attached path finalizes batch 20260629T021550 limbo immediately (2056.990292ms)
✔ resumeMultiTaskBatch still finalizes batch 20260629T021550 after orphan_terminated (1902.4675ms)
✔ finalizeResumePostMergeLimbo clears stale engine pid during post-merge limbo (1378.846541ms)
✔ isPostMergeLimbo detects running phase with successful merges (0.486084ms)
✔ deriveDiagnosis returns needs_integrate for post-merge limbo (0.389208ms)
✔ finalizeBatchForIntegrate opens gate from post-merge limbo without resume (1565.679583ms)
✔ resumeMultiTaskBatch opens gate from post-merge limbo without re-running tasks (1648.996334ms)
✔ mixed-outcome post-mortem lists failed IDs and retry hint, not smooth success (1229.714916ms)
✔ false-success reconciliation headline is overridden when failures exist (0.359333ms)
✔ listFailedTaskIds prefers classified terminal-failure tasks (0.574417ms)
✔ collectEvidenceBundle summary.md is honest post-mortem markdown (1236.636375ms)
✔ dismissBatch writes post-mortem path into batch history (1147.483083ms)
✔ writeBatchPostMortem persists markdown under runtime batch dir (1380.789ms)
✔ spine status --verbose includes post-mortem section for active batch (1503.546917ms)
✔ resolveStallConfig defaults progressSnapshotIntervalMinutes to 2 (0.633791ms)
✔ resolveStallConfig applies progressSnapshotIntervalMinutes override (0.084708ms)
✔ buildProgressSnapshotPayload is bounded and omits dirty path lists (0.526583ms)
✔ progressSnapshotPayloadChanged detects field deltas (0.092166ms)
✔ shouldEmitProgressSnapshot respects interval (0.071083ms)
✔ recordLaneProgressSnapshot journals bounded payload (162.423625ms)
✔ runWorker emits lane.progress_snapshot on interval and dedupes unchanged signals (10142.814833ms)
✔ startBatch fails closed on invalid PROMPT before batch starts (323.812666ms)
fatal: malformed object name missing-base-branch
✔ inspectGitState records gitInspectionError when merged-branch scan fails (360.814458ms)
✔ deriveDiagnosis returns git_unavailable when git inspection failed (0.451208ms)
✔ reconcileBatch surfaces git_unavailable instead of limbo_stale on git failure (1143.382292ms)
fatal: malformed object name missing-base-branch
✔ reconcileBatch records count_commits_ahead git errors from real git refs (1486.438208ms)
✔ idle-no-batch returns healthy idle state (306.348916ms)
✔ limbo_stale detected from incident fixture (1135.094583ms)
✔ completed_manual when orch branch merged to main (1488.0645ms)
✔ needs_retry when a task failed (1425.935625ms)
✔ running diagnosis for active batch (1353.15125ms)
✔ runReconciliationCheck matches reconcileBatch output shape (1108.7925ms)
✔ reconcileBatch includes journal hints when journal exists (947.832125ms)
✔ reconcileBatch exposes macroPhase for running batch (855.98275ms)
✔ reconcileBatch exposes macroPhase for limbo_stale (944.738625ms)
✔ failBatchFromEngineError writes batch.failed and clears enginePid (203.57075ms)
✔ reconcileGhostRunningTasks marks running tasks failed without worker (0.213958ms)
✔ resumeMultiTaskBatch fail-closed when post-commit gitPorcelain throws (6439.226833ms)
✔ resumeBatch opens integrate gate before batch.completed journal event (7399.120583ms)
✔ refreshLaneHeartbeatsOnResume aligns lane heartbeats to engineStartedAt (0.568083ms)
✔ taskAlreadyComplete returns false for failed task with stale .DONE on disk (0.592417ms)
✔ resumeBatch after failed retry runs contract verification before succeed (3441.716583ms)
✔ resumeBatch continues paused 2-task 2-lane batch with stub workers (9266.299917ms)
✔ resumeBatch multi path requires existing lane worktrees (468.688292ms)
✔ multi-task batch start → pause → resume completes both tasks (9787.261875ms)
✔ paused multi-task batch diagnose suggests multi-task resume (1226.430167ms)
✔ multi-task startBatch completes two-lane stub batch (start path) (20150.607083ms)
✔ resumeBatch serializes four tasks on one lane (35724.223958ms)
✔ resumeBatch runs two lanes with two tasks each in parallel (30341.276958ms)
✔ validateMultiTaskResume accepts paused 2-task 2-lane batch (986.350125ms)
✔ validateMultiTaskResume rejects batch with zero tasks (299.56975ms)
✔ validateMultiTaskResume rejects missing worktree per lane (605.402583ms)
✔ validateMultiTaskResume allows force resume when wave merge is pending (800.695958ms)
✔ validateResumeBatch delegates to multi validator for single-task batch (458.166ms)
✔ resolveDetachedWaitTimeoutMs uses long default for wait-terminal orphan resume (0.527458ms)
✔ prepareOrphanResumeHandoff clears stale workerPid before orphan resume (482.445041ms)
✔ clearStaleLaneWorkerPids preserves live worker pid (188.348ms)
✔ dual-dead lane+engine orphan reconciles as engine_orphaned with attached resume (1337.48925ms)
✔ attached resume --force completes stuck task after plan review orphan stall (10755.606625ms)
✔ detached resume with wait-terminal uses extended timeout constant (3.203208ms)
✔ taskTerminalSuccessInBatch requires succeeded status and journal task.completed (0.520334ms)
✔ resume --force after partial retry does not review.start succeeded task IDs (11819.429667ms)
✔ resume-validation leaf does not import reconcile.mjs (0.8485ms)
✔ isTaskResumable accepts pending, running, and resumable segments (0.135083ms)
✔ computePendingTasks filters to resumable tasks only (0.083542ms)
✔ findResumableWave skips succeeded merged waves when later wave has pending tasks (0.173625ms)
✔ detectPostMergeLimboFromResumeSignals uses state mergeResults without journal (0.271583ms)
✔ detectPostMergeLimboFromResumeSignals detects journal-only limbo when mergeResults empty (0.103916ms)
✔ detectPostMergeLimboFromResumeSignals rejects when gate already exists (0.072875ms)
✔ classifyTasksForOrphanDetect maps running status to running classification (0.507916ms)
✔ pauseBatch sets phase paused and journals batch.paused (484.374167ms)
✔ resumeBatch continues paused single-lane batch (7791.606709ms)
✔ paused spine batch reconciliation suggests spine batch resume (1800.355417ms)
✔ validateBatchState requires segments aligned with tasks (0.58625ms)
✔ retryTask clears stale failure metadata before re-run (184.100458ms)
✔ retry then task.completed updates counters and reconcile diagnosis (951.056167ms)
✔ retry-clears-failed-classification fixture reconciles after success state (921.499166ms)
✔ retryTask atomically resets task and segment records (215.754458ms)
✔ retryTask fixes segment drift (GAP-RETRY-01) (173.827708ms)
✔ resumeBatch refuses segment drift without retry (284.585041ms)
✔ skipTask marks task skipped and updates counters (155.585334ms)
✔ retryTask rejects when batch is running (191.819458ms)
✔ defaultSegmentId used in segment records (0.16425ms)
✔ detectOrphanedReviewStarted finds orphaned review.started with no matching review.completed (0.588792ms)
✔ detectOrphanedReviewStarted returns empty when review.completed exists (0.0835ms)
✔ detectOrphanedReviewStarted distinguishes code and final review types (0.06825ms)
✔ reconcileOrphanedReviewEvents synthesizes completion when APPROVE artifact on disk (19.217084ms)
✔ reconcileOrphanedReviewEvents does NOT synthesize when no artifact on disk (2.482083ms)
✔ reconcileOrphanedReviewEvents does NOT synthesize for REVISE verdict (2.874291ms)
✔ findCompletedCodeReview honors artifact at attempt > 0 (1.846875ms)
✔ normal review flow (no crash) still works correctly (0.13525ms)
✔ reconcileOrphanedReviewEvents handles final review with PASS verdict (13.984709ms)
✔ buildReviewerSystemPrompt includes project standards when rules manifest exists (18.834917ms)
✔ buildReviewerSystemPrompt emits reviewer.rules_selected journal event (12.804709ms)
✔ buildReviewRequest user prompt does not include injected standards block (0.290083ms)
✔ runStepReview stub path does not emit reviewer.rules_selected (15.363ms)
✔ isNoiseReviewScopePath matches runtime artifact paths (0.58825ms)
✔ filterReviewScopeNoise dedupes and drops noise (0.442584ms)
✔ resolvePlanReviewScopePaths returns PROMPT File Scope minus noise (5.185708ms)
✔ resolveReviewScopePaths plan uses task PROMPT file scope (4.499208ms)
✔ resolveReviewScopePaths final returns empty scope (0.132333ms)
✔ resolveCodeReviewScopePaths uses baseline..HEAD when baseline provided (271.037541ms)
✔ resolveCodeReviewScopePaths falls back to git diff --name-only without baseline (229.322333ms)
✔ resolveReviewScopePaths code honors injectable git runner (0.27775ms)
✔ resolveCodeReviewScopePaths returns empty array when git fails (0.122083ms)
✔ parseReviewLevel reads PROMPT heading (0.627917ms)
✔ isReviewTypeRequired follows Taskplane rubric (0.0865ms)
✔ formatReviewTimestamp strips separators from ISO time (0.950959ms)
✔ buildReviewArtifactPath uses step-timestamp pattern (0.188209ms)
✔ buildFinalReviewArtifactPath uses final-timestamp pattern (0.113375ms)
✔ normalizeVerdict maps enums by review type (0.086083ms)
✔ normalizeFinalVerdict and normalizeCodeVerdict are type-specific aliases (0.070791ms)
✔ parseReviewVerdict reads JSON and markdown verdicts (0.439125ms)
✔ parseReviewVerdict accepts PASS REVISE REPLAN when reviewType is final (0.219875ms)
✔ parseReviewVerdict step mode rejects final-only verdict enums (0.180375ms)
✔ parseFinalReviewVerdict accepts PASS, REVISE, and REPLAN (0.155125ms)
✔ parseFinalReviewVerdict omits heading summary unlike parseReviewVerdict (0.107584ms)
✔ shouldRunCodeReview requires review level 2 or higher (0.069958ms)
✔ shouldRunFinalReview skips when review level is 0 (0.059917ms)
✔ DEFAULT_REVIEW_SPAWN_TIMEOUT_MS is 90 minutes (0.469708ms)
✔ honorReviewSpawnFailureWhenEligible honors final review when contract passed (2.875833ms)
✔ honorReviewSpawnFailureWhenEligible skips when contract failed (0.572458ms)
✔ honorReviewSpawnFailureWhenEligible honors code review with .DONE (0.857125ms)
✔ buildReviewerPiArgs includes --model when config pins reviewer (3.734125ms)
✔ buildReviewerPiArgs omits --model when reviewer model is inherit (1.341875ms)
✔ buildReviewerPiArgs uses per-type model override for matching reviewType (1.215583ms)
✔ buildReviewerPiArgs falls back to top-level reviewer pin when per-type block missing (1.180333ms)
✔ buildReviewerPiArgs cascades per-type inherit to top-level reviewer pin (1.11ms)
✔ spawnReviewerPi fails closed when pi unavailable via SPINE_REVIEW_TEST_NO_PI (1.461333ms)
✔ buildReviewerChildEnv strips SPINE_WORKER_RUNNER from reviewer child env (0.353333ms)
✔ shouldBlockNestedReviewerSpawn false when only worker runner leaked on engine (0.115875ms)
✔ spawnReviewerPi allows engine spawn when worker runner leaked without journal attach (1.336166ms)
✔ shouldBlockNestedReviewerSpawn true inside live worker child session (0.160625ms)
✔ parseReviewLevel reads PROMPT heading (0.647ms)
✔ isReviewTypeRequired follows Taskplane rubric (0.082375ms)
✔ buildReviewArtifactPath uses step-timestamp pattern (1.024375ms)
✔ buildFinalReviewArtifactPath uses final-timestamp pattern (0.12425ms)
✔ parseReviewVerdict reads JSON and markdown verdicts (0.48675ms)
✔ parseReviewVerdict accepts PASS REVISE REPLAN when reviewType is final (0.135208ms)
✔ parseReviewVerdict step mode rejects final-only verdict enums (0.094292ms)
✔ parseReviewVerdict accepts PASS REVISE REPLAN for final review type (0.068458ms)
✔ resolveBatchJournalContext ignores SPINE_BATCH_ID without SPINE_JOURNAL_ATTACH (0.16575ms)
✔ isJournalAttachBlocked honors SPINE_SUPPRESS_JOURNAL_ATTACH (0.115166ms)
✔ resolveBatchJournalContext blocked when attach suppressed (0.109209ms)
✔ runStepReview ignores SPINE_REVIEW_STUB_FAIL without stub mode (6.419375ms)
✔ runStepReview stub APPROVE writes artifact and journal events (28.040292ms)
✔ runStepReview stub REVISE returns exitCode 2 (3.462125ms)
✔ runStepReview fail-closed on stub spawn failure (25.36025ms)
✔ runStepReview skips when review level does not require type (5.74225ms)
✔ runStepReview final stub PASS writes final artifact path (1.8565ms)
✔ runStepReview final spawn failure exits non-zero at review level >= 1 (1.730709ms)
✔ runSpineReviewStep CLI --type final emits JSON verdict (2.347083ms)
✔ runSpineReviewStep CLI emits JSON verdict (13.38575ms)
✔ assertReviewToolAvailable fails closed without pi at review level > 0 (1.533875ms)
✔ runWorker fails closed when review tool unavailable at level > 0 (12.70675ms)
✔ stub worker stops when enforced review spawn fails (65.698416ms)
✔ DEFAULT_REVIEW_SPAWN_TIMEOUT_MS remains 90 minutes (backstop unchanged) (0.424458ms)
✔ runStepReview honors on-disk APPROVE while pi hangs — seconds not stall timeout (262.728583ms)
✔ resolveReviewerModelPin returns per-type override when set (0.62075ms)
✔ resolveReviewerModelPin falls back to top-level when per-type block missing (0.096333ms)
✔ resolveReviewerModelPin cascades per-type inherit to top-level pin (0.060833ms)
✔ resolveReviewerModelPin returns null for top-level inherit (0.066375ms)
✔ resolveReviewerModelPin returns null when reviewer block absent (0.065208ms)
✔ resolveReviewerThinkingPin returns per-type override when set (0.077167ms)
✔ resolveReviewerThinkingPin falls back to top-level when per-type block missing (0.059042ms)
✔ resolveReviewerThinkingPin cascades per-type inherit to top-level pin (0.046667ms)
✔ resolveReviewerThinkingPin returns null for off at any level (0.082334ms)
✔ resolveReviewerThinkingPin returns null when reviewer block absent (0.113125ms)
✔ resolveRulesManifestGeneratedAtMerge keeps newest generatedAt (0.589208ms)
✔ resolveRulesManifestGeneratedAtMerge fails when rules differ (0.08875ms)
✔ fingerprintRulesManifest ignores generatedAt (0.070458ms)
✔ mergeLaneToOrch clears generatedAt-only dirty rules-manifest before merge (1231.649083ms)
✔ mergeLaneToOrch auto-resolves generatedAt-only rules-manifest conflict (1205.790583ms)
✔ mergeLaneToOrch fails loud when rules[] differ (1259.844167ms)
✔ mergeLaneToOrch does not auto-resolve when other paths conflict (1322.941375ms)
✔ tryAutoResolveRulesManifestMergeConflict resolves in-progress merge (2339.038541ms)
✔ appendTaskMetric writes TaskMetricRecord JSONL line (5.014083ms)
✔ buildTaskMetricRecord includes laneNumber and durationMs when available (0.209417ms)
✔ buildTaskMetricRecord omits laneNumber when not a positive lane (0.110875ms)
✔ metrics.enabled false skips append without error (1.006459ms)
✔ resolveTaskMetricOutcome maps skipped_done_on_disk to skipped (0.123292ms)
✔ appendTaskMetric redacts secret-like fields and omits prompt text (1.334166ms)
✔ skipTaskDoneOnDisk records skipped task metric (11.549667ms)
✔ appendBatchMetric writes BatchMetricRecord JSONL line (1.35675ms)
✔ recordBatchTerminalMetric skips when metrics disabled (0.440875ms)
✔ dismissBatch appends batch metric line (737.004125ms)
✔ spine metrics show filters by batch and formats table output (8.17275ms)
✔ spine metrics show CLI filters by batch id (101.885125ms)
✔ resolveSalvageConfig defaults autoCommitOnStall to false (0.532833ms)
✔ validateSpineConfig rejects non-boolean autoCommitOnStall (0.610583ms)
✔ recordTaskFailureSalvage with autoCommitOnStall commits scoped paths on lane branch (631.601625ms)
✔ recordTaskFailureSalvage without autoCommitOnStall does not commit (378.765084ms)
✔ salvage commit refuses merge_in_progress and index_conflicts (575.922209ms)
✔ salvage commit refuses pre-commit hook failure (440.887334ms)
✔ atomic retry retains salvage WIP commit on lane branch (581.632958ms)
✔ inspectLaneSalvage scopes porcelain to file scope and task folder (195.692ms)
✔ recordTaskFailureSalvage journals inspection and writes evidence without committing (488.295542ms)
✔ writeSalvageEvidence writes pretty JSON atomically without temp files (169.141917ms)
✔ startBatch worker failure with dirty scoped file emits salvage and diagnose hint (13296.683042ms)
✔ parseSequenceArgs honors --auto-approve-gate and --force (0.531292ms)
✔ spine run sequence --auto-approve-gate dry-run succeeds under stub (393.266042ms)
✔ spine run sequence --auto-approve-gate refused for real pi without --force (402.030542ms)
✔ spine run sequence --auto-approve-gate --force dry-run succeeds for real pi (378.89125ms)
✔ validateSequenceAutoApproveGate allows stub mode without force (0.55675ms)
✔ validateSequenceAutoApproveGate blocks real pi without force (0.139291ms)
✔ validateSequenceAutoApproveGate allows real pi with force (0.068667ms)
✔ validateSequenceAutoApproveGate skips check when flag is false (0.070625ms)
✔ buildSequenceAutoApproveDoctorCheck warns for real pi (0.096417ms)
✔ buildSequenceAutoApproveDoctorCheck passes for stub mode (0.064416ms)
✔ runSequence refuses auto-approve on dry-run for real pi (1.299375ms)
✔ runSequence allows auto-approve dry-run with force on real pi (0.349666ms)
✔ readCurrentBatchLogTail returns null for missing file (0.612ms)
✔ readCurrentBatchLogTail filters to last batch session header (1.089333ms)
✔ readCurrentBatchLogTail returns full content when no header exists (0.466375ms)
✔ readCurrentBatchLogTail respects lineCount limit (0.370375ms)
✔ waitForSequenceBatchTerminal returns settled when batch completes before timeout (1023.672417ms)
✔ waitForSequenceBatchTerminal does not exit while engine PID is alive (5409.4775ms)
✔ waitForSequenceBatchTerminal returns failure diagnosis even with alive engine (4088.888916ms)
✔ isMergeBlockedBatchOutcome detects mixed-outcome and merge_blocked phases (0.569334ms)
✔ evaluateWaveTaskDependencies filters runnable tasks by satisfied deps (0.600708ms)
✔ formatSequenceWaveSkipMessage names blocked dependencies per §17.4 (0.194834ms)
✔ resolveWaveAfterMergeBlocked continues wave 1 and skips wave 2 tasks (0.174166ms)
✔ planSequenceWaveTasks skips wave when no deps are satisfied (0.106625ms)
✔ 3-wave sequence continues wave 1 after wave 0 merge_blocked and skips wave 2 (42432.002375ms)
✔ isPiSessionMetadataPath matches .pi session roots and children (1.141792ms)
✔ checkGitClean ignores untracked .pi/ session metadata (2482.377209ms)
✔ checkGitClean still fails when non-.pi paths are dirty (2348.40475ms)
✔ runSequence with only .pi/ dirty passes preflight (48273.387666ms)
✔ runSequence surfaces preflight failure on stderr-equivalent output (18998.148458ms)
✔ resolveResumeFromWave continues after last completed wave (0.51625ms)
✔ sequence persists fromWave, completedWaves, and lastBatchId after wave 0 (35743.214458ms)
✔ resume after interrupted wave 0 integrate completes remaining waves (61491.028292ms)
✔ sequence halts on wave failure with --stop-on-failure and preserves completed waves (14119.871417ms)
✔ resolveWaveTaskIds and resolveSequenceWaves honor planner waves (0.985333ms)
✔ diagnosis helpers classify settled, waiting, and failure states (0.089583ms)
✔ dry-run prints operator-equivalent land loop commands per wave (0.218083ms)
✔ 2-wave stub sequence completes with auto-approve land loop (68469.545708ms)
✔ buildSequencePlan resolves pending scope for dry-run integration (1946.532542ms)
✔ skipTask leaves phase paused when all tasks terminal without merge (6962.376125ms)
✔ skipTask clears failed segment drift for reconcile (6728.113709ms)
✔ resolveWorkerOutputConfig applies lane defaults and overrides (0.570709ms)
✔ captureWorkerOutputTail keeps last lines and marks byte truncation (0.286542ms)
✔ redactWorkerOutput applies built-in and config deny patterns (0.382375ms)
✔ runWorker stall_timeout captures stderr, persists log, journals stall_killed (5195.422541ms)
✔ collectEvidenceBundle references persisted worker output logs (75.825833ms)
✔ successful worker skips log unless retainWorkerOutputOnSuccess (5191.618291ms)
✔ SAT-020 replay: checkpoint_warning → stall_killed → salvage_inspection → task.failed (69926.127834ms)
✔ regression: stub worker still requires .DONE for batch success (15936.084917ms)
✔ recordTaskTransition writes batch-state then journal in order (938.110292ms)
✔ saveSpineBatchState leaves prior JSON intact when atomic write fails (1167.695916ms)
✔ saveGateRecord leaves prior JSON intact when atomic write fails (1030.803667ms)
✔ validateBatchState accepts healthy schema v1 state (0.781917ms)
✔ validateBatchState rejects counter drift (0.141625ms)
✔ runSpineState validate passes on archived batch-state (41.767291ms)
✔ runSpineState validate fails loud on corrupt active state (34.728875ms)
✔ computeStatusProgress derives wave and task counts from batch raw (0.862167ms)
✔ computeStatusProgress returns null without batch raw (0.086209ms)
✔ formatStatusJson includes documented progress field names (0.1455ms)
✔ spine status --json includes task and wave progress for active batch (3723.290625ms)
✔ spine status --json omits progress counts when no batch is active (1517.947084ms)
✔ reconcileBatch exposes progress fields for spine watch consumers (4572.067209ms)
✔ classifyTaskDoneSemantics distinguishes lane vs main .DONE (issue #35) (1569.502125ms)
✔ spine status --diagnose --json exposes explicit done flags mid-batch (4036.662792ms)
✔ verifyStubFileScopeMustChange fails when contract paths are unchanged (1896.053542ms)
✔ verifyStubFileScopeMustChange passes when contract path changed (2964.733084ms)
✔ verifyStubFileScopeMustChange passes for comma-in-single-backtick fileScopeMustChange (SP-396) (2577.104709ms)
✔ commitLaneWorktree rejects stub completion without fileScopeMustChange diffs (2820.627ms)
✔ commitLaneWorktree allows stub completion when fileScopeMustChange is satisfied (2688.877459ms)
✔ stub contract helpers detect release-critical contracts and legacy markers (4.895583ms)
✔ shouldEnforceStubContractAtLaneCommit uses env or legacy .DONE marker (1861.941833ms)
✔ stub cannot succeed merge/version task without file-scope changes (3521.596125ms)
✔ checkStubReleaseCritical warns when stub mode has pending fileScopeMustChange tasks (1950.175584ms)
✔ diagnosis surfaces exitReason stub for M/L legacy stub .DONE markers (1.028917ms)
✔ reconcileBatch surfaces exitReason stub for succeeded M/L tasks with legacy stub .DONE (5557.56075ms)
✔ applyStubDeliveryStatusBlock updates existing header lines (0.716041ms)
✔ applyStubDeliveryStatusBlock appends block when header lines are missing (0.099833ms)
✔ writeStubDeliveryStatusIfNeeded updates STATUS for delivery-only contracts (50.540584ms)
✔ writeStubDeliveryStatusIfNeeded skips implementation scopes (54.603042ms)
✔ stub worker auto-writes STATUS for delivery-only fileScopeMustChange (201.141958ms)
✔ stub worker does not auto-write STATUS for implementation fileScopeMustChange (166.129625ms)
✔ stub worker STATUS delivery satisfies verifyStubFileScopeMustChange (2913.309292ms)
✔ isSupervisorSpawnEnabled defaults to false (0.587125ms)
✔ resolveSupervisorPollIntervalMs uses default and honors config (0.090625ms)
✔ resolveSupervisorModel returns inherit by default (0.077542ms)
✔ shouldEmitSupervisorNudge covers actionable diagnoses (0.076583ms)
✔ buildSupervisorObservationPayload shapes reconcile fields (0.132375ms)
✔ buildSupervisorNudgePayload includes headline and suggestedCommand (0.390334ms)
✔ isSupervisorMonitorTerminal detects terminal phases and diagnoses (0.08275ms)
✔ spawnDetachedSupervisor does not spawn when disabled (1256.829291ms)
✔ enabled:true journals supervisor.started and supervisor.stopped on terminal (4758.256125ms)
✔ enabled:false produces no supervisor journal events via maybeSpawnSupervisorOnDetachedStart (1446.914709ms)
✔ killSupervisor journals supervisor.stopped and clears state (827.311ms)
✔ spawnDetachedSupervisor spawns monitor child when enabled (1561.796875ms)
✔ parseTaskSizeFromMarkdown reads Size line (1.992458ms)
✔ resolveTaskStallMinutes uses max of config and size floor (0.13475ms)
✔ resolveStallConfigForTask applies minutes to stallTimeoutMs (0.124375ms)
✔ journalTaskAwaitingFirstHeartbeat: true after task.started before lane.heartbeat (0.5775ms)
✔ journalTaskAwaitingFirstHeartbeat: false after matching lane.heartbeat (0.080916ms)
✔ detectOrphanRunning suppresses lane orphan during first-heartbeat debounce when engine alive (0.349375ms)
✔ detectOrphanRunning still reports lane orphan before heartbeat when engine is dead (0.13ms)
✔ detectOrphanRunning still reports lane orphan after first heartbeat (0.104125ms)
✔ reconcileBatch: transient dead workerPid mid-start diagnoses running not worker_orphaned (4333.165709ms)
✔ reconcileOrphanRunningState does not fail running task during debounce window (1471.56375ms)
✔ post-heartbeat dead pid still worker_orphaned with retry (4412.34825ms)
✔ hasPendingWaveMerge is true when an intermediate wave lacks mergeResults (0.673584ms)
✔ hasPendingWaveMerge is false when every terminal wave is recorded (0.444583ms)
✔ recordWaveMergeResult records forceMerged flag and updates existing wave row (0.125458ms)
✔ resolveWorkerBackend defaults to subprocess (0.630791ms)
✔ resolveWorkerBackend honors agentSession flag (0.077292ms)
✔ validateWorkerBackendConfig rejects invalid values (1.450042ms)
✔ validateSpineConfig accepts optional workerBackend (0.318334ms)
✔ settings registry validates workerBackend enum case-sensitively (0.1505ms)
✔ buildAgentSessionWorkerPrompt includes PROMPT reference and review hint (14.801ms)
✔ createStubAgentSession writes .DONE (20.194833ms)
✔ startAgentSessionWorker completes with injected mock session (1635.539125ms)
✔ runWorker uses agentSession backend with mock factory (5293.4685ms)
✔ runWorker keeps subprocess default when workerBackend unset (5167.910166ms)
✔ WORKER_BACKENDS lists supported values (0.616375ms)
✔ buildWorkerBackendDoctorCheck reports subprocess as production default (0.13575ms)
✔ buildWorkerBackendDoctorCheck warns or fails on opt-in agentSession (0.238083ms)
✔ buildWorkerBackendDoctorCheck falls back to subprocess for invalid config (0.042917ms)
✔ DIAGNOSIS_TAXONOMY includes worker_done_missing distinct from worker_orphaned and needs_retry (0.537292ms)
✔ outputIndicatesWorkerDoneMissing matches runner stderr message (0.12025ms)
✔ inferWorkerDoneMissingFailure reads task.failed payload from journal (0.186666ms)
✔ buildHeadline and buildSuggestedCommand for worker_done_missing cite worker log (0.340792ms)
✔ reconcileBatch diagnoses worker_done_missing for issue #18 journal pattern (4682.362333ms)
✔ buildDiagnosisOutput bundles worker_done_missing headline and retry command (0.240416ms)
✔ resolvePiSpineRoot defaults to pi-spine package root (0.707667ms)
✔ resolvePiSpineRoot honors development.piSpineRoot override (52.510916ms)
✔ buildWorkerChildEnv sets PI_SPINE_ROOT for worker spawn (8.915125ms)
✔ validateWorkerLaunchScriptPath requires scripts/ prefix (3.516125ms)
✔ validateWorkerLaunchScriptPath rejects traversal (1.2265ms)
✔ validateWorkerLaunchScriptPath rejects symlink escape (13.15475ms)
✔ resolveSafeWorkerLaunchScript returns default when present (5.592667ms)
✔ validateSpineConfig rejects unsafe development.workerLaunchScript (1.052208ms)
✔ DEFAULT_WORKER_LAUNCH_SCRIPT matches conventional path (0.085708ms)
✔ runWorker classifies launch script fast-fail as launch_failed (5287.223209ms)
✔ appendWorkerAgentModelArgs adds --model when configured and not inherit (0.49875ms)
✔ appendWorkerAgentModelArgs omits --model for inherit and empty (0.083708ms)
✔ appendWorkerAgentModelArgs adds --thinking when set and not off (0.066958ms)
✔ buildWorkerPiArgs includes --model cursor/auto from spine-config (97.213542ms)
✔ buildWorkerPiArgs omits --model when agents.worker.model is inherit (101.619375ms)
✔ parseWorkerDoneMarker accepts legacy empty and text markers (1.981791ms)
✔ parseWorkerDoneMarker accepts structured JSON markers (0.134417ms)
✔ parseWorkerDoneMarker rejects partial JSON markers (0.081291ms)
✔ isWorkerDoneMarkerValid mirrors parseWorkerDoneMarker (0.069083ms)
✔ writeWorkerDoneMarker writes atomic structured JSON (67.89625ms)
✔ readWorkerDoneMarker reports absent marker (8.83225ms)
✔ persistWorkerOutputLog writes atomically without temp leftovers (147.708708ms)
✔ resolveWorkerPiTimeoutMs uses per-size stall floor (0.555584ms)
✔ resolveWorkerPiTimeoutMs honors SPINE_WORKER_PI_TIMEOUT_MS override (0.103875ms)
✔ buildWorkerChildEnv sets SPINE_WORKER_PI_TIMEOUT_MS from stall budget (0.46475ms)
✔ buildPiWorkerTimeoutDoctorCheck reports stall-aligned timeout for M floor (0.182417ms)
✔ runWorker terminates hung child after .DONE and returns ok: true (10292.826792ms)
✔ runWorker pre-.DONE stall_timeout still works (5282.105167ms)
✔ buildWorkerTailPrompt includes critical-rules for JS-scoped task (70.696417ms)
✔ buildWorkerContextAsync appends config.standards end-to-end (4.619958ms)
✔ buildWorkerContextAsync emits worker.rules_selected journal event (174.10925ms)
✔ buildWorkerContextAsync falls back to static context without .cursor/rules (20.225667ms)
✔ buildReviewLevelHint delegates code and final review to engine (0.651416ms)
✔ buildCommitBoundaryHint uses SP-064 feat(taskId) convention (0.093333ms)
✔ buildDoneCheckpointHint references done path and uncommitted failure (0.182042ms)
✔ buildWorkerTailPrompt includes tools hint and task id from folder (0.535208ms)
✔ buildWorkerTailPrompt appends worker agent and PROMPT when present (172.142625ms)
✔ shouldSlideStallAnchorOnHeartbeat only slides worker_alive in pi phase (0.488625ms)
✔ computeStallDeadline slides silent stall window when lastAliveAt advances (0.191875ms)
✔ nextStallAnchorAt advances only on pi worker_alive (0.093583ms)
✔ runWorker worker_alive heartbeats extend stall deadline past initial window (15632.976584ms)
✔ runWorker silent stall still fails without heartbeats (5203.891959ms)
✔ SP-190 wedge fixture describes hung-child-after-.DONE incident (6.795625ms)
✔ SP-190 wedge class: engine completes within post-done grace (SP-193) (10201.335708ms)
✔ completeBatch removes lane worktrees and journals batch.worktrees_cleaned (5536.265041ms)
✔ dismissBatch removes lane worktrees and journals batch.worktrees_cleaned (3757.80525ms)
✔ completeBatch keeps worktree when cleanupWorktreesOnComplete is false (5036.66525ms)
✔ provisionLaneWorktree normalizes git metadata to relative posix paths (2497.79075ms)
✔ repairLaneWorktreeGitMetadata fixes broken absolute gitdir pointers (2262.565041ms)
✔ normalizeLaneWorktreeGitPaths is idempotent (1578.041708ms)
✔ validateMultiTaskResume repairs unhealthy lane worktree git metadata (1438.766208ms)
✔ validateWorktreeSetupHookPath accepts ./scripts/ prefix when file exists (62.536209ms)
✔ validateWorktreeSetupHookPath rejects ./scripts/../ traversal (56.195041ms)
✔ validateSpineConfig rejects unsafe worktreeSetupHook (1.417ms)
✔ checkWorktreeSetupHook fails preflight for unsafe hook path (32.00625ms)
✔ runWorktreeSetupHook succeeds with JSON stdout (319.336292ms)
✔ runWorktreeSetupHook throws when hook returns ok false (415.026208ms)
✔ runWorktreeSetupHook throws on malformed JSON stdout (376.712ms)
✔ runWorktreeSetupHook is no-op when hook not configured (14.051708ms)
✔ batch help helpers detect help invocations (0.545125ms)
✔ printBatchHelp returns usage text (0.120125ms)
✔ runSpineBatch exits 0 for help without starting a batch (1548.685375ms)
✔ spine batch start --help does not create batch state (1691.955459ms)
✔ isCliEntrypoint returns true when argv[1] is a symlink to the module (9.474833ms)
✔ isCliEntrypoint returns false for an unrelated script path (0.388333ms)
✔ isCliEntrypoint returns false when argv[1] is missing (0.322208ms)
✔ spine help via symlink produces stdout and exit 0 (440.777834ms)
✔ spine version via symlink produces stdout and exit 0 (2454.623416ms)
✔ HANDOFF_DEFAULTS autoWriteOn includes session_start (0.817708ms)
✔ /spine auto-writes handoff on session_start when batch needs attention (6982.239583ms)
✔ /spine skips auto-write when autoWriteOn excludes session_start (4266.104583ms)
✔ /spine skips auto-write for idle diagnosis even with session_start enabled (16702.233667ms)
✔ /spine merges default autoWriteOn when config omits handoff.autoWriteOn (7309.963584ms)
✔ formatIssueDraftMarkdown renders all issue checklist sections (1.011709ms)
✔ formatIssueDraftMarkdown applies redaction to section content (0.183208ms)
✔ buildIssueDraftBody returns title, body, and labels for idle repo (12303.682875ms)
✔ buildIssueDraftBody includes batch context and journal tail (29856.724416ms)
✔ buildIssueDraftBody maps issueType to GitHub labels (33608.461959ms)
✔ buildIssueDraftBody rejects invalid issueType (488.677042ms)
✔ buildIssueDraftBody redacts sk- token patterns in title and body (7534.725417ms)
✔ parseJournalFollowArgs reads batch, lane, and json flags (1.027875ms)
✔ resolveFollowBatchId uses reconcile then batch-state (2340.07925ms)
✔ formatJournalFollowLine uses summarizeJournalEvent (6.604041ms)
✔ formatJournalFollowOutputLine filters by lane and supports json passthrough (0.218708ms)
✔ readJournalFollowSnapshot prints header once in human mode (76.964083ms)
✔ runJournalFollow exits non-zero when journal missing (33.130666ms)
✔ runJournalFollow exits non-zero when no batch can be resolved (4.999833ms)
✔ runJournalFollow prints existing events without following (53.021875ms)
✔ runJournalFollow defaults batch from batch-state (2026.244709ms)
✔ spine journal follow exits non-zero when journal missing (247.249542ms)
✔ parseLaneNumber accepts positive integers (0.677583ms)
✔ parseLaneLogsArgs reads lane, task, batch, and follow flags (0.490708ms)
✔ extractTaskIdFromLogFilename parses worker log names (0.080959ms)
✔ resolveLaneLogPath prefers live log when present (42.562708ms)
✔ resolveLaneLogPath falls back to worker-output log (69.915959ms)
✔ findMostRecentLogTaskId picks newest log in lane directory (130.821583ms)
✔ resolveLaneLogTaskId uses explicit task id (13.961583ms)
✔ resolveLaneLogTaskId infers running task from batch state (67.058708ms)
✔ runLaneLogs exits non-zero when lane is missing (13.343958ms)
✔ runLaneLogs exits non-zero when no batch can be resolved (8.697042ms)
✔ runLaneLogs prints existing log without following (2199.647208ms)
✔ runLaneLogs prefers live log content (1690.874625ms)
✔ spine lane logs exits non-zero when log file missing (2040.83875ms)
✔ isExitVerificationTask detects exit verification headings (0.753375ms)
✔ shouldRunContractVerifyForWorker skips stub for normal tasks (0.969583ms)
✔ shouldRunContractVerifyForWorker runs stub contract for exit tasks (0.233542ms)
✔ runPhase23ExitVerify --skip-test passes structural checks in repo (36.760833ms)
✔ spine verify phase23-exit CLI is wired (16.814667ms)
✔ runScenariosList prints empty registry message (20.687791ms)
✔ runScenariosList returns sorted scenarios as JSON (19.625ms)
✔ runScenariosShow returns scenario details (10.822083ms)
✔ runScenariosShow rejects unknown scenario (11.235292ms)
✔ loadScenarioFixture reads incident fixture from registry entry (8.656583ms)
✔ loadScenarioFixture rejects recipe kind (2.192ms)
✔ materializeFixtureToProject writes batch-state and journal tail (1433.09625ms)
✔ assertMaterializeAllowed blocks when batch-state exists (836.13125ms)
✔ runScenariosMaterialize blocks active batch without --force (468.126041ms)
✔ runScenariosMaterialize writes fixture with --force (587.538959ms)
✔ runScenariosMaterialize rejects recipe scenarios (28.443292ms)
✔ spine scenarios CLI routes list and materialize (1537.339375ms)
✔ parseSequenceArgs defaults scope to pending and stopOnFailure to true (0.604917ms)
✔ parseSequenceArgs honors wave and attached flags (0.088208ms)
✔ formatSequenceResult emits JSON when requested (0.489917ms)
✔ spine run sequence pending --dry-run prints per-wave land loop commands (1785.4665ms)
✔ spine run sequence pending --dry-run --json returns structured payload (1743.786375ms)
✔ spine run sequence pending --from-wave 1 limits dry-run to later waves (1829.940084ms)
✔ runSpineSequence rejects invalid through-wave with non-zero exit (2365.730083ms)
✔ spine run pending still aliases batch start (1406.163833ms)
✔ buildSuggestedCommand for state_drift uses retry with task id (0.597834ms)
✔ buildSuggestedCommand for state_drift while running suggests pause then retry (0.079ms)
✔ buildSuggestedCommand for state_drift without task id falls back to diagnose (0.06775ms)
✔ assembleHandoffData returns idle shape when no active batch (1347.3615ms)
✔ assembleHandoffData includes reconciliation fields for active batch (3828.505666ms)
✔ assembleHandoffData redacts secret-like payload fields in journal tail (4797.717542ms)
✔ paused batch handoff lists pending tasks and spine batch resume (4157.841084ms)
✔ renderHandoffMarkdown matches golden snapshot structure (4142.518083ms)
✔ redactHandoffText removes KEY TOKEN and SECRET value patterns (0.240166ms)
✔ recordHandoffWritten appends handoff.written journal event (1185.135292ms)
✔ handleNext appends handoff path hint when handoff file exists (3988.862958ms)
✔ runSpineHandoff --json writes handoff file and returns structured output (3944.228625ms)
✔ runInit copies rules profile, discovers manifest, standards default [] (24.571375ms)
✔ runInit dry-run plans rules files without writing (4.280125ms)
✔ rules-manifest.json is not listed in .gitignore (0.405875ms)
✔ parseIssueDraftArgs applies defaults and flags (0.694625ms)
✔ buildIssueDraftBody works in idle repo without batch context (13716.033458ms)
✔ runSpineIssueDraft writes draft file and prints human output by default (12202.003792ms)
✔ runSpineIssueDraft --json returns structured payload without writing file (11634.562292ms)
✔ runSpineIssueDraft --create fails clearly when gh is missing (1936.954ms)
✔ runSpineIssue rejects unknown subcommands (1394.362209ms)
✔ spine issue draft routes through spine.mjs help and dispatch (15100.788166ms)
✔ buildIssueDraftBody redacts secret-like values (10338.744125ms)
✔ get-version helpers use spawnSync without shell (57.435709ms)
✔ spine help and version route through thin CLI entry (2152.278125ms)
✔ spine rejects unknown commands (276.122833ms)
✔ router dispatches plan, status, batch, gate, and integrate (3178.982625ms)
✔ spine rules --help lists subcommands (384.783083ms)
✔ runSpineRules discover writes manifest in initialized project (1267.866292ms)
✔ runSpineRules select rejects invalid PROMPT before manifest check (1252.632125ms)
✔ runSpineRules select uses validated file scope (1992.425708ms)
✔ runSpineRules select requires manifest (1408.577417ms)
✔ spine rules sync via CLI exits zero in pi-spine repo (295.726208ms)
✔ parseRulesArgv defaults role to worker (0.122792ms)
✔ parseRulesArgv requires review-type for reviewer role (0.311ms)
✔ runSpineRules select worker default unchanged (1064.513958ms)
✔ runSpineRules select reviewer plan uses PROMPT file scope (1346.350709ms)
✔ runSpineRules select reviewer final returns empty scope (1126.88225ms)
✔ runSpineRules select reviewer code honors baseline (2113.622375ms)
✔ parseUntilDiagnoses accepts land-loop pseudo diagnoses (0.946041ms)
✔ parseUntilDiagnoses still rejects unknown diagnoses (0.247666ms)
✔ deriveWaitPseudoDiagnoses detects gate_open from integrate gate approve suggestion (0.095542ms)
✔ deriveWaitPseudoDiagnoses detects post_merge_limbo before gate opens (0.064208ms)
✔ reconciliationMatchesUntil matches gate_open pseudo diagnosis (0.100458ms)
✔ reconciliationMatchesUntil matches taxonomy diagnosis unchanged (0.058708ms)
✔ sanitizeRetrySuggestedCommand replaces bare retry --force with task id (0.088917ms)
✔ sanitizeRetrySuggestedCommand falls back to diagnose without task id (0.078916ms)
✔ buildSuggestedCommand for state_drift never suggests bare retry --force (0.202709ms)
✔ buildSuggestedCommand sanitizes stale salvage retry --force payloads (0.157875ms)
✔ spine status prints macro phase for idle repo (1932.286375ms)
✔ spine status prints macro phase for active batch (4115.939958ms)
✔ spine status --diagnose verbose signals include macroPhase (3940.377792ms)
✔ spine status --json includes macroPhase fields (3842.793542ms)
✔ parseDurationMs accepts plain seconds and suffix forms (0.854125ms)
✔ parseDurationMs rejects invalid values (0.2595ms)
✔ parseUntilDiagnoses parses comma-separated diagnoses (0.472ms)
✔ parseUntilDiagnoses rejects unknown diagnoses (0.1075ms)
✔ parseUntilDiagnoses accepts gate_open pseudo diagnosis (0.073417ms)
✔ parseWaitArgs requires --until and applies defaults (0.100833ms)
✔ parseWaitArgs accepts timeout interval and json (0.0785ms)
✔ parseWaitArgs rejects unknown flags (0.065417ms)
✔ diagnosisMatchesUntil matches only non-null diagnoses in set (0.072917ms)
✔ runSpineWait exits 0 when gate_open pseudo diagnosis matches (0.270875ms)
✔ reconciliationMatchesUntil matches gate_open without taxonomy diagnosis (0.071375ms)
✔ runSpineWait exits 0 when diagnosis matches (1.422583ms)
✔ runSpineWait exits 1 on timeout and emits final json snapshot (0.176167ms)
✔ runSpineWait polls until diagnosis changes (0.140458ms)
✔ spine wait --json exits 0 when diagnosis matches fixture (4506.982625ms)
✔ spine wait times out with exit 1 (4226.967291ms)
✔ spine wait rejects missing --until (410.810792ms)
✔ spine help lists wait command (148.657792ms)
✔ parseWatchArgs defaults (0.625084ms)
✔ parseWatchArgs accepts interval json and once (0.080625ms)
✔ parseWatchArgs rejects invalid interval (0.467625ms)
✔ parseWatchArgs rejects unknown flags (0.266916ms)
✔ formatWatchHumanLine renders compact reconcile summary (0.141167ms)
✔ formatWatchHumanLine uses idle placeholders when batch absent (0.13725ms)
✔ buildWatchSnapshot includes core fields and progress block when present (0.540958ms)
✔ buildWatchSnapshot prefers explicit progress object (0.267292ms)
✔ runSpineWatch --once human mode prints one line (0.275459ms)
✔ runSpineWatch --once json mode prints NDJSON snapshot (0.210791ms)
✔ runSpineWatch polls until once breaks loop without extra reconcile calls (0.120542ms)
✔ spine watch --once integrates with reconcileBatch in idle repo (1630.199ms)
✔ spine watch --json --once emits reconcile snapshot for active batch (3980.810917ms)
✔ spine watch rejects invalid interval (259.589ms)
✔ spine help lists watch command (303.685209ms)
✔ DIAGNOSIS_TAXONOMY includes needs_replan (0.545041ms)
✔ needs_replan diagnosis messaging matches handoff §9.1 shape (0.687208ms)
✔ buildDiagnosisOutput bundles needs_replan operator fields (0.134625ms)
✔ deriveDiagnosis prefers needs_replan over needs_retry for replan failures (0.292792ms)
✔ needs_replan blocks needs_merge diagnosis when replan task remains (0.07975ms)
✔ reconcileBatch surfaces needs_replan with edit-PROMPT suggestion (3888.519834ms)
✔ I-01 progress signals extend stall deadline past hard timeout (0.658708ms)
✔ I-02 spine batch retry resets task and segment with pendingSegments > 0 (1119.507417ms)
✔ I-03 spine state validate rejects corrupt batch-state (45.099459ms)
✔ I-04 spine batch abort archives batch-state before clearing active file (1359.882708ms)
✔ I-05 wave merge blocked on failed/pending tasks; force-merge override exists (793.091667ms)
✔ I-06 retry refused while batch phase is executing or merging (1388.649083ms)
✔ I-07 stall logic uses STATUS, lane commit, and file-scope mtime signals (802.89875ms)
✔ I-08 post-mortem does not claim success when failures exist (3891.677083ms)
✔ I-09 CONTEXT documents serial bootstrap and preflight execution policy (0.943667ms)
✔ I-10 runStepReview fail-closed when review tool unavailable at level > 0 (57.510584ms)
✔ CONFIG_V2_SECTION_DEFAULTS match handoff §6.2 (0.88675ms)
✔ applyConfigDefaults merges missing v2 sections without overwriting existing keys (0.222333ms)
✔ loadSpineConfig merges defaults for legacy config missing v2 keys (29.246709ms)
✔ init scaffold includes v2 config sections from template (32.773292ms)
✔ CONTRACT_DEFAULTS match handoff §3.1 (0.910625ms)
✔ applyConfigDefaults merges contract section (0.934041ms)
✔ validateContractConfig rejects invalid mode (0.176542ms)
✔ validateContractConfig rejects non-array legacyTaskIdPrefixes (0.06875ms)
✔ validateSpineConfig accepts valid contract block (0.233542ms)
✔ validateSpineConfig rejects invalid contract.mode via validateSpineConfig (0.065208ms)
✔ discoverCursorRules returns empty manifest when rules root is missing (28.729791ms)
✔ discoverCursorRules excludes brutal-audit rules via profile patterns (47.850375ms)
✔ discoverCursorRules records parse warn entries in manifest rules (27.23125ms)
✔ discoverCursorRules manifest round-trip via atomic write (24.435791ms)
✔ classifyCursorRuleSpineClass prefers always over globs (0.229958ms)
✔ getCursorRuleExclusionReason matches excludeRelPaths exactly (0.180541ms)
✔ expandFileScopeProbes returns empty for empty scope (1.140291ms)
✔ expandFileScopeProbes adds synthetic probes for dir/* and dir/** (0.247291ms)
✔ expandFileScopeProbes keeps literal file paths (0.7385ms)
✔ expandFileScopeProbes expands in-path wildcards (0.081584ms)
✔ ruleGlobsMatchFileScope is false for empty file scope (0.110084ms)
✔ ruleGlobsMatchFileScope matches **/* when file scope is non-empty (0.105291ms)
✔ ruleGlobsMatchFileScope matches JS globs against mjs scope (0.569958ms)
✔ ruleGlobsMatchFileScope matches scope glob entries against rule globs (0.840208ms)
✔ parseCursorRuleFrontmatter returns skip when frontmatter missing (3.432833ms)
✔ parseCursorRuleFrontmatter parses array globs fixture (2.122208ms)
✔ parseCursorRuleFrontmatter splits comma-separated globs (0.454916ms)
✔ parseCursorRuleFrontmatter treats empty globs array as no patterns (0.99925ms)
✔ parseCursorRuleFrontmatter defaults missing globs key to empty array (0.554917ms)
✔ parseCursorRuleFrontmatter coerces alwaysApply booleans (0.855166ms)
✔ parseCursorRuleFrontmatter matches repo comma-separated task authoring layout (0.188125ms)
✔ parseCursorRuleFrontmatter matches general-llm alwaysApply true layout (0.092334ms)
✔ parseCursorRuleFrontmatter matches audit-workflow empty globs layout (0.120667ms)
✔ parseCursorRuleFrontmatter warns on invalid alwaysApply and bad globs (0.202167ms)
✔ DEFAULT_RULES_PROFILE seeds worker include and discovery excludes (0.58825ms)
✔ loadRulesProfile returns built-in defaults when file missing (47.8915ms)
✔ mergeRulesProfile applies neverInclude over alwaysInclude (0.499125ms)
✔ mergeRulesProfile applies reviewer defaults when file omits reviewer (0.201417ms)
✔ mergeRulesProfile applies reviewer neverInclude over alwaysInclude (0.663542ms)
✔ loadRulesProfile rejects invalid JSON with RULES_PROFILE_INVALID (89.940666ms)
✔ validateRulesProfile rejects unsupported profileVersion (0.501875ms)
✔ loadRulesProfile merges partial file overrides (66.663083ms)
✔ validateRulesProfile rejects schema and path traversal errors (0.381875ms)
✔ loadRulesProfile rejects validated file errors (33.672958ms)
✔ selectRulesForReviewer returns empty when reviewer.enabled is false (5.200083ms)
✔ selectRulesForReviewer never selects taskplane-worker-cursor.mdc (0.406625ms)
✔ selectRulesForReviewer selects glob rules when scopePaths match (0.651625ms)
✔ selectRulesForReviewer appends standards without duplicates (0.222792ms)
✔ selectRulesForReviewer respects neverLoad (0.1255ms)
✔ selectRulesForReviewer uses profile.reviewer.maxRules cap (8.454708ms)
✔ context path helpers round-trip under .cursor/rules (0.596708ms)
✔ selectRulesForWorker includes alwaysInclude and always-class rules (1.489208ms)
✔ selectRulesForWorker selects JS globs and excludes Swift for JS-only scope (14.890208ms)
✔ selectRulesForWorker matches OWASP for bin/*.mjs scope via scope glob (0.250708ms)
✔ selectRulesForWorker appends standards without duplicates (0.2065ms)
✔ selectRulesForWorker respects neverLoad and neverInclude (0.121708ms)
✔ selectRulesForWorker exports journal-friendly entries shape (0.097792ms)
✔ normalizeTasksRootFromEnv accepts relative and rejects parent traversal (0.652625ms)
✔ applyEnvOverrides: SPINE_MAX_LANES overrides file value (0.298458ms)
✔ applyEnvOverrides: SPINE_TASKS_ROOT overrides paths.tasksRoot (0.102625ms)
✔ applyEnvOverrides rejects invalid SPINE_MAX_LANES (0.140208ms)
✔ loadSpineConfig applies env overrides after file load (778.209458ms)
✔ SPINE_TASKS_ROOT env discovers tasks under alternate root in plan (2177.425125ms)
✔ spine settings show reports env source for overridden lanes.maxParallel (1627.392291ms)
✔ runDoctorChecks lists effective config with env source (12545.662833ms)
✔ DEFAULT_REVIEWER_CONTEXT_BYTE_CAP is 16KiB (0.515583ms)
✔ buildReviewerContext skips when .cursor/rules is missing (4.585708ms)
✔ buildReviewerContext does not inject referenceDocs (20.334833ms)
✔ buildReviewerContext truncates at byte cap (112.652875ms)
✔ buildReviewerContext emits reviewer.rules_selected journal event (156.839125ms)
✔ buildReviewerContext degrades gracefully on invalid rules profile (251.246958ms)
✔ buildReviewerContext selects rules for scoped plan review (155.316959ms)
✔ emitReviewerRulesSelected is no-op without journal context (0.357917ms)
✔ SETTINGS_FIELDS lists editable paths including reviewer per-type pins (1.1085ms)
✔ listEditableFields returns shallow copies (0.129667ms)
✔ parseSettingPath rejects unknown path (0.138041ms)
✔ parseSettingPath accepts registered path (0.068041ms)
✔ lanes.maxParallel accepts valid integer and coerces string (0.14575ms)
✔ lanes.maxParallel rejects below min and above max (0.073083ms)
✔ gates.requireBeforeIntegrate accepts booleans and CLI strings (0.149875ms)
✔ agents.worker.model accepts inherit and optional empty (0.073083ms)
✔ agents.worker.thinking accepts enum values case-insensitively (0.111667ms)
✔ agents.reviewer.model accepts inherit and optional empty (9.33725ms)
✔ agents.reviewer.thinking accepts inherit and enum values (0.128375ms)
✔ agents.reviewer.plan.model accepts per-type override values (0.065583ms)
✔ agents.reviewer.code.thinking accepts per-type inherit (0.053625ms)
✔ dashboard.port accepts valid port range (0.077667ms)
✔ lanes.workerBackend accepts registered enum values (7.456208ms)
✔ validateSettingValue rejects unknown path (0.184958ms)
✔ src/cli and src/migrate do not import from bin/ (46.226209ms)
✔ src/** has no bin/ imports (88.650667ms)
✔ spine-config template defaults mirror package.json script patterns (2.227375ms)
✔ init applies testing defaults including coverage command (65.64525ms)
✔ dogfood spine-config has non-empty testing fields (1.21225ms)
✔ buildTestingEvidenceDoctorChecks warns on empty build when collectBuildEvidence (0.529541ms)
✔ buildTestingEvidenceDoctorChecks warns on empty test when collectTestEvidence (1.684708ms)
✔ buildTestingEvidenceDoctorChecks passes when commands configured (0.461958ms)
✔ buildTestingEvidenceDoctorChecks treats collectTestEvidence default as enabled (0.084ms)
✔ SPINE_GITIGNORE_ENTRIES includes run-metrics.jsonl (0.462709ms)
✔ ensureGitignoreEntries adds run-metrics path on fresh init (54.726292ms)
✔ isMergeOriginMainTask detects merge-origin-main packet shapes (1.069459ms)
✔ checkOrchMergeConflictWarn passes without pending merge-origin-main tasks (4994.130375ms)
✔ checkOrchMergeConflictWarn warns on PRD + manifest divergence with merge-origin-main pending (4709.821958ms)
✔ runBatchPreflight and plan check surface orch merge conflict warning (11841.105417ms)
✔ checkPrelandedFileScopeWarn passes when no stale pending tasks (2786.328125ms)
✔ checkPrelandedFileScopeWarn warns for prelanded fileScopeMustChange (2772.3135ms)
✔ listPrelandedFileScopeStaleTasks reports multiple stale pending tasks (3113.483792ms)
✔ runBatchPreflight and plan check surface prelanded file-scope warning (6511.200875ms)
✔ checkGitClean passes when only metrics file has append-only drift (2575.46725ms)
✔ checkGitClean fails when metrics file content is truncated (1945.628083ms)
✔ checkGitClean passes when metrics file is gitignored and not tracked (1330.188667ms)
✔ runDoctorChecks warns when metrics file is git-tracked (13370.058583ms)
✔ tsconfig.batch.json scopes checkJs hot paths (20.650708ms)
✖ npm run typecheck validates extensions and batch hot paths (8618.264875ms)
✔ normalizeContextPathList rejects non-arrays (0.949417ms)
✔ buildWorkerContext honors neverLoad and byte cap (13.474542ms)
✔ buildWorkerTailPrompt injects configured standards (16.105083ms)
✔ buildWorkerContextAsync uses auto selection when cursor rules exist (32.656083ms)
✔ spine init defaults standards to [] for auto-discovery (SP-093) (56.064834ms)
✔ validateSpineConfig rejects invalid referenceDocs (0.258041ms)
✔ loadContextDocEntries stops at byte cap (7.343ms)
✔ DEFAULT_WORKER_CONTEXT_BYTE_CAP is 32KiB (0.143083ms)
✔ validateWorkerLaunchScriptPath accepts ./scripts/ prefix when file exists (10.192084ms)
✔ validateWorkerLaunchScriptPath rejects ./scripts/../ traversal (2.353ms)
✔ COVERAGE_THRESHOLD is 77 (0.629ms)
✔ COVERAGE_INCLUDES scopes src, bin, and extensions (0.54225ms)
✔ FILE_COVERAGE_THRESHOLDS enforces slash-commands.ts floor (0.091125ms)
✔ TEST_GLOBS has bidirectional parity with package.json test script (2.0515ms)
✔ parseAggregateLineCoverage reads all files line percent (0.19525ms)
✔ parseAggregateLineCoverage returns null when summary missing (0.178584ms)
✔ parseAggregateLineCoverage reads coverage:check summary line (0.079125ms)
✔ parsePerFileLineCoverage reads per-file rows (0.315083ms)
✔ findFileCoverageFailures reports missing and below-threshold files (0.394333ms)
✔ formatDashboardStartupMessage includes URL, port, and operator hints (0.656292ms)
✔ formatDashboardStartupMessage notes --port source (0.109333ms)
✔ resolveDashboardPortWithSource prefers CLI over config (1373.2175ms)

pi-spine dashboard

  Open in browser: http://127.0.0.1:61112/
  Listen:          127.0.0.1:0 (--port)

  While running:   keep this terminal open; dashboard updates via SSE (~2s)

  In another terminal:
    spine status
    spine batch start <task-id>

  → Open http://127.0.0.1:61112/ in your browser

  API:  http://127.0.0.1:61112/api/snapshot
        http://127.0.0.1:61112/api/events

  Stop: Ctrl+C

✔ runSpineDashboard writes startup to stdout before shutdown (1609.626125ms)
✔ spine dashboard CLI prints URL before process exits (4370.927ms)
✔ emptyLaneThroughputStats returns zeroed task-based fields (1.877375ms)
✔ computeThroughputTasksPerHour is task-based and guards zero elapsed (0.116833ms)
✔ deriveLaneThroughputStats counts completed and failed journal events per lane (3.589041ms)
✔ deriveLaneThroughputStats includes open running task elapsed through now (0.111125ms)
✔ deriveLaneThroughputStats prefers run-metrics duration when present (0.129958ms)
✔ deriveLaneThroughputStats falls back to journal when metrics missing (0.0865ms)
✔ deriveLaneThroughputStats maps tasks by laneNumber when lane metadata is sparse (0.086416ms)
✔ deriveLanesThroughput returns isolated stats per lane (0.154292ms)
✔ summarizeLaneThroughput aggregates counts and recomputes rate from totals (0.121708ms)
✔ NFR-OBS-02: dashboard SSE poll interval defaults to 2s (0.531ms)
✔ parity: idle — no batch (1604.115541ms)
✔ parity: running batch (6321.265625ms)
✔ parity: needs_retry (6223.66725ms)
✔ parity: limbo_stale (5841.365417ms)
✔ parity: completed_manual after manual merge (8025.643041ms)
✔ parity: needs_integrate (9526.878792ms)
✔ parity: completed after integrate (5869.947084ms)
✔ parity: failed phase still reconciles consistently (4532.515ms)
✔ assertLoopbackHost throws for 0.0.0.0 (0.638583ms)
✔ formatSseDataFrame valid data: line (0.211291ms)
✔ dashboard server serves browser view-model dependency graph (1211.546375ms)
✔ dashboard server serves snapshot and one SSE frame (1522.977083ms)
✔ resolveLaneActivityPhase: heartbeat pi → worker (1.647584ms)
✔ resolveLaneActivityPhase: open code review.started → code review (0.1625ms)
✔ resolveLaneActivityPhase: open final review.started → final review (0.075125ms)
✔ resolveLaneActivityPhase: closed review.started falls through to worker heartbeat (0.07775ms)
✔ resolveLaneActivityPhase: lane.completed code_rework → rework (0.074625ms)
✔ resolveLaneActivityPhase: no active tasks → em dash (0.058208ms)
✔ buildLaneRows exposes activityPhase fields (1.444666ms)
✔ computeActiveTaskIdsForLane returns running/pending tasks in current wave only (0.93375ms)
✔ computeRunningTaskIdForLane returns at most one running task in current wave (0.116333ms)
✔ computeQueuedTaskIdsForLane returns pending tasks in lane.taskIds order (0.082333ms)
✔ buildLaneRows exposes runningTaskId, queuedTaskIds, and deprecated activeTaskIds union (0.759625ms)
✔ buildLaneRows exposes activeTaskIds separate from batch assignment (0.175583ms)
✔ buildLaneRows attaches per-lane throughput stats from journal (1.731333ms)
✔ resolveLaneHeartbeatMeta reads latest lane heartbeat kind and phase (2.32375ms)
✔ formatLaneHeartbeatDisplay shows launching instead of age (0.149709ms)
✔ dashboard snapshot exposes launching heartbeat display from journal (4341.7795ms)
✔ buildDefaultViewStatus exposes gate missing affordance for needs_integrate (0.256333ms)
✔ idle snapshot diagnosis null matches reconcile (1273.96025ms)
✔ running batch fixture has lanes and waves (3415.071667ms)
✔ truncateWorktreePath keeps trailing segments (0.303ms)
✔ classifyLaneStatus stale when heartbeat old (0.11375ms)
✔ classifyLaneStatus does not mark lane completed when doneInLane but cache pending under engine_orphaned (0.134708ms)
✔ buildWaveProgress marks prior waves completed (0.112791ms)
✔ buildWaveProgress marks last wave completed when all tasks terminal-success (0.0815ms)
✔ buildWaveProgress keeps in-flight current wave active (0.060375ms)
✔ resolveTailActivityFromJournal reads latest matching journal event (0.157584ms)
✔ diagnosisBadgeClass maps needs_integrate separately from running (0.701917ms)
✔ idle snapshot uses reconcile headline (0.537625ms)
✔ buildActionChips exposes copyable primary and alternatives (0.224542ms)
✔ needs_integrate banner ignores completed phase for badge color (0.098458ms)
✔ needs_integrate without gate record shows default gate affordance (0.149792ms)
✔ buildDashboardViewModel includes all §16.1 panels (9.631042ms)
✔ buildLaneTableModel exposes throughput columns for lanes (0.140375ms)
✔ buildLaneTableSummaryModel aggregates when multiple lanes present (0.105709ms)
✔ buildLaneTableSummaryModel is null for single lane (0.068292ms)
✔ lane-throughput-multi-lane fixture drives throughput column values (19.532209ms)
✔ lane-throughput-multi-lane fixture documents SP-327 throughput field contract (1.711792ms)
✔ buildLaneTableModel exposes heartbeatDisplay for launching lanes (0.144333ms)
✔ dashboard.js uses heartbeatDisplay without double-formatting (2.515167ms)
✔ buildBannerModel uses finalizing badge and macro phase during tail state (0.403792ms)
✔ buildBannerModel reflects gating macro phase during post-merge tail (0.332083ms)
✔ buildBannerModel keeps running badge when workers are active (0.107667ms)
✔ resolveTailActivityLabel prefers recent journal over macro phase during tail (0.195ms)
✔ buildTailActivityModel exposes lane table subline when lanes are idle during tail (0.11475ms)
✔ resolveTailActivityLabel returns null when running task is active (0.04575ms)
✔ dashboard.js renders lane table tail activity footer row (0.53125ms)
✔ banner uses diagnosis badge class, not macro phase (0.056167ms)
✔ resolveStaticAsset serves dashboard public files and view.mjs (3.756ms)
✔ dashboard server GET / returns HTML shell (1494.18425ms)
✔ running batch view model exposes journal for bottom panel (0.478125ms)
✔ idle snapshot has empty journal via idle flag (0.099125ms)
✔ buildLaneDetailModel exposes recent events and log tail (0.061666ms)
✔ buildLaneTableModel includes lane detail on each row (0.062292ms)
✔ buildLaneRecentEvents returns last five lane-scoped journal entries (0.110083ms)
✔ buildJournalModel filters by lane id (0.052334ms)
✔ buildJournalLaneFilterOptions lists lane ids (0.492083ms)
✔ buildLaneRows attaches recentEvents and logTail from snapshot inputs (1271.193334ms)
✔ resolveLaneWorkerLog prefers live log over terminal output (1292.911834ms)
✔ dashboard.js builds gate status without innerHTML (1.474375ms)
✔ dashboard.js uses textContent for gate status badge and kind label (0.270291ms)
✔ dashboard HTML exposes lane detail and journal lane filter hooks (1.033958ms)
✔ dashboard server HTML includes journal lane filter (1349.471166ms)
✔ spineAgentsUseInherit is true when worker or reviewer effective pin inherits (0.608875ms)
✔ formatReviewerEffectivePins shows resolved per-type model and thinking (0.174666ms)
✔ buildReviewerPerTypePinsDoctorCheck reports effective per-type pins (0.089417ms)
✔ resolvePiDefaultProvider prefers project settings over global (91.564625ms)
✔ buildAgentModelInheritDoctorCheck warns on inherit + lmstudio (0.35ms)
✔ buildAgentModelInheritDoctorCheck passes when models pinned (0.083708ms)
✔ buildAgentModelInheritDoctorCheck passes when inherit but pi not lmstudio (0.073292ms)
✔ readPiSettingsFile returns null for missing or invalid JSON (0.2295ms)
✔ countMediumLargeTasks counts only M and L sizes with per-size breakdown (14.192125ms)
✔ buildBatchSizeGuidanceWarning returns null below threshold (5.026666ms)
✔ buildBatchSizeGuidanceWarning M-only batch does not mention L (9.036917ms)
✔ formatPlanHuman appends batch size guidance warning (7.262375ms)
✔ buildBatchSizeGuidanceWarning mixed batch shows both M and L counts (9.566875ms)
✔ appendBatchSizeGuidanceToPlanOutput skips warning in stub mode (9.985125ms)
✔ isPiWebAccessPackageSource matches npm and path entries (0.704208ms)
✔ detectPiWebAccessExtensionConflict flags npm plus local checkout (8.5605ms)
✔ detectPiWebAccessExtensionConflict ok with single source (1.599291ms)
✔ buildPiExtensionConflictDoctorCheck warns with actionable command (1.5705ms)
✔ shouldWorkerUsePiNoExtensions mirrors conflict assessment (2.65475ms)
✔ isPiExtensionConflictOutput detects worker spawn conflict text (0.175875ms)
✔ resolvePiPackageSourcePath resolves npm and relative entries (0.0785ms)
✔ readPiPackageSources returns empty for missing settings (0.470083ms)
✔ isAuthErrorText detects authentication failures (0.765334ms)
✔ parsePiListModelsRows and listModelsForProvider filter by provider (0.831541ms)
✔ resolveModelIdForProvider prefers defaultModel when provider matches (0.097ms)
✔ buildInheritProviderAuthDoctorCheck passes when agents pinned to cursor/auto (0.204ms)
✔ buildInheritProviderAuthDoctorCheck passes when inherit resolves to cursor (0.115958ms)
✔ buildInheritProviderAuthDoctorCheck fails when probe reports 401 (72.444458ms)
✔ buildInheritProviderAuthDoctorCheck fails when provider has no authenticated models (48.9495ms)
✔ probeInheritProviderAuth succeeds when list and probe pass (61.695458ms)
✔ INTEGRATE_DEFAULTS match issue #91 config sketch (0.884334ms)
✔ applyConfigDefaults merges integrate section (0.215209ms)
✔ buildConcurrentDevDoctorCheck passes with no active batch (1702.072084ms)
✔ buildConcurrentDevDoctorCheck passes when human is on a feature branch (6328.433167ms)
✔ buildConcurrentDevDoctorCheck warns on active batch + dirty main (warn mode) (6684.149375ms)
✔ buildConcurrentDevDoctorCheck fails on active batch + dirty main (block mode) (7200.812791ms)
✔ buildConcurrentDevDoctorCheck passes when allowHumanOnBaseBranch=allow (1511.207917ms)
✔ runDoctorChecks surfaces concurrent-dev warning when configured (21502.127625ms)
✔ isDisplayLabel matches pi TUI display labels (0.968125ms)
✔ isDisplayLabel rejects canonical ids and invalid strings (0.08175ms)
✔ displayLabelToCanonical converts to provider/model (0.086375ms)
✔ displayLabelToCanonical returns null for non-labels (0.071916ms)
✔ isCanonicalModelId validates provider/model format (0.124708ms)
✔ isCanonicalModelId rejects non-canonical strings (0.065333ms)
✔ normalizeModelId passes canonical ids through (0.083833ms)
✔ normalizeModelId converts display labels to canonical (0.070958ms)
✔ normalizeModelId passes special values through (0.487542ms)
✔ normalizeModelId rejects unrecognized formats (0.169375ms)
✔ normalizeModelId rejects non-string input (0.075166ms)
✔ validateModelIdFormat accepts canonical ids (0.102084ms)
✔ validateModelIdFormat accepts special values and non-strings (0.069125ms)
✔ validateModelIdFormat flags display labels with canonical hint (0.06625ms)
✔ validateModelIdFormat flags unrecognized formats (0.05425ms)
✔ buildAgentModelIdsDoctorCheck passes when all pins are canonical (0.138459ms)
✔ buildAgentModelIdsDoctorCheck fails when display label is in config (0.125625ms)
✔ buildAgentModelIdsDoctorCheck fails on invalid format (0.077125ms)
✔ buildAgentModelIdsDoctorCheck passes when no models configured (0.051875ms)
✔ buildAgentModelIdsDoctorCheck skips inherit and empty values (0.060625ms)
✔ settings set normalizes display label to canonical id (0.538167ms)
✔ settings set passes canonical id through unchanged (0.188375ms)
✔ settings set rejects invalid model id format (0.071125ms)
✔ settings set allows inherit for model fields (0.074625ms)
✔ settings set rejects invalid model id in JSON mode (0.075917ms)
✔ settings set normalizes worker model display label (0.075208ms)
✔ settings set normalizes per-type reviewer model display label (0.09025ms)
✔ fingerprintRulesManifest ignores generatedAt (0.582667ms)
✔ buildRulesManifestDoctorCheck warns when manifest missing (40.530042ms)
✔ buildRulesManifestDoctorCheck warns when manifest stale (43.593791ms)
✔ resolveSpineOnPath uses which by default (0.636375ms)
✔ readPackageVersion reads package.json version (0.508125ms)
✔ buildStalePathDoctorCheck warns when spine not on PATH (0.188417ms)
✔ buildStalePathDoctorCheck ok when PATH matches package bin (0.127833ms)
✔ buildStalePathDoctorCheck warns on version mismatch (1.017042ms)
✔ buildStalePathDoctorCheck warns on mtime mismatch only (5.006959ms)
✔ isStalePathSpineBlocking true only for stale PATH label (0.105917ms)
✔ isStalePathSpinePreflightBlocking requires version mismatch detail (0.08ms)
✔ readSpineCliVersion parses spine --version output (2070.414167ms)
✔ resolveInProgressSpineBatchId returns batchId for running batch (1608.577792ms)
✔ resolveInProgressSpineBatchId returns null for completed batch (857.157334ms)
✔ listStaleSpineWorktreeBatchIds flags dirs without matching active batch (1272.166458ms)
✔ buildStaleWorktreesDoctorCheck warns on stale worktree dirs (897.17575ms)
✔ buildStaleWorktreesDoctorCheck passes when only active batch dir exists (1516.99325ms)
✔ runDoctorChecks includes stale worktrees warning (23088.5345ms)
✔ buildStallConfigDoctorCheck warns when stall timeout unset for real pi (0.628833ms)
✔ buildStallConfigDoctorCheck passes when stall timeout configured high (0.095667ms)
✔ isStubWorkerMode respects SPINE_WORKER_STUB (0.077833ms)
✔ resolveConfiguredStallMinutes returns null when missing (0.067625ms)
✔ suggestMaxParallel(4) → 2 (0.510084ms)
✔ suggestMaxParallel(8) → 4 (0.0595ms)
✔ suggestMaxParallel(1) → 1 (0.083917ms)
✔ suggestMaxParallel(2) → 1 (0.053292ms)
✔ buildMaxParallelDoctorCheck warns when configured exceeds suggested + 1 (0.208916ms)
✔ buildMaxParallelDoctorCheck no warning when configured matches suggested (0.069542ms)
✔ buildMaxParallelDoctorCheck no warning at default 3 when suggested is 2 (4-core) (0.057ms)
✔ supervisor settings paths are registered (0.587166ms)
✔ agents.supervisor.enabled accepts booleans and CLI strings (0.26525ms)
✔ agents.supervisor.pollIntervalMs enforces minimum 1000ms (0.165292ms)
✔ agents.supervisor.model accepts inherit and optional empty (0.085333ms)
✔ agents.supervisor.autoNudge accepts booleans (0.06375ms)
✔ buildSupervisorConfigDoctorCheck passes when disabled (0.124166ms)
✔ buildSupervisorConfigDoctorCheck fails when enabled and template missing (9.281083ms)
✔ buildSupervisorConfigDoctorCheck fails when enabled and model invalid (27.589625ms)
✔ buildSupervisorConfigDoctorCheck passes when enabled with template and valid model (34.5145ms)
✔ collectTaskPacketSizeIssues flags XL and too many steps on pending packet (3.253542ms)
✔ collectTaskPacketSizeIssues ignores tasks with .DONE (5.437333ms)
✔ classifyBatchStateSource uses path and content markers (3.657458ms)
✔ assessOrchestratorCoexistence passes when no batch-state files (1194.424792ms)
✔ assessOrchestratorCoexistence fails on active Taskplane batch in .pi (6126.487125ms)
✔ assessOrchestratorCoexistence fails when spine and Taskplane batches both active (11610.189292ms)
✔ buildCoexistencePreflightCheck blocks spine start when Taskplane batch active (8285.377167ms)
✔ runBatchPreflight fails with orchestrator-coexistence when Taskplane batch active (9163.102292ms)
✔ runDoctorChecks reports mutual exclusion failure for Taskplane batch (14458.090834ms)
✔ buildCoexistenceDoctorCheck passes when only pi-spine batch is active (2048.690167ms)
✔ buildWorktreeHealthDoctorCheck passes with no worktrees (1248.377167ms)
✔ buildWorktreeHealthDoctorCheck flags absolute gitdir (1149.115625ms)
✔ /spine-status reports idle reconciliation on clean repo (1808.689583ms)
✔ /spine-deps delegates to CLI and notifies graph output (1693.343042ms)
✔ /spine-plan succeeds after preflight passes (17171.88275ms)
✔ /spine-dismiss archives limbo batch state (4830.888ms)
✔ /spine-pause pauses a running spine batch (1228.089625ms)
✔ /spine-resume resumes a paused spine batch (4120.615541ms)
✔ /spine-retry-task resets a failed task (781.336958ms)
✔ /spine-skip-task skips a failed task (957.582542ms)
✔ /spine-abort archives an active spine batch (723.415083ms)
✔ /spine-next prints reconciliation suggestion (672.490833ms)
✔ /spine-validate checks pending task packets (970.915167ms)
✔ /spine-handoff writes operator note and notifies (4893.347334ms)
✔ /spine-gate inspects integrate gate state (1654.246625ms)
✔ /spine-integrate dry-run reports merge preview (1641.092791ms)
✔ /spine-settings shows interactive configuration menu (556.897958ms)
✔ /spine-dashboard notifies listen URL and port source (1050.63325ms)
✔ /spine entry warns on limbo_stale diagnosis (2776.43775ms)
✔ /spine entry warns on needs_retry diagnosis (1775.351834ms)
✔ /spine entry reports running batch headline (1315.59725ms)
✔ /spine entry starts batch when scope provided after preflight (11362.721ms)
✔ /spine-deps truncates very large dependency output (2250.484666ms)
✔ parseSpineOrchestrateArgs defaults to pending scope and wave 0 (1.494917ms)
✔ formatOrchestratePrompt includes wave tasks, outer loop, and skill link (0.324083ms)
✔ formatOrchestratePrompt states no auto gate approve or integrate (0.142542ms)
✔ formatOrchestratePrompt respects --from-wave filter (0.091209ms)
✔ formatOrchestratePrompt reports empty plan guidance (0.081ms)
✔ /spine-orchestrate emits structured prompt from spine plan (18004.263833ms)
✔ /spine-orchestrate does not invoke gate or integrate CLI (18020.262167ms)
✔ /spine-orchestrate fails when preflight fails (10772.150542ms)
✔ spine-config template documents commented worktreeSetupHook example (0.919625ms)
✔ stripTemplateOnlyKeys removes _examples from init output (0.130375ms)
✔ extractPubspecAssetPaths parses flutter asset entries (0.628583ms)
✔ runInit copies Flutter worktree setup hook template to scripts/ (27.415625ms)
✔ copyFlutterWorktreeSetupHookTemplate skips existing hook without force (4.170584ms)
✔ findGitignoredPubspecAssetsOnMain detects gitignored assets present on main (1277.10625ms)
✔ buildGitignoredPubspecAssetsDoctorCheck warns when hook not configured (1254.55875ms)
✔ buildGitignoredPubspecAssetsDoctorCheck warns when lane missing gitignored assets (1280.057833ms)
✔ parseMigrateArgs rejects --source without value (0.6595ms)
✔ runMigrateFromTaskplane fails when source file is missing (32.82675ms)
✔ runMigrateFromTaskplane refuses overwrite without force (10.041292ms)
✔ runMigrateFromTaskplane dry-run does not write config (1.656667ms)
✔ loadTaskplaneConfig reads repo fixture (0.718916ms)
✔ mapTaskplaneToSpine maps repo fixture to valid spine config (1.57575ms)
✔ mapTaskplaneToSpine honors tasksRootOverride (0.367541ms)
✔ mapTaskplaneToSpine ignores unknown keys (0.297083ms)
✔ mapMaxParallel clamps invalid and excessive values (0.067084ms)
✔ loadTaskplaneConfig fails loud on missing file (0.275458ms)
✔ DEFAULT_TASKPLANE_SOURCE_PATH matches repo layout (0.118625ms)
✔ normalizeFileScopePath strips trailing globs and normalizes separators (0.739334ms)
✔ pathsOverlap detects parent/child and rejects unrelated prefixes (0.086542ms)
✔ fileScopesOverlap detects parent/child directory overlap (1.928458ms)
✔ fileScopesOverlap detects exact file overlap in same wave scenario (0.093708ms)
✔ fileScopePatternsOverlap handles wildcard file globs (0.316125ms)
✔ fileScopePatternsOverlap does not treat dotted sibling paths as overlapping (0.7275ms)
✔ fileScopePatternsOverlap handles literal paths with regex metacharacters (9.881583ms)
✔ expandFileScopeProbes produces nested paths for directory globs (0.198584ms)
✔ findWaveFileScopeOverlaps returns pairs within the same wave only (0.697416ms)
✔ findWaveFileScopeOverlaps matches issue #31 parent/child safety paths (0.236875ms)
✔ findWaveFileScopeOverlaps ignores single-task waves (0.285ms)
✔ planWaves serializes two tasks with the same file to one virtual lane (0.322208ms)
✔ assignLanesToWaves uses glob-aware overlap for wildcard scopes (0.135375ms)
✔ formatFileScopeOverlapWarnings lists wave and task pairs (0.128792ms)
✔ buildPlan reports file-scope overlaps and serializes conflicting tasks (74.49275ms)
✔ formatPlanHuman shows serial lane as bullet list with titles (0.730125ms)
✔ formatPlanHuman shows parallel lanes and omits tick jargon (0.105209ms)
✔ formatPlanHuman includes start hints for multi-wave plans (0.100291ms)
✔ topoWaves groups tasks into deterministic dependency waves (1.008167ms)
✔ buildGraph includes nodes that only appear as dependencies (0.098417ms)
✔ findCyclePath returns a closed cycle path (9.325708ms)
✔ repo spine-tasks plan has wave0 TP-006||TP-007 and wave1 TP-008 (68.01875ms)
✔ TP-034/038/041 disjoint scopes get three virtual lanes in tick 0 (1.24775ms)
✔ overlapping file scopes share one virtual lane (serialized) (0.110041ms)
✔ buildPlan for TP-034 TP-038 TP-041 lists three lanes in human output (110.795458ms)
✔ spine plan CLI shows three lanes for TP-034 TP-038 TP-041 (383.299834ms)
✔ assignLanesToWaves assigns disjoint file scopes to separate virtual lanes (0.737791ms)
✔ assignLanesToWaves packs overlapping file scopes into same virtual lane (0.129375ms)
✔ assignLanesToWaves respects maxParallel by queueing excess virtual lanes into ticks (0.111709ms)
✔ filterPendingTaskIds excludes tasks with .DONE marker (61.260333ms)
✔ parseScope pending mode returns pending IDs and excluded count (54.061292ms)
✔ parseScope pending throws when all tasks are done (14.584791ms)
✔ buildPlan pending scope preserves dependency waves (22.462833ms)
✔ filterPendingTaskIds excludes tasks with .SUPERSEDED marker (14.236959ms)
✔ summarizePendingScope counts excluded tasks (50.965375ms)
✔ runSpinePlan pending with all .DONE returns exit 0 informational output (171.358875ms)
✔ runSpinePlan pending JSON with all .DONE returns synthetic plan (79.693083ms)
✔ runSpinePlan pending with all .DONE does not throw (9.171625ms)
✔ parseScope pending empty error carries structured metadata (44.686083ms)
✔ runSpinePlan pending output includes maxParallel from config (44.477583ms)
✔ buildPlan rejects invalid heading separator (45.249208ms)
✔ buildPlan rejects missing testing coverage (33.430167ms)
✔ buildPlan rejects missing File Scope section (82.116416ms)
✔ runSpinePlan exits with validation errors for invalid PROMPT (92.575542ms)
✔ buildPlan accepts valid PROMPT packets (51.180125ms)
✔ parseScope glob escapes literal dots in path patterns (15.977666ms)
✔ parseScope glob escapes literal parentheses in path patterns (15.524ms)
✔ parseScope glob with plus in path pattern matches literally (8.007125ms)
✔ parseScope TP-* glob scopes remain unchanged (8.593125ms)
✔ parseScope('all') selects all discovered tasks (52.326708ms)
✔ parseScope('TP-002') selects explicit task IDs (15.022292ms)
✔ parseScope supports glob path patterns (43.134583ms)
✔ resolveWaveTaskIds returns wave task IDs (0.928583ms)
✔ resolveWaveTaskIds rejects out-of-range and empty waves (0.145083ms)
✔ filterPlanToWave narrows plan to one wave (0.755917ms)
✔ parseBatchStartWaveFilter accepts --wave and --through-wave (0.142583ms)
✔ parseBatchStartWaveFilter rejects conflicting and invalid flags (0.08275ms)
✔ registerSpineSlashCommands registers all PRD §15.1 command names (0.70125ms)
✔ /spine-retry-task without task id notifies usage error (0.155583ms)
✔ /spine-skip-task without task id notifies usage error (0.121958ms)
✔ /spine-plan notifies error when preflight fails (15234.511ms)
✔ /spine handler runs preflight before batch guidance (16824.176625ms)
✔ buildDepsReport returns empty graph for isolated task with no deps (1599.020917ms)
✔ buildDepsReport detects synthetic dependency cycle (1062.455875ms)
✔ cycleNodesFromPath deduplicates closing node (0.809125ms)
✔ depsToEdges and formatDepsHuman render dependency flow (0.245459ms)
✔ repo fixture TP-031 scope shows TP-030 dependency edge (12.570875ms)
✔ spine deps CLI emits JSON shape with nodes, edges, cycles, waves (1975.337167ms)
✔ spine deps CLI exits 1 when cycle detected (1636.459875ms)
✔ findCyclePath returns path for cyclic graph (0.579417ms)
✔ init --preset taskplane-compat --tasks-root taskplane-tasks --dry-run produces expected keys (9.373042ms)
✔ init --preset taskplane-compat defaults tasksRoot to taskplane-tasks (6.5905ms)
✔ plain init applies spine defaults without preset flag (8.040875ms)
✔ init rejects unknown preset (5.515708ms)
✔ fresh init creates config, agents, tasks root, and gitignore entries (88.249875ms)
✔ init skips constitution.md when it already exists without --force (40.370125ms)
✔ buildConstitutionMd substitutes project title from directory name (3.315875ms)
✔ init without --force refuses when spine-config.json exists (45.775042ms)
✔ --tasks-root taskplane-tasks sets paths.tasksRoot correctly (34.854708ms)
✔ --dry-run makes no filesystem changes (3.301875ms)
✔ init skips CONTEXT.md when it already exists without --force (17.33125ms)
✔ init --force overwrites existing CONTEXT.md (51.325875ms)
✔ buildContextMd substitutes project title from directory name (1.597208ms)
✔ --dry-run plans CONTEXT.md create without writing files (5.928791ms)
✔ ensureGitignoreEntries appends only missing entries (4.449875ms)
✔ runPreflightPlanCheck builds wave plan during preflight (4627.978959ms)
✔ runReconciliationCheck returns real diagnosis for running batch (3896.13925ms)
✔ checkDoctor fails when doctor reports issues (0.662542ms)
✔ checkStalePathSpine fails when PATH spine version is stale (4.106ms)
✔ checkGitClean lists up to 20 dirty paths (531.935833ms)
✔ checkNoActiveBatch passes when no batch-state file exists (1595.221042ms)
✔ checkNoActiveBatch calls reconciliation when batch-state exists (1587.528792ms)
✔ checkTasksRoot validates discoverable task folders (1409.95525ms)
✔ checkDependenciesJson validates version and task IDs (1554.126958ms)
✔ runBatchPreflight passes on initialized clean fixture (5909.3605ms)
✔ runBatchPreflight fails when git working tree is dirty (3494.624458ms)
✔ runPreflightPlanCheck validates pending scope only (SP-122) (1641.059208ms)
✔ checkTasksValidate exposes distinct tasks-validate check id (916.054209ms)
✔ checkTasksValidate validates multiple pending PROMPT packets in one batch (857.180667ms)
✔ runBatchPreflight includes tasks-validate check distinct from plan (2912.1945ms)
✔ runBatchPreflight fails on limbo fixture with dismiss suggestion (7885.341625ms)
✔ runBatchPreflight passes when all tasks have .DONE (zero pending) (2599.396916ms)
✔ checkGitClean passes when only rules-manifest generatedAt drifted (1338.188125ms)
✔ checkGitClean still fails when rules-manifest rules[] differ (699.226541ms)
✔ spine run pending is alias for batch start pending (1844.958958ms)
✔ spine run all dry-run matches pending-filtered batch start (2039.75925ms)
✔ applySetting merges nested dotted paths (0.682125ms)
✔ runSettingsSetOperation rejects unknown path (0.232125ms)
✔ runSettingsSetOperation rejects invalid value (0.129833ms)
✔ runSettingsSetOperation returns merged config on success (0.365416ms)
✔ writeSpineConfigAtomic writes valid JSON atomically (1583.41975ms)
✔ spine settings set updates maxParallel on disk (2410.1665ms)
✔ spine settings set rejects bad value (1629.20025ms)
✔ spine settings set --dry-run leaves config unchanged (1888.1485ms)
✔ spine settings set --json reports write metadata (2009.650125ms)
✔ spine settings set exits 1 with suggestedCommand when config missing (2284.673041ms)
✔ getValueAtPath reads nested config values (0.606417ms)
✔ formatSettingsShow lists all editable fields in human mode (0.412792ms)
✔ formatSettingsShow returns JSON fields array for all settings (0.597708ms)
✔ formatSettingsShow single path mode prints one value (0.122292ms)
✔ formatSettingsShow rejects unknown path (0.085542ms)
✔ buildSettingsShowFields mirrors registry order (0.340709ms)
✔ spine settings show CLI prints editable fields from temp config (1900.156416ms)
✔ spine settings show CLI single path and JSON modes (1807.985833ms)
✔ spine settings show CLI exits 1 with suggestedCommand when config missing (1577.260416ms)
✔ formatSettingsSlashMenu lists at least five editable fields with set hints (0.694542ms)
✔ runSpineSettingsSlash notifies menu with live config fields (1379.673209ms)
✔ runSpineSettingsSlash set subcommand persists a valid change (1610.389792ms)
✔ runSpineSettingsSlash set reports usage error without path and value (1538.037166ms)
✔ runSpineSettingsSlash reports missing config with suggested init (1478.654375ms)
✔ fileScopesOverlap detects parent/child path overlap (1.592833ms)
✔ extractExploreSlugsFromContext finds explore findings paths (0.574625ms)
✔ collectWaveMCountFindings warns when a wave has more than four M tasks (0.124667ms)
✔ collectPromptJsonDepsDriftFindings reports missing JSON entry (0.109792ms)
✔ runSpineTasksAnalyze exits 0 for clean scope (1654.304958ms)
✔ runSpineTasksAnalyze reports parallel file-scope overlap as blocking (1556.752333ms)
✔ runSpineTasksAnalyze reports dependency cycle as blocking (1408.975416ms)
✔ runSpineTasksAnalyze exits 0 when only warnings are present (1561.082125ms)
✔ runSpineTasksAnalyze warns for missing explore findings referenced in CONTEXT (1778.583792ms)
✔ runSpineTasksAnalyze --json emits AnalyzeTasksResult (1331.765958ms)
✔ spine tasks analyze CLI exits 1 for blocking overlap (2327.926834ms)
✔ spine tasks analyze CLI exits 0 for warnings-only scope (2527.810833ms)
✔ spine help tasks documents analyze subcommand (302.3ms)
✔ parseContract extracts all five contract fields from a valid table (2.879083ms)
✔ validateContract passes for a valid contract table (1.968791ms)
✔ parseContract and validateContract handle an empty contract table (0.193167ms)
✔ validateContract warns on unknown contract fields (0.113ms)
✔ parseContract reports duplicate field rows as errors (0.115792ms)
✔ parseContract accepts plain-text testCommand values (0.070875ms)
✔ parseContract returns hasSection false when Contract heading is absent (0.093458ms)
✔ CONTRACT_FIELD_NAMES lists all normative contract fields (0.057333ms)
✔ parseContract resolves see File Scope to File Scope bullet paths (0.1135ms)
✔ parseContract excludes optional File Scope bullets from see File Scope expansion (0.137625ms)
✔ validateContract errors on em-dash placeholders in required mode (0.108209ms)
✔ validateContract errors on see File Scope with empty File Scope section in required mode (0.20275ms)
✔ validateContract warns on placeholders in optional mode (0.072458ms)
✔ parseContract treats em dash contract cells as empty path lists (0.061167ms)
✔ parseContract splits comma-separated paths inside a single backtick wrapper (SP-396) (0.069042ms)
✔ parseContract splits comma-separated artifacts inside a single backtick wrapper (0.067875ms)
✔ validateContract warns on comma-in-single-backtick path lists in optional mode (0.149792ms)
✔ validateContract errors on comma-in-single-backtick path lists in required mode (0.143209ms)
✔ mergeDeps unions identical sets from PROMPT and JSON (0.893417ms)
✔ mergeDeps JSON wins when PROMPT and JSON disagree (0.0845ms)
✔ mergeTaskDeps uses golden fixtures end-to-end (2.375917ms)
✔ mergeDeps returns PROMPT deps when JSON has no entry (0.084042ms)
✔ TASK_HEADING_RE requires em dash (U+2014) (0.579958ms)
✔ parsePrompt extracts required sections and steps from golden S fixture (1.448625ms)
✔ validatePrompt rejects hyphen separator in heading (0.953ms)
✔ discoverTasks finds three golden fixtures (8.81675ms)
✔ parsePromptDependencies parses list and Requires forms (0.938791ms)
✔ parseStatus mirrors step numbers and checkbox state (2.397042ms)
✔ getStepProgress aggregates checkbox completion (0.730709ms)
✔ listIncompleteSteps returns unchecked items per step (0.484166ms)
✔ FX-invalid-no-testing fails validatePrompt for missing Testing step (2.552083ms)
✔ FX-missing-contract fails validatePrompt in required contract mode (1.01ms)
✔ FX-valid-contract passes validatePrompt in required contract mode (1.266458ms)
✔ FX-final-replan has Review Level >= 1 for REPLAN integration path (0.308625ms)
✔ formatTasksValidateHuman prefixes summary before failure details (1.351375ms)
✔ runSpineTasksValidate exits 0 for valid PROMPT packets (1354.188792ms)
✔ runSpineTasksValidate reports same failure message as planner for invalid PROMPT (1426.44075ms)
✔ runSpineTasksValidate returns exit 2 for missing config (1575.165083ms)
✔ runSpineTasksValidate returns exit 2 for unresolved scope (1516.865ms)
✔ spine tasks validate CLI exits 0 for valid scope (2173.091625ms)
✔ spine tasks validate CLI exits 1 for invalid PROMPT (2155.38375ms)
✔ buildTasksValidateResult matches TasksValidateResult schema (0.693917ms)
✔ collectTaskAdvisoryWarnings reports folder, STATUS, and deps mismatches (0.782833ms)
✔ runSpineTasksValidate --json emits TasksValidateResult (1869.230083ms)
✔ runSpineTasksValidate --warnings-only keeps exit 0 for advisory issues (1201.892709ms)
✔ spine tasks validate CLI --json exits 0 for valid scope (1074.633791ms)
✔ spine help tasks documents validate subcommand (267.544709ms)
✔ spine tasks validate CLI exits 2 for config error (1272.510292ms)
✔ validateContract warns when fileScopeMustNotChange includes spine-tasks/** (3.797667ms)
✔ validateContract warns when pattern matches current task folder only (0.515584ms)
✔ validateContract is quiet for parallel product-path guards (0.542375ms)
✔ collectFileScopeMustNotChangeWarnings dedupes broad spine-tasks ban over task folder (0.154959ms)
✔ collectFileScopeMustNotChangeWarnings ignores other task folders (0.16825ms)
✔ collectFileScopeMustNotChangeWarnings respects custom tasksRoot (0.121917ms)
✔ collectFileScopeMustNotChangeWarnings skips current-task check without taskId (0.169875ms)
✔ collectStaleFileScopeMustChangeWarnings is quiet when scope paths unchanged since task intro (2506.975208ms)
✔ collectStaleFileScopeMustChangeWarnings warns when scope paths changed on main after task intro (2504.25675ms)
✔ collectStaleFileScopeMustChangeWarnings ignores tasks without fileScopeMustChange (2725.481958ms)
✔ parseReportProgressArgs reads step and checkbox flags (0.564125ms)
✔ reportTaskProgress appends task.step_completed with metadata (2.298833ms)
✔ reportTaskProgress writes journal line on disk (28.030167ms)
✔ reportTaskProgress fails closed without batch context (0.228834ms)
✔ runSpineReportProgress returns non-zero when batchId missing (0.347542ms)
✔ runSpineReportProgress does not write with attach env when attach suppressed (0.819625ms)
✔ requestWorkerGate fails closed without batch context (0.58425ms)
✔ requestWorkerGate returns not_supported for integrate gate (6.542417ms)
✔ requestWorkerGate returns not_supported when no gate record (manual deferred) (1.893666ms)
✔ buildReviewStepCliArgs maps params and adds --stub when SPINE_WORKER_STUB=1 (0.852542ms)
✔ executeSpineReviewStep fails closed without SPINE_TASK_FOLDER (0.235084ms)
✔ spine_review_step handler returns APPROVE via stub review (36.710875ms)
✔ spine_review_step handler marks stub spawn failure as tool error (28.186542ms)
✔ spine_review_step skips nested reviewer spawn inside worker session (205.974916ms)
✔ registerSpineWorkerTools registers all three PRD worker tools (1.584833ms)
✔ executeSpineReportProgress appends task.step_completed via tool handler (24.473542ms)
✔ executeSpineReportProgress fails closed without batch context (0.32875ms)
✔ spine_request_gate tool returns structured not_supported shape (76.581ms)
✔ executeSpineRequestGate fails closed without batch context (0.290417ms)
ℹ tests 1734
ℹ suites 0
ℹ pass 1733
ℹ fail 1
ℹ cancelled 0
ℹ skipped 0
ℹ todo 0
ℹ duration_ms 184294.661083

✖ failing tests:

test at tests/config/typecheck-batch.test.mjs:47:1
✖ npm run typecheck validates extensions and batch hot paths (8618.264875ms)
  AssertionError [ERR_ASSERTION]: typecheck failed (exit 2):
  
  > pi-spine@1.7.0 typecheck
  > tsc --project tsconfig.json --noEmit && tsc --project tsconfig.batch.json --noEmit
  
  src/config/preflight/discovery.mjs(15,20): error TS7006: Parameter 'id' implicitly has an 'any' type.
  src/config/preflight/discovery.mjs(15,24): error TS7006: Parameter 'ok' implicitly has an 'any' type.
  src/config/preflight/discovery.mjs(15,28): error TS7006: Parameter 'message' implicitly has an 'any' type.
  src/config/preflight/discovery.mjs(24,34): error TS7006: Parameter 'projectRoot' implicitly has an 'any' type.
  src/config/preflight/discovery.mjs(24,47): error TS7006: Parameter 'configResult' implicitly has an 'any' type.
  src/config/preflight/discovery.mjs(32,34): error TS7006: Parameter 'folderName' implicitly has an 'any' type.
  src/config/preflight/discovery.mjs(37,37): error TS7006: Parameter 'tasksRootPath' implicitly has an 'any' type.
  src/config/preflight/discovery.mjs(48,33): error TS7006: Parameter 'tasksRootPath' implicitly has an 'any' type.
  src/config/preflight/discovery.mjs(128,83): error TS18046: 'err' is of type 'unknown'.
  src/config/preflight/discovery.mjs(197,14): error TS2339: Property 'worktreeSetupHook' does not exist on type 'object'.
  src/config/preflight/discovery.mjs(300,38): error TS2345: Argument of type 'string | undefined' is not assignable to parameter of type 'string'.
    Type 'undefined' is not assignable to type 'string'.
  src/config/preflight/discovery.mjs(302,22): error TS2339: Property 'contract' does not exist on type 'object'.
  src/config/preflight/discovery.mjs(320,24): error TS2339: Property 'message' does not exist on type '{}'.
  
  
  
  2 !== 0
  
      at TestContext.<anonymous> (file:///Users/cdelgado/Documents/github/pi-spine/.worktrees/spine-20260706T210401/lane-2/tests/config/typecheck-batch.test.mjs:54:9)
      at Test.runInAsyncScope (node:async_hooks:226:14)
      at Test.run (node:internal/test_runner/test:1382:25)
      at Test.processPendingSubtests (node:internal/test_runner/test:960:18)
      at Test.postRun (node:internal/test_runner/test:1522:19)
      at Test.run (node:internal/test_runner/test:1447:12)
      at async startSubtestAfterBootstrap (node:internal/test_runner/harness:387:3) {
    generatedMessage: false,
    code: 'ERR_ASSERTION',
    actual: 2,
    expected: 0,
    operator: 'strictEqual',
    diff: 'simple'
  }

