Contract testCommand failure log
Command: npm test -- tests/dashboard/snapshot.test.mjs
Exit code: 1
Attempt: 1 of 2
Timestamp: 2026-07-06T23:37:57.036Z
Buffer overflow: no
---

> pi-spine@1.7.0 test
> SPINE_SUPPRESS_JOURNAL_ATTACH=1 node --experimental-strip-types --test tests/*.test.mjs tests/cli/*.test.mjs tests/compat/*.test.mjs tests/tasks/*.test.mjs tests/config/*.test.mjs tests/config/cursor-rules/*.test.mjs tests/planner/*.test.mjs tests/batch/*.test.mjs tests/agents/*.test.mjs tests/adoption/*.test.mjs tests/dashboard/*.test.mjs tests/doctor/*.test.mjs tests/init/*.test.mjs tests/migrate/*.test.mjs tests/worker-tools/*.test.mjs tests/coverage/*.test.mjs tests/extensions/*.test.mjs tests/dashboard/snapshot.test.mjs

✔ adoption fixture: init, plan, stub batch AD-001 creates .DONE (26321.559583ms)
✔ adoption integration: REPLAN final verdict surfaces needs_replan diagnosis (22944.802084ms)
✔ worker.md documents spine tools, stall checkpoint, and coverage policy (0.82475ms)
✔ worker.md documents engine-owned code and final review after .DONE (0.319042ms)
✔ reviewer.md documents final PASS REVISE REPLAN verdicts (0.194834ms)
✔ worker-prompt tail aligns with worker.md commit and review conventions (0.130417ms)
✔ buildWorkerTailPrompt does not contradict worker.md on commit format (14.234292ms)
✔ buildAgentSessionWorkerPrompt includes review hint when level > 0 (3.849625ms)
✔ buildWorkerPiArgs omits -ne when no pi-web-access conflict (34.073ms)
✔ buildWorkerPiArgs includes -ne before -p when extension conflict detected (77.824209ms)
✔ formatPiExtensionConflictHint surfaces pi-web-access remediation (0.329083ms)
✔ abortBatch archives batch-state before clearing active file (1440.584459ms)
✔ abortBatch journals batch.aborted and preserves prior journal tail (1764.04075ms)
✔ abortBatch writes abort signal without killing on graceful abort (2021.889292ms)
✔ hard abort removes lane worktree when cleanup enabled (1776.70225ms)
✔ hard abort keeps worktree when cleanupOnHardAbort is false (1651.048583ms)
✔ abortBatch fails when no active batch (1114.251208ms)
✔ mergeLaneToOrch auto-resolves disjoint adoption doc edits without force-merge (6186.317166ms)
✔ mergeLaneToOrch fails adoption doc merge with recovery commands when hunks overlap (6092.230875ms)
✔ formatAdoptionDocMergeFailure names file and wave recovery (0.319416ms)
✔ agent session abort failure journals lane.worker_abort_failed (1682.34125ms)
✔ formatAttachedMilestoneLine renders land-loop journal types (0.560833ms)
[spine] batch.started
[spine] task.started SP-343
[spine] task.completed SP-343
[spine] batch.merge_started wave=0
[spine] batch.merge_completed wave=0
[spine] gate.opened
[spine] gate.evidence_collecting
[spine] gate.evidence_completed
[spine] batch.completed
[spine] batch.land_loop_finalized

Batch started

Batch 20260706T233457 completed: SP-343 succeeded; merged to orch/spine-20260706T233457.
  → spine gate status
  → spine gate approve
  → spine integrate
  → spine batch complete

Batch 20260706T233457 ready to integrate orch branch to main

  → spine integrate

  Alternatives:
    • /spine-integrate
    • /spine-gate
    • spine status --diagnose

  Batch: 20260706T233457
  Task: SP-343
✔ runSpineBatch attached start returns integrate handoff without process.exit in tests (23354.3255ms)
✔ attached batch CLI subprocess exits after completed with stdout milestones (24863.746792ms)
✔ formatAttachedBatchCliResult includes diagnosis suggested command (0.322958ms)
✔ enforceAttachedEngineSingleOwner fails fast when engine PID is alive (1894.52725ms)
✔ enforceAttachedEngineSingleOwner orphans prior engine with --force (1525.728208ms)
✔ resumeBatch rejects second attached resume when engine PID is alive (1610.208459ms)
✔ resumeBatchDetached rejects spawn when attached engine PID is alive (1400.004625ms)
✔ runAttachedBatchEngine blocks attached start when engine PID is alive (1261.839625ms)
✔ isLastWaveIndex matches batch 20260618T000943 wave plan (0.504291ms)
✔ maybeFinalizeAfterWaveMerge opens gate for last-wave post-merge limbo (7318.87925ms)
✔ resumeMultiTaskBatch finalizes post-merge limbo even with stale engine pid (5827.150166ms)
✔ terminateStaleDetachedEngine still clears stale engine during post-merge limbo resume handoff (1217.717291ms)
✔ startBatch multi-wave attached path opens gate after wave 1 without resume (33483.910542ms)
✔ attached milestone types include batch.merge_blocked (0.520292ms)
✔ formatAttachedBatchCliResult prints merge failure headline and exits non-zero for merge_blocked (5375.2295ms)
✔ runAttachedBatchEngine streams merge_blocked milestone before merge failure CLI output (5980.645334ms)
✔ mergeEngineStateWithDiskPause adopts operator pause from disk (1893.275375ms)
✔ saveEngineBatchState does not clobber phase paused during heartbeat-style saves (1678.853125ms)
✔ enforceOperatorPauseOnDisk re-asserts paused after engine overwrite (4037.890625ms)
✔ pauseBatch confirms when attached engine heartbeat saves honor pause (2946.88925ms)
✔ batch 20260620T194352 fixture is post-merge limbo without gate (1749.646125ms)
✔ attemptPostMergeLandLoopHandoff finalizes in-process after SIGTERM-shaped limbo (5986.574334ms)
✔ finalizeAttachedPostMergeLimbo is idempotent when gate already open (5163.142959ms)
✔ resume after orphan_terminated journal opens gate for batch 20260620T194352 pattern (6334.049ms)
✔ installAttachedEngineShutdownHandlers finalizes on SIGTERM without manual resume (5878.25475ms)
✔ terminateStaleDetachedEngine during post-merge limbo still allows resume finalize (6034.503375ms)
✔ shouldAutoIntegrateAfterWave is false by default (0.531583ms)
✔ shouldAutoIntegrateAfterWave is true when configured and not last wave (0.07825ms)
✔ shouldAutoIntegrateAfterWave is false on last wave (0.059375ms)
✔ issue #25: retry unblocks failed phase when only pending tasks remain (12125.67925ms)
✔ issue #25: failed phase with pending-only limbo resumes without --force (6036.188333ms)
✔ retry keeps failed phase when other failed tasks remain (2086.468667ms)
✔ diagnosis suggests resume --force for failed-phase pending-only limbo (0.236791ms)
✔ parseSupersededReplacementIds extracts child task IDs (1.138958ms)
✔ assertBatchStartTasksNotSuperseded rejects superseded IDs (2433.552875ms)
✔ assertBatchStartTasksNotSuperseded allows pending IDs (2280.889167ms)
✔ assertBatchStartTasksNotSuperseded honors --force-superseded (1784.213875ms)
✔ resolveBatchStartScope rejects explicit superseded task IDs (1407.892916ms)
✔ resolveBatchStartScope allows superseded IDs with forceSuperseded (1353.1205ms)
✔ startBatch dry-run rejects superseded explicit scope (1550.085166ms)
✔ startBatch dry-run allows superseded scope with forceSuperseded (1169.70275ms)
✔ parseBatchArgs maps --wave on start to waveFilter (0.664459ms)
✔ parseBatchArgs strips --wave value from scope for wave 0 (0.097459ms)
✔ buildAttachedBatchStartArgv forwards waveFilter to detached engine (0.509625ms)
✔ startBatch dry-run with pending scope and --wave 0 selects planner wave 0 (2417.579375ms)
✔ startBatch dry-run with --wave selects planner wave task IDs (2240.490791ms)
✔ wave-filtered dry-run matches explicit wave task scope dry-run (1992.349083ms)
✔ complete handoff preserves newer active batch (073511 vs 073937 race) (9.173ms)
✔ clearStaleTerminalBatchStateForStart removes completed batch-state pointer (10.212459ms)
✔ assertNoActiveBatch clears stale completed pointer before start handoff (17.940875ms)
✔ runBatchComplete clears active batch-state when no newer batch took over (6025.078125ms)
✔ new batch save replaces terminal completed cache with different batchId (121.201958ms)
✔ evaluateBatchStateWriteGuard rejects writes from non-owner live engine (42.841958ms)
✔ saveSpineBatchState rejects resurrecting archived batch cache (66.334209ms)
✔ resolveStallConfig defaults checkpoint warning and no file-scope grace extension (0.596792ms)
✔ file-scope mtime is activity only — does not extend stall deadline by default (0.19075ms)
✔ checkpoint signals extend grace; STATUS update moves deadline (0.0725ms)
✔ shouldEmitCheckpointWarning after activity without checkpoint threshold (0.106542ms)
✔ resolveScopedDirtyPaths limits porcelain to file scope and task folder (1103.944375ms)
✔ lane.checkpoint_warning journal event and diagnose hints (62.605875ms)
✔ extractJournalDiagnosisHints omits stale checkpoint_warning older than 30 minutes (0.176375ms)
✔ collectProgressSignals includes dirtyPaths for scoped changes (1393.012833ms)
✔ verifyContract uses base-satisfied when scope predates task PROMPT on base (4395.852791ms)
✔ verifyContract passes when scope is on base and lane has zero implementation diff (3002.648292ms)
✔ verifyContract fails base-satisfied scope when testCommand fails (8234.325542ms)
✔ verifyStubFileScopeMustChange passes when base already satisfies scope (3478.528209ms)
✔ isBaseScopeSatisfied is false when base lacks scope changes (1926.949834ms)
✔ runFinalReviewPhase fails fast with contract_failed and does not consume finalAttempts (8796.843875ms)
✔ reconcileBatch surfaces contract_failed headline for failed task (4134.090084ms)
✔ verifyContract satisfies pre-landed fileScopeMustChange when testCommand and artifacts pass (3989.010542ms)
✔ verifyContract still fails pre-landed scope when testCommand fails (8123.617625ms)
✔ verifyStubFileScopeMustChange passes delivery-only STATUS when source scope pre-landed (3049.856625ms)
✔ verifyContract passes delivery-only STATUS.md fileScopeMustChange contract (3391.22625ms)
✔ resolvePromptRelPath derives task PROMPT from spine-tasks delivery changes (1299.651209ms)
✔ isFileScopePatternPrelanded detects scope changed on main after task intro (2176.524417ms)
✔ resolveTaskStartCommit ignores resumed task.started after same-task lane.committed (10.105208ms)
✔ verifyContract passes fileScopeMustChange after pause/retry/resume when lane commit exists (3523.721167ms)
✔ testCommand fails once then succeeds on retry — contract passes (279.806625ms)
✔ testCommand fails all retries — contract_failed as before (241.76925ms)
✔ retry count configurable via spine-config contract.testRetries (869.836583ms)
✔ failed output captured to .reviews/ directory (240.073667ms)
✔ no retry when testCommand succeeds first time (no performance cost) (188.373542ms)
✔ writeContractFailureLog creates log file with header (110.774083ms)
✔ writeContractFailureLog returns null when taskFolder is undefined (0.201041ms)
✔ CONTRACT_TEST_DEFAULT_RETRIES is 1 (0.059166ms)
✔ CONTRACT_TEST_RETRY_DELAY_MS is 5000 (0.065292ms)
✔ multiple failure logs captured across retry attempts (523.133541ms)
✔ parseContract extracts stallTimeoutMinutes and extendGraceOnFileScope (1.180583ms)
✔ resolveTaskStallMinutes uses max of global, size floor, and contract override (0.126041ms)
✔ resolveStallConfigForTask applies contract stallTimeoutMinutes to stallTimeoutMs (0.120834ms)
✔ resolveStallConfigForTask honors contract extendGraceOnFileScope (0.072709ms)
✔ resolveWorkerPiTimeoutMs aligns with contract stall budget (0.102ms)
✔ runWorker with contract stall override survives beyond global stall budget (scaled) (5236.032708ms)
✔ runWorker without contract override stalls at scaled global budget (5249.187375ms)
✔ isDeliveryArtifactPath accepts STATUS.md-only patterns (0.957708ms)
✔ isDeliveryArtifactPath accepts .DONE-only patterns (0.227167ms)
✔ isDeliveryArtifactPath accepts task-folder delivery globs (0.122416ms)
✔ isDeliveryArtifactPath rejects implementation and tasks-root paths (0.100625ms)
✔ isImplementationScopePattern detects source and tooling roots (0.072125ms)
✔ isStubDeliveryOnlyScope is true for delivery-only pattern sets (0.124125ms)
✔ isStubDeliveryOnlyScope rejects mixed implementation and delivery patterns (0.061584ms)
✔ isStubDeliveryOnlyScope rejects empty pattern lists (0.057708ms)
✔ isDeliveryArtifactPath honors custom tasksRoot (0.170875ms)
✔ resolveTaskStartCommit returns distinct start commits for serialized lane tasks (0.639375ms)
✔ resolveTaskStartCommit prefers task.started payload commit over prior lane.committed (1.017875ms)
✔ resolveTaskStartCommit returns null when task.started is missing (main...HEAD fallback) (0.373709ms)
✔ resolveTaskStartCommit resolves git HEAD at task.started timestamp when journal lacks commit (2124.603209ms)
✔ CONTRACT_TEST_COMMAND_MAX_BUFFER exceeds legacy 256KB limit (0.46925ms)
✔ runContractTestCommand captures large stdout without killing child (278.098458ms)
✔ runContractTestCommand surfaces ENOBUFS with scoped testCommand guidance (78.399417ms)
✔ verifyContract reports buffer overflow with scoped testCommand guidance (5516.615667ms)
✔ buildContractTestEnv moves SPINE_BATCH_ID to SPINE_PARENT_BATCH_ID (0.486292ms)
✔ detectNestedWorkerContext blocks parent batch in lane worktree (0.208541ms)
✔ startBatch blocks nested spawn when SPINE_PARENT_BATCH_ID set in lane worktree (57.391708ms)
✔ buildContractTestEnv allows isolated fixture batch start without parent batch id (5.686ms)
✔ listChangedFiles with sinceCommit scopes diff to commits after anchor (2318.937ms)
✔ listChangedFiles without sinceCommit preserves baseBranch...HEAD (1828.246542ms)
✔ verifyContract with sinceCommit ignores prior same-lane task fileScopeMustNotChange violations (2435.780917ms)
✔ verifyContract without sinceCommit preserves cumulative lane branch behavior (1483.310958ms)
✔ buildContractTestEnv removes worker-only keys (0.516583ms)
✔ runContractTestCommand subprocess does not inherit SPINE_IS_WORKER (82.213542ms)
✔ verifyContract testCommand passes under worker env when subprocess is sanitized (158.97775ms)
✔ verifyContract passes when testCommand exits 0 (232.157333ms)
✔ verifyContract fails when testCommand exits non-zero (97.1515ms)
✔ verifyContract checks artifactsMustExist paths in worktree (206.718333ms)
✔ verifyContract expands glob patterns in artifactsMustExist (224.701458ms)
✔ verifyContract returns ok with empty checks when contract has no verify fields (113.98175ms)
✔ verifyContract enforces fileScopeMustChange and fileScopeMustNotChange (2313.285875ms)
✔ verifyContract checks minLineCoverage from command output (173.338959ms)
✔ shouldRunContractVerify skips legacy TP-* tasks and absent contract sections (0.2535ms)
✔ matchesContractPattern supports glob paths (0.223333ms)
✔ parseAggregateLineCoverage parses coverage table rows (0.171042ms)
✔ SP-193-shaped placeholder contract fails validateContract in required mode (1.430542ms)
✔ verifyContract passes SP-193-shaped contract when scoped files changed (2278.030958ms)
✔ fileScopeMustChange trailing-slash pattern matches files under directory prefix (2182.6525ms)
✔ fileScopeMustChange trailing-slash pattern fails when no files under prefix changed (2752.217084ms)
✔ fileScopeMustChange exact-path and glob behavior preserved alongside trailing-slash (1812.8955ms)
✔ waitForDetachedBatchResume waits for integrate gate after batch completes (1385.454ms)
✔ waitForDetachedBatchResume completes without gate when integrate gate not required (945.336458ms)
✔ prepareDetachedResumeEngineHandoff terminates stale engine before resume spawn (90.897709ms)
✔ resolveDefaultResumeWaitTerminal returns true for engine_orphaned without flags (0.524166ms)
✔ resolveDefaultResumeWaitTerminal respects explicit flags (0.098542ms)
✔ detectPostMergeLimboForResume matches journal-only limbo for batch 20260629T210738 (3511.414583ms)
✔ postMergeLimbo diagnosis suggests spine batch resume --force (0.649834ms)
✔ resumeBatchDetached --force finalizes journal-only limbo without spawning engine (9692.522292ms)
✔ detached batch start opens integrate gate after stub engine completes (20399.551166ms)
✔ timeout_waiting_for_batch with dead enginePid reconciles as engine_orphaned not running (3925.9055ms)
✔ startBatchDetached persists spawn enginePid before wait on timeout failure path (34161.350292ms)
✔ parseBatchArgs defaults to detached start (attached flag off) (0.787708ms)
✔ parseBatchArgs --attached opts into foreground engine (0.084208ms)
✔ buildAttachedBatchStartArgv forwards scope and skip-preflight (0.53325ms)
✔ formatDetachedBatchStartOutput includes monitor hints (0.216584ms)
✔ batch start returns quickly and runs engine in background (20572.72ms)
✔ parseBatchArgs resume defaults to detached (attached flag off) (0.468292ms)
✔ buildAttachedBatchResumeArgv forwards force (0.146042ms)
✔ formatDetachedEngineOutput includes resume wording (0.115875ms)
✔ waitForDetachedBatchResume returns engine_started by default (1563.232709ms)
✔ waitForDetachedBatchResume with waitTerminal returns resume_completed (1818.193875ms)
✔ collectDetachedFailureDiagnostics includes task.failed summary and log tails (1209.601ms)
✔ parseBatchArgs accepts --wait-terminal (0.180334ms)
✔ batch resume returns quickly and runs engine in background (20856.516333ms)
✔ inferLaunchFailureKind ignores DirtyWorktree exitReason (0.624166ms)
✔ buildHeadline prefers DirtyWorktree over worker launch (0.311959ms)
✔ buildSuggestedCommand for DirtyWorktree suggests coverage cleanup and retry (0.149167ms)
✔ buildHeadline surfaces review_exhausted primary failure (0.12ms)
✔ buildSuggestedCommand for review_exhausted suggests batch retry (0.063333ms)
✔ buildHeadline surfaces contract_failed primary failure (0.069084ms)
✔ buildSuggestedCommand for contract_failed suggests PROMPT edit and retry (0.057ms)
✔ buildDiagnosisOutput bundles primary failure class without launch headline (0.120375ms)
✔ reconcileBatch aligns hasFailedTasks with segment drift and DirtyWorktree headline (4371.362209ms)
✔ reconcileBatch diagnoses review_exhausted from failed task exitReason (4564.987167ms)
✔ buildHeadline surfaces PI_SPINE_ROOT launch failure (0.71475ms)
✔ buildHeadline surfaces lane commit failures after worker completion (0.104375ms)
✔ buildSuggestedCommand prefers spine doctor for launch failures (0.183417ms)
✔ inferLaunchFailureKind reads worker output hints from journal (0.181ms)
✔ extractJournalDiagnosisHints prioritizes setup hook and merge blocked events (1.521292ms)
✔ formatMixedOutcomeMessage lists succeeded tasks and spine batch retry guidance (0.232041ms)
✔ reconcileBatch diagnoses launch failure wave from fixture (4292.69325ms)
✔ buildDiagnosisOutput bundles launch failure headline and command (0.214375ms)
✔ DIAGNOSIS_TAXONOMY includes worker_orphaned distinct from needs_retry (0.562ms)
✔ inferLaunchFailureFromWorkerOutputTail reads PI_SPINE_ROOT hints from log tail (0.12775ms)
✔ buildSuggestedCommand prefers abort for ghost running cluster (0.128833ms)
✔ buildHeadline surfaces worker_orphaned launch failure from worker output context (0.237459ms)
✔ worker_orphaned after plan review nested_spawn_blocked suggests batch retry (0.106833ms)
✔ dead lane workerPid diagnoses worker_orphaned not needs_retry (4359.972417ms)
✔ dead workerPid after lane.completed does not diagnose worker_orphaned (4427.670958ms)
✔ worker_orphaned enriches launch headline from worker output log without task.failed (4532.950708ms)
✔ multiple ghost running tasks on one lane prefer spine batch abort (4125.72475ms)
✔ segment drift still diagnoses needs_retry (3584.972709ms)
✔ buildDiagnosisOutput bundles worker_orphaned headline and command (0.22225ms)
✔ isRunningWithoutActiveWorkers is false when workers are active (0.585334ms)
✔ isRunningWithoutActiveWorkers detects all-terminal tail state (0.0805ms)
✔ buildRunningTailHeadline maps macroPhase merging to operator text (0.191875ms)
✔ buildRunningTailHeadline maps gating / post-merge limbo (0.112333ms)
✔ buildHeadline preserves generic running when workers are active (0.184541ms)
✔ deriveMacroPhase uses journal merge tail when diagnosis is running without workers (0.196833ms)
✔ deriveMacroPhase stays executing when workers are active (0.066ms)
✔ tail-state fixture reconciles without bare is running headline (4695.158625ms)
✔ tail-state headline matches batch 20260701T031142 shape via buildHeadline (0.197667ms)
✔ isCoverageArtifactPath matches extension/coverage and root coverage dirs (0.552084ms)
✔ isPathInFileScope matches exact paths and directory prefixes (0.120084ms)
✔ filterOutOfScopeCoveragePorcelain drops modified coverage outside file scope (0.148791ms)
✔ filterOutOfScopeCoveragePorcelain keeps in-scope coverage modifications (0.072334ms)
✔ restoreOutOfScopeCoverageArtifacts resets tracked coverage files (1973.253417ms)
✔ resolvePostLaneCommitPorcelain restores and filters out-of-scope coverage (2382.233459ms)
✔ commitLaneAndValidateWorktree succeeds when only out-of-scope coverage is dirty (3669.863667ms)
✔ commitLaneAndValidateWorktree fails when dirty without .DONE (1907.887708ms)
✔ isWorktreeDeletionPorcelainLine matches unstaged deletions (0.567166ms)
✔ isSymlinkOnlyDriftPorcelain is true only for deletion-only porcelain (0.107917ms)
✔ filterSetupHookSymlinkDriftPorcelain clears deletion-only drift (0.081667ms)
✔ parseLaneWorktreeIdentity extracts batch and lane from worktree path (0.565042ms)
✔ resolvePostLaneCommitPorcelain repairs hook symlink drift (3371.917791ms)
✔ commitLaneAndValidateWorktree succeeds when hook symlink drifts after PASS (5039.763542ms)
✔ dismissBatch kills live stub worker PID and journals lane.worker_terminated (4539.33225ms)
✔ shouldRunCodeReview requires review level 2 or higher (0.540417ms)
✔ findCodeReviewStepNumber prefers step with code review checkpoint (4.738667ms)
✔ findCompletedCodeReview honors journal review.completed code APPROVE (2.224625ms)
✔ findCompletedCodeReview honors step artifact APPROVE for code review step (8.95625ms)
✔ runTaskOnLane runs engine code review for RL2 without worker nested spawn (9948.563833ms)
✔ runTaskOnLane skips engine code review when review level is 0 (9059.757125ms)
✔ runTaskOnLane skips engine code review when review level is 1 (10463.783834ms)
✔ runTaskOnLane honors journal review.completed code APPROVE without duplicate spawn (10242.017166ms)
✔ runTaskOnLane re-invokes worker after code REVISE and succeeds on APPROVE (13297.959958ms)
✔ resolveReviewSpawnTimeoutMs aligns with stall budget for M tasks (0.542458ms)
✔ runStepReview journals review.failed with review_timeout on hung spawn (604.367583ms)
✔ async reviewer spawn does not block the event loop while waiting for timeout (389.577917ms)
✔ startBatch opens integrate gate before batch.completed journal event (18422.086ms)
✔ startBatch serializes multiple tasks on one physical lane (27737.631125ms)
✔ startBatch runs disjoint-scope tasks on separate lanes in parallel (20067.769334ms)
✔ startBatch records lane commit before task.completed (19689.291666ms)
✔ runTaskOnLane emits task.failed not task.completed when lane commit fails (7977.282583ms)
✔ validateSpineConfig accepts worktreeSetupIgnorePaths (0.231333ms)
✔ engine_orphaned diagnosis suggests retry when task id known, attached resume otherwise (0.612333ms)
✔ dead engine with phase running passes validateMultiTaskResume without pause (2276.057ms)
✔ running phase with live engine pid rejects resume without force (2833.4955ms)
✔ reconcile engine_orphaned recommends attached resume for batch 20260618T191236 pattern (4391.116667ms)
✔ engine_orphaned with failedTaskId suggests retry (SP-315) (0.609791ms)
✔ reconcileOrphanRunningState transitions running task to failed with journal events (2332.879584ms)
✔ retryTask succeeds on orphan without manual pause (issue #20 trap) (3194.545875ms)
✔ diagnose then retry: suggestedCommand matches working recovery path (4681.887125ms)
✔ resume --force allowed after orphan reconcile when phase was running (2953.643708ms)
✔ terminateStaleDetachedEngine SIGTERM stale pid on failed resume (147.966583ms)
✔ runStepReview honors existing final PASS without re-spawn (51.156167ms)
✔ runStepReview skips review.failed journal when batch already completed (144.451084ms)
✔ startBatch lane branch has commit before merge when stub touches files (20088.078667ms)
✔ startBatch completes single task with stub worker (19443.503833ms)
✔ isExplicitBatchScope treats pending as explicit (5.547125ms)
✔ startBatch all dry-run allows multi-wave pending backlog (1229.568708ms)
✔ startBatch pending dry-run excludes done tasks (961.848958ms)
✔ startBatch all fails when every task has .DONE (1017.658291ms)
✔ startBatch skips worker when .DONE exists on disk (7291.015833ms)
✔ resolveBatchStartScope normalizes all to pending IDs (1153.783459ms)
✔ startBatch explicit IDs still allow multi-wave when scope is not bare all (839.40375ms)
✔ startBatch completes two-lane wave with stub workers (14211.2895ms)
✔ startBatch blocks merge on mixed outcomes (7297.301291ms)
✔ assessWaveMergeEligibility blocks failed and pending tasks (0.210958ms)
✔ collectCoreEvidenceBundle writes summary without complete marker (5104.097459ms)
✔ openIntegrateGate persists gate before extended evidence and journals milestones (5281.037041ms)
✔ openIntegrateGate keeps gate when extended evidence command fails (5321.693291ms)
✔ collectExtendedEvidenceBundle appends to existing refs (3619.252333ms)
✔ parseEvidenceCommandArgv accepts npm run test (2.758334ms)
✔ parseEvidenceCommandArgv preserves quoted arguments (0.148125ms)
✔ parseEvidenceCommandArgv rejects shell command chaining (0.239375ms)
✔ parseEvidenceCommandArgv rejects unknown binary (0.095458ms)
✔ runEvidenceCommand executes allowlisted argv without shell (289.587125ms)
✔ runEvidenceCommand rejects malicious config strings (0.17375ms)
✔ runEvidenceCommand skips empty command (0.884125ms)
✔ runEvidenceCommand rejects disallowed build binary (0.494042ms)
✔ parseEvidenceCommandArgv rejects subshell injection (0.256125ms)
✔ collectEvidenceBundle writes summary and .complete marker atomically (5308.921959ms)
✔ collectEvidenceBundle writes rejected output for unsafe testing.test (3883.812833ms)
✔ findCompletedFinalReview honors journal review.completed final PASS (9.306875ms)
✔ findCompletedFinalReview honors latest final artifact PASS (11.232292ms)
✔ runTaskOnLane honors pre-existing worker final review without spawn failure (11114.940333ms)
✔ runTaskOnLane honors journal review.completed final PASS without duplicate spawn (9953.8045ms)
✔ parseFinalReviewVerdict accepts PASS, REVISE, and REPLAN (0.913959ms)
✔ shouldRunFinalReview skips when review level is 0 (0.091667ms)
✔ runTaskOnLane skips final review when review level is 0 (9603.547ms)
✔ runTaskOnLane journals task.verdict_recorded on PASS final review (10378.754709ms)
✔ runTaskOnLane re-invokes worker after REVISE and succeeds on PASS (15083.723917ms)
✔ runTaskOnLane caps REVISE at maxFinalAttempts with review_exhausted (17372.55375ms)
✔ runTaskOnLane fails with needs_replan and does not keep .DONE (6460.860167ms)
✔ mergeWaveLanesToOrch blocks when a wave task has exitReason needs_replan (474.594791ms)
✔ runEngineFinalReview stub writes final artifact path (3.851292ms)
✔ isUnscopedFlutterAnalyzeSegment detects bare and compound analyze commands (0.758209ms)
✔ isUnscopedFlutterAnalyzeCommand handles compound shell commands (0.160375ms)
✔ isFlutterAnalyzeTestCompoundCommand matches analyze plus test (0.128584ms)
✔ shouldCleanFlutterBuildBeforeAnalyze respects config opt-out (0.081917ms)
✔ sanitizeFlutterBuildBeforeAnalyze removes polluted build directory (1292.63ms)
✔ sanitizeFlutterBuildBeforeAnalyze is no-op when build is absent (1319.437916ms)
✔ prepareContractVerifyEnvironment removes polluted build for compound analyze command (971.993042ms)
✔ polluted build does not fail verify after hygiene (967.393917ms)
✔ verifyContract cleans polluted build before unscoped flutter analyze testCommand (1291.738667ms)
✔ buildTaskScorecard lists task rows (0.663125ms)
✔ openIntegrateGate persists pending gate and journals gate.opened (5529.792625ms)
✔ collectEvidenceBundle writes summary and diff-stat (5885.480042ms)
✔ approve and reject enforce gate FSM (4644.230291ms)
✔ rejectIntegrateGate journals gate.rejected (4701.262583ms)
✔ checkIntegrateGate blocks until approved (exit 2) (4307.345583ms)
✔ integrateOrchToBase fails with exit 2 when gate pending (5567.741292ms)
✔ integrateOrchToBase succeeds after gate approval (6981.439333ms)
✔ force integrate requires SPINE_ALLOW_FORCE=1 (1127.776459ms)
✔ openIntegrateGateAfterBatchComplete skips non-completed batches (728.663042ms)
✔ runSpineGate CLI approve updates gate record (2609.815291ms)
✔ isGitignoredArtifactPath matches extension/coverage and node_modules (0.562083ms)
✔ listGitignoredArtifactRoots deduplicates nested artifact dirs (0.483458ms)
✔ sanitizeGitignoredArtifactsBeforeLaneCommit removes worktree-only coverage (2193.878958ms)
✔ sanitizeGitignoredArtifactsBeforeLaneCommit skips when disabled (1727.756208ms)
✔ commitLaneAndValidateWorktree succeeds when only extension/coverage is gitignored dirty (3982.852458ms)
✔ commitLaneAndValidateWorktree succeeds when only node_modules is gitignored dirty (3182.440709ms)
✔ sanitizeGitignoredArtifactsBeforeLaneCommit does not clean index-tracked gitignored paths (3117.149875ms)
✔ commitLaneWorktree still fails for index-tracked gitignored coverage (4430.501542ms)
✔ classifyGitignoredPaths returns empty arrays for empty input (1164.851375ms)
✔ classifyGitignoredPaths detects index-tracked gitignored paths (2056.014209ms)
✔ classifyGitignoredPaths detects worktree-only gitignored paths (1907.144333ms)
✔ classifyGitignoredPaths handles mixed index-tracked and worktree-only (2307.481667ms)
✔ formatGitignoredRemediationMessage: worktree-only does not suggest git rm --cached (0.287167ms)
✔ formatGitignoredRemediationMessage: index-tracked suggests git rm --cached (0.062625ms)
✔ formatGitignoredRemediationMessage: mixed suggests both remediation paths (0.0645ms)
✔ commitLaneWorktree: worktree-only gitignored does not suggest git rm --cached (2458.487042ms)
✔ commitLaneWorktree: index-tracked gitignored still suggests git rm --cached (4492.536916ms)
✔ regression: SP-011 worktree-only coverage after npm test does not suggest git rm --cached (4070.629667ms)
✔ isGitignoredArtifactPath matches graphify-out hook output (0.55175ms)
✔ listGitignoredArtifactRoots deduplicates nested graphify-out paths (0.514417ms)
✔ sanitizeGitignoredArtifactsBeforeLaneCommit removes worktree-only graphify-out (2395.280042ms)
✔ commitLaneAndValidateWorktree succeeds when only graphify-out is gitignored dirty (3624.470917ms)
✔ resolveHeartbeatKind marks launching as worker_alive only (0.627375ms)
✔ shouldEmitCheckpointWarning skips launching phase (0.167459ms)
✔ buildHeartbeatPayloadFields omits stale checkpoint signals during launching (0.095083ms)
✔ recordLaneHeartbeat journals kind and phase (530.324208ms)
✔ runWorker launching heartbeat does not journal stale STATUS mtime on fast-fail retry (5662.5055ms)
✔ resolveStallConfig applies lane overrides (0.183334ms)
✔ progressSignalsChanged detects STATUS mtime updates (487.311209ms)
✔ computeStallDeadline extends past hard timeout after progress (0.126708ms)
✔ stall false positive avoided when STATUS updates extend deadline (I-01) (0.96025ms)
✔ findLatestStepCompletedMs returns newest matching task.step_completed (0.172667ms)
✔ progressSignalsChanged detects journal task.step_completed (silent tools) (654.083542ms)
✔ activitySignalsChanged detects file-scope mtime updates (FR-WORK-10 / FR-STALL-02) (455.184958ms)
✔ startBatch records lane.heartbeat during stub worker delay (19394.3315ms)
✔ startBatch persists baseBranchHeadAtStart and journals batch.base_snapshot (20571.917958ms)
✔ isFastForwardCapableIntegrate detects orch ahead of main (#93) (3375.655584ms)
✔ integrateOrchToBase fast-forwards when orch is strictly ahead (#93 batch 20260702T071449) (13950.882916ms)
✔ integrateOrchToBase fast-forwards with generatedAt-only rules-manifest drift on main (#93) (8949.095708ms)
✔ recordBatchBaseSnapshot stores head sha and journals batch.base_snapshot (1769.449084ms)
✔ integrateOrchToBase succeeds with uncommitted edits on main (11518.458291ms)
✔ integrateOrchToBase conflict path leaves human checkout and files unchanged (8694.907875ms)
✔ integrateOrchToBase succeeds with uncommitted edits on feature branch (non-base) (7683.80575ms)
✔ integrateOrchToBase dry-run advertises isolated merge plan (2220.475791ms)
✔ resolveRulesManifestIntegrateDrift restores main when worker manifest matches orch (#22) (5641.911083ms)
✔ integrateOrchToBase succeeds with worker manifest drift on main matching orch (#22) (11014.211791ms)
✔ resolveRulesManifestIntegrateDrift blocks unrelated dirty files on main (1697.740208ms)
✔ resolveRulesManifestIntegrateDrift blocks substantive manifest drift not matching orch (1930.913583ms)
✔ resolveRulesManifestIntegrateDrift still clears generatedAt-only drift on main (1867.338083ms)
✔ resolveRulesManifestIntegrateDrift clears generatedAt-only dirty manifest on main (5006.594292ms)
✔ integrateOrchToBase succeeds with dirty generatedAt-only rules-manifest on main (11110.84325ms)
✔ inspectHumanBaseSync reports integrate_isolated_ok after plumbing integrate leaves HEAD behind (15859.364708ms)
✔ inspectHumanBaseSync reports human_base_diverged when human commits overlap orch paths (5450.885583ms)
✔ spine sync-base CLI merges landed main into feature branch (9079.373792ms)
✔ DEFAULT_SYNC_TIMEOUT_MS is 60 seconds (0.504ms)
✔ syncPlumbingMergePathsToWorktree returns ok: true on successful sync (3796.60325ms)
✔ syncPlumbingMergePathsToWorktree returns ok: false with timedOut on timeout (2541.844375ms)
✔ integrateOrchToBase emits integrate.failed with IntegrateTimeout on sync timeout (7898.0585ms)
✔ successful integrate still emits integrate.completed (regression) (7508.704459ms)
✔ partial sync failure returns ok: false with correct failureClass from integrateOrchToBase (6183.787792ms)
✔ syncPlumbingMergePathsToWorktree succeeds when worktree has paths not in HEAD (3470.20675ms)
✔ syncPlumbingMergePathsToWorktree restores paths that exist in merge commit (3226.614625ms)
✔ syncPlumbingMergePathsToWorktree skips diff paths absent from merge commit (2012.612041ms)
✔ assertOrchIntegratable refuses empty orch when mergeResults claim success (2112.893375ms)
✔ assertOrchIntegratable requires integrate when orch is ahead of base (1892.148667ms)
✔ reconcileBatch reports needs_integrate when batch completed but orch not on main (4776.769ms)
✔ completeBatch refuses when orch is ahead but not integrated (4298.345958ms)
✔ integrateOrchToBase merges orch into main and journals events (7510.037375ms)
✔ integrateOrchToBase dry-run does not change main HEAD (2087.143167ms)
✔ completeBatch succeeds after integrate lands orch on main (8491.313459ms)
✔ integrateOrchToBase aborts merge on conflict and restores checkout (5061.834542ms)
✔ integrateOrchToBase fails when batch state is missing (0.286917ms)
✔ runSpineIntegrate CLI succeeds when orch tip already matches main (943.804375ms)
✔ PRD §20.2 planner yields wave0 {A,C} and wave1 {B} (2080.049666ms)
✔ PRD §20.2 two-lane stub batch completes ABC waves (26428.505167ms)
✔ PRD §20.2 mixed-outcome blocks merge; retry resets wave B for resume (16144.1985ms)
✔ runStepReview with worker attach env does not journal when attach suppressed (17.207166ms)
✔ runSpineReviewStep with worker attach env does not journal when attach suppressed (10.015708ms)
✔ runSpineReportProgress with worker attach env does not journal when attach suppressed (2.6645ms)
✔ readJournalEventsCached returns same events as readJournalEvents (244.240542ms)
✔ readJournalEventsCached returns cached copy on second call without file change (84.016084ms)
✔ readJournalEventsCached invalidates when file mtime changes (77.501792ms)
✔ readJournalEventsCached returns empty array for missing file (2.424125ms)
✔ clearJournalCache forces re-read on next call (79.850625ms)
✔ invalidateJournalCache with matching path clears cache (209.604666ms)
✔ invalidateJournalCache with non-matching path preserves cache (41.027333ms)
✔ readJournalEventsCached handles transition from missing to existing file (42.2785ms)
✔ readJournalEventsCached handles switch between different batch IDs (67.892417ms)
✔ runSpineJournal replay exits non-zero when journal missing (15.864375ms)
✔ runSpineJournal replay prints human table (158.268834ms)
✔ runSpineJournal replay --json returns events array (70.7665ms)
✔ exportJournalJsonl returns null when journal missing (4.807166ms)
✔ runSpineJournal export exits non-zero when journal missing (7.619584ms)
✔ runSpineJournal export writes jsonl to stdout (43.89475ms)
✔ runSpineJournal export --output writes file (49.069916ms)
✔ exportJournalMarkdown returns null when journal missing (8.400208ms)
✔ formatJournalMarkdownTimeline produces stable table shape (3.188833ms)
✔ formatJournalMarkdownTimeline escapes pipe characters in summary (0.110167ms)
✔ runSpineJournal export markdown exits non-zero when journal missing (3.642375ms)
✔ runSpineJournal export writes markdown to stdout (83.799541ms)
✔ runSpineJournal export markdown --output writes file (103.061125ms)
✔ detectBatchStateDrift flags running cache when reconcile sees doneInLane without journal terminal (0.757ms)
✔ deriveStructuralBatchStateFromJournal rebuilds multi-lane skeleton without cache seed (3.692208ms)
✔ resume-parallel-lane-orphan fixture: journal-only rebuild marks resumed tasks running (1.706ms)
✔ orphan-running-resume fixture: structural + lifecycle rebuild without seed (5.1755ms)
✔ pidless-ghost-running fixture: post-resume task.started wins over historical failure (1.033584ms)
✔ resume-orphan-historical-failure fixture: rebuild ignores pre-resume failure for active task (1.312584ms)
✔ retry-clears-failed-classification fixture: rebuild fixes stale failed cache (1.574459ms)
✔ retry-clears-failed-classification fixture: detectBatchStateDrift flags cache vs journal (0.906041ms)
✔ incident fixtures rebuild from disk matches in-memory journal rebuild (695.349834ms)
✔ readJournalTimeline filters task and batch lifecycle events (0.556ms)
✔ rebuildBatchStateFromJournal applies task.completed over stale failed cache (0.852042ms)
✔ detectBatchStateDrift flags journal completed vs cache failed (0.278417ms)
✔ detectBatchStateDrift ignores incomplete journal when cache failed (0.113291ms)
✔ incident orphan-running fixture: journal timeline is readable (673.27575ms)
✔ appendJournalEvent writes schema v1 with ISO timestamp and payload (42.780375ms)
✔ readLastTaskFailedEvent returns most recent task.failed (113.110541ms)
✔ redactSecrets masks sensitive keys (0.236583ms)
✔ capPayloadSize truncates oversized payloads (1.761167ms)
✔ normalizeJournalEvent upgrades legacy lines (0.130917ms)
✔ readJournalEvents reads mixed legacy and v1 lines (88.35425ms)
✔ extractJournalDiagnosisHints surfaces failure events from tail (0.405416ms)
✔ commitLaneWorktree commits dirty worktree when .DONE exists (2809.952667ms)
✔ commitLaneWorktree fails loud when dirty without .DONE (1164.822917ms)
✔ filterPorcelain drops lines matching ignore patterns by full path (0.262625ms)
✔ filterPorcelain drops lines matching ignore patterns by basename (0.0805ms)
✔ filterPorcelain keeps rename targets when only source matches ignore (0.069875ms)
✔ filterPorcelain returns empty for empty input (0.05325ms)
✔ mergeLaneToOrch rejects empty merge when lane commits were required (1769.388167ms)
✔ mergeLaneToOrch prefers orch for conflicts outside lane file scope (4381.728167ms)
✔ mergeLaneToOrch does not auto-resolve in-scope lane conflicts (3464.613709ms)
✔ dismiss archives batch-state before clearing active file (3073.355459ms)
✔ complete with --detect-manual-merge succeeds when orch merged to main (3603.6415ms)
✔ complete refused when mergeResults succeeded but orch not on main (11739.565792ms)
✔ dismiss refused when diagnosis is running without --force (2937.662ms)
✔ isPostMergeLimbo is true when tasks and merges succeeded with open orch branch (0.630166ms)
✔ isPostMergeLimbo rejects non-running or ended batches (0.086708ms)
✔ isPostMergeLimbo rejects empty or partial task/merge state (0.078292ms)
✔ isPostMergeLimbo respects git orch branch signals (5.44825ms)
✔ isPostMergeLimbo rejects null or non-object state (0.087958ms)
✔ resolveWorkerOutputConfig defaults live log streaming off (0.636459ms)
✔ workerLiveLogPath matches runtime layout (0.105875ms)
✔ truncateLiveLogBytes applies truncation marker when over cap (0.198416ms)
✔ appendWorkerLiveLogChunk redacts secrets and enforces byte cap (43.232709ms)
✔ createWorkerLiveLogWriter returns null when streaming disabled (0.255417ms)
✔ runWorker streams subprocess stub output to live log when enabled (5169.432667ms)
✔ runWorker skips live log when streamWorkerOutputLive is false (5118.023ms)
✔ runWorker still writes terminal failure log when live streaming enabled (5288.941708ms)
✔ startAgentSessionWorker flushes transcript chunks to live log (1365.461ms)
✔ appendWorkerLiveLogChunk rolls file with truncation marker when over max bytes (15.775791ms)
✔ MACRO_PHASES exports all eleven lifecycle values (1.104083ms)
✔ deriveMacroPhase: idle when no batch signals (0.107125ms)
✔ deriveMacroPhase: planning from batch phase (0.121958ms)
✔ deriveMacroPhase: executing for active running batch (0.096791ms)
✔ deriveMacroPhase: merging phase and needs_merge diagnosis (0.690709ms)
✔ deriveMacroPhase: reviewing when review.started is open (0.430875ms)
✔ deriveMacroPhase: gating for pending gate or post-merge limbo (0.093375ms)
✔ deriveMacroPhase: integrating for needs_integrate and open integrate.started (0.121ms)
✔ deriveMacroPhase: completed, failed, aborted, paused terminal phases (0.090833ms)
✔ fixture running-batch.json reconciles to executing macro-phase (3472.6925ms)
✔ fixture taskplane-executing.json maps to executing (0.305917ms)
✔ fixture needs-retry-batch.json maps to failed macro-phase (2798.169709ms)
✔ fixture limbo-stale maps to completed macro-phase (3489.829042ms)
✔ all macro-phase enum values are reachable via deriveMacroPhase (0.263167ms)
✔ recordMergeBlocked sets terminal merge_blocked phase and clears enginePid (859.110291ms)
✔ reconcileBatch diagnoses merge_blocked as failed merge, not needs_merge (3140.95625ms)
✔ legacy merging phase with endedAt and failed mergeResults reconciles as failed (3373.650375ms)
✔ findResumableWave skips succeeded merged waves when later wave has pending tasks (0.622208ms)
✔ validateMultiTaskResume allows force resume from merge_blocked (2249.224083ms)
✔ buildSuggestedCommand recommends resume --force for merge_blocked phase (0.275583ms)
✔ summarizeMergeFailures extracts failed wave and lane from mergeResults (0.61375ms)
✔ buildMergeFailureHeadline uses 1-based wave number and lane label (0.176042ms)
✔ buildHeadline for failed diagnosis surfaces merge conflict instead of zero failed tasks (0.210625ms)
✔ buildSuggestedCommand for merge failure suggests resume --force (0.136166ms)
✔ buildDiagnosisOutput bundles merge failure headline and command (0.146084ms)
✔ reconcileBatch surfaces merge failure fields distinct from failedTasks (3003.567958ms)
✔ spine status --json includes merge failure fields for monitors (4009.002083ms)
✔ spine status --diagnose prints merge failure details in text output (3045.041833ms)
✔ filterGitignoredPaths separates ignored and stageable paths (809.200291ms)
✔ gitAddFilteredPaths skips gitignored paths without failing (1350.696584ms)
✔ mergeLaneToOrch succeeds when task branch committed gitignored coverage (5360.268083ms)
✔ commitLaneWorktree refuses gitignored-only dirty paths (1714.439708ms)
✔ commitLaneWorktree commits tracked files while skipping gitignored dirty paths (2530.669125ms)
✔ inferMergeGitignoredFailure detects gitignored merge and lane commit failures (0.238083ms)
✔ buildSuggestedCommand returns git rm --cached repair for gitignored merge failures (0.192292ms)
✔ reconcileBatch surfaces gitignored merge repair command from journal (3071.662ms)
✔ filterPorcelain remains unchanged for SP-104 ignore patterns (0.313125ms)
✔ mergeLaneToOrch auto-resolves additive docs/PRD.md after origin/main merge task (5028.068167ms)
✔ mergeLaneToOrch fails PRD merge with recovery commands when hunks overlap (4385.228666ms)
✔ formatPrdDocMergeFailure names file and wave recovery (0.212333ms)
✔ isActiveWorkerSession true when SPINE_WORKER_RUNNER is set (0.588041ms)
✔ isActiveWorkerSession false outside worker context (0.084542ms)
✔ runStepReview skips nested reviewer spawn when worker env is set (222.885417ms)
✔ runStepReview skips nested plan review spawn when worker env is set (132.910834ms)
✔ runStepReview stub path still works inside worker session (56.168166ms)
✔ runStepReview reaches pi availability check when worker env absent (14.174875ms)
✔ engine parent with leaked worker runner reaches reviewer spawn (34.707834ms)
✔ batch 20260619T020951 SP-306 plan step 0 journals review.skipped not review.failed (128.3205ms)
✔ detectNestedWorkerContext returns reason when SPINE_IS_WORKER=1 (0.583208ms)
✔ detectNestedWorkerContext returns reason when projectRoot is inside .worktrees/spine-* (0.111791ms)
✔ detectNestedWorkerContext returns null for normal projectRoot without worker env (0.12475ms)
✔ startBatch returns error when SPINE_IS_WORKER=1 (12.4755ms)
✔ startBatch returns error when projectRoot is inside .worktrees/spine-* (59.08ms)
✔ startBatch succeeds normally (no env, normal CWD) — regression (14524.562542ms)
✔ buildWorkerChildEnv includes SPINE_IS_WORKER=1 (2.931708ms)
✔ journalEventsSinceResume excludes pre-resume terminal events (33.008916ms)
✔ detectOrphanRunning: historical task.failed + post-resume silence + dead engine (30.404875ms)
✔ resume orphan with historical failure fixture is not diagnosed as running (3671.913042ms)
✔ terminal event within scoped window still suppresses engine orphan (0.770083ms)
✔ journalIndicatesStalledSession: post-resume start without terminal (2.522583ms)
✔ detectOrphanRunning: PID-less ghost running with post-resume journal stall (0.476375ms)
✔ pidless ghost fixture reconcile is engine_orphaned, not running (2798.597041ms)
✔ terminal event within scoped window suppresses PID-less ghost signal (1.317083ms)
✔ isProcessAlive returns false for absent pid (0.783958ms)
✔ resume parallel lane orphan fixture: multiple running on lane 1 (7.898208ms)
✔ resume parallel lane orphan fixture: reconcile is actionable after scoped orphan detect (3145.436416ms)
✔ searchATon orphan incident fixture: dead workerPid is not diagnosed as running (3123.945542ms)
✔ dead workerPid with running task is not diagnosed as running (3099.175209ms)
✔ dead enginePid mid-resume without terminal journal is engine_orphaned (2328.811666ms)
✔ running batch without recorded pids still reports running (1912.346167ms)
✔ detectOrphanRunning ignores dead engine when terminal journal exists (0.296041ms)
✔ recordBatchEnginePid persists under resilience and clears on terminal save (580.2715ms)
✔ confirmed pause records batch.paused only after engine persists phase (882.187875ms)
✔ unconfirmed pause does not leave orphan batch.paused journal entry (1002.480375ms)
✔ pauseBatch succeeds immediately when no attached engine is alive (688.654166ms)
✔ pauseBatch fails loud when attached engine keeps phase running (1214.276292ms)
✔ waitForPauseConfirmation returns true when phase stays paused (719.617042ms)
✔ retryTask succeeds when batch phase is paused (832.646417ms)
✔ retryTask rejects when batch phase is running (531.299167ms)
✔ resolveAttachedMilestonePollMs defaults to 2000ms when config omitted (0.538625ms)
✔ resolveSequencePollMs defaults to 5000ms when config omitted (0.091166ms)
✔ resolveDashboardPollMs defaults to 2000ms when config omitted (0.069ms)
✔ resolveAttachedMilestonePollMs honors orchestrator.attachedMilestonePollMs override (0.061708ms)
✔ resolveSequencePollMs honors orchestrator.sequencePollMs override (0.058125ms)
✔ resolveDashboardPollMs honors orchestrator.dashboardPollMs override (0.049916ms)
✔ validateOrchestratorConfig rejects invalid poll values (0.130042ms)
✔ validateSpineConfig accepts orchestrator poll overrides (0.231708ms)
✔ waitForSequenceBatchTerminal uses 5000ms default poll interval (0.076292ms)
✔ batch 20260630T212050 orphan-after-merge fixture describes GitHub #59 incident (1.701125ms)
✔ batch 20260630T212050 journal fixture is limbo via resume detect but not bare state (1881.792709ms)
✔ hydrateMergeResultsFromJournal enables state limbo detection for batch 20260630T212050 (1055.700666ms)
✔ finalizeAttachedLandLoopBeforeExit opens gate for batch 20260630T212050 journal limbo (5187.396875ms)
✔ installAttachedExitFinalizeHandlers finalizes journal limbo on SIGTERM without manual resume (4064.420167ms)
✔ batch 20260629T021550 fixture is post-merge limbo without gate (1094.430458ms)
✔ attemptPostMergeLandLoopHandoff finalizes batch 20260629T021550 limbo after SIGTERM (4175.986375ms)
✔ resumeBatchDetached --force finalizes post-merge limbo without spawning engine (3686.815917ms)
✔ resumeBatch attached path finalizes batch 20260629T021550 limbo immediately (2867.6235ms)
✔ resumeMultiTaskBatch still finalizes batch 20260629T021550 after orphan_terminated (3578.4595ms)
✔ finalizeResumePostMergeLimbo clears stale engine pid during post-merge limbo (2890.384667ms)
✔ isPostMergeLimbo detects running phase with successful merges (0.617ms)
✔ deriveDiagnosis returns needs_integrate for post-merge limbo (0.460334ms)
✔ finalizeBatchForIntegrate opens gate from post-merge limbo without resume (3993.718125ms)
✔ resumeMultiTaskBatch opens gate from post-merge limbo without re-running tasks (3744.797792ms)
✔ mixed-outcome post-mortem lists failed IDs and retry hint, not smooth success (3328.537334ms)
✔ false-success reconciliation headline is overridden when failures exist (0.654583ms)
✔ listFailedTaskIds prefers classified terminal-failure tasks (1.2755ms)
✔ collectEvidenceBundle summary.md is honest post-mortem markdown (3007.758292ms)
✔ dismissBatch writes post-mortem path into batch history (2314.99475ms)
✔ writeBatchPostMortem persists markdown under runtime batch dir (1932.749667ms)
✔ spine status --verbose includes post-mortem section for active batch (2111.108334ms)
✔ resolveStallConfig defaults progressSnapshotIntervalMinutes to 2 (0.551041ms)
✔ resolveStallConfig applies progressSnapshotIntervalMinutes override (0.076625ms)
✔ buildProgressSnapshotPayload is bounded and omits dirty path lists (0.511417ms)
✔ progressSnapshotPayloadChanged detects field deltas (0.093167ms)
✔ shouldEmitProgressSnapshot respects interval (0.070625ms)
✔ recordLaneProgressSnapshot journals bounded payload (163.019083ms)
✔ runWorker emits lane.progress_snapshot on interval and dedupes unchanged signals (10295.132666ms)
✔ startBatch fails closed on invalid PROMPT before batch starts (875.960541ms)
fatal: malformed object name missing-base-branch
✔ inspectGitState records gitInspectionError when merged-branch scan fails (1313.212083ms)
✔ deriveDiagnosis returns git_unavailable when git inspection failed (0.422292ms)
✔ reconcileBatch surfaces git_unavailable instead of limbo_stale on git failure (2449.700167ms)
fatal: malformed object name missing-base-branch
✔ reconcileBatch records count_commits_ahead git errors from real git refs (2675.783667ms)
✔ idle-no-batch returns healthy idle state (1028.015042ms)
✔ limbo_stale detected from incident fixture (2689.925792ms)
✔ completed_manual when orch branch merged to main (2642.156125ms)
✔ needs_retry when a task failed (1843.918041ms)
✔ running diagnosis for active batch (2637.681834ms)
✔ runReconciliationCheck matches reconcileBatch output shape (2214.656666ms)
✔ reconcileBatch includes journal hints when journal exists (1799.03575ms)
✔ reconcileBatch exposes macroPhase for running batch (1944.6655ms)
✔ reconcileBatch exposes macroPhase for limbo_stale (1580.665667ms)
✔ failBatchFromEngineError writes batch.failed and clears enginePid (983.595125ms)
✔ reconcileGhostRunningTasks marks running tasks failed without worker (0.208208ms)
✔ resumeMultiTaskBatch fail-closed when post-commit gitPorcelain throws (8285.679292ms)
✔ resumeBatch opens integrate gate before batch.completed journal event (11019.133333ms)
✔ refreshLaneHeartbeatsOnResume aligns lane heartbeats to engineStartedAt (0.613917ms)
✔ taskAlreadyComplete returns false for failed task with stale .DONE on disk (0.504666ms)
✔ resumeBatch after failed retry runs contract verification before succeed (5635.042875ms)
✔ resumeBatch continues paused 2-task 2-lane batch with stub workers (13072.653375ms)
✔ resumeBatch multi path requires existing lane worktrees (832.480459ms)
✔ multi-task batch start → pause → resume completes both tasks (13460.160875ms)
✔ paused multi-task batch diagnose suggests multi-task resume (1496.486333ms)
✔ multi-task startBatch completes two-lane stub batch (start path) (8582.748166ms)
✔ resumeBatch serializes four tasks on one lane (25277.369625ms)
✔ resumeBatch runs two lanes with two tasks each in parallel (14311.907958ms)
✔ validateMultiTaskResume accepts paused 2-task 2-lane batch (1120.169167ms)
✔ validateMultiTaskResume rejects batch with zero tasks (908.75175ms)
✔ validateMultiTaskResume rejects missing worktree per lane (1180.686875ms)
✔ validateMultiTaskResume allows force resume when wave merge is pending (1752.308458ms)
✔ validateResumeBatch delegates to multi validator for single-task batch (1375.424709ms)
✔ resolveDetachedWaitTimeoutMs uses long default for wait-terminal orphan resume (0.629042ms)
✔ prepareOrphanResumeHandoff clears stale workerPid before orphan resume (381.6445ms)
✔ clearStaleLaneWorkerPids preserves live worker pid (485.884375ms)
✔ dual-dead lane+engine orphan reconciles as engine_orphaned with attached resume (3035.717042ms)
✔ attached resume --force completes stuck task after plan review orphan stall (9821.837167ms)
✔ detached resume with wait-terminal uses extended timeout constant (0.155166ms)
✔ taskTerminalSuccessInBatch requires succeeded status and journal task.completed (0.54875ms)
✔ resume --force after partial retry does not review.start succeeded task IDs (12073.028417ms)
✔ resume-validation leaf does not import reconcile.mjs (0.901708ms)
✔ isTaskResumable accepts pending, running, and resumable segments (0.137209ms)
✔ computePendingTasks filters to resumable tasks only (0.089ms)
✔ findResumableWave skips succeeded merged waves when later wave has pending tasks (0.179958ms)
✔ detectPostMergeLimboFromResumeSignals uses state mergeResults without journal (0.168ms)
✔ detectPostMergeLimboFromResumeSignals detects journal-only limbo when mergeResults empty (0.096834ms)
✔ detectPostMergeLimboFromResumeSignals rejects when gate already exists (0.068291ms)
✔ classifyTasksForOrphanDetect maps running status to running classification (0.479ms)
✔ pauseBatch sets phase paused and journals batch.paused (683.969625ms)
✔ resumeBatch continues paused single-lane batch (9545.250208ms)
✔ paused spine batch reconciliation suggests spine batch resume (1067.251459ms)
✔ validateBatchState requires segments aligned with tasks (0.25975ms)
✔ retryTask clears stale failure metadata before re-run (691.296416ms)
✔ retry then task.completed updates counters and reconcile diagnosis (2437.917083ms)
✔ retry-clears-failed-classification fixture reconciles after success state (2145.868417ms)
✔ retryTask atomically resets task and segment records (638.715875ms)
✔ retryTask fixes segment drift (GAP-RETRY-01) (735.12625ms)
✔ resumeBatch refuses segment drift without retry (794.429958ms)
✔ skipTask marks task skipped and updates counters (803.531084ms)
✔ retryTask rejects when batch is running (590.816208ms)
✔ defaultSegmentId used in segment records (0.16875ms)
✔ detectOrphanedReviewStarted finds orphaned review.started with no matching review.completed (0.634875ms)
✔ detectOrphanedReviewStarted returns empty when review.completed exists (0.091584ms)
✔ detectOrphanedReviewStarted distinguishes code and final review types (0.069875ms)
✔ reconcileOrphanedReviewEvents synthesizes completion when APPROVE artifact on disk (32.842041ms)
✔ reconcileOrphanedReviewEvents does NOT synthesize when no artifact on disk (21.370791ms)
✔ reconcileOrphanedReviewEvents does NOT synthesize for REVISE verdict (32.657583ms)
✔ findCompletedCodeReview honors artifact at attempt > 0 (23.378708ms)
✔ normal review flow (no crash) still works correctly (0.195083ms)
✔ reconcileOrphanedReviewEvents handles final review with PASS verdict (76.216875ms)
✔ buildReviewerSystemPrompt includes project standards when rules manifest exists (22.682084ms)
✔ buildReviewerSystemPrompt emits reviewer.rules_selected journal event (45.441625ms)
✔ buildReviewRequest user prompt does not include injected standards block (0.408625ms)
✔ runStepReview stub path does not emit reviewer.rules_selected (49.570333ms)
✔ isNoiseReviewScopePath matches runtime artifact paths (0.650792ms)
✔ filterReviewScopeNoise dedupes and drops noise (0.832833ms)
✔ resolvePlanReviewScopePaths returns PROMPT File Scope minus noise (5.691875ms)
✔ resolveReviewScopePaths plan uses task PROMPT file scope (4.043667ms)
✔ resolveReviewScopePaths final returns empty scope (0.118334ms)
✔ resolveCodeReviewScopePaths uses baseline..HEAD when baseline provided (1130.735875ms)
✔ resolveCodeReviewScopePaths falls back to git diff --name-only without baseline (856.843916ms)
✔ resolveReviewScopePaths code honors injectable git runner (0.817208ms)
✔ resolveCodeReviewScopePaths returns empty array when git fails (0.138333ms)
✔ parseReviewLevel reads PROMPT heading (0.663417ms)
✔ isReviewTypeRequired follows Taskplane rubric (0.085ms)
✔ formatReviewTimestamp strips separators from ISO time (2.966041ms)
✔ buildReviewArtifactPath uses step-timestamp pattern (0.234541ms)
✔ buildFinalReviewArtifactPath uses final-timestamp pattern (0.160917ms)
✔ normalizeVerdict maps enums by review type (0.093125ms)
✔ normalizeFinalVerdict and normalizeCodeVerdict are type-specific aliases (0.073667ms)
✔ parseReviewVerdict reads JSON and markdown verdicts (0.4915ms)
✔ parseReviewVerdict accepts PASS REVISE REPLAN when reviewType is final (0.086666ms)
✔ parseReviewVerdict step mode rejects final-only verdict enums (0.194583ms)
✔ parseFinalReviewVerdict accepts PASS, REVISE, and REPLAN (0.129375ms)
✔ parseFinalReviewVerdict omits heading summary unlike parseReviewVerdict (0.095ms)
✔ shouldRunCodeReview requires review level 2 or higher (0.073042ms)
✔ shouldRunFinalReview skips when review level is 0 (0.062083ms)
✔ DEFAULT_REVIEW_SPAWN_TIMEOUT_MS is 90 minutes (0.516666ms)
✔ honorReviewSpawnFailureWhenEligible honors final review when contract passed (12.918375ms)
✔ honorReviewSpawnFailureWhenEligible skips when contract failed (10.921459ms)
✔ honorReviewSpawnFailureWhenEligible honors code review with .DONE (19.562125ms)
✔ buildReviewerPiArgs includes --model when config pins reviewer (15.993084ms)
✔ buildReviewerPiArgs omits --model when reviewer model is inherit (12.49575ms)
✔ buildReviewerPiArgs uses per-type model override for matching reviewType (9.628584ms)
✔ buildReviewerPiArgs falls back to top-level reviewer pin when per-type block missing (12.332542ms)
✔ buildReviewerPiArgs cascades per-type inherit to top-level reviewer pin (16.555458ms)
✔ spawnReviewerPi fails closed when pi unavailable via SPINE_REVIEW_TEST_NO_PI (18.8845ms)
✔ buildReviewerChildEnv strips SPINE_WORKER_RUNNER from reviewer child env (0.404666ms)
✔ shouldBlockNestedReviewerSpawn false when only worker runner leaked on engine (0.098583ms)
✔ spawnReviewerPi allows engine spawn when worker runner leaked without journal attach (12.484584ms)
✔ shouldBlockNestedReviewerSpawn true inside live worker child session (0.578042ms)
✔ parseReviewLevel reads PROMPT heading (0.709083ms)
✔ isReviewTypeRequired follows Taskplane rubric (0.086416ms)
✔ buildReviewArtifactPath uses step-timestamp pattern (1.141875ms)
✔ buildFinalReviewArtifactPath uses final-timestamp pattern (0.132959ms)
✔ parseReviewVerdict reads JSON and markdown verdicts (0.490375ms)
✔ parseReviewVerdict accepts PASS REVISE REPLAN when reviewType is final (0.156542ms)
✔ parseReviewVerdict step mode rejects final-only verdict enums (0.093542ms)
✔ parseReviewVerdict accepts PASS REVISE REPLAN for final review type (0.066791ms)
✔ resolveBatchJournalContext ignores SPINE_BATCH_ID without SPINE_JOURNAL_ATTACH (0.1655ms)
✔ isJournalAttachBlocked honors SPINE_SUPPRESS_JOURNAL_ATTACH (0.121291ms)
✔ resolveBatchJournalContext blocked when attach suppressed (0.099916ms)
✔ runStepReview ignores SPINE_REVIEW_STUB_FAIL without stub mode (12.508625ms)
✔ runStepReview stub APPROVE writes artifact and journal events (27.451542ms)
✔ runStepReview stub REVISE returns exitCode 2 (20.442458ms)
✔ runStepReview fail-closed on stub spawn failure (32.473417ms)
✔ runStepReview skips when review level does not require type (18.16525ms)
✔ runStepReview final stub PASS writes final artifact path (52.309291ms)
✔ runStepReview final spawn failure exits non-zero at review level >= 1 (42.864084ms)
✔ runSpineReviewStep CLI --type final emits JSON verdict (34.991667ms)
✔ runSpineReviewStep CLI emits JSON verdict (46.932541ms)
✔ assertReviewToolAvailable fails closed without pi at review level > 0 (22.149125ms)
✔ runWorker fails closed when review tool unavailable at level > 0 (42.86375ms)
✔ stub worker stops when enforced review spawn fails (117.187458ms)
✔ DEFAULT_REVIEW_SPAWN_TIMEOUT_MS remains 90 minutes (backstop unchanged) (0.456125ms)
✔ runStepReview honors on-disk APPROVE while pi hangs — seconds not stall timeout (313.902ms)
✔ resolveReviewerModelPin returns per-type override when set (0.581208ms)
✔ resolveReviewerModelPin falls back to top-level when per-type block missing (0.468792ms)
✔ resolveReviewerModelPin cascades per-type inherit to top-level pin (0.172375ms)
✔ resolveReviewerModelPin returns null for top-level inherit (0.079208ms)
✔ resolveReviewerModelPin returns null when reviewer block absent (0.073625ms)
✔ resolveReviewerThinkingPin returns per-type override when set (0.102417ms)
✔ resolveReviewerThinkingPin falls back to top-level when per-type block missing (0.070583ms)
✔ resolveReviewerThinkingPin cascades per-type inherit to top-level pin (0.05275ms)
✔ resolveReviewerThinkingPin returns null for off at any level (0.097583ms)
✔ resolveReviewerThinkingPin returns null when reviewer block absent (0.10825ms)
✔ resolveRulesManifestGeneratedAtMerge keeps newest generatedAt (0.669334ms)
✔ resolveRulesManifestGeneratedAtMerge fails when rules differ (0.113709ms)
✔ fingerprintRulesManifest ignores generatedAt (0.082166ms)
✔ mergeLaneToOrch clears generatedAt-only dirty rules-manifest before merge (2760.126416ms)
✔ mergeLaneToOrch auto-resolves generatedAt-only rules-manifest conflict (2170.259417ms)
✔ mergeLaneToOrch fails loud when rules[] differ (1466.324167ms)
✔ mergeLaneToOrch does not auto-resolve when other paths conflict (1039.70975ms)
✔ tryAutoResolveRulesManifestMergeConflict resolves in-progress merge (698.607ms)
✔ appendTaskMetric writes TaskMetricRecord JSONL line (7.912208ms)
✔ buildTaskMetricRecord includes laneNumber and durationMs when available (0.279959ms)
✔ buildTaskMetricRecord omits laneNumber when not a positive lane (0.117292ms)
✔ metrics.enabled false skips append without error (4.245417ms)
✔ resolveTaskMetricOutcome maps skipped_done_on_disk to skipped (0.337875ms)
✔ appendTaskMetric redacts secret-like fields and omits prompt text (4.756042ms)
✔ skipTaskDoneOnDisk records skipped task metric (21.682083ms)
✔ appendBatchMetric writes BatchMetricRecord JSONL line (5.018708ms)
✔ recordBatchTerminalMetric skips when metrics disabled (1.363667ms)
✔ dismissBatch appends batch metric line (1182.696ms)
✔ spine metrics show filters by batch and formats table output (39.793292ms)
✔ spine metrics show CLI filters by batch id (353.913625ms)
✔ resolveSalvageConfig defaults autoCommitOnStall to false (0.516459ms)
✔ validateSpineConfig rejects non-boolean autoCommitOnStall (0.497125ms)
✔ recordTaskFailureSalvage with autoCommitOnStall commits scoped paths on lane branch (1287.60925ms)
✔ recordTaskFailureSalvage without autoCommitOnStall does not commit (1000.48175ms)
✔ salvage commit refuses merge_in_progress and index_conflicts (1440.994084ms)
✔ salvage commit refuses pre-commit hook failure (610.227916ms)
✔ atomic retry retains salvage WIP commit on lane branch (1059.408334ms)
✔ inspectLaneSalvage scopes porcelain to file scope and task folder (335.955458ms)
✔ recordTaskFailureSalvage journals inspection and writes evidence without committing (1085.226875ms)
✔ writeSalvageEvidence writes pretty JSON atomically without temp files (529.793625ms)
✔ startBatch worker failure with dirty scoped file emits salvage and diagnose hint (8577.653958ms)
✔ parseSequenceArgs honors --auto-approve-gate and --force (0.533667ms)
✔ spine run sequence --auto-approve-gate dry-run succeeds under stub (750.677291ms)
✔ spine run sequence --auto-approve-gate refused for real pi without --force (945.511291ms)
✔ spine run sequence --auto-approve-gate --force dry-run succeeds for real pi (687.381292ms)
✔ validateSequenceAutoApproveGate allows stub mode without force (0.573459ms)
✔ validateSequenceAutoApproveGate blocks real pi without force (0.13675ms)
✔ validateSequenceAutoApproveGate allows real pi with force (0.067625ms)
✔ validateSequenceAutoApproveGate skips check when flag is false (0.08025ms)
✔ buildSequenceAutoApproveDoctorCheck warns for real pi (0.093333ms)
✔ buildSequenceAutoApproveDoctorCheck passes for stub mode (0.090875ms)
✔ runSequence refuses auto-approve on dry-run for real pi (1.478292ms)
✔ runSequence allows auto-approve dry-run with force on real pi (0.895375ms)
✔ readCurrentBatchLogTail returns null for missing file (0.594458ms)
✔ readCurrentBatchLogTail filters to last batch session header (0.674833ms)
✔ readCurrentBatchLogTail returns full content when no header exists (0.390792ms)
✔ readCurrentBatchLogTail respects lineCount limit (0.3585ms)
✔ waitForSequenceBatchTerminal returns settled when batch completes before timeout (2147.430791ms)
✔ waitForSequenceBatchTerminal does not exit while engine PID is alive (3700.669083ms)
✔ waitForSequenceBatchTerminal returns failure diagnosis even with alive engine (978.918416ms)
✔ isMergeBlockedBatchOutcome detects mixed-outcome and merge_blocked phases (0.553417ms)
✔ evaluateWaveTaskDependencies filters runnable tasks by satisfied deps (0.576833ms)
✔ formatSequenceWaveSkipMessage names blocked dependencies per §17.4 (0.192208ms)
✔ resolveWaveAfterMergeBlocked continues wave 1 and skips wave 2 tasks (0.15975ms)
✔ planSequenceWaveTasks skips wave when no deps are satisfied (0.106916ms)
✔ 3-wave sequence continues wave 1 after wave 0 merge_blocked and skips wave 2 (18744.707375ms)
✔ isPiSessionMetadataPath matches .pi session roots and children (0.949208ms)
✔ checkGitClean ignores untracked .pi/ session metadata (618.220292ms)
✔ checkGitClean still fails when non-.pi paths are dirty (775.753792ms)
✔ runSequence with only .pi/ dirty passes preflight (17332.213ms)
✔ runSequence surfaces preflight failure on stderr-equivalent output (6596.368709ms)
✔ resolveResumeFromWave continues after last completed wave (0.486708ms)
✔ sequence persists fromWave, completedWaves, and lastBatchId after wave 0 (12550.158917ms)
✔ resume after interrupted wave 0 integrate completes remaining waves (27057.53375ms)
✔ sequence halts on wave failure with --stop-on-failure and preserves completed waves (12112.322792ms)
✔ resolveWaveTaskIds and resolveSequenceWaves honor planner waves (1.040334ms)
✔ diagnosis helpers classify settled, waiting, and failure states (0.10025ms)
✔ dry-run prints operator-equivalent land loop commands per wave (0.242208ms)
✔ 2-wave stub sequence completes with auto-approve land loop (23620.277458ms)
✔ buildSequencePlan resolves pending scope for dry-run integration (280.04025ms)
✔ skipTask leaves phase paused when all tasks terminal without merge (1999.013875ms)
✔ skipTask clears failed segment drift for reconcile (1760.109041ms)
✔ resolveWorkerOutputConfig applies lane defaults and overrides (0.572541ms)
✔ captureWorkerOutputTail keeps last lines and marks byte truncation (0.253917ms)
✔ redactWorkerOutput applies built-in and config deny patterns (0.476542ms)
✔ runWorker stall_timeout captures stderr, persists log, journals stall_killed (5074.961667ms)
✔ collectEvidenceBundle references persisted worker output logs (5.738125ms)
✔ successful worker skips log unless retainWorkerOutputOnSuccess (5032.035542ms)
✔ SAT-020 replay: checkpoint_warning → stall_killed → salvage_inspection → task.failed (61899.382209ms)
✔ regression: stub worker still requires .DONE for batch success (7207.894333ms)
✔ recordTaskTransition writes batch-state then journal in order (173.586042ms)
✔ saveSpineBatchState leaves prior JSON intact when atomic write fails (155.996416ms)
✔ saveGateRecord leaves prior JSON intact when atomic write fails (163.409291ms)
✔ validateBatchState accepts healthy schema v1 state (0.770375ms)
✔ validateBatchState rejects counter drift (0.147875ms)
✔ runSpineState validate passes on archived batch-state (8.057208ms)
✔ runSpineState validate fails loud on corrupt active state (2.213167ms)
✔ computeStatusProgress derives wave and task counts from batch raw (0.908625ms)
✔ computeStatusProgress returns null without batch raw (0.090792ms)
✔ formatStatusJson includes documented progress field names (0.152625ms)
✔ spine status --json includes task and wave progress for active batch (1092.715708ms)
✔ spine status --json omits progress counts when no batch is active (264.175709ms)
✔ reconcileBatch exposes progress fields for spine watch consumers (1010.426875ms)
✔ classifyTaskDoneSemantics distinguishes lane vs main .DONE (issue #35) (224.284125ms)
✔ spine status --diagnose --json exposes explicit done flags mid-batch (1032.658041ms)
✔ verifyStubFileScopeMustChange fails when contract paths are unchanged (447.329292ms)
✔ verifyStubFileScopeMustChange passes when contract path changed (403.537833ms)
✔ verifyStubFileScopeMustChange passes for comma-in-single-backtick fileScopeMustChange (SP-396) (428.996ms)
✔ commitLaneWorktree rejects stub completion without fileScopeMustChange diffs (428.82525ms)
✔ commitLaneWorktree allows stub completion when fileScopeMustChange is satisfied (610.041708ms)
✔ stub contract helpers detect release-critical contracts and legacy markers (0.390875ms)
✔ shouldEnforceStubContractAtLaneCommit uses env or legacy .DONE marker (227.74125ms)
✔ stub cannot succeed merge/version task without file-scope changes (581.788125ms)
✔ checkStubReleaseCritical warns when stub mode has pending fileScopeMustChange tasks (266.002916ms)
✔ diagnosis surfaces exitReason stub for M/L legacy stub .DONE markers (1.02825ms)
✔ reconcileBatch surfaces exitReason stub for succeeded M/L tasks with legacy stub .DONE (1145.597292ms)
✔ applyStubDeliveryStatusBlock updates existing header lines (0.706208ms)
✔ applyStubDeliveryStatusBlock appends block when header lines are missing (0.1095ms)
✔ writeStubDeliveryStatusIfNeeded updates STATUS for delivery-only contracts (2.640417ms)
✔ writeStubDeliveryStatusIfNeeded skips implementation scopes (1.690584ms)
✔ stub worker auto-writes STATUS for delivery-only fileScopeMustChange (73.391417ms)
✔ stub worker does not auto-write STATUS for implementation fileScopeMustChange (74.491666ms)
✔ stub worker STATUS delivery satisfies verifyStubFileScopeMustChange (463.52475ms)
✔ isSupervisorSpawnEnabled defaults to false (0.665ms)
✔ resolveSupervisorPollIntervalMs uses default and honors config (0.10125ms)
✔ resolveSupervisorModel returns inherit by default (0.082292ms)
✔ shouldEmitSupervisorNudge covers actionable diagnoses (0.0865ms)
✔ buildSupervisorObservationPayload shapes reconcile fields (0.124417ms)
✔ buildSupervisorNudgePayload includes headline and suggestedCommand (0.575791ms)
✔ isSupervisorMonitorTerminal detects terminal phases and diagnoses (0.159375ms)
✔ spawnDetachedSupervisor does not spawn when disabled (181.448542ms)
✔ enabled:true journals supervisor.started and supervisor.stopped on terminal (1101.332708ms)
✔ enabled:false produces no supervisor journal events via maybeSpawnSupervisorOnDetachedStart (237.564125ms)
✔ killSupervisor journals supervisor.stopped and clears state (244.070708ms)
✔ spawnDetachedSupervisor spawns monitor child when enabled (292.87975ms)
✔ parseTaskSizeFromMarkdown reads Size line (1.20375ms)
✔ resolveTaskStallMinutes uses max of config and size floor (0.13475ms)
✔ resolveStallConfigForTask applies minutes to stallTimeoutMs (0.132208ms)
✔ journalTaskAwaitingFirstHeartbeat: true after task.started before lane.heartbeat (0.569375ms)
✔ journalTaskAwaitingFirstHeartbeat: false after matching lane.heartbeat (0.080417ms)
✔ detectOrphanRunning suppresses lane orphan during first-heartbeat debounce when engine alive (0.322166ms)
✔ detectOrphanRunning still reports lane orphan before heartbeat when engine is dead (0.11425ms)
✔ detectOrphanRunning still reports lane orphan after first heartbeat (0.095417ms)
✔ reconcileBatch: transient dead workerPid mid-start diagnoses running not worker_orphaned (1114.755083ms)
✔ reconcileOrphanRunningState does not fail running task during debounce window (164.883625ms)
✔ post-heartbeat dead pid still worker_orphaned with retry (971.042459ms)
✔ hasPendingWaveMerge is true when an intermediate wave lacks mergeResults (0.629792ms)
✔ hasPendingWaveMerge is false when every terminal wave is recorded (0.482542ms)
✔ recordWaveMergeResult records forceMerged flag and updates existing wave row (0.140583ms)
✔ resolveWorkerBackend defaults to subprocess (0.621625ms)
✔ resolveWorkerBackend honors agentSession flag (0.094667ms)
✔ validateWorkerBackendConfig rejects invalid values (0.109458ms)
✔ validateSpineConfig accepts optional workerBackend (0.27575ms)
✔ settings registry validates workerBackend enum case-sensitively (0.170666ms)
✔ buildAgentSessionWorkerPrompt includes PROMPT reference and review hint (2.033375ms)
✔ createStubAgentSession writes .DONE (3.135125ms)
✔ startAgentSessionWorker completes with injected mock session (543.822125ms)
✔ runWorker uses agentSession backend with mock factory (5027.777667ms)
✔ runWorker keeps subprocess default when workerBackend unset (5020.002583ms)
✔ WORKER_BACKENDS lists supported values (0.765ms)
✔ buildWorkerBackendDoctorCheck reports subprocess as production default (0.182459ms)
✔ buildWorkerBackendDoctorCheck warns or fails on opt-in agentSession (0.300083ms)
✔ buildWorkerBackendDoctorCheck falls back to subprocess for invalid config (0.041917ms)
✔ DIAGNOSIS_TAXONOMY includes worker_done_missing distinct from worker_orphaned and needs_retry (0.512583ms)
✔ outputIndicatesWorkerDoneMissing matches runner stderr message (0.108375ms)
✔ inferWorkerDoneMissingFailure reads task.failed payload from journal (0.181916ms)
✔ buildHeadline and buildSuggestedCommand for worker_done_missing cite worker log (0.335042ms)
✔ reconcileBatch diagnoses worker_done_missing for issue #18 journal pattern (1053.650375ms)
✔ buildDiagnosisOutput bundles worker_done_missing headline and retry command (0.290292ms)
✔ resolvePiSpineRoot defaults to pi-spine package root (0.709542ms)
✔ resolvePiSpineRoot honors development.piSpineRoot override (3.049167ms)
✔ buildWorkerChildEnv sets PI_SPINE_ROOT for worker spawn (1.119917ms)
✔ validateWorkerLaunchScriptPath requires scripts/ prefix (8.706417ms)
✔ validateWorkerLaunchScriptPath rejects traversal (4.902291ms)
✔ validateWorkerLaunchScriptPath rejects symlink escape (5.417167ms)
✔ resolveSafeWorkerLaunchScript returns default when present (2.113541ms)
✔ validateSpineConfig rejects unsafe development.workerLaunchScript (0.538416ms)
✔ DEFAULT_WORKER_LAUNCH_SCRIPT matches conventional path (0.096375ms)
✔ runWorker classifies launch script fast-fail as launch_failed (5050.137666ms)
✔ appendWorkerAgentModelArgs adds --model when configured and not inherit (0.5535ms)
✔ appendWorkerAgentModelArgs omits --model for inherit and empty (0.098416ms)
✔ appendWorkerAgentModelArgs adds --thinking when set and not off (0.068833ms)
✔ buildWorkerPiArgs includes --model cursor/auto from spine-config (5.785083ms)
✔ buildWorkerPiArgs omits --model when agents.worker.model is inherit (2.376667ms)
✔ parseWorkerDoneMarker accepts legacy empty and text markers (1.356542ms)
✔ parseWorkerDoneMarker accepts structured JSON markers (0.159834ms)
✔ parseWorkerDoneMarker rejects partial JSON markers (0.081583ms)
✔ isWorkerDoneMarkerValid mirrors parseWorkerDoneMarker (0.079625ms)
✔ writeWorkerDoneMarker writes atomic structured JSON (6.315042ms)
✔ readWorkerDoneMarker reports absent marker (0.687625ms)
✔ persistWorkerOutputLog writes atomically without temp leftovers (4.048375ms)
✔ resolveWorkerPiTimeoutMs uses per-size stall floor (0.517167ms)
✔ resolveWorkerPiTimeoutMs honors SPINE_WORKER_PI_TIMEOUT_MS override (0.092042ms)
✔ buildWorkerChildEnv sets SPINE_WORKER_PI_TIMEOUT_MS from stall budget (0.422416ms)
✔ buildPiWorkerTimeoutDoctorCheck reports stall-aligned timeout for M floor (0.183ms)
✔ runWorker terminates hung child after .DONE and returns ok: true (10049.228292ms)
✔ runWorker pre-.DONE stall_timeout still works (5069.424292ms)
✔ buildWorkerTailPrompt includes critical-rules for JS-scoped task (24.296375ms)
✔ buildWorkerContextAsync appends config.standards end-to-end (1.693833ms)
✔ buildWorkerContextAsync emits worker.rules_selected journal event (15.8095ms)
✔ buildWorkerContextAsync falls back to static context without .cursor/rules (1.456666ms)
✔ buildReviewLevelHint delegates code and final review to engine (0.573625ms)
✔ buildCommitBoundaryHint uses SP-064 feat(taskId) convention (0.093291ms)
✔ buildDoneCheckpointHint references done path and uncommitted failure (0.35325ms)
✔ buildWorkerTailPrompt includes tools hint and task id from folder (0.654416ms)
✔ buildWorkerTailPrompt appends worker agent and PROMPT when present (5.319417ms)
✔ shouldSlideStallAnchorOnHeartbeat only slides worker_alive in pi phase (0.480625ms)
✔ computeStallDeadline slides silent stall window when lastAliveAt advances (0.163917ms)
✔ nextStallAnchorAt advances only on pi worker_alive (0.071ms)
✔ runWorker worker_alive heartbeats extend stall deadline past initial window (10090.367ms)
✔ runWorker silent stall still fails without heartbeats (5087.704167ms)
✔ SP-190 wedge fixture describes hung-child-after-.DONE incident (1.242958ms)
✔ SP-190 wedge class: engine completes within post-done grace (SP-193) (10059.990417ms)
✔ completeBatch removes lane worktrees and journals batch.worktrees_cleaned (1136.718875ms)
✔ dismissBatch removes lane worktrees and journals batch.worktrees_cleaned (942.450291ms)
✔ completeBatch keeps worktree when cleanupWorktreesOnComplete is false (1179.604959ms)
✔ provisionLaneWorktree normalizes git metadata to relative posix paths (278.870042ms)
✔ repairLaneWorktreeGitMetadata fixes broken absolute gitdir pointers (315.198833ms)
✔ normalizeLaneWorktreeGitPaths is idempotent (216.85025ms)
✔ validateMultiTaskResume repairs unhealthy lane worktree git metadata (358.347041ms)
✔ validateWorktreeSetupHookPath accepts ./scripts/ prefix when file exists (4.064625ms)
✔ validateWorktreeSetupHookPath rejects ./scripts/../ traversal (0.647209ms)
✔ validateSpineConfig rejects unsafe worktreeSetupHook (0.550792ms)
✔ checkWorktreeSetupHook fails preflight for unsafe hook path (0.711042ms)
✔ runWorktreeSetupHook succeeds with JSON stdout (193.879542ms)
✔ runWorktreeSetupHook throws when hook returns ok false (175.145958ms)
✔ runWorktreeSetupHook throws on malformed JSON stdout (174.111833ms)
✔ runWorktreeSetupHook is no-op when hook not configured (1.04825ms)
✔ batch help helpers detect help invocations (0.456041ms)
✔ printBatchHelp returns usage text (0.116375ms)
✔ runSpineBatch exits 0 for help without starting a batch (142.685333ms)
✔ spine batch start --help does not create batch state (245.926625ms)
✔ isCliEntrypoint returns true when argv[1] is a symlink to the module (1.073375ms)
✔ isCliEntrypoint returns false for an unrelated script path (0.185292ms)
✔ isCliEntrypoint returns false when argv[1] is missing (0.141958ms)
✔ spine help via symlink produces stdout and exit 0 (103.478667ms)
✔ spine version via symlink produces stdout and exit 0 (685.419584ms)
✔ HANDOFF_DEFAULTS autoWriteOn includes session_start (0.787292ms)
✔ /spine auto-writes handoff on session_start when batch needs attention (2000.101ms)
✔ /spine skips auto-write when autoWriteOn excludes session_start (1110.364917ms)
✔ /spine skips auto-write for idle diagnosis even with session_start enabled (5898.973417ms)
✔ /spine merges default autoWriteOn when config omits handoff.autoWriteOn (2327.0675ms)
✔ formatIssueDraftMarkdown renders all issue checklist sections (0.852125ms)
✔ formatIssueDraftMarkdown applies redaction to section content (0.129667ms)
✔ buildIssueDraftBody returns title, body, and labels for idle repo (4453.444583ms)
✔ buildIssueDraftBody includes batch context and journal tail (10035.405125ms)
✔ buildIssueDraftBody maps issueType to GitHub labels (16365.905667ms)
✔ buildIssueDraftBody rejects invalid issueType (155.143125ms)
✔ buildIssueDraftBody redacts sk- token patterns in title and body (4164.478583ms)
✔ parseJournalFollowArgs reads batch, lane, and json flags (0.946083ms)
✔ resolveFollowBatchId uses reconcile then batch-state (702.291ms)
✔ formatJournalFollowLine uses summarizeJournalEvent (1.205792ms)
✔ formatJournalFollowOutputLine filters by lane and supports json passthrough (0.202667ms)
✔ readJournalFollowSnapshot prints header once in human mode (11.248125ms)
✔ runJournalFollow exits non-zero when journal missing (0.765875ms)
✔ runJournalFollow exits non-zero when no batch can be resolved (0.740125ms)
✔ runJournalFollow prints existing events without following (20.693083ms)
✔ runJournalFollow defaults batch from batch-state (734.451958ms)
✔ spine journal follow exits non-zero when journal missing (104.463875ms)
✔ parseLaneNumber accepts positive integers (0.59075ms)
✔ parseLaneLogsArgs reads lane, task, batch, and follow flags (0.460541ms)
✔ extractTaskIdFromLogFilename parses worker log names (0.078583ms)
✔ resolveLaneLogPath prefers live log when present (11.121917ms)
✔ resolveLaneLogPath falls back to worker-output log (2.803625ms)
✔ findMostRecentLogTaskId picks newest log in lane directory (2.777916ms)
✔ resolveLaneLogTaskId uses explicit task id (0.471333ms)
✔ resolveLaneLogTaskId infers running task from batch state (1.700042ms)
✔ runLaneLogs exits non-zero when lane is missing (0.555125ms)
✔ runLaneLogs exits non-zero when no batch can be resolved (0.882625ms)
✔ runLaneLogs prints existing log without following (715.555916ms)
✔ runLaneLogs prefers live log content (701.598792ms)
✔ spine lane logs exits non-zero when log file missing (854.438ms)
✔ isExitVerificationTask detects exit verification headings (0.703542ms)
✔ shouldRunContractVerifyForWorker skips stub for normal tasks (0.932459ms)
✔ shouldRunContractVerifyForWorker runs stub contract for exit tasks (0.22275ms)
✔ runPhase23ExitVerify --skip-test passes structural checks in repo (17.575708ms)
✔ spine verify phase23-exit CLI is wired (5.67525ms)
✔ runScenariosList prints empty registry message (1.900958ms)
✔ runScenariosList returns sorted scenarios as JSON (10.301833ms)
✔ runScenariosShow returns scenario details (6.617208ms)
✔ runScenariosShow rejects unknown scenario (1.164042ms)
✔ loadScenarioFixture reads incident fixture from registry entry (1.641541ms)
✔ loadScenarioFixture rejects recipe kind (0.268167ms)
✔ materializeFixtureToProject writes batch-state and journal tail (159.739542ms)
✔ assertMaterializeAllowed blocks when batch-state exists (159.744375ms)
✔ runScenariosMaterialize blocks active batch without --force (160.08725ms)
✔ runScenariosMaterialize writes fixture with --force (180.121042ms)
✔ runScenariosMaterialize rejects recipe scenarios (1.129459ms)
✔ spine scenarios CLI routes list and materialize (370.960459ms)
✔ parseSequenceArgs defaults scope to pending and stopOnFailure to true (0.585708ms)
✔ parseSequenceArgs honors wave and attached flags (0.0915ms)
✔ formatSequenceResult emits JSON when requested (0.452833ms)
✔ spine run sequence pending --dry-run prints per-wave land loop commands (385.640459ms)
✔ spine run sequence pending --dry-run --json returns structured payload (357.149625ms)
✔ spine run sequence pending --from-wave 1 limits dry-run to later waves (371.606042ms)
✔ runSpineSequence rejects invalid through-wave with non-zero exit (255.540833ms)
✔ spine run pending still aliases batch start (338.222459ms)
✔ buildSuggestedCommand for state_drift uses retry with task id (0.577958ms)
✔ buildSuggestedCommand for state_drift while running suggests pause then retry (0.069125ms)
✔ buildSuggestedCommand for state_drift without task id falls back to diagnose (0.063708ms)
✔ assembleHandoffData returns idle shape when no active batch (193.494625ms)
✔ assembleHandoffData includes reconciliation fields for active batch (1127.329625ms)
✔ assembleHandoffData redacts secret-like payload fields in journal tail (1129.678667ms)
✔ paused batch handoff lists pending tasks and spine batch resume (1067.426167ms)
✔ renderHandoffMarkdown matches golden snapshot structure (1047.50225ms)
✔ redactHandoffText removes KEY TOKEN and SECRET value patterns (0.333125ms)
✔ recordHandoffWritten appends handoff.written journal event (235.082041ms)
✔ handleNext appends handoff path hint when handoff file exists (1030.910667ms)
✔ runSpineHandoff --json writes handoff file and returns structured output (1012.332542ms)
✔ runInit copies rules profile, discovers manifest, standards default [] (24.813833ms)
✔ runInit dry-run plans rules files without writing (1.420208ms)
✔ rules-manifest.json is not listed in .gitignore (0.396417ms)
✔ parseIssueDraftArgs applies defaults and flags (0.599667ms)
✔ buildIssueDraftBody works in idle repo without batch context (4850.82675ms)
✔ runSpineIssueDraft writes draft file and prints human output by default (4611.976291ms)
✔ runSpineIssueDraft --json returns structured payload without writing file (5251.607167ms)
✔ runSpineIssueDraft --create fails clearly when gh is missing (328.065917ms)
✔ runSpineIssue rejects unknown subcommands (274.273667ms)
✔ spine issue draft routes through spine.mjs help and dispatch (7171.200833ms)
✔ buildIssueDraftBody redacts secret-like values (4817.314167ms)
✔ get-version helpers use spawnSync without shell (8.668167ms)
✔ spine help and version route through thin CLI entry (953.33575ms)
✔ spine rejects unknown commands (117.336625ms)
✔ router dispatches plan, status, batch, gate, and integrate (807.914ms)
✔ spine rules --help lists subcommands (114.46425ms)
✔ runSpineRules discover writes manifest in initialized project (173.200084ms)
✔ runSpineRules select rejects invalid PROMPT before manifest check (240.838458ms)
✔ runSpineRules select uses validated file scope (180.770417ms)
✔ runSpineRules select requires manifest (219.651209ms)
✔ spine rules sync via CLI exits zero in pi-spine repo (155.342708ms)
✔ parseRulesArgv defaults role to worker (0.122166ms)
✔ parseRulesArgv requires review-type for reviewer role (0.317458ms)
✔ runSpineRules select worker default unchanged (205.85025ms)
✔ runSpineRules select reviewer plan uses PROMPT file scope (164.216666ms)
✔ runSpineRules select reviewer final returns empty scope (231.342ms)
✔ runSpineRules select reviewer code honors baseline (357.791875ms)
✔ parseUntilDiagnoses accepts land-loop pseudo diagnoses (0.855666ms)
✔ parseUntilDiagnoses still rejects unknown diagnoses (0.224458ms)
✔ deriveWaitPseudoDiagnoses detects gate_open from integrate gate approve suggestion (0.1045ms)
✔ deriveWaitPseudoDiagnoses detects post_merge_limbo before gate opens (0.066666ms)
✔ reconciliationMatchesUntil matches gate_open pseudo diagnosis (0.102291ms)
✔ reconciliationMatchesUntil matches taxonomy diagnosis unchanged (0.13275ms)
✔ sanitizeRetrySuggestedCommand replaces bare retry --force with task id (0.085083ms)
✔ sanitizeRetrySuggestedCommand falls back to diagnose without task id (0.07775ms)
✔ buildSuggestedCommand for state_drift never suggests bare retry --force (0.19875ms)
✔ buildSuggestedCommand sanitizes stale salvage retry --force payloads (0.145209ms)
✔ spine status prints macro phase for idle repo (188.986417ms)
✔ spine status prints macro phase for active batch (1062.194ms)
✔ spine status --diagnose verbose signals include macroPhase (1137.218416ms)
✔ spine status --json includes macroPhase fields (986.523625ms)
✔ parseDurationMs accepts plain seconds and suffix forms (0.920541ms)
✔ parseDurationMs rejects invalid values (0.290917ms)
✔ parseUntilDiagnoses parses comma-separated diagnoses (0.473458ms)
✔ parseUntilDiagnoses rejects unknown diagnoses (0.109459ms)
✔ parseUntilDiagnoses accepts gate_open pseudo diagnosis (0.08075ms)
✔ parseWaitArgs requires --until and applies defaults (0.115708ms)
✔ parseWaitArgs accepts timeout interval and json (0.096625ms)
✔ parseWaitArgs rejects unknown flags (0.098417ms)
✔ diagnosisMatchesUntil matches only non-null diagnoses in set (0.085791ms)
✔ runSpineWait exits 0 when gate_open pseudo diagnosis matches (0.32ms)
✔ reconciliationMatchesUntil matches gate_open without taxonomy diagnosis (0.073792ms)
✔ runSpineWait exits 0 when diagnosis matches (0.199542ms)
✔ runSpineWait exits 1 on timeout and emits final json snapshot (0.161583ms)
✔ runSpineWait polls until diagnosis changes (0.143917ms)
✔ spine wait --json exits 0 when diagnosis matches fixture (1177.03425ms)
✔ spine wait times out with exit 1 (3077.463458ms)
✔ spine wait rejects missing --until (117.050084ms)
✔ spine help lists wait command (121.944791ms)
✔ parseWatchArgs defaults (0.620333ms)
✔ parseWatchArgs accepts interval json and once (0.099459ms)
✔ parseWatchArgs rejects invalid interval (0.231041ms)
✔ parseWatchArgs rejects unknown flags (0.068958ms)
✔ formatWatchHumanLine renders compact reconcile summary (0.083125ms)
✔ formatWatchHumanLine uses idle placeholders when batch absent (0.120459ms)
✔ buildWatchSnapshot includes core fields and progress block when present (0.489083ms)
✔ buildWatchSnapshot prefers explicit progress object (0.104375ms)
✔ runSpineWatch --once human mode prints one line (0.220292ms)
✔ runSpineWatch --once json mode prints NDJSON snapshot (0.19575ms)
✔ runSpineWatch polls until once breaks loop without extra reconcile calls (0.11875ms)
✔ spine watch --once integrates with reconcileBatch in idle repo (397.577709ms)
✔ spine watch --json --once emits reconcile snapshot for active batch (1091.745ms)
✔ spine watch rejects invalid interval (101.896542ms)
✔ spine help lists watch command (120.305166ms)
✔ DIAGNOSIS_TAXONOMY includes needs_replan (0.519792ms)
✔ needs_replan diagnosis messaging matches handoff §9.1 shape (0.7055ms)
✔ buildDiagnosisOutput bundles needs_replan operator fields (0.144916ms)
✔ deriveDiagnosis prefers needs_replan over needs_retry for replan failures (0.307542ms)
✔ needs_replan blocks needs_merge diagnosis when replan task remains (0.077666ms)
✔ reconcileBatch surfaces needs_replan with edit-PROMPT suggestion (1083.225083ms)
✔ I-01 progress signals extend stall deadline past hard timeout (0.587209ms)
✔ I-02 spine batch retry resets task and segment with pendingSegments > 0 (218.2945ms)
✔ I-03 spine state validate rejects corrupt batch-state (2.629166ms)
✔ I-04 spine batch abort archives batch-state before clearing active file (192.518667ms)
✔ I-05 wave merge blocked on failed/pending tasks; force-merge override exists (177.795291ms)
✔ I-06 retry refused while batch phase is executing or merging (181.402042ms)
✔ I-07 stall logic uses STATUS, lane commit, and file-scope mtime signals (169.21775ms)
✔ I-08 post-mortem does not claim success when failures exist (1201.654708ms)
✔ I-09 CONTEXT documents serial bootstrap and preflight execution policy (0.843417ms)
✔ I-10 runStepReview fail-closed when review tool unavailable at level > 0 (10.800583ms)
✔ CONFIG_V2_SECTION_DEFAULTS match handoff §6.2 (0.809334ms)
✔ applyConfigDefaults merges missing v2 sections without overwriting existing keys (0.2565ms)
✔ loadSpineConfig merges defaults for legacy config missing v2 keys (4.934666ms)
✔ init scaffold includes v2 config sections from template (3.521417ms)
✔ CONTRACT_DEFAULTS match handoff §3.1 (0.827458ms)
✔ applyConfigDefaults merges contract section (0.232167ms)
✔ validateContractConfig rejects invalid mode (0.139167ms)
✔ validateContractConfig rejects non-array legacyTaskIdPrefixes (0.059167ms)
✔ validateSpineConfig accepts valid contract block (0.249917ms)
✔ validateSpineConfig rejects invalid contract.mode via validateSpineConfig (0.0615ms)
✔ discoverCursorRules returns empty manifest when rules root is missing (3.982625ms)
✔ discoverCursorRules excludes brutal-audit rules via profile patterns (13.98925ms)
✔ discoverCursorRules records parse warn entries in manifest rules (2.0695ms)
✔ discoverCursorRules manifest round-trip via atomic write (3.474125ms)
✔ classifyCursorRuleSpineClass prefers always over globs (0.180167ms)
✔ getCursorRuleExclusionReason matches excludeRelPaths exactly (0.172ms)
✔ expandFileScopeProbes returns empty for empty scope (0.88675ms)
✔ expandFileScopeProbes adds synthetic probes for dir/* and dir/** (0.612708ms)
✔ expandFileScopeProbes keeps literal file paths (0.184417ms)
✔ expandFileScopeProbes expands in-path wildcards (0.086167ms)
✔ ruleGlobsMatchFileScope is false for empty file scope (0.1235ms)
✔ ruleGlobsMatchFileScope matches **/* when file scope is non-empty (0.099291ms)
✔ ruleGlobsMatchFileScope matches JS globs against mjs scope (0.569459ms)
✔ ruleGlobsMatchFileScope matches scope glob entries against rule globs (0.826292ms)
✔ parseCursorRuleFrontmatter returns skip when frontmatter missing (1.424125ms)
✔ parseCursorRuleFrontmatter parses array globs fixture (0.683375ms)
✔ parseCursorRuleFrontmatter splits comma-separated globs (0.262875ms)
✔ parseCursorRuleFrontmatter treats empty globs array as no patterns (0.247ms)
✔ parseCursorRuleFrontmatter defaults missing globs key to empty array (0.225083ms)
✔ parseCursorRuleFrontmatter coerces alwaysApply booleans (0.291417ms)
✔ parseCursorRuleFrontmatter matches repo comma-separated task authoring layout (0.170875ms)
✔ parseCursorRuleFrontmatter matches general-llm alwaysApply true layout (0.082916ms)
✔ parseCursorRuleFrontmatter matches audit-workflow empty globs layout (0.104459ms)
✔ parseCursorRuleFrontmatter warns on invalid alwaysApply and bad globs (0.284833ms)
✔ DEFAULT_RULES_PROFILE seeds worker include and discovery excludes (0.62ms)
✔ loadRulesProfile returns built-in defaults when file missing (2.954125ms)
✔ mergeRulesProfile applies neverInclude over alwaysInclude (0.205708ms)
✔ mergeRulesProfile applies reviewer defaults when file omits reviewer (0.083042ms)
✔ mergeRulesProfile applies reviewer neverInclude over alwaysInclude (0.111041ms)
✔ loadRulesProfile rejects invalid JSON with RULES_PROFILE_INVALID (1.960667ms)
✔ validateRulesProfile rejects unsupported profileVersion (0.183ms)
✔ loadRulesProfile merges partial file overrides (2.635416ms)
✔ validateRulesProfile rejects schema and path traversal errors (0.361833ms)
✔ loadRulesProfile rejects validated file errors (1.957417ms)
✔ selectRulesForReviewer returns empty when reviewer.enabled is false (2.446458ms)
✔ selectRulesForReviewer never selects taskplane-worker-cursor.mdc (0.336334ms)
✔ selectRulesForReviewer selects glob rules when scopePaths match (0.582625ms)
✔ selectRulesForReviewer appends standards without duplicates (0.209ms)
✔ selectRulesForReviewer respects neverLoad (0.116542ms)
✔ selectRulesForReviewer uses profile.reviewer.maxRules cap (8.256167ms)
✔ context path helpers round-trip under .cursor/rules (0.543084ms)
✔ selectRulesForWorker includes alwaysInclude and always-class rules (1.52025ms)
✔ selectRulesForWorker selects JS globs and excludes Swift for JS-only scope (14.469833ms)
✔ selectRulesForWorker matches OWASP for bin/*.mjs scope via scope glob (0.427375ms)
✔ selectRulesForWorker appends standards without duplicates (0.285375ms)
✔ selectRulesForWorker respects neverLoad and neverInclude (0.151375ms)
✔ selectRulesForWorker exports journal-friendly entries shape (0.100541ms)
✔ normalizeTasksRootFromEnv accepts relative and rejects parent traversal (0.683292ms)
✔ applyEnvOverrides: SPINE_MAX_LANES overrides file value (0.303959ms)
✔ applyEnvOverrides: SPINE_TASKS_ROOT overrides paths.tasksRoot (0.103708ms)
✔ applyEnvOverrides rejects invalid SPINE_MAX_LANES (0.141334ms)
✔ loadSpineConfig applies env overrides after file load (223.22975ms)
✔ SPINE_TASKS_ROOT env discovers tasks under alternate root in plan (210.341375ms)
✔ spine settings show reports env source for overridden lanes.maxParallel (383.720375ms)
✔ runDoctorChecks lists effective config with env source (5030.8585ms)
✔ DEFAULT_REVIEWER_CONTEXT_BYTE_CAP is 16KiB (0.5245ms)
✔ buildReviewerContext skips when .cursor/rules is missing (2.921ms)
✔ buildReviewerContext does not inject referenceDocs (7.51625ms)
✔ buildReviewerContext truncates at byte cap (12.04725ms)
✔ buildReviewerContext emits reviewer.rules_selected journal event (17.390625ms)
✔ buildReviewerContext degrades gracefully on invalid rules profile (9.901375ms)
✔ buildReviewerContext selects rules for scoped plan review (3.81025ms)
✔ emitReviewerRulesSelected is no-op without journal context (0.155667ms)
✔ SETTINGS_FIELDS lists editable paths including reviewer per-type pins (1.033708ms)
✔ listEditableFields returns shallow copies (0.114542ms)
✔ parseSettingPath rejects unknown path (0.124292ms)
✔ parseSettingPath accepts registered path (0.058834ms)
✔ lanes.maxParallel accepts valid integer and coerces string (0.126708ms)
✔ lanes.maxParallel rejects below min and above max (0.080125ms)
✔ gates.requireBeforeIntegrate accepts booleans and CLI strings (0.1225ms)
✔ agents.worker.model accepts inherit and optional empty (0.085541ms)
✔ agents.worker.thinking accepts enum values case-insensitively (0.13175ms)
✔ agents.reviewer.model accepts inherit and optional empty (0.113166ms)
✔ agents.reviewer.thinking accepts inherit and enum values (0.079208ms)
✔ agents.reviewer.plan.model accepts per-type override values (0.057459ms)
✔ agents.reviewer.code.thinking accepts per-type inherit (0.048375ms)
✔ dashboard.port accepts valid port range (0.072125ms)
✔ lanes.workerBackend accepts registered enum values (0.054375ms)
✔ validateSettingValue rejects unknown path (0.059208ms)
✔ src/cli and src/migrate do not import from bin/ (24.716333ms)
✔ src/** has no bin/ imports (33.256125ms)
✔ spine-config template defaults mirror package.json script patterns (0.807083ms)
✔ init applies testing defaults including coverage command (5.743666ms)
✔ dogfood spine-config has non-empty testing fields (0.350541ms)
✔ buildTestingEvidenceDoctorChecks warns on empty build when collectBuildEvidence (0.125333ms)
✔ buildTestingEvidenceDoctorChecks warns on empty test when collectTestEvidence (0.0865ms)
✔ buildTestingEvidenceDoctorChecks passes when commands configured (0.464625ms)
✔ buildTestingEvidenceDoctorChecks treats collectTestEvidence default as enabled (0.065166ms)
✔ SPINE_GITIGNORE_ENTRIES includes run-metrics.jsonl (0.479416ms)
✔ ensureGitignoreEntries adds run-metrics path on fresh init (3.194459ms)
✔ isMergeOriginMainTask detects merge-origin-main packet shapes (0.537333ms)
✔ checkOrchMergeConflictWarn passes without pending merge-origin-main tasks (791.016833ms)
✔ checkOrchMergeConflictWarn warns on PRD + manifest divergence with merge-origin-main pending (851.847792ms)
✔ runBatchPreflight and plan check surface orch merge conflict warning (2344.265ms)
✔ checkPrelandedFileScopeWarn passes when no stale pending tasks (416.355584ms)
✔ checkPrelandedFileScopeWarn warns for prelanded fileScopeMustChange (628.011708ms)
✔ listPrelandedFileScopeStaleTasks reports multiple stale pending tasks (541.108458ms)
✔ runBatchPreflight and plan check surface prelanded file-scope warning (1629.96ms)
✔ checkGitClean passes when only metrics file has append-only drift (393.392083ms)
✔ checkGitClean fails when metrics file content is truncated (341.870833ms)
✔ checkGitClean passes when metrics file is gitignored and not tracked (289.864167ms)
✔ runDoctorChecks warns when metrics file is git-tracked (5126.306666ms)
✔ tsconfig.batch.json scopes checkJs hot paths (2.39075ms)
✖ npm run typecheck validates extensions and batch hot paths (4220.113083ms)
✔ normalizeContextPathList rejects non-arrays (0.926916ms)
✔ buildWorkerContext honors neverLoad and byte cap (20.443625ms)
✔ buildWorkerTailPrompt injects configured standards (9.1815ms)
✔ buildWorkerContextAsync uses auto selection when cursor rules exist (16.201ms)
✔ spine init defaults standards to [] for auto-discovery (SP-093) (14.361584ms)
✔ validateSpineConfig rejects invalid referenceDocs (0.199583ms)
✔ loadContextDocEntries stops at byte cap (1.581125ms)
✔ DEFAULT_WORKER_CONTEXT_BYTE_CAP is 32KiB (0.13125ms)
✔ validateWorkerLaunchScriptPath accepts ./scripts/ prefix when file exists (16.422542ms)
✔ validateWorkerLaunchScriptPath rejects ./scripts/../ traversal (1.627834ms)
✔ COVERAGE_THRESHOLD is 77 (0.584375ms)
✔ COVERAGE_INCLUDES scopes src, bin, and extensions (0.45475ms)
✔ FILE_COVERAGE_THRESHOLDS enforces slash-commands.ts floor (0.062958ms)
✔ TEST_GLOBS has bidirectional parity with package.json test script (0.334542ms)
✔ parseAggregateLineCoverage reads all files line percent (0.187625ms)
✔ parseAggregateLineCoverage returns null when summary missing (0.16625ms)
✔ parseAggregateLineCoverage reads coverage:check summary line (0.077125ms)
✔ parsePerFileLineCoverage reads per-file rows (0.3555ms)
✔ findFileCoverageFailures reports missing and below-threshold files (0.191583ms)
✔ formatDashboardStartupMessage includes URL, port, and operator hints (0.644834ms)
✔ formatDashboardStartupMessage notes --port source (0.091459ms)
✔ resolveDashboardPortWithSource prefers CLI over config (199.205333ms)

pi-spine dashboard

  Open in browser: http://127.0.0.1:63609/
  Listen:          127.0.0.1:0 (--port)

  While running:   keep this terminal open; dashboard updates via SSE (~2s)

  In another terminal:
    spine status
    spine batch start <task-id>

  → Open http://127.0.0.1:63609/ in your browser

  API:  http://127.0.0.1:63609/api/snapshot
        http://127.0.0.1:63609/api/events

  Stop: Ctrl+C

✔ runSpineDashboard writes startup to stdout before shutdown (450.823875ms)
✔ spine dashboard CLI prints URL before process exits (3243.592375ms)
✔ emptyLaneThroughputStats returns zeroed task-based fields (1.391458ms)
✔ computeThroughputTasksPerHour is task-based and guards zero elapsed (0.111459ms)
✔ deriveLaneThroughputStats counts completed and failed journal events per lane (1.219875ms)
✔ deriveLaneThroughputStats includes open running task elapsed through now (0.107125ms)
✔ deriveLaneThroughputStats prefers run-metrics duration when present (0.115667ms)
✔ deriveLaneThroughputStats falls back to journal when metrics missing (0.088083ms)
✔ deriveLaneThroughputStats maps tasks by laneNumber when lane metadata is sparse (0.098458ms)
✔ deriveLanesThroughput returns isolated stats per lane (0.1555ms)
✔ summarizeLaneThroughput aggregates counts and recomputes rate from totals (0.142958ms)
✔ NFR-OBS-02: dashboard SSE poll interval defaults to 2s (0.512459ms)
✔ parity: idle — no batch (201.431958ms)
✔ parity: running batch (2001.562875ms)
✔ parity: needs_retry (2285.77925ms)
✔ parity: limbo_stale (2428.493958ms)
✔ parity: completed_manual after manual merge (4157.387917ms)
✔ parity: needs_integrate (2507.427083ms)
✔ parity: completed after integrate (2233.124084ms)
✔ parity: failed phase still reconciles consistently (1908.273666ms)
✔ assertLoopbackHost throws for 0.0.0.0 (0.652583ms)
✔ formatSseDataFrame valid data: line (0.220708ms)
✔ dashboard server serves browser view-model dependency graph (192.126875ms)
✔ dashboard server serves snapshot and one SSE frame (176.717334ms)
✔ resolveLaneActivityPhase: heartbeat pi → worker (0.646625ms)
✔ resolveLaneActivityPhase: open code review.started → code review (0.108083ms)
✔ resolveLaneActivityPhase: open final review.started → final review (0.062625ms)
✔ resolveLaneActivityPhase: closed review.started falls through to worker heartbeat (0.087666ms)
✔ resolveLaneActivityPhase: lane.completed code_rework → rework (0.068666ms)
✔ resolveLaneActivityPhase: no active tasks → em dash (0.061917ms)
✔ buildLaneRows exposes activityPhase fields (0.796542ms)
✔ computeActiveTaskIdsForLane returns running/pending tasks in current wave only (0.917541ms)
✔ computeRunningTaskIdForLane returns at most one running task in current wave (0.113958ms)
✔ computeQueuedTaskIdsForLane returns pending tasks in lane.taskIds order (0.096292ms)
✔ buildLaneRows exposes runningTaskId, queuedTaskIds, and deprecated activeTaskIds union (0.753166ms)
✔ buildLaneRows exposes activeTaskIds separate from batch assignment (0.176416ms)
✔ buildLaneRows attaches per-lane throughput stats from journal (1.453417ms)
✔ resolveLaneHeartbeatMeta reads latest lane heartbeat kind and phase (0.97775ms)
✔ formatLaneHeartbeatDisplay shows launching instead of age (0.10725ms)
✔ dashboard snapshot exposes launching heartbeat display from journal (1254.651667ms)
✔ buildDefaultViewStatus exposes gate missing affordance for needs_integrate (0.269125ms)
✔ idle snapshot diagnosis null matches reconcile (197.337875ms)
✔ running batch fixture has lanes and waves (1271.936625ms)
✔ truncateWorktreePath keeps trailing segments (0.177625ms)
✔ classifyLaneStatus stale when heartbeat old (0.109084ms)
✔ classifyLaneStatus does not mark lane completed when doneInLane but cache pending under engine_orphaned (0.139042ms)
✔ buildWaveProgress marks prior waves completed (0.119958ms)
✔ buildWaveProgress marks last wave completed when all tasks terminal-success (0.086583ms)
✔ buildWaveProgress keeps in-flight current wave active (0.065875ms)
✔ resolveTailActivityFromJournal reads latest matching journal event (0.061458ms)
✔ diagnosisBadgeClass maps needs_integrate separately from running (0.731209ms)
✔ idle snapshot uses reconcile headline (0.517833ms)
✔ buildActionChips exposes copyable primary and alternatives (0.222291ms)
✔ needs_integrate banner ignores completed phase for badge color (0.098ms)
✔ needs_integrate without gate record shows default gate affordance (0.176042ms)
✔ buildDashboardViewModel includes all §16.1 panels (0.358959ms)
✔ buildLaneTableModel exposes throughput columns for lanes (0.093334ms)
✔ buildLaneTableSummaryModel aggregates when multiple lanes present (0.092291ms)
✔ buildLaneTableSummaryModel is null for single lane (0.077667ms)
✔ lane-throughput-multi-lane fixture drives throughput column values (2.583208ms)
✔ lane-throughput-multi-lane fixture documents SP-327 throughput field contract (0.755042ms)
✔ buildLaneTableModel exposes heartbeatDisplay for launching lanes (0.112875ms)
✔ dashboard.js uses heartbeatDisplay without double-formatting (0.722917ms)
✔ buildBannerModel uses finalizing badge and macro phase during tail state (0.1635ms)
✔ buildBannerModel reflects gating macro phase during post-merge tail (0.125084ms)
✔ buildBannerModel keeps running badge when workers are active (0.076125ms)
✔ resolveTailActivityLabel prefers recent journal over macro phase during tail (0.185ms)
✔ buildTailActivityModel exposes lane table subline when lanes are idle during tail (0.113125ms)
✔ resolveTailActivityLabel returns null when running task is active (0.056125ms)
✔ dashboard.js renders lane table tail activity footer row (0.292417ms)
✔ banner uses diagnosis badge class, not macro phase (0.115667ms)
✔ resolveStaticAsset serves dashboard public files and view.mjs (0.546792ms)
✔ dashboard server GET / returns HTML shell (289.748875ms)
✔ running batch view model exposes journal for bottom panel (0.222ms)
✔ idle snapshot has empty journal via idle flag (0.061959ms)
✔ buildLaneDetailModel exposes recent events and log tail (0.057541ms)
✔ buildLaneTableModel includes lane detail on each row (0.062959ms)
✔ buildLaneRecentEvents returns last five lane-scoped journal entries (0.122667ms)
✔ buildJournalModel filters by lane id (0.050083ms)
✔ buildJournalLaneFilterOptions lists lane ids (0.477583ms)
✔ buildLaneRows attaches recentEvents and logTail from snapshot inputs (198.5735ms)
✔ resolveLaneWorkerLog prefers live log over terminal output (213.109166ms)
✔ dashboard.js builds gate status without innerHTML (0.476459ms)
✔ dashboard.js uses textContent for gate status badge and kind label (0.128375ms)
✔ dashboard HTML exposes lane detail and journal lane filter hooks (0.532667ms)
✔ dashboard server HTML includes journal lane filter (258.519875ms)
✔ spineAgentsUseInherit is true when worker or reviewer effective pin inherits (0.574292ms)
✔ formatReviewerEffectivePins shows resolved per-type model and thinking (0.160959ms)
✔ buildReviewerPerTypePinsDoctorCheck reports effective per-type pins (0.085958ms)
✔ resolvePiDefaultProvider prefers project settings over global (9.249792ms)
✔ buildAgentModelInheritDoctorCheck warns on inherit + lmstudio (0.313666ms)
✔ buildAgentModelInheritDoctorCheck passes when models pinned (0.082917ms)
✔ buildAgentModelInheritDoctorCheck passes when inherit but pi not lmstudio (0.075834ms)
✔ readPiSettingsFile returns null for missing or invalid JSON (0.096209ms)
✔ countMediumLargeTasks counts only M and L sizes with per-size breakdown (13.606375ms)
✔ buildBatchSizeGuidanceWarning returns null below threshold (3.569209ms)
✔ buildBatchSizeGuidanceWarning M-only batch does not mention L (3.893583ms)
✔ formatPlanHuman appends batch size guidance warning (4.731292ms)
✔ buildBatchSizeGuidanceWarning mixed batch shows both M and L counts (3.419083ms)
✔ appendBatchSizeGuidanceToPlanOutput skips warning in stub mode (2.616291ms)
✔ isPiWebAccessPackageSource matches npm and path entries (0.627125ms)
✔ detectPiWebAccessExtensionConflict flags npm plus local checkout (1.418625ms)
✔ detectPiWebAccessExtensionConflict ok with single source (2.904333ms)
✔ buildPiExtensionConflictDoctorCheck warns with actionable command (1.063666ms)
✔ shouldWorkerUsePiNoExtensions mirrors conflict assessment (1.001375ms)
✔ isPiExtensionConflictOutput detects worker spawn conflict text (0.139958ms)
✔ resolvePiPackageSourcePath resolves npm and relative entries (0.071917ms)
✔ readPiPackageSources returns empty for missing settings (0.425666ms)
✔ isAuthErrorText detects authentication failures (0.70375ms)
✔ parsePiListModelsRows and listModelsForProvider filter by provider (0.830042ms)
✔ resolveModelIdForProvider prefers defaultModel when provider matches (0.094416ms)
✔ buildInheritProviderAuthDoctorCheck passes when agents pinned to cursor/auto (0.205459ms)
✔ buildInheritProviderAuthDoctorCheck passes when inherit resolves to cursor (0.101ms)
✔ buildInheritProviderAuthDoctorCheck fails when probe reports 401 (6.150792ms)
✔ buildInheritProviderAuthDoctorCheck fails when provider has no authenticated models (5.941667ms)
✔ probeInheritProviderAuth succeeds when list and probe pass (5.399125ms)
✔ INTEGRATE_DEFAULTS match issue #91 config sketch (0.925541ms)
✔ applyConfigDefaults merges integrate section (0.214291ms)
✔ buildConcurrentDevDoctorCheck passes with no active batch (249.448333ms)
✔ buildConcurrentDevDoctorCheck passes when human is on a feature branch (2359.081708ms)
✔ buildConcurrentDevDoctorCheck warns on active batch + dirty main (warn mode) (2896.847042ms)
✔ buildConcurrentDevDoctorCheck fails on active batch + dirty main (block mode) (3810.679083ms)
✔ buildConcurrentDevDoctorCheck passes when allowHumanOnBaseBranch=allow (221.602542ms)
✔ runDoctorChecks surfaces concurrent-dev warning when configured (8536.226416ms)
✔ isDisplayLabel matches pi TUI display labels (0.93725ms)
✔ isDisplayLabel rejects canonical ids and invalid strings (0.073458ms)
✔ displayLabelToCanonical converts to provider/model (0.078459ms)
✔ displayLabelToCanonical returns null for non-labels (0.069625ms)
✔ isCanonicalModelId validates provider/model format (0.143333ms)
✔ isCanonicalModelId rejects non-canonical strings (0.057417ms)
✔ normalizeModelId passes canonical ids through (0.07875ms)
✔ normalizeModelId converts display labels to canonical (0.0595ms)
✔ normalizeModelId passes special values through (0.5015ms)
✔ normalizeModelId rejects unrecognized formats (0.219875ms)
✔ normalizeModelId rejects non-string input (0.065834ms)
✔ validateModelIdFormat accepts canonical ids (0.09175ms)
✔ validateModelIdFormat accepts special values and non-strings (0.057042ms)
✔ validateModelIdFormat flags display labels with canonical hint (0.082417ms)
✔ validateModelIdFormat flags unrecognized formats (0.09925ms)
✔ buildAgentModelIdsDoctorCheck passes when all pins are canonical (0.260208ms)
✔ buildAgentModelIdsDoctorCheck fails when display label is in config (0.231958ms)
✔ buildAgentModelIdsDoctorCheck fails on invalid format (0.092541ms)
✔ buildAgentModelIdsDoctorCheck passes when no models configured (0.045709ms)
✔ buildAgentModelIdsDoctorCheck skips inherit and empty values (0.04075ms)
✔ settings set normalizes display label to canonical id (3.112542ms)
✔ settings set passes canonical id through unchanged (1.186084ms)
✔ settings set rejects invalid model id format (0.103375ms)
✔ settings set allows inherit for model fields (0.097334ms)
✔ settings set rejects invalid model id in JSON mode (0.084167ms)
✔ settings set normalizes worker model display label (0.085667ms)
✔ settings set normalizes per-type reviewer model display label (0.090333ms)
✔ fingerprintRulesManifest ignores generatedAt (0.569ms)
✔ buildRulesManifestDoctorCheck warns when manifest missing (5.101709ms)
✔ buildRulesManifestDoctorCheck warns when manifest stale (9.188375ms)
✔ resolveSpineOnPath uses which by default (0.562834ms)
✔ readPackageVersion reads package.json version (0.404ms)
✔ buildStalePathDoctorCheck warns when spine not on PATH (0.185042ms)
✔ buildStalePathDoctorCheck ok when PATH matches package bin (0.142ms)
✔ buildStalePathDoctorCheck warns on version mismatch (1.20075ms)
✔ buildStalePathDoctorCheck warns on mtime mismatch only (1.037209ms)
✔ isStalePathSpineBlocking true only for stale PATH label (0.09475ms)
✔ isStalePathSpinePreflightBlocking requires version mismatch detail (0.073958ms)
✔ readSpineCliVersion parses spine --version output (887.010458ms)
✔ resolveInProgressSpineBatchId returns batchId for running batch (217.121583ms)
✔ resolveInProgressSpineBatchId returns null for completed batch (188.07875ms)
✔ listStaleSpineWorktreeBatchIds flags dirs without matching active batch (202.587416ms)
✔ buildStaleWorktreesDoctorCheck warns on stale worktree dirs (248.097ms)
✔ buildStaleWorktreesDoctorCheck passes when only active batch dir exists (265.016667ms)
✔ runDoctorChecks includes stale worktrees warning (11005.568875ms)
✔ buildStallConfigDoctorCheck warns when stall timeout unset for real pi (0.675417ms)
✔ buildStallConfigDoctorCheck passes when stall timeout configured high (0.171708ms)
✔ isStubWorkerMode respects SPINE_WORKER_STUB (0.077292ms)
✔ resolveConfiguredStallMinutes returns null when missing (0.071709ms)
✔ suggestMaxParallel(4) → 2 (0.547417ms)
✔ suggestMaxParallel(8) → 4 (0.068583ms)
✔ suggestMaxParallel(1) → 1 (0.105583ms)
✔ suggestMaxParallel(2) → 1 (0.061375ms)
✔ buildMaxParallelDoctorCheck warns when configured exceeds suggested + 1 (0.204583ms)
✔ buildMaxParallelDoctorCheck no warning when configured matches suggested (0.073042ms)
✔ buildMaxParallelDoctorCheck no warning at default 3 when suggested is 2 (4-core) (0.064458ms)
✔ supervisor settings paths are registered (0.573417ms)
✔ agents.supervisor.enabled accepts booleans and CLI strings (0.146334ms)
✔ agents.supervisor.pollIntervalMs enforces minimum 1000ms (0.169416ms)
✔ agents.supervisor.model accepts inherit and optional empty (0.078292ms)
✔ agents.supervisor.autoNudge accepts booleans (0.068375ms)
✔ buildSupervisorConfigDoctorCheck passes when disabled (0.130375ms)
✔ buildSupervisorConfigDoctorCheck fails when enabled and template missing (4.689916ms)
✔ buildSupervisorConfigDoctorCheck fails when enabled and model invalid (5.364209ms)
✔ buildSupervisorConfigDoctorCheck passes when enabled with template and valid model (4.486667ms)
✔ collectTaskPacketSizeIssues flags XL and too many steps on pending packet (2.937833ms)
✔ collectTaskPacketSizeIssues ignores tasks with .DONE (1.503125ms)
✔ classifyBatchStateSource uses path and content markers (0.62525ms)
✔ assessOrchestratorCoexistence passes when no batch-state files (217.098542ms)
✔ assessOrchestratorCoexistence fails on active Taskplane batch in .pi (2284.522042ms)
✔ assessOrchestratorCoexistence fails when spine and Taskplane batches both active (6180.067792ms)
✔ buildCoexistencePreflightCheck blocks spine start when Taskplane batch active (1996.607ms)
✔ runBatchPreflight fails with orchestrator-coexistence when Taskplane batch active (3738.461708ms)
✔ runDoctorChecks reports mutual exclusion failure for Taskplane batch (7217.964792ms)
✔ buildCoexistenceDoctorCheck passes when only pi-spine batch is active (1449.840583ms)
✔ buildWorktreeHealthDoctorCheck passes with no worktrees (253.675125ms)
✔ buildWorktreeHealthDoctorCheck flags absolute gitdir (264.0205ms)
✔ /spine-status reports idle reconciliation on clean repo (346.903125ms)
✔ /spine-deps delegates to CLI and notifies graph output (352.463209ms)
✔ /spine-plan succeeds after preflight passes (8577.852584ms)
✔ /spine-dismiss archives limbo batch state (1331.160125ms)
✔ /spine-pause pauses a running spine batch (348.296917ms)
✔ /spine-resume resumes a paused spine batch (1293.48325ms)
✔ /spine-retry-task resets a failed task (324.406958ms)
✔ /spine-skip-task skips a failed task (318.297292ms)
✔ /spine-abort archives an active spine batch (303.30325ms)
✔ /spine-next prints reconciliation suggestion (297.079125ms)
✔ /spine-validate checks pending task packets (340.708625ms)
✔ /spine-handoff writes operator note and notifies (2133.885417ms)
✔ /spine-gate inspects integrate gate state (387.188708ms)
✔ /spine-integrate dry-run reports merge preview (620.802667ms)
✔ /spine-settings shows interactive configuration menu (162.389042ms)
✔ /spine-dashboard notifies listen URL and port source (223.725959ms)
✔ /spine entry warns on limbo_stale diagnosis (1022.157208ms)
✔ /spine entry warns on needs_retry diagnosis (947.773458ms)
✔ /spine entry reports running batch headline (896.170583ms)
✔ /spine entry starts batch when scope provided after preflight (8772.687792ms)
✔ /spine-deps truncates very large dependency output (1153.759541ms)
✔ parseSpineOrchestrateArgs defaults to pending scope and wave 0 (2.019792ms)
✔ formatOrchestratePrompt includes wave tasks, outer loop, and skill link (0.329875ms)
✔ formatOrchestratePrompt states no auto gate approve or integrate (0.143125ms)
✔ formatOrchestratePrompt respects --from-wave filter (0.084709ms)
✔ formatOrchestratePrompt reports empty plan guidance (0.171833ms)
✔ /spine-orchestrate emits structured prompt from spine plan (8772.873667ms)
✔ /spine-orchestrate does not invoke gate or integrate CLI (6200.071667ms)
✔ /spine-orchestrate fails when preflight fails (4968.144458ms)
✔ spine-config template documents commented worktreeSetupHook example (0.81575ms)
✔ stripTemplateOnlyKeys removes _examples from init output (0.119541ms)
✔ extractPubspecAssetPaths parses flutter asset entries (0.607084ms)
✔ runInit copies Flutter worktree setup hook template to scripts/ (13.328875ms)
✔ copyFlutterWorktreeSetupHookTemplate skips existing hook without force (1.9065ms)
✔ findGitignoredPubspecAssetsOnMain detects gitignored assets present on main (155.003125ms)
✔ buildGitignoredPubspecAssetsDoctorCheck warns when hook not configured (189.748042ms)
✔ buildGitignoredPubspecAssetsDoctorCheck warns when lane missing gitignored assets (232.659666ms)
✔ parseMigrateArgs rejects --source without value (0.670542ms)
✔ runMigrateFromTaskplane fails when source file is missing (4.122834ms)
✔ runMigrateFromTaskplane refuses overwrite without force (7.072833ms)
✔ runMigrateFromTaskplane dry-run does not write config (0.99925ms)
✔ loadTaskplaneConfig reads repo fixture (1.282667ms)
✔ mapTaskplaneToSpine maps repo fixture to valid spine config (1.722958ms)
✔ mapTaskplaneToSpine honors tasksRootOverride (0.415042ms)
✔ mapTaskplaneToSpine ignores unknown keys (0.325458ms)
✔ mapMaxParallel clamps invalid and excessive values (0.0695ms)
✔ loadTaskplaneConfig fails loud on missing file (0.333458ms)
✔ DEFAULT_TASKPLANE_SOURCE_PATH matches repo layout (0.114166ms)
✔ normalizeFileScopePath strips trailing globs and normalizes separators (0.714709ms)
✔ pathsOverlap detects parent/child and rejects unrelated prefixes (0.088833ms)
✔ fileScopesOverlap detects parent/child directory overlap (2.194917ms)
✔ fileScopesOverlap detects exact file overlap in same wave scenario (0.094ms)
✔ fileScopePatternsOverlap handles wildcard file globs (0.346291ms)
✔ fileScopePatternsOverlap does not treat dotted sibling paths as overlapping (0.535375ms)
✔ fileScopePatternsOverlap handles literal paths with regex metacharacters (0.985041ms)
✔ expandFileScopeProbes produces nested paths for directory globs (0.228875ms)
✔ findWaveFileScopeOverlaps returns pairs within the same wave only (0.586042ms)
✔ findWaveFileScopeOverlaps matches issue #31 parent/child safety paths (0.124917ms)
✔ findWaveFileScopeOverlaps ignores single-task waves (0.256333ms)
✔ planWaves serializes two tasks with the same file to one virtual lane (0.2825ms)
✔ assignLanesToWaves uses glob-aware overlap for wildcard scopes (0.094583ms)
✔ formatFileScopeOverlapWarnings lists wave and task pairs (0.112208ms)
✔ buildPlan reports file-scope overlaps and serializes conflicting tasks (22.060417ms)
✔ formatPlanHuman shows serial lane as bullet list with titles (0.720458ms)
✔ formatPlanHuman shows parallel lanes and omits tick jargon (0.10575ms)
✔ formatPlanHuman includes start hints for multi-wave plans (0.094875ms)
✔ topoWaves groups tasks into deterministic dependency waves (1.039334ms)
✔ buildGraph includes nodes that only appear as dependencies (0.102167ms)
✔ findCyclePath returns a closed cycle path (0.942791ms)
✔ repo spine-tasks plan has wave0 TP-006||TP-007 and wave1 TP-008 (33.430542ms)
✔ TP-034/038/041 disjoint scopes get three virtual lanes in tick 0 (1.1695ms)
✔ overlapping file scopes share one virtual lane (serialized) (0.12625ms)
✔ buildPlan for TP-034 TP-038 TP-041 lists three lanes in human output (25.886083ms)
✔ spine plan CLI shows three lanes for TP-034 TP-038 TP-041 (154.450666ms)
✔ assignLanesToWaves assigns disjoint file scopes to separate virtual lanes (0.732416ms)
✔ assignLanesToWaves packs overlapping file scopes into same virtual lane (0.132792ms)
✔ assignLanesToWaves respects maxParallel by queueing excess virtual lanes into ticks (0.12725ms)
✔ filterPendingTaskIds excludes tasks with .DONE marker (16.026792ms)
✔ parseScope pending mode returns pending IDs and excluded count (4.948375ms)
✔ parseScope pending throws when all tasks are done (3.557709ms)
✔ buildPlan pending scope preserves dependency waves (7.076708ms)
✔ filterPendingTaskIds excludes tasks with .SUPERSEDED marker (3.461791ms)
✔ summarizePendingScope counts excluded tasks (2.86575ms)
✔ runSpinePlan pending with all .DONE returns exit 0 informational output (61.013084ms)
✔ runSpinePlan pending JSON with all .DONE returns synthetic plan (7.804167ms)
✔ runSpinePlan pending with all .DONE does not throw (4.653583ms)
✔ parseScope pending empty error carries structured metadata (6.687209ms)
✔ runSpinePlan pending output includes maxParallel from config (4.767084ms)
✔ buildPlan rejects invalid heading separator (12.3595ms)
✔ buildPlan rejects missing testing coverage (4.268458ms)
✔ buildPlan rejects missing File Scope section (3.777375ms)
✔ runSpinePlan exits with validation errors for invalid PROMPT (4.543834ms)
✔ buildPlan accepts valid PROMPT packets (5.103334ms)
✔ parseScope glob escapes literal dots in path patterns (4.0175ms)
✔ parseScope glob escapes literal parentheses in path patterns (1.667042ms)
✔ parseScope glob with plus in path pattern matches literally (1.76025ms)
✔ parseScope TP-* glob scopes remain unchanged (3.692ms)
✔ parseScope('all') selects all discovered tasks (14.721875ms)
✔ parseScope('TP-002') selects explicit task IDs (2.896541ms)
✔ parseScope supports glob path patterns (3.155417ms)
✔ resolveWaveTaskIds returns wave task IDs (0.901291ms)
✔ resolveWaveTaskIds rejects out-of-range and empty waves (0.143459ms)
✔ filterPlanToWave narrows plan to one wave (0.636125ms)
✔ parseBatchStartWaveFilter accepts --wave and --through-wave (0.188958ms)
✔ parseBatchStartWaveFilter rejects conflicting and invalid flags (0.09425ms)
✔ registerSpineSlashCommands registers all PRD §15.1 command names (0.718709ms)
✔ /spine-retry-task without task id notifies usage error (0.153375ms)
✔ /spine-skip-task without task id notifies usage error (0.120458ms)
✔ /spine-plan notifies error when preflight fails (8188.979875ms)
✔ /spine handler runs preflight before batch guidance (5855.383833ms)
✔ buildDepsReport returns empty graph for isolated task with no deps (265.679542ms)
✔ buildDepsReport detects synthetic dependency cycle (308.9235ms)
✔ cycleNodesFromPath deduplicates closing node (0.209833ms)
✔ depsToEdges and formatDepsHuman render dependency flow (0.183209ms)
✔ repo fixture TP-031 scope shows TP-030 dependency edge (11.705625ms)
✔ spine deps CLI emits JSON shape with nodes, edges, cycles, waves (454.389416ms)
✔ spine deps CLI exits 1 when cycle detected (487.4975ms)
✔ findCyclePath returns path for cyclic graph (0.274333ms)
✔ init --preset taskplane-compat --tasks-root taskplane-tasks --dry-run produces expected keys (7.220917ms)
✔ init --preset taskplane-compat defaults tasksRoot to taskplane-tasks (2.179959ms)
✔ plain init applies spine defaults without preset flag (2.348542ms)
✔ init rejects unknown preset (1.012667ms)
✔ fresh init creates config, agents, tasks root, and gitignore entries (13.966209ms)
✔ init skips constitution.md when it already exists without --force (9.606833ms)
✔ buildConstitutionMd substitutes project title from directory name (0.457208ms)
✔ init without --force refuses when spine-config.json exists (10.987416ms)
✔ --tasks-root taskplane-tasks sets paths.tasksRoot correctly (14.053959ms)
✔ --dry-run makes no filesystem changes (4.515583ms)
✔ init skips CONTEXT.md when it already exists without --force (17.116667ms)
✔ init --force overwrites existing CONTEXT.md (21.04275ms)
✔ buildContextMd substitutes project title from directory name (0.8305ms)
✔ --dry-run plans CONTEXT.md create without writing files (2.169458ms)
✔ ensureGitignoreEntries appends only missing entries (1.072584ms)
✔ runPreflightPlanCheck builds wave plan during preflight (1992.688291ms)
✔ runReconciliationCheck returns real diagnosis for running batch (2437.147417ms)
✔ checkDoctor fails when doctor reports issues (0.286084ms)
✔ checkStalePathSpine fails when PATH spine version is stale (2.394375ms)
✔ checkGitClean lists up to 20 dirty paths (136.841708ms)
✔ checkNoActiveBatch passes when no batch-state file exists (326.034625ms)
✔ checkNoActiveBatch calls reconciliation when batch-state exists (284.849292ms)
✔ checkTasksRoot validates discoverable task folders (325.3785ms)
✔ checkDependenciesJson validates version and task IDs (251.876834ms)
✔ runBatchPreflight passes on initialized clean fixture (1449.123416ms)
✔ runBatchPreflight fails when git working tree is dirty (1279.140042ms)
✔ runPreflightPlanCheck validates pending scope only (SP-122) (337.67025ms)
✔ checkTasksValidate exposes distinct tasks-validate check id (352.272959ms)
✔ checkTasksValidate validates multiple pending PROMPT packets in one batch (353.731792ms)
✔ runBatchPreflight includes tasks-validate check distinct from plan (1286.895167ms)
✔ runBatchPreflight fails on limbo fixture with dismiss suggestion (3735.633083ms)
✔ runBatchPreflight passes when all tasks have .DONE (zero pending) (1031.255875ms)
✔ checkGitClean passes when only rules-manifest generatedAt drifted (285.259583ms)
✔ checkGitClean still fails when rules-manifest rules[] differ (288.505125ms)
✔ spine run pending is alias for batch start pending (696.235333ms)
✔ spine run all dry-run matches pending-filtered batch start (519.145542ms)
✔ applySetting merges nested dotted paths (0.67075ms)
✔ runSettingsSetOperation rejects unknown path (0.216ms)
✔ runSettingsSetOperation rejects invalid value (0.12775ms)
✔ runSettingsSetOperation returns merged config on success (0.34175ms)
✔ writeSpineConfigAtomic writes valid JSON atomically (315.649042ms)
✔ spine settings set updates maxParallel on disk (651.379542ms)
✔ spine settings set rejects bad value (525.920208ms)
✔ spine settings set --dry-run leaves config unchanged (1000.168959ms)
✔ spine settings set --json reports write metadata (711.223292ms)
✔ spine settings set exits 1 with suggestedCommand when config missing (883.168ms)
✔ getValueAtPath reads nested config values (0.583333ms)
✔ formatSettingsShow lists all editable fields in human mode (0.365542ms)
✔ formatSettingsShow returns JSON fields array for all settings (0.522458ms)
✔ formatSettingsShow single path mode prints one value (0.108583ms)
✔ formatSettingsShow rejects unknown path (0.073375ms)
✔ buildSettingsShowFields mirrors registry order (1.375041ms)
✔ spine settings show CLI prints editable fields from temp config (546.06375ms)
✔ spine settings show CLI single path and JSON modes (1046.922833ms)
✔ spine settings show CLI exits 1 with suggestedCommand when config missing (987.943875ms)
✔ formatSettingsSlashMenu lists at least five editable fields with set hints (0.70375ms)
✔ runSpineSettingsSlash notifies menu with live config fields (330.948959ms)
✔ runSpineSettingsSlash set subcommand persists a valid change (536.453958ms)
✔ runSpineSettingsSlash set reports usage error without path and value (589.754333ms)
✔ runSpineSettingsSlash reports missing config with suggested init (569.175ms)
✔ fileScopesOverlap detects parent/child path overlap (0.761958ms)
✔ extractExploreSlugsFromContext finds explore findings paths (0.507ms)
✔ collectWaveMCountFindings warns when a wave has more than four M tasks (0.115208ms)
✔ collectPromptJsonDepsDriftFindings reports missing JSON entry (0.122834ms)
✔ runSpineTasksAnalyze exits 0 for clean scope (389.999167ms)
✔ runSpineTasksAnalyze reports parallel file-scope overlap as blocking (626.403542ms)
✔ runSpineTasksAnalyze reports dependency cycle as blocking (629.499708ms)
✔ runSpineTasksAnalyze exits 0 when only warnings are present (496.023791ms)
✔ runSpineTasksAnalyze warns for missing explore findings referenced in CONTEXT (433.080416ms)
✔ runSpineTasksAnalyze --json emits AnalyzeTasksResult (395.685875ms)
✔ spine tasks analyze CLI exits 1 for blocking overlap (603.862ms)
✔ spine tasks analyze CLI exits 0 for warnings-only scope (504.33325ms)
✔ spine help tasks documents analyze subcommand (148.99875ms)
✔ parseContract extracts all five contract fields from a valid table (1.887458ms)
✔ validateContract passes for a valid contract table (1.901334ms)
✔ parseContract and validateContract handle an empty contract table (0.2035ms)
✔ validateContract warns on unknown contract fields (0.1175ms)
✔ parseContract reports duplicate field rows as errors (0.124ms)
✔ parseContract accepts plain-text testCommand values (0.070375ms)
✔ parseContract returns hasSection false when Contract heading is absent (0.079791ms)
✔ CONTRACT_FIELD_NAMES lists all normative contract fields (0.062209ms)
✔ parseContract resolves see File Scope to File Scope bullet paths (0.145083ms)
✔ parseContract excludes optional File Scope bullets from see File Scope expansion (0.131375ms)
✔ validateContract errors on em-dash placeholders in required mode (0.111375ms)
✔ validateContract errors on see File Scope with empty File Scope section in required mode (0.229375ms)
✔ validateContract warns on placeholders in optional mode (0.075208ms)
✔ parseContract treats em dash contract cells as empty path lists (0.09ms)
✔ parseContract splits comma-separated paths inside a single backtick wrapper (SP-396) (0.080375ms)
✔ parseContract splits comma-separated artifacts inside a single backtick wrapper (0.07125ms)
✔ validateContract warns on comma-in-single-backtick path lists in optional mode (0.169041ms)
✔ validateContract errors on comma-in-single-backtick path lists in required mode (0.180458ms)
✔ mergeDeps unions identical sets from PROMPT and JSON (0.924166ms)
✔ mergeDeps JSON wins when PROMPT and JSON disagree (0.086458ms)
✔ mergeTaskDeps uses golden fixtures end-to-end (1.962209ms)
✔ mergeDeps returns PROMPT deps when JSON has no entry (0.092625ms)
✔ TASK_HEADING_RE requires em dash (U+2014) (0.591583ms)
✔ parsePrompt extracts required sections and steps from golden S fixture (1.499167ms)
✔ validatePrompt rejects hyphen separator in heading (0.800833ms)
✔ discoverTasks finds three golden fixtures (9.19825ms)
✔ parsePromptDependencies parses list and Requires forms (0.501125ms)
✔ parseStatus mirrors step numbers and checkbox state (1.339125ms)
✔ getStepProgress aggregates checkbox completion (0.525667ms)
✔ listIncompleteSteps returns unchecked items per step (0.243083ms)
✔ FX-invalid-no-testing fails validatePrompt for missing Testing step (2.581166ms)
✔ FX-missing-contract fails validatePrompt in required contract mode (1.355666ms)
✔ FX-valid-contract passes validatePrompt in required contract mode (2.660459ms)
✔ FX-final-replan has Review Level >= 1 for REPLAN integration path (1.695042ms)
✔ formatTasksValidateHuman prefixes summary before failure details (0.693542ms)
✔ runSpineTasksValidate exits 0 for valid PROMPT packets (712.637375ms)
✔ runSpineTasksValidate reports same failure message as planner for invalid PROMPT (647.456375ms)
✔ runSpineTasksValidate returns exit 2 for missing config (455.698166ms)
✔ runSpineTasksValidate returns exit 2 for unresolved scope (408.540166ms)
✔ spine tasks validate CLI exits 0 for valid scope (549.67325ms)
✔ spine tasks validate CLI exits 1 for invalid PROMPT (535.001625ms)
✔ buildTasksValidateResult matches TasksValidateResult schema (0.572833ms)
✔ collectTaskAdvisoryWarnings reports folder, STATUS, and deps mismatches (0.35225ms)
✔ runSpineTasksValidate --json emits TasksValidateResult (292.960166ms)
✔ runSpineTasksValidate --warnings-only keeps exit 0 for advisory issues (262.300583ms)
✔ spine tasks validate CLI --json exits 0 for valid scope (426.647333ms)
✔ spine help tasks documents validate subcommand (135.302625ms)
✔ spine tasks validate CLI exits 2 for config error (306.311625ms)
✔ validateContract warns when fileScopeMustNotChange includes spine-tasks/** (4.934042ms)
✔ validateContract warns when pattern matches current task folder only (1.798375ms)
✔ validateContract is quiet for parallel product-path guards (0.966458ms)
✔ collectFileScopeMustNotChangeWarnings dedupes broad spine-tasks ban over task folder (0.18ms)
✔ collectFileScopeMustNotChangeWarnings ignores other task folders (0.182625ms)
✔ collectFileScopeMustNotChangeWarnings respects custom tasksRoot (0.158166ms)
✔ collectFileScopeMustNotChangeWarnings skips current-task check without taskId (0.185375ms)
✔ collectStaleFileScopeMustChangeWarnings is quiet when scope paths unchanged since task intro (999.811917ms)
✔ collectStaleFileScopeMustChangeWarnings warns when scope paths changed on main after task intro (962.54225ms)
✔ collectStaleFileScopeMustChangeWarnings ignores tasks without fileScopeMustChange (609.047292ms)
✔ parseReportProgressArgs reads step and checkbox flags (0.584042ms)
✔ reportTaskProgress appends task.step_completed with metadata (8.691417ms)
✔ reportTaskProgress writes journal line on disk (21.831166ms)
✔ reportTaskProgress fails closed without batch context (0.296833ms)
✔ runSpineReportProgress returns non-zero when batchId missing (0.221875ms)
✔ runSpineReportProgress does not write with attach env when attach suppressed (0.840583ms)
✔ requestWorkerGate fails closed without batch context (0.57825ms)
✔ requestWorkerGate returns not_supported for integrate gate (9.645542ms)
✔ requestWorkerGate returns not_supported when no gate record (manual deferred) (3.005083ms)
✔ buildReviewStepCliArgs maps params and adds --stub when SPINE_WORKER_STUB=1 (0.890875ms)
✔ executeSpineReviewStep fails closed without SPINE_TASK_FOLDER (0.21975ms)
✔ spine_review_step handler returns APPROVE via stub review (20.883375ms)
✔ spine_review_step handler marks stub spawn failure as tool error (10.09125ms)
✔ spine_review_step skips nested reviewer spawn inside worker session (33.389666ms)
✔ registerSpineWorkerTools registers all three PRD worker tools (0.859041ms)
✔ executeSpineReportProgress appends task.step_completed via tool handler (18.733958ms)
✔ executeSpineReportProgress fails closed without batch context (0.331333ms)
✔ spine_request_gate tool returns structured not_supported shape (3.8765ms)
✔ executeSpineRequestGate fails closed without batch context (0.296083ms)
ℹ tests 1734
ℹ suites 0
ℹ pass 1733
ℹ fail 1
ℹ cancelled 0
ℹ skipped 0
ℹ todo 0
ℹ duration_ms 182209.471625

✖ failing tests:

test at tests/config/typecheck-batch.test.mjs:47:1
✖ npm run typecheck validates extensions and batch hot paths (4220.113083ms)
  AssertionError [ERR_ASSERTION]: typecheck failed (exit 2):
  
  > pi-spine@1.7.0 typecheck
  > tsc --project tsconfig.json --noEmit && tsc --project tsconfig.batch.json --noEmit
  
  src/config/preflight/discovery.mjs(15,20): error TS7006: Parameter 'id' implicitly has an 'any' type.
  src/config/preflight/discovery.mjs(15,24): error TS7006: Parameter 'ok' implicitly has an 'any' type.
  src/config/preflight/discovery.mjs(15,28): error TS7006: Parameter 'message' implicitly has an 'any' type.
  src/config/preflight/discovery.mjs(24,34): error TS7006: Parameter 'projectRoot' implicitly has an 'any' type.
  src/config/preflight/discovery.mjs(24,47): error TS7006: Parameter 'configResult' implicitly has an 'any' type.
  src/config/preflight/discovery.mjs(32,34): error TS7006: Parameter 'folderName' implicitly has an 'any' type.
  src/config/preflight/discovery.mjs(37,37): error TS7006: Parameter 'tasksRootPath' implicitly has an 'any' type.
  src/config/preflight/discovery.mjs(48,33): error TS7006: Parameter 'tasksRootPath' implicitly has an 'any' type.
  src/config/preflight/discovery.mjs(128,83): error TS18046: 'err' is of type 'unknown'.
  src/config/preflight/discovery.mjs(197,14): error TS2339: Property 'worktreeSetupHook' does not exist on type 'object'.
  src/config/preflight/discovery.mjs(300,38): error TS2345: Argument of type 'string | undefined' is not assignable to parameter of type 'string'.
    Type 'undefined' is not assignable to type 'string'.
  src/config/preflight/discovery.mjs(302,22): error TS2339: Property 'contract' does not exist on type 'object'.
  src/config/preflight/discovery.mjs(320,24): error TS2339: Property 'message' does not exist on type '{}'.
  
  
  
  2 !== 0
  
      at TestContext.<anonymous> (file:///Users/cdelgado/Documents/github/pi-spine/.worktrees/spine-20260706T210401/lane-2/tests/config/typecheck-batch.test.mjs:54:9)
      at Test.runInAsyncScope (node:async_hooks:226:14)
      at Test.run (node:internal/test_runner/test:1382:25)
      at Test.processPendingSubtests (node:internal/test_runner/test:960:18)
      at Test.postRun (node:internal/test_runner/test:1522:19)
      at Test.run (node:internal/test_runner/test:1447:12)
      at async startSubtestAfterBootstrap (node:internal/test_runner/harness:387:3) {
    generatedMessage: false,
    code: 'ERR_ASSERTION',
    actual: 2,
    expected: 0,
    operator: 'strictEqual',
    diff: 'simple'
  }

