Contract testCommand failure log
Command: npm run typecheck && npm test -- tests/config/typecheck-batch.test.mjs
Exit code: 1
Attempt: 1 of 2
Timestamp: 2026-07-06T19:47:19.415Z
Buffer overflow: no
---

> pi-spine@1.7.0 typecheck
> tsc --project tsconfig.json --noEmit && tsc --project tsconfig.batch.json --noEmit


> pi-spine@1.7.0 test
> SPINE_SUPPRESS_JOURNAL_ATTACH=1 node --experimental-strip-types --test tests/*.test.mjs tests/cli/*.test.mjs tests/compat/*.test.mjs tests/tasks/*.test.mjs tests/config/*.test.mjs tests/config/cursor-rules/*.test.mjs tests/planner/*.test.mjs tests/batch/*.test.mjs tests/agents/*.test.mjs tests/adoption/*.test.mjs tests/dashboard/*.test.mjs tests/doctor/*.test.mjs tests/init/*.test.mjs tests/migrate/*.test.mjs tests/worker-tools/*.test.mjs tests/coverage/*.test.mjs tests/extensions/*.test.mjs tests/config/typecheck-batch.test.mjs

✔ adoption fixture: init, plan, stub batch AD-001 creates .DONE (15100.010708ms)
✔ adoption integration: REPLAN final verdict surfaces needs_replan diagnosis (14686.500416ms)
✔ worker.md documents spine tools, stall checkpoint, and coverage policy (0.730833ms)
✔ worker.md documents engine-owned code and final review after .DONE (0.676708ms)
✔ reviewer.md documents final PASS REVISE REPLAN verdicts (0.297208ms)
✔ worker-prompt tail aligns with worker.md commit and review conventions (0.148667ms)
✔ buildWorkerTailPrompt does not contradict worker.md on commit format (13.046ms)
✔ buildAgentSessionWorkerPrompt includes review hint when level > 0 (1.724666ms)
✔ buildWorkerPiArgs omits -ne when no pi-web-access conflict (15.336791ms)
✔ buildWorkerPiArgs includes -ne before -p when extension conflict detected (20.494083ms)
✔ formatPiExtensionConflictHint surfaces pi-web-access remediation (0.353875ms)
✔ abortBatch archives batch-state before clearing active file (1056.033417ms)
✔ abortBatch journals batch.aborted and preserves prior journal tail (1316.837042ms)
✔ abortBatch writes abort signal without killing on graceful abort (837.511459ms)
✔ hard abort removes lane worktree when cleanup enabled (1014.228583ms)
✔ hard abort keeps worktree when cleanupOnHardAbort is false (777.531625ms)
✔ abortBatch fails when no active batch (539.482792ms)
✔ mergeLaneToOrch auto-resolves disjoint adoption doc edits without force-merge (4140.99ms)
✔ mergeLaneToOrch fails adoption doc merge with recovery commands when hunks overlap (2880.905791ms)
✔ formatAdoptionDocMergeFailure names file and wave recovery (0.246542ms)
✔ agent session abort failure journals lane.worker_abort_failed (1370.375166ms)
✔ formatAttachedMilestoneLine renders land-loop journal types (0.60125ms)
[spine] batch.started
[spine] task.started SP-343
[spine] task.completed SP-343
[spine] batch.merge_started wave=0
[spine] batch.merge_completed wave=0
[spine] gate.opened
[spine] gate.evidence_collecting
[spine] gate.evidence_completed
[spine] batch.completed
[spine] batch.land_loop_finalized

Batch started

Batch 20260706T194459 completed: SP-343 succeeded; merged to orch/spine-20260706T194459.
  → spine gate status
  → spine gate approve
  → spine integrate
  → spine batch complete

Batch 20260706T194459 ready to integrate orch branch to main

  → spine integrate

  Alternatives:
    • /spine-integrate
    • /spine-gate
    • spine status --diagnose

  Batch: 20260706T194459
  Task: SP-343
✔ runSpineBatch attached start returns integrate handoff without process.exit in tests (14390.176584ms)
✖ attached batch CLI subprocess exits after completed with stdout milestones (9588.810958ms)
✔ formatAttachedBatchCliResult includes diagnosis suggested command (0.876875ms)
✔ enforceAttachedEngineSingleOwner fails fast when engine PID is alive (1452.29675ms)
✔ enforceAttachedEngineSingleOwner orphans prior engine with --force (976.066084ms)
✔ resumeBatch rejects second attached resume when engine PID is alive (805.499125ms)
✔ resumeBatchDetached rejects spawn when attached engine PID is alive (690.084583ms)
✔ runAttachedBatchEngine blocks attached start when engine PID is alive (660.677375ms)
✔ isLastWaveIndex matches batch 20260618T000943 wave plan (0.519333ms)
✔ maybeFinalizeAfterWaveMerge opens gate for last-wave post-merge limbo (4548.339458ms)
✔ resumeMultiTaskBatch finalizes post-merge limbo even with stale engine pid (2927.682916ms)
✔ terminateStaleDetachedEngine still clears stale engine during post-merge limbo resume handoff (599.2975ms)
✔ startBatch multi-wave attached path opens gate after wave 1 without resume (16828.604958ms)
✔ attached milestone types include batch.merge_blocked (0.529291ms)
✔ formatAttachedBatchCliResult prints merge failure headline and exits non-zero for merge_blocked (3377.961209ms)
✔ runAttachedBatchEngine streams merge_blocked milestone before merge failure CLI output (3890.09925ms)
✔ mergeEngineStateWithDiskPause adopts operator pause from disk (1176.121542ms)
✔ saveEngineBatchState does not clobber phase paused during heartbeat-style saves (1088.534125ms)
✔ enforceOperatorPauseOnDisk re-asserts paused after engine overwrite (2875.383208ms)
✔ pauseBatch confirms when attached engine heartbeat saves honor pause (2846.603334ms)
✔ batch 20260620T194352 fixture is post-merge limbo without gate (1213.135625ms)
✔ attemptPostMergeLandLoopHandoff finalizes in-process after SIGTERM-shaped limbo (3657.274292ms)
✔ finalizeAttachedPostMergeLimbo is idempotent when gate already open (2690.514833ms)
✔ resume after orphan_terminated journal opens gate for batch 20260620T194352 pattern (2380.447209ms)
✔ installAttachedEngineShutdownHandlers finalizes on SIGTERM without manual resume (2702.873459ms)
✔ terminateStaleDetachedEngine during post-merge limbo still allows resume finalize (2483.01925ms)
✔ shouldAutoIntegrateAfterWave is false by default (0.484334ms)
✔ shouldAutoIntegrateAfterWave is true when configured and not last wave (0.076708ms)
✔ shouldAutoIntegrateAfterWave is false on last wave (0.062834ms)
✔ issue #25: retry unblocks failed phase when only pending tasks remain (7143.894083ms)
✔ issue #25: failed phase with pending-only limbo resumes without --force (2415.133208ms)
✔ retry keeps failed phase when other failed tasks remain (999.567667ms)
✔ diagnosis suggests resume --force for failed-phase pending-only limbo (0.207459ms)
✔ parseSupersededReplacementIds extracts child task IDs (1.144083ms)
✔ assertBatchStartTasksNotSuperseded rejects superseded IDs (1924.80475ms)
✔ assertBatchStartTasksNotSuperseded allows pending IDs (1187.263667ms)
✔ assertBatchStartTasksNotSuperseded honors --force-superseded (884.435041ms)
✔ resolveBatchStartScope rejects explicit superseded task IDs (757.574958ms)
✔ resolveBatchStartScope allows superseded IDs with forceSuperseded (672.492833ms)
✔ startBatch dry-run rejects superseded explicit scope (992.616833ms)
✔ startBatch dry-run allows superseded scope with forceSuperseded (454.941542ms)
✔ parseBatchArgs maps --wave on start to waveFilter (0.739458ms)
✔ parseBatchArgs strips --wave value from scope for wave 0 (0.109208ms)
✔ buildAttachedBatchStartArgv forwards waveFilter to detached engine (2.506ms)
✔ startBatch dry-run with pending scope and --wave 0 selects planner wave 0 (1802.919208ms)
✔ startBatch dry-run with --wave selects planner wave task IDs (1311.326916ms)
✔ wave-filtered dry-run matches explicit wave task scope dry-run (871.605583ms)
✔ complete handoff preserves newer active batch (073511 vs 073937 race) (6.3335ms)
✔ clearStaleTerminalBatchStateForStart removes completed batch-state pointer (1.996708ms)
✔ assertNoActiveBatch clears stale completed pointer before start handoff (2.78175ms)
✔ runBatchComplete clears active batch-state when no newer batch took over (3776.210833ms)
✔ new batch save replaces terminal completed cache with different batchId (9.076708ms)
✔ evaluateBatchStateWriteGuard rejects writes from non-owner live engine (11.934334ms)
✔ saveSpineBatchState rejects resurrecting archived batch cache (14.906792ms)
✔ resolveStallConfig defaults checkpoint warning and no file-scope grace extension (0.584458ms)
✔ file-scope mtime is activity only — does not extend stall deadline by default (0.185416ms)
✔ checkpoint signals extend grace; STATUS update moves deadline (0.072541ms)
✔ shouldEmitCheckpointWarning after activity without checkpoint threshold (0.111792ms)
✔ resolveScopedDirtyPaths limits porcelain to file scope and task folder (613.394167ms)
✔ lane.checkpoint_warning journal event and diagnose hints (31.436792ms)
✔ extractJournalDiagnosisHints omits stale checkpoint_warning older than 30 minutes (0.201042ms)
✔ collectProgressSignals includes dirtyPaths for scoped changes (774.194416ms)
✔ verifyContract uses base-satisfied when scope predates task PROMPT on base (2883.001625ms)
✔ verifyContract passes when scope is on base and lane has zero implementation diff (1462.742417ms)
✔ verifyContract fails base-satisfied scope when testCommand fails (6588.617208ms)
✔ verifyStubFileScopeMustChange passes when base already satisfies scope (1335.25575ms)
✔ isBaseScopeSatisfied is false when base lacks scope changes (1056.994666ms)
✔ runFinalReviewPhase fails fast with contract_failed and does not consume finalAttempts (7628.021291ms)
✔ reconcileBatch surfaces contract_failed headline for failed task (1756.114583ms)
✔ verifyContract satisfies pre-landed fileScopeMustChange when testCommand and artifacts pass (2681.836667ms)
✔ verifyContract still fails pre-landed scope when testCommand fails (6646.387042ms)
✔ verifyStubFileScopeMustChange passes delivery-only STATUS when source scope pre-landed (1306.368208ms)
✔ verifyContract passes delivery-only STATUS.md fileScopeMustChange contract (988.295167ms)
✔ resolvePromptRelPath derives task PROMPT from spine-tasks delivery changes (718.104292ms)
✔ isFileScopePatternPrelanded detects scope changed on main after task intro (952.767375ms)
✔ resolveTaskStartCommit ignores resumed task.started after same-task lane.committed (1.537417ms)
✔ verifyContract passes fileScopeMustChange after pause/retry/resume when lane commit exists (1842.065125ms)
✔ testCommand fails once then succeeds on retry — contract passes (85.323208ms)
✔ testCommand fails all retries — contract_failed as before (117.627458ms)
✔ retry count configurable via spine-config contract.testRetries (329.930125ms)
✔ failed output captured to .reviews/ directory (167.872709ms)
✔ no retry when testCommand succeeds first time (no performance cost) (192.240958ms)
✔ writeContractFailureLog creates log file with header (35.419083ms)
✔ writeContractFailureLog returns null when taskFolder is undefined (0.199708ms)
✔ CONTRACT_TEST_DEFAULT_RETRIES is 1 (0.056375ms)
✔ CONTRACT_TEST_RETRY_DELAY_MS is 5000 (0.062458ms)
✔ multiple failure logs captured across retry attempts (164.949916ms)
✔ parseContract extracts stallTimeoutMinutes and extendGraceOnFileScope (1.145375ms)
✔ resolveTaskStallMinutes uses max of global, size floor, and contract override (0.128417ms)
✔ resolveStallConfigForTask applies contract stallTimeoutMinutes to stallTimeoutMs (0.127416ms)
✔ resolveStallConfigForTask honors contract extendGraceOnFileScope (0.068958ms)
✔ resolveWorkerPiTimeoutMs aligns with contract stall budget (0.099833ms)
✔ runWorker with contract stall override survives beyond global stall budget (scaled) (5190.267542ms)
✔ runWorker without contract override stalls at scaled global budget (5180.258458ms)
✔ isDeliveryArtifactPath accepts STATUS.md-only patterns (0.775166ms)
✔ isDeliveryArtifactPath accepts .DONE-only patterns (0.1835ms)
✔ isDeliveryArtifactPath accepts task-folder delivery globs (0.1225ms)
✔ isDeliveryArtifactPath rejects implementation and tasks-root paths (0.101958ms)
✔ isImplementationScopePattern detects source and tooling roots (0.074333ms)
✔ isStubDeliveryOnlyScope is true for delivery-only pattern sets (0.14925ms)
✔ isStubDeliveryOnlyScope rejects mixed implementation and delivery patterns (0.065542ms)
✔ isStubDeliveryOnlyScope rejects empty pattern lists (0.046375ms)
✔ isDeliveryArtifactPath honors custom tasksRoot (0.165584ms)
✔ resolveTaskStartCommit returns distinct start commits for serialized lane tasks (0.866459ms)
✔ resolveTaskStartCommit prefers task.started payload commit over prior lane.committed (0.133958ms)
✔ resolveTaskStartCommit returns null when task.started is missing (main...HEAD fallback) (0.084166ms)
✔ resolveTaskStartCommit resolves git HEAD at task.started timestamp when journal lacks commit (986.7025ms)
✔ CONTRACT_TEST_COMMAND_MAX_BUFFER exceeds legacy 256KB limit (0.500291ms)
✔ runContractTestCommand captures large stdout without killing child (155.452416ms)
✔ runContractTestCommand surfaces ENOBUFS with scoped testCommand guidance (95.782375ms)
✔ verifyContract reports buffer overflow with scoped testCommand guidance (5390.830667ms)
✔ buildContractTestEnv moves SPINE_BATCH_ID to SPINE_PARENT_BATCH_ID (0.50725ms)
✔ detectNestedWorkerContext blocks parent batch in lane worktree (0.220375ms)
✔ startBatch blocks nested spawn when SPINE_PARENT_BATCH_ID set in lane worktree (54.745959ms)
✔ buildContractTestEnv allows isolated fixture batch start without parent batch id (4.088916ms)
✔ listChangedFiles with sinceCommit scopes diff to commits after anchor (1466.048583ms)
✔ listChangedFiles without sinceCommit preserves baseBranch...HEAD (740.727583ms)
✔ verifyContract with sinceCommit ignores prior same-lane task fileScopeMustNotChange violations (1465.629459ms)
✔ verifyContract without sinceCommit preserves cumulative lane branch behavior (631.22025ms)
✔ buildContractTestEnv removes worker-only keys (0.515625ms)
✔ runContractTestCommand subprocess does not inherit SPINE_IS_WORKER (70.641208ms)
✔ verifyContract testCommand passes under worker env when subprocess is sanitized (137.070709ms)
✔ verifyContract passes when testCommand exits 0 (62.941875ms)
✔ verifyContract fails when testCommand exits non-zero (112.829083ms)
✔ verifyContract checks artifactsMustExist paths in worktree (132.3575ms)
✔ verifyContract expands glob patterns in artifactsMustExist (124.945292ms)
✔ verifyContract returns ok with empty checks when contract has no verify fields (180.077875ms)
✔ verifyContract enforces fileScopeMustChange and fileScopeMustNotChange (1052.183792ms)
✔ verifyContract checks minLineCoverage from command output (114.043417ms)
✔ shouldRunContractVerify skips legacy TP-* tasks and absent contract sections (0.249125ms)
✔ matchesContractPattern supports glob paths (0.213834ms)
✔ parseAggregateLineCoverage parses coverage table rows (0.18ms)
✔ SP-193-shaped placeholder contract fails validateContract in required mode (1.409583ms)
✔ verifyContract passes SP-193-shaped contract when scoped files changed (571.619458ms)
✔ fileScopeMustChange trailing-slash pattern matches files under directory prefix (1013.958041ms)
✔ fileScopeMustChange trailing-slash pattern fails when no files under prefix changed (725.795ms)
✔ fileScopeMustChange exact-path and glob behavior preserved alongside trailing-slash (1196.529416ms)
✔ waitForDetachedBatchResume waits for integrate gate after batch completes (879.636959ms)
✔ waitForDetachedBatchResume completes without gate when integrate gate not required (255.200334ms)
✔ prepareDetachedResumeEngineHandoff terminates stale engine before resume spawn (32.966417ms)
✔ resolveDefaultResumeWaitTerminal returns true for engine_orphaned without flags (0.481541ms)
✔ resolveDefaultResumeWaitTerminal respects explicit flags (0.160625ms)
✔ detectPostMergeLimboForResume matches journal-only limbo for batch 20260629T210738 (1242.776541ms)
✔ postMergeLimbo diagnosis suggests spine batch resume --force (0.256417ms)
✔ resumeBatchDetached --force finalizes journal-only limbo without spawning engine (3949.929125ms)
✔ detached batch start opens integrate gate after stub engine completes (9910.707916ms)
✔ timeout_waiting_for_batch with dead enginePid reconciles as engine_orphaned not running (1815.089167ms)
✔ startBatchDetached persists spawn enginePid before wait on timeout failure path (31368.392375ms)
✔ parseBatchArgs defaults to detached start (attached flag off) (0.720875ms)
✔ parseBatchArgs --attached opts into foreground engine (0.081917ms)
✔ buildAttachedBatchStartArgv forwards scope and skip-preflight (0.522708ms)
✔ formatDetachedBatchStartOutput includes monitor hints (0.222958ms)
✔ batch start returns quickly and runs engine in background (10127.949959ms)
✔ parseBatchArgs resume defaults to detached (attached flag off) (0.183916ms)
✔ buildAttachedBatchResumeArgv forwards force (0.089125ms)
✔ formatDetachedEngineOutput includes resume wording (0.10925ms)
✔ waitForDetachedBatchResume returns engine_started by default (730.3995ms)
✔ waitForDetachedBatchResume with waitTerminal returns resume_completed (924.074458ms)
✔ collectDetachedFailureDiagnostics includes task.failed summary and log tails (337.626583ms)
✔ parseBatchArgs accepts --wait-terminal (0.2735ms)
✔ batch resume returns quickly and runs engine in background (10369.432416ms)
✔ inferLaunchFailureKind ignores DirtyWorktree exitReason (0.62675ms)
✔ buildHeadline prefers DirtyWorktree over worker launch (0.322875ms)
✔ buildSuggestedCommand for DirtyWorktree suggests coverage cleanup and retry (0.164584ms)
✔ buildHeadline surfaces review_exhausted primary failure (0.132292ms)
✔ buildSuggestedCommand for review_exhausted suggests batch retry (0.065917ms)
✔ buildHeadline surfaces contract_failed primary failure (0.073584ms)
✔ buildSuggestedCommand for contract_failed suggests PROMPT edit and retry (0.076458ms)
✔ buildDiagnosisOutput bundles primary failure class without launch headline (0.126417ms)
✔ reconcileBatch aligns hasFailedTasks with segment drift and DirtyWorktree headline (2021.164833ms)
✔ reconcileBatch diagnoses review_exhausted from failed task exitReason (1894.781666ms)
✔ buildHeadline surfaces PI_SPINE_ROOT launch failure (0.863708ms)
✔ buildHeadline surfaces lane commit failures after worker completion (0.146167ms)
✔ buildSuggestedCommand prefers spine doctor for launch failures (0.208459ms)
✔ inferLaunchFailureKind reads worker output hints from journal (0.182542ms)
✔ extractJournalDiagnosisHints prioritizes setup hook and merge blocked events (1.453125ms)
✔ formatMixedOutcomeMessage lists succeeded tasks and spine batch retry guidance (0.170917ms)
✔ reconcileBatch diagnoses launch failure wave from fixture (1981.418208ms)
✔ buildDiagnosisOutput bundles launch failure headline and command (0.215792ms)
✔ DIAGNOSIS_TAXONOMY includes worker_orphaned distinct from needs_retry (0.55225ms)
✔ inferLaunchFailureFromWorkerOutputTail reads PI_SPINE_ROOT hints from log tail (0.105542ms)
✔ buildSuggestedCommand prefers abort for ghost running cluster (0.115833ms)
✔ buildHeadline surfaces worker_orphaned launch failure from worker output context (0.207875ms)
✔ worker_orphaned after plan review nested_spawn_blocked suggests batch retry (0.088209ms)
✔ dead lane workerPid diagnoses worker_orphaned not needs_retry (1871.64625ms)
✔ dead workerPid after lane.completed does not diagnose worker_orphaned (2039.320584ms)
✔ worker_orphaned enriches launch headline from worker output log without task.failed (1819.84ms)
✔ multiple ghost running tasks on one lane prefer spine batch abort (1768.052917ms)
✔ segment drift still diagnoses needs_retry (1353.936041ms)
✔ buildDiagnosisOutput bundles worker_orphaned headline and command (0.221833ms)
✔ isRunningWithoutActiveWorkers is false when workers are active (0.584292ms)
✔ isRunningWithoutActiveWorkers detects all-terminal tail state (0.078292ms)
✔ buildRunningTailHeadline maps macroPhase merging to operator text (0.212292ms)
✔ buildRunningTailHeadline maps gating / post-merge limbo (0.124333ms)
✔ buildHeadline preserves generic running when workers are active (0.191583ms)
✔ deriveMacroPhase uses journal merge tail when diagnosis is running without workers (0.215ms)
✔ deriveMacroPhase stays executing when workers are active (0.065583ms)
✔ tail-state fixture reconciles without bare is running headline (1647.377834ms)
✔ tail-state headline matches batch 20260701T031142 shape via buildHeadline (0.404334ms)
✔ isCoverageArtifactPath matches extension/coverage and root coverage dirs (0.593792ms)
✔ isPathInFileScope matches exact paths and directory prefixes (0.12475ms)
✔ filterOutOfScopeCoveragePorcelain drops modified coverage outside file scope (0.143333ms)
✔ filterOutOfScopeCoveragePorcelain keeps in-scope coverage modifications (0.0735ms)
✔ restoreOutOfScopeCoverageArtifacts resets tracked coverage files (1104.729084ms)
✔ resolvePostLaneCommitPorcelain restores and filters out-of-scope coverage (737.418458ms)
✔ commitLaneAndValidateWorktree succeeds when only out-of-scope coverage is dirty (1543.025542ms)
✔ commitLaneAndValidateWorktree fails when dirty without .DONE (845.961209ms)
✔ isWorktreeDeletionPorcelainLine matches unstaged deletions (0.5475ms)
✔ isSymlinkOnlyDriftPorcelain is true only for deletion-only porcelain (0.115208ms)
✔ filterSetupHookSymlinkDriftPorcelain clears deletion-only drift (0.074875ms)
✔ parseLaneWorktreeIdentity extracts batch and lane from worktree path (0.515459ms)
✔ resolvePostLaneCommitPorcelain repairs hook symlink drift (1929.456459ms)
✔ commitLaneAndValidateWorktree succeeds when hook symlink drifts after PASS (2023.060125ms)
✔ dismissBatch kills live stub worker PID and journals lane.worker_terminated (2148.047666ms)
✔ shouldRunCodeReview requires review level 2 or higher (0.541208ms)
✔ findCodeReviewStepNumber prefers step with code review checkpoint (2.516792ms)
✔ findCompletedCodeReview honors journal review.completed code APPROVE (1.014666ms)
✔ findCompletedCodeReview honors step artifact APPROVE for code review step (3.065625ms)
✔ runTaskOnLane runs engine code review for RL2 without worker nested spawn (6454.029584ms)
✔ runTaskOnLane skips engine code review when review level is 0 (6021.503ms)
✔ runTaskOnLane skips engine code review when review level is 1 (6396.698917ms)
✔ runTaskOnLane honors journal review.completed code APPROVE without duplicate spawn (6239.344666ms)
✔ runTaskOnLane re-invokes worker after code REVISE and succeeds on APPROVE (11178.970292ms)
✔ resolveReviewSpawnTimeoutMs aligns with stall budget for M tasks (0.591459ms)
✔ runStepReview journals review.failed with review_timeout on hung spawn (275.668459ms)
✔ async reviewer spawn does not block the event loop while waiting for timeout (329.746833ms)
✔ startBatch opens integrate gate before batch.completed journal event (9336.570917ms)
✔ startBatch serializes multiple tasks on one physical lane (15326.566125ms)
✔ startBatch runs disjoint-scope tasks on separate lanes in parallel (10096.163833ms)
✔ startBatch records lane commit before task.completed (9730.378208ms)
✔ runTaskOnLane emits task.failed not task.completed when lane commit fails (5805.713917ms)
✔ validateSpineConfig accepts worktreeSetupIgnorePaths (0.266959ms)
✔ engine_orphaned diagnosis suggests retry when task id known, attached resume otherwise (0.529125ms)
✔ dead engine with phase running passes validateMultiTaskResume without pause (1070.6045ms)
✔ running phase with live engine pid rejects resume without force (781.868958ms)
✔ reconcile engine_orphaned recommends attached resume for batch 20260618T191236 pattern (1795.646625ms)
✔ engine_orphaned with failedTaskId suggests retry (SP-315) (0.57375ms)
✔ reconcileOrphanRunningState transitions running task to failed with journal events (541.097042ms)
✔ retryTask succeeds on orphan without manual pause (issue #20 trap) (684.306625ms)
✔ diagnose then retry: suggestedCommand matches working recovery path (1767.129959ms)
✔ resume --force allowed after orphan reconcile when phase was running (688.947708ms)
✔ terminateStaleDetachedEngine SIGTERM stale pid on failed resume (19.5095ms)
✔ runStepReview honors existing final PASS without re-spawn (6.815209ms)
✔ runStepReview skips review.failed journal when batch already completed (31.194292ms)
✔ startBatch lane branch has commit before merge when stub touches files (9361.964459ms)
✔ startBatch completes single task with stub worker (8934.718625ms)
✔ isExplicitBatchScope treats pending as explicit (0.218833ms)
✔ startBatch all dry-run allows multi-wave pending backlog (400.987792ms)
✔ startBatch pending dry-run excludes done tasks (308.757417ms)
✔ startBatch all fails when every task has .DONE (245.907208ms)
✔ startBatch skips worker when .DONE exists on disk (2837.548ms)
✔ resolveBatchStartScope normalizes all to pending IDs (412.608958ms)
✔ startBatch explicit IDs still allow multi-wave when scope is not bare all (283.51675ms)
✔ startBatch completes two-lane wave with stub workers (9585.590166ms)
✔ startBatch blocks merge on mixed outcomes (6288.178792ms)
✔ assessWaveMergeEligibility blocks failed and pending tasks (0.227458ms)
✔ collectCoreEvidenceBundle writes summary without complete marker (1635.910333ms)
✔ openIntegrateGate persists gate before extended evidence and journals milestones (1680.082917ms)
✔ openIntegrateGate keeps gate when extended evidence command fails (1572.156ms)
✔ collectExtendedEvidenceBundle appends to existing refs (1205.468708ms)
✔ parseEvidenceCommandArgv accepts npm run test (1.733709ms)
✔ parseEvidenceCommandArgv preserves quoted arguments (0.212375ms)
✔ parseEvidenceCommandArgv rejects shell command chaining (0.277792ms)
✔ parseEvidenceCommandArgv rejects unknown binary (0.114917ms)
✔ runEvidenceCommand executes allowlisted argv without shell (50.703208ms)
✔ runEvidenceCommand rejects malicious config strings (0.173084ms)
✔ runEvidenceCommand skips empty command (0.108958ms)
✔ runEvidenceCommand rejects disallowed build binary (0.11075ms)
✔ parseEvidenceCommandArgv rejects subshell injection (0.129417ms)
✔ collectEvidenceBundle writes summary and .complete marker atomically (1682.9625ms)
✔ collectEvidenceBundle writes rejected output for unsafe testing.test (1295.365167ms)
✔ findCompletedFinalReview honors journal review.completed final PASS (1.366875ms)
✔ findCompletedFinalReview honors latest final artifact PASS (8.145875ms)
✔ runTaskOnLane honors pre-existing worker final review without spawn failure (6592.732583ms)
✔ runTaskOnLane honors journal review.completed final PASS without duplicate spawn (6616.802167ms)
✔ parseFinalReviewVerdict accepts PASS, REVISE, and REPLAN (0.862ms)
✔ shouldRunFinalReview skips when review level is 0 (0.095541ms)
✔ runTaskOnLane skips final review when review level is 0 (6383.081916ms)
✔ runTaskOnLane journals task.verdict_recorded on PASS final review (6522.997667ms)
✔ runTaskOnLane re-invokes worker after REVISE and succeeds on PASS (11324.001458ms)
✔ runTaskOnLane caps REVISE at maxFinalAttempts with review_exhausted (15555.709042ms)
✔ runTaskOnLane fails with needs_replan and does not keep .DONE (5335.484167ms)
✔ mergeWaveLanesToOrch blocks when a wave task has exitReason needs_replan (135.082083ms)
✔ runEngineFinalReview stub writes final artifact path (1.29325ms)
✔ isUnscopedFlutterAnalyzeSegment detects bare and compound analyze commands (0.775ms)
✔ isUnscopedFlutterAnalyzeCommand handles compound shell commands (0.151208ms)
✔ isFlutterAnalyzeTestCompoundCommand matches analyze plus test (0.113ms)
✔ shouldCleanFlutterBuildBeforeAnalyze respects config opt-out (0.079042ms)
✔ sanitizeFlutterBuildBeforeAnalyze removes polluted build directory (362.869542ms)
✔ sanitizeFlutterBuildBeforeAnalyze is no-op when build is absent (281.038542ms)
✔ prepareContractVerifyEnvironment removes polluted build for compound analyze command (196.597542ms)
✔ polluted build does not fail verify after hygiene (270.900917ms)
✔ verifyContract cleans polluted build before unscoped flutter analyze testCommand (556.618417ms)
✔ buildTaskScorecard lists task rows (0.646208ms)
✔ openIntegrateGate persists pending gate and journals gate.opened (1615.934958ms)
✔ collectEvidenceBundle writes summary and diff-stat (1601.270292ms)
✔ approve and reject enforce gate FSM (1329.087916ms)
✔ rejectIntegrateGate journals gate.rejected (1347.627625ms)
✔ checkIntegrateGate blocks until approved (exit 2) (1431.816042ms)
✔ integrateOrchToBase fails with exit 2 when gate pending (1917.656208ms)
✔ integrateOrchToBase succeeds after gate approval (2731.750209ms)
✔ force integrate requires SPINE_ALLOW_FORCE=1 (779.112458ms)
✔ openIntegrateGateAfterBatchComplete skips non-completed batches (427.275083ms)
✔ runSpineGate CLI approve updates gate record (1457.94525ms)
✔ isGitignoredArtifactPath matches extension/coverage and node_modules (0.533333ms)
✔ listGitignoredArtifactRoots deduplicates nested artifact dirs (0.43925ms)
✔ sanitizeGitignoredArtifactsBeforeLaneCommit removes worktree-only coverage (476.221792ms)
✔ sanitizeGitignoredArtifactsBeforeLaneCommit skips when disabled (464.506167ms)
✔ commitLaneAndValidateWorktree succeeds when only extension/coverage is gitignored dirty (813.90975ms)
✔ commitLaneAndValidateWorktree succeeds when only node_modules is gitignored dirty (886.381ms)
✔ sanitizeGitignoredArtifactsBeforeLaneCommit does not clean index-tracked gitignored paths (577.528625ms)
✔ commitLaneWorktree still fails for index-tracked gitignored coverage (668.63625ms)
✔ classifyGitignoredPaths returns empty arrays for empty input (323.146833ms)
✔ classifyGitignoredPaths detects index-tracked gitignored paths (543.766584ms)
✔ classifyGitignoredPaths detects worktree-only gitignored paths (313.538792ms)
✔ classifyGitignoredPaths handles mixed index-tracked and worktree-only (556.352333ms)
✔ formatGitignoredRemediationMessage: worktree-only does not suggest git rm --cached (0.417167ms)
✔ formatGitignoredRemediationMessage: index-tracked suggests git rm --cached (0.089167ms)
✔ formatGitignoredRemediationMessage: mixed suggests both remediation paths (0.070959ms)
✔ commitLaneWorktree: worktree-only gitignored does not suggest git rm --cached (740.725625ms)
✔ commitLaneWorktree: index-tracked gitignored still suggests git rm --cached (581.28375ms)
✔ regression: SP-011 worktree-only coverage after npm test does not suggest git rm --cached (641.8395ms)
✔ isGitignoredArtifactPath matches graphify-out hook output (0.51775ms)
✔ listGitignoredArtifactRoots deduplicates nested graphify-out paths (0.472125ms)
✔ sanitizeGitignoredArtifactsBeforeLaneCommit removes worktree-only graphify-out (640.010041ms)
✔ commitLaneAndValidateWorktree succeeds when only graphify-out is gitignored dirty (804.055459ms)
✔ resolveHeartbeatKind marks launching as worker_alive only (0.911708ms)
✔ shouldEmitCheckpointWarning skips launching phase (0.134042ms)
✔ buildHeartbeatPayloadFields omits stale checkpoint signals during launching (0.085375ms)
✔ recordLaneHeartbeat journals kind and phase (121.413708ms)
✔ runWorker launching heartbeat does not journal stale STATUS mtime on fast-fail retry (5246.762459ms)
✔ resolveStallConfig applies lane overrides (0.189209ms)
✔ progressSignalsChanged detects STATUS mtime updates (281.224375ms)
✔ computeStallDeadline extends past hard timeout after progress (0.136709ms)
✔ stall false positive avoided when STATUS updates extend deadline (I-01) (0.121583ms)
✔ findLatestStepCompletedMs returns newest matching task.step_completed (0.161458ms)
✔ progressSignalsChanged detects journal task.step_completed (silent tools) (283.965292ms)
✔ activitySignalsChanged detects file-scope mtime updates (FR-WORK-10 / FR-STALL-02) (183.446375ms)
✔ startBatch records lane.heartbeat during stub worker delay (8755.331416ms)
✔ startBatch persists baseBranchHeadAtStart and journals batch.base_snapshot (8981.955583ms)
✔ isFastForwardCapableIntegrate detects orch ahead of main (#93) (753.322084ms)
✔ integrateOrchToBase fast-forwards when orch is strictly ahead (#93 batch 20260702T071449) (3783.767375ms)
✔ integrateOrchToBase fast-forwards with generatedAt-only rules-manifest drift on main (#93) (3417.547416ms)
✔ recordBatchBaseSnapshot stores head sha and journals batch.base_snapshot (312.570666ms)
✔ integrateOrchToBase succeeds with uncommitted edits on main (3014.472167ms)
✔ integrateOrchToBase conflict path leaves human checkout and files unchanged (2668.936042ms)
✔ integrateOrchToBase succeeds with uncommitted edits on feature branch (non-base) (3558.938459ms)
✔ integrateOrchToBase dry-run advertises isolated merge plan (801.796792ms)
✔ resolveRulesManifestIntegrateDrift restores main when worker manifest matches orch (#22) (1094.16125ms)
✔ integrateOrchToBase succeeds with worker manifest drift on main matching orch (#22) (3282.600333ms)
✔ resolveRulesManifestIntegrateDrift blocks unrelated dirty files on main (602.585042ms)
✔ resolveRulesManifestIntegrateDrift blocks substantive manifest drift not matching orch (459.507ms)
✔ resolveRulesManifestIntegrateDrift still clears generatedAt-only drift on main (907.520084ms)
✔ resolveRulesManifestIntegrateDrift clears generatedAt-only dirty manifest on main (787.417209ms)
✔ integrateOrchToBase succeeds with dirty generatedAt-only rules-manifest on main (3257.113917ms)
✔ inspectHumanBaseSync reports integrate_isolated_ok after plumbing integrate leaves HEAD behind (5030.658917ms)
✔ inspectHumanBaseSync reports human_base_diverged when human commits overlap orch paths (2518.172875ms)
✔ spine sync-base CLI merges landed main into feature branch (3107.324375ms)
✔ DEFAULT_SYNC_TIMEOUT_MS is 60 seconds (0.498667ms)
✔ syncPlumbingMergePathsToWorktree returns ok: true on successful sync (610.283875ms)
✔ syncPlumbingMergePathsToWorktree returns ok: false with timedOut on timeout (603.877333ms)
✔ integrateOrchToBase emits integrate.failed with IntegrateTimeout on sync timeout (2776.119458ms)
✔ successful integrate still emits integrate.completed (regression) (2966.161708ms)
✔ partial sync failure returns ok: false with correct failureClass from integrateOrchToBase (2305.012333ms)
✔ syncPlumbingMergePathsToWorktree succeeds when worktree has paths not in HEAD (907.231667ms)
✔ syncPlumbingMergePathsToWorktree restores paths that exist in merge commit (1340.565209ms)
✔ syncPlumbingMergePathsToWorktree skips diff paths absent from merge commit (964.690792ms)
✔ assertOrchIntegratable refuses empty orch when mergeResults claim success (542.62975ms)
✔ assertOrchIntegratable requires integrate when orch is ahead of base (850.870083ms)
✔ reconcileBatch reports needs_integrate when batch completed but orch not on main (1836.284708ms)
✔ completeBatch refuses when orch is ahead but not integrated (1419.10525ms)
✔ integrateOrchToBase merges orch into main and journals events (2484.464666ms)
✔ integrateOrchToBase dry-run does not change main HEAD (773.602667ms)
✔ completeBatch succeeds after integrate lands orch on main (3374.986666ms)
✔ integrateOrchToBase aborts merge on conflict and restores checkout (2409.471875ms)
✔ integrateOrchToBase fails when batch state is missing (0.251334ms)
✔ runSpineIntegrate CLI succeeds when orch tip already matches main (356.737291ms)
✔ PRD §20.2 planner yields wave0 {A,C} and wave1 {B} (715.102625ms)
✔ PRD §20.2 two-lane stub batch completes ABC waves (16277.407125ms)
✔ PRD §20.2 mixed-outcome blocks merge; retry resets wave B for resume (12783.699458ms)
✔ runStepReview with worker attach env does not journal when attach suppressed (20.345584ms)
✔ runSpineReviewStep with worker attach env does not journal when attach suppressed (15.186833ms)
✔ runSpineReportProgress with worker attach env does not journal when attach suppressed (5.1365ms)
✔ readJournalEventsCached returns same events as readJournalEvents (22.8345ms)
✔ readJournalEventsCached returns cached copy on second call without file change (12.279417ms)
✔ readJournalEventsCached invalidates when file mtime changes (15.615ms)
✔ readJournalEventsCached returns empty array for missing file (2.650708ms)
✔ clearJournalCache forces re-read on next call (20.456166ms)
✔ invalidateJournalCache with matching path clears cache (14.174167ms)
✔ invalidateJournalCache with non-matching path preserves cache (11.545542ms)
✔ readJournalEventsCached handles transition from missing to existing file (9.878375ms)
✔ readJournalEventsCached handles switch between different batch IDs (15.926542ms)
✔ runSpineJournal replay exits non-zero when journal missing (4.856292ms)
✔ runSpineJournal replay prints human table (16.989209ms)
✔ runSpineJournal replay --json returns events array (9.452041ms)
✔ exportJournalJsonl returns null when journal missing (3.281334ms)
✔ runSpineJournal export exits non-zero when journal missing (0.992541ms)
✔ runSpineJournal export writes jsonl to stdout (17.579167ms)
✔ runSpineJournal export --output writes file (12.3325ms)
✔ exportJournalMarkdown returns null when journal missing (3.635208ms)
✔ formatJournalMarkdownTimeline produces stable table shape (1.461541ms)
✔ formatJournalMarkdownTimeline escapes pipe characters in summary (0.114333ms)
✔ runSpineJournal export markdown exits non-zero when journal missing (1.285209ms)
✔ runSpineJournal export writes markdown to stdout (14.845042ms)
✔ runSpineJournal export markdown --output writes file (9.499167ms)
✔ detectBatchStateDrift flags running cache when reconcile sees doneInLane without journal terminal (0.742666ms)
✔ deriveStructuralBatchStateFromJournal rebuilds multi-lane skeleton without cache seed (2.846583ms)
✔ resume-parallel-lane-orphan fixture: journal-only rebuild marks resumed tasks running (1.288666ms)
✔ orphan-running-resume fixture: structural + lifecycle rebuild without seed (2.385458ms)
✔ pidless-ghost-running fixture: post-resume task.started wins over historical failure (0.889125ms)
✔ resume-orphan-historical-failure fixture: rebuild ignores pre-resume failure for active task (0.685708ms)
✔ retry-clears-failed-classification fixture: rebuild fixes stale failed cache (0.887792ms)
✔ retry-clears-failed-classification fixture: detectBatchStateDrift flags cache vs journal (0.869917ms)
✔ incident fixtures rebuild from disk matches in-memory journal rebuild (263.855709ms)
✔ readJournalTimeline filters task and batch lifecycle events (0.517541ms)
✔ rebuildBatchStateFromJournal applies task.completed over stale failed cache (0.852916ms)
✔ detectBatchStateDrift flags journal completed vs cache failed (0.259458ms)
✔ detectBatchStateDrift ignores incomplete journal when cache failed (0.11475ms)
✔ incident orphan-running fixture: journal timeline is readable (267.537ms)
✔ appendJournalEvent writes schema v1 with ISO timestamp and payload (18.282167ms)
✔ readLastTaskFailedEvent returns most recent task.failed (30.827375ms)
✔ redactSecrets masks sensitive keys (0.237291ms)
✔ capPayloadSize truncates oversized payloads (0.166834ms)
✔ normalizeJournalEvent upgrades legacy lines (0.103708ms)
✔ readJournalEvents reads mixed legacy and v1 lines (24.871583ms)
✔ extractJournalDiagnosisHints surfaces failure events from tail (0.404125ms)
✔ commitLaneWorktree commits dirty worktree when .DONE exists (729.133166ms)
✔ commitLaneWorktree fails loud when dirty without .DONE (295.955125ms)
✔ filterPorcelain drops lines matching ignore patterns by full path (0.267708ms)
✔ filterPorcelain drops lines matching ignore patterns by basename (0.085541ms)
✔ filterPorcelain keeps rename targets when only source matches ignore (0.078125ms)
✔ filterPorcelain returns empty for empty input (0.064ms)
✔ mergeLaneToOrch rejects empty merge when lane commits were required (574.260125ms)
✔ mergeLaneToOrch prefers orch for conflicts outside lane file scope (1144.895542ms)
✔ mergeLaneToOrch does not auto-resolve in-scope lane conflicts (1323.78075ms)
✔ dismiss archives batch-state before clearing active file (1128.834791ms)
✔ complete with --detect-manual-merge succeeds when orch merged to main (1440.473375ms)
✔ complete refused when mergeResults succeeded but orch not on main (4373.256667ms)
✔ dismiss refused when diagnosis is running without --force (951.987125ms)
✔ isPostMergeLimbo is true when tasks and merges succeeded with open orch branch (0.552458ms)
✔ isPostMergeLimbo rejects non-running or ended batches (0.096167ms)
✔ isPostMergeLimbo rejects empty or partial task/merge state (0.080709ms)
✔ isPostMergeLimbo respects git orch branch signals (0.656791ms)
✔ isPostMergeLimbo rejects null or non-object state (0.095833ms)
✔ resolveWorkerOutputConfig defaults live log streaming off (0.587459ms)
✔ workerLiveLogPath matches runtime layout (0.085792ms)
✔ truncateLiveLogBytes applies truncation marker when over cap (0.161042ms)
✔ appendWorkerLiveLogChunk redacts secrets and enforces byte cap (5.138458ms)
✔ createWorkerLiveLogWriter returns null when streaming disabled (0.232625ms)
✔ runWorker streams subprocess stub output to live log when enabled (5055.531916ms)
✔ runWorker skips live log when streamWorkerOutputLive is false (5071.7745ms)
✔ runWorker still writes terminal failure log when live streaming enabled (5079.588583ms)
✔ startAgentSessionWorker flushes transcript chunks to live log (564.691667ms)
✔ appendWorkerLiveLogChunk rolls file with truncation marker when over max bytes (1.963875ms)
✔ MACRO_PHASES exports all eleven lifecycle values (0.959667ms)
✔ deriveMacroPhase: idle when no batch signals (0.098583ms)
✔ deriveMacroPhase: planning from batch phase (0.115625ms)
✔ deriveMacroPhase: executing for active running batch (0.096375ms)
✔ deriveMacroPhase: merging phase and needs_merge diagnosis (0.079916ms)
✔ deriveMacroPhase: reviewing when review.started is open (0.116333ms)
✔ deriveMacroPhase: gating for pending gate or post-merge limbo (0.062833ms)
✔ deriveMacroPhase: integrating for needs_integrate and open integrate.started (0.092959ms)
✔ deriveMacroPhase: completed, failed, aborted, paused terminal phases (0.074ms)
✔ fixture running-batch.json reconciles to executing macro-phase (1178.971917ms)
✔ fixture taskplane-executing.json maps to executing (0.591208ms)
✔ fixture needs-retry-batch.json maps to failed macro-phase (1162.154292ms)
✔ fixture limbo-stale maps to completed macro-phase (1294.732584ms)
✔ all macro-phase enum values are reachable via deriveMacroPhase (0.225042ms)
✔ recordMergeBlocked sets terminal merge_blocked phase and clears enginePid (238.804708ms)
✔ reconcileBatch diagnoses merge_blocked as failed merge, not needs_merge (1053.986708ms)
✔ legacy merging phase with endedAt and failed mergeResults reconciles as failed (1146.300542ms)
✔ findResumableWave skips succeeded merged waves when later wave has pending tasks (0.577167ms)
✔ validateMultiTaskResume allows force resume from merge_blocked (747.114334ms)
✔ buildSuggestedCommand recommends resume --force for merge_blocked phase (0.293041ms)
✔ summarizeMergeFailures extracts failed wave and lane from mergeResults (0.615833ms)
✔ buildMergeFailureHeadline uses 1-based wave number and lane label (0.158208ms)
✔ buildHeadline for failed diagnosis surfaces merge conflict instead of zero failed tasks (0.223125ms)
✔ buildSuggestedCommand for merge failure suggests resume --force (0.133ms)
✔ buildDiagnosisOutput bundles merge failure headline and command (0.155458ms)
✔ reconcileBatch surfaces merge failure fields distinct from failedTasks (1195.5715ms)
✔ spine status --json includes merge failure fields for monitors (1369.083708ms)
✔ spine status --diagnose prints merge failure details in text output (1143.611792ms)
✔ filterGitignoredPaths separates ignored and stageable paths (320.443291ms)
✔ gitAddFilteredPaths skips gitignored paths without failing (395.447458ms)
✔ mergeLaneToOrch succeeds when task branch committed gitignored coverage (2003.716125ms)
✔ commitLaneWorktree refuses gitignored-only dirty paths (532.48175ms)
✔ commitLaneWorktree commits tracked files while skipping gitignored dirty paths (683.461667ms)
✔ inferMergeGitignoredFailure detects gitignored merge and lane commit failures (0.229667ms)
✔ buildSuggestedCommand returns git rm --cached repair for gitignored merge failures (0.187292ms)
✔ reconcileBatch surfaces gitignored merge repair command from journal (1017.609792ms)
✔ filterPorcelain remains unchanged for SP-104 ignore patterns (0.294292ms)
✔ mergeLaneToOrch auto-resolves additive docs/PRD.md after origin/main merge task (1806.52475ms)
✔ mergeLaneToOrch fails PRD merge with recovery commands when hunks overlap (1459.108125ms)
✔ formatPrdDocMergeFailure names file and wave recovery (0.2375ms)
✔ isActiveWorkerSession true when SPINE_WORKER_RUNNER is set (0.566417ms)
✔ isActiveWorkerSession false outside worker context (0.078458ms)
✔ runStepReview skips nested reviewer spawn when worker env is set (54.060709ms)
✔ runStepReview skips nested plan review spawn when worker env is set (30.258708ms)
✔ runStepReview stub path still works inside worker session (7.3725ms)
✔ runStepReview reaches pi availability check when worker env absent (5.509375ms)
✔ engine parent with leaked worker runner reaches reviewer spawn (3.717584ms)
✔ batch 20260619T020951 SP-306 plan step 0 journals review.skipped not review.failed (36.686167ms)
✔ detectNestedWorkerContext returns reason when SPINE_IS_WORKER=1 (0.581875ms)
✔ detectNestedWorkerContext returns reason when projectRoot is inside .worktrees/spine-* (0.115084ms)
✔ detectNestedWorkerContext returns null for normal projectRoot without worker env (0.116917ms)
✔ startBatch returns error when SPINE_IS_WORKER=1 (10.270375ms)
✔ startBatch returns error when projectRoot is inside .worktrees/spine-* (11.733375ms)
✔ startBatch succeeds normally (no env, normal CWD) — regression (8923.499167ms)
✔ buildWorkerChildEnv includes SPINE_IS_WORKER=1 (2.435ms)
✔ journalEventsSinceResume excludes pre-resume terminal events (1.263584ms)
✔ detectOrphanRunning: historical task.failed + post-resume silence + dead engine (0.563292ms)
✔ resume orphan with historical failure fixture is not diagnosed as running (1241.576917ms)
✔ terminal event within scoped window still suppresses engine orphan (0.652958ms)
✔ journalIndicatesStalledSession: post-resume start without terminal (0.654375ms)
✔ detectOrphanRunning: PID-less ghost running with post-resume journal stall (0.301042ms)
✔ pidless ghost fixture reconcile is engine_orphaned, not running (994.527167ms)
✔ terminal event within scoped window suppresses PID-less ghost signal (0.335ms)
✔ isProcessAlive returns false for absent pid (0.803083ms)
✔ resume parallel lane orphan fixture: multiple running on lane 1 (1.008209ms)
✔ resume parallel lane orphan fixture: reconcile is actionable after scoped orphan detect (1007.408917ms)
✔ searchATon orphan incident fixture: dead workerPid is not diagnosed as running (1057.974083ms)
✔ dead workerPid with running task is not diagnosed as running (1109.115708ms)
✔ dead enginePid mid-resume without terminal journal is engine_orphaned (1062.796917ms)
✔ running batch without recorded pids still reports running (1319.981334ms)
✔ detectOrphanRunning ignores dead engine when terminal journal exists (0.215708ms)
✔ recordBatchEnginePid persists under resilience and clears on terminal save (256.709209ms)
✔ confirmed pause records batch.paused only after engine persists phase (252.657542ms)
✔ unconfirmed pause does not leave orphan batch.paused journal entry (437.754167ms)
✔ pauseBatch succeeds immediately when no attached engine is alive (223.966084ms)
✔ pauseBatch fails loud when attached engine keeps phase running (421.732833ms)
✔ waitForPauseConfirmation returns true when phase stays paused (365.207167ms)
✔ retryTask succeeds when batch phase is paused (223.654625ms)
✔ retryTask rejects when batch phase is running (191.26075ms)
✔ resolveAttachedMilestonePollMs defaults to 2000ms when config omitted (0.539083ms)
✔ resolveSequencePollMs defaults to 5000ms when config omitted (0.086542ms)
✔ resolveDashboardPollMs defaults to 2000ms when config omitted (0.066209ms)
✔ resolveAttachedMilestonePollMs honors orchestrator.attachedMilestonePollMs override (0.060834ms)
✔ resolveSequencePollMs honors orchestrator.sequencePollMs override (0.064834ms)
✔ resolveDashboardPollMs honors orchestrator.dashboardPollMs override (0.055542ms)
✔ validateOrchestratorConfig rejects invalid poll values (0.130542ms)
✔ validateSpineConfig accepts orchestrator poll overrides (0.259333ms)
✔ waitForSequenceBatchTerminal uses 5000ms default poll interval (0.082416ms)
✔ batch 20260630T212050 orphan-after-merge fixture describes GitHub #59 incident (1.102042ms)
✔ batch 20260630T212050 journal fixture is limbo via resume detect but not bare state (595.238583ms)
✔ hydrateMergeResultsFromJournal enables state limbo detection for batch 20260630T212050 (281.461208ms)
✔ finalizeAttachedLandLoopBeforeExit opens gate for batch 20260630T212050 journal limbo (1974.934583ms)
✔ installAttachedExitFinalizeHandlers finalizes journal limbo on SIGTERM without manual resume (2412.649458ms)
✔ batch 20260629T021550 fixture is post-merge limbo without gate (269.788709ms)
✔ attemptPostMergeLandLoopHandoff finalizes batch 20260629T021550 limbo after SIGTERM (1528.879083ms)
✔ resumeBatchDetached --force finalizes post-merge limbo without spawning engine (1791.278333ms)
✔ resumeBatch attached path finalizes batch 20260629T021550 limbo immediately (1797.096583ms)
✔ resumeMultiTaskBatch still finalizes batch 20260629T021550 after orphan_terminated (1789.798917ms)
✔ finalizeResumePostMergeLimbo clears stale engine pid during post-merge limbo (1402.550541ms)
✔ isPostMergeLimbo detects running phase with successful merges (0.512333ms)
✔ deriveDiagnosis returns needs_integrate for post-merge limbo (0.409459ms)
✔ finalizeBatchForIntegrate opens gate from post-merge limbo without resume (1348.95175ms)
✔ resumeMultiTaskBatch opens gate from post-merge limbo without re-running tasks (1530.299083ms)
✔ mixed-outcome post-mortem lists failed IDs and retry hint, not smooth success (1083.723167ms)
✔ false-success reconciliation headline is overridden when failures exist (0.343875ms)
✔ listFailedTaskIds prefers classified terminal-failure tasks (0.52775ms)
✔ collectEvidenceBundle summary.md is honest post-mortem markdown (1144.949209ms)
✔ dismissBatch writes post-mortem path into batch history (1316.288208ms)
✔ writeBatchPostMortem persists markdown under runtime batch dir (1217.805459ms)
✔ spine status --verbose includes post-mortem section for active batch (1214.696042ms)
✔ resolveStallConfig defaults progressSnapshotIntervalMinutes to 2 (0.549208ms)
✔ resolveStallConfig applies progressSnapshotIntervalMinutes override (0.080708ms)
✔ buildProgressSnapshotPayload is bounded and omits dirty path lists (0.514917ms)
✔ progressSnapshotPayloadChanged detects field deltas (0.105292ms)
✔ shouldEmitProgressSnapshot respects interval (0.076833ms)
✔ recordLaneProgressSnapshot journals bounded payload (104.559708ms)
✔ runWorker emits lane.progress_snapshot on interval and dedupes unchanged signals (10090.03675ms)
✔ startBatch fails closed on invalid PROMPT before batch starts (380.76625ms)
fatal: malformed object name missing-base-branch
✔ inspectGitState records gitInspectionError when merged-branch scan fails (343.427417ms)
✔ deriveDiagnosis returns git_unavailable when git inspection failed (0.44825ms)
✔ reconcileBatch surfaces git_unavailable instead of limbo_stale on git failure (1014.458625ms)
fatal: malformed object name missing-base-branch
✔ reconcileBatch records count_commits_ahead git errors from real git refs (1556.531ms)
✔ idle-no-batch returns healthy idle state (220.507875ms)
✔ limbo_stale detected from incident fixture (1143.304833ms)
✔ completed_manual when orch branch merged to main (1496.08ms)
✔ needs_retry when a task failed (1319.831ms)
✔ running diagnosis for active batch (1095.092292ms)
✔ runReconciliationCheck matches reconcileBatch output shape (1105.224875ms)
✔ reconcileBatch includes journal hints when journal exists (871.835791ms)
✔ reconcileBatch exposes macroPhase for running batch (928.463917ms)
✔ reconcileBatch exposes macroPhase for limbo_stale (921.9965ms)
✔ failBatchFromEngineError writes batch.failed and clears enginePid (302.092167ms)
✔ reconcileGhostRunningTasks marks running tasks failed without worker (0.229125ms)
✔ resumeMultiTaskBatch fail-closed when post-commit gitPorcelain throws (6619.253542ms)
✔ resumeBatch opens integrate gate before batch.completed journal event (7534.884375ms)
✔ refreshLaneHeartbeatsOnResume aligns lane heartbeats to engineStartedAt (0.550041ms)
✔ taskAlreadyComplete returns false for failed task with stale .DONE on disk (0.534875ms)
✔ resumeBatch after failed retry runs contract verification before succeed (3169.033416ms)
✔ resumeBatch continues paused 2-task 2-lane batch with stub workers (8767.20675ms)
✔ resumeBatch multi path requires existing lane worktrees (291.7365ms)
✔ multi-task batch start → pause → resume completes both tasks (9466.540916ms)
✔ paused multi-task batch diagnose suggests multi-task resume (984.176625ms)
✔ multi-task startBatch completes two-lane stub batch (start path) (8012.159542ms)
✔ resumeBatch serializes four tasks on one lane (24140.257625ms)
✔ resumeBatch runs two lanes with two tasks each in parallel (14605.446333ms)
✔ validateMultiTaskResume accepts paused 2-task 2-lane batch (690.077375ms)
✔ validateMultiTaskResume rejects batch with zero tasks (296.957792ms)
✔ validateMultiTaskResume rejects missing worktree per lane (628.139ms)
✔ validateMultiTaskResume allows force resume when wave merge is pending (792.788458ms)
✔ validateResumeBatch delegates to multi validator for single-task batch (515.909292ms)
✔ resolveDetachedWaitTimeoutMs uses long default for wait-terminal orphan resume (0.509334ms)
✔ prepareOrphanResumeHandoff clears stale workerPid before orphan resume (204.129708ms)
✔ clearStaleLaneWorkerPids preserves live worker pid (397.071708ms)
✔ dual-dead lane+engine orphan reconciles as engine_orphaned with attached resume (1303.455875ms)
✔ attached resume --force completes stuck task after plan review orphan stall (8134.601542ms)
✔ detached resume with wait-terminal uses extended timeout constant (0.166083ms)
✔ taskTerminalSuccessInBatch requires succeeded status and journal task.completed (0.520833ms)
✔ resume --force after partial retry does not review.start succeeded task IDs (9125.10125ms)
✔ resume-validation leaf does not import reconcile.mjs (1.567375ms)
✔ isTaskResumable accepts pending, running, and resumable segments (0.122833ms)
✔ computePendingTasks filters to resumable tasks only (0.078292ms)
✔ findResumableWave skips succeeded merged waves when later wave has pending tasks (0.166792ms)
✔ detectPostMergeLimboFromResumeSignals uses state mergeResults without journal (0.156542ms)
✔ detectPostMergeLimboFromResumeSignals detects journal-only limbo when mergeResults empty (0.085291ms)
✔ detectPostMergeLimboFromResumeSignals rejects when gate already exists (0.071167ms)
✔ classifyTasksForOrphanDetect maps running status to running classification (0.466958ms)
✔ pauseBatch sets phase paused and journals batch.paused (293.658167ms)
✔ resumeBatch continues paused single-lane batch (7555.778ms)
✔ paused spine batch reconciliation suggests spine batch resume (910.011042ms)
✔ validateBatchState requires segments aligned with tasks (0.247084ms)
✔ retryTask clears stale failure metadata before re-run (259.910833ms)
✔ retry then task.completed updates counters and reconcile diagnosis (886.05575ms)
✔ retry-clears-failed-classification fixture reconciles after success state (965.492875ms)
✔ retryTask atomically resets task and segment records (177.928125ms)
✔ retryTask fixes segment drift (GAP-RETRY-01) (159.890666ms)
✔ resumeBatch refuses segment drift without retry (233.99675ms)
✔ skipTask marks task skipped and updates counters (151.929208ms)
✔ retryTask rejects when batch is running (163.056917ms)
✔ defaultSegmentId used in segment records (0.1615ms)
✔ detectOrphanedReviewStarted finds orphaned review.started with no matching review.completed (0.575708ms)
✔ detectOrphanedReviewStarted returns empty when review.completed exists (0.087125ms)
✔ detectOrphanedReviewStarted distinguishes code and final review types (0.069875ms)
✔ reconcileOrphanedReviewEvents synthesizes completion when APPROVE artifact on disk (20.402042ms)
✔ reconcileOrphanedReviewEvents does NOT synthesize when no artifact on disk (2.491959ms)
✔ reconcileOrphanedReviewEvents does NOT synthesize for REVISE verdict (2.682167ms)
✔ findCompletedCodeReview honors artifact at attempt > 0 (2.265875ms)
✔ normal review flow (no crash) still works correctly (0.146709ms)
✔ reconcileOrphanedReviewEvents handles final review with PASS verdict (13.083166ms)
✔ buildReviewerSystemPrompt includes project standards when rules manifest exists (19.639083ms)
✔ buildReviewerSystemPrompt emits reviewer.rules_selected journal event (12.292292ms)
✔ buildReviewRequest user prompt does not include injected standards block (0.242ms)
✔ runStepReview stub path does not emit reviewer.rules_selected (15.271584ms)
✔ isNoiseReviewScopePath matches runtime artifact paths (0.606625ms)
✔ filterReviewScopeNoise dedupes and drops noise (0.511584ms)
✔ resolvePlanReviewScopePaths returns PROMPT File Scope minus noise (1.611208ms)
✔ resolveReviewScopePaths plan uses task PROMPT file scope (1.231375ms)
✔ resolveReviewScopePaths final returns empty scope (0.089042ms)
✔ resolveCodeReviewScopePaths uses baseline..HEAD when baseline provided (278.979ms)
✔ resolveCodeReviewScopePaths falls back to git diff --name-only without baseline (233.177542ms)
✔ resolveReviewScopePaths code honors injectable git runner (0.233958ms)
✔ resolveCodeReviewScopePaths returns empty array when git fails (0.100417ms)
✔ parseReviewLevel reads PROMPT heading (0.63825ms)
✔ isReviewTypeRequired follows Taskplane rubric (0.118833ms)
✔ formatReviewTimestamp strips separators from ISO time (1.1185ms)
✔ buildReviewArtifactPath uses step-timestamp pattern (0.2ms)
✔ buildFinalReviewArtifactPath uses final-timestamp pattern (0.113458ms)
✔ normalizeVerdict maps enums by review type (0.167458ms)
✔ normalizeFinalVerdict and normalizeCodeVerdict are type-specific aliases (0.089333ms)
✔ parseReviewVerdict reads JSON and markdown verdicts (0.577542ms)
✔ parseReviewVerdict accepts PASS REVISE REPLAN when reviewType is final (0.111375ms)
✔ parseReviewVerdict step mode rejects final-only verdict enums (0.189541ms)
✔ parseFinalReviewVerdict accepts PASS, REVISE, and REPLAN (0.12625ms)
✔ parseFinalReviewVerdict omits heading summary unlike parseReviewVerdict (0.092958ms)
✔ shouldRunCodeReview requires review level 2 or higher (0.06675ms)
✔ shouldRunFinalReview skips when review level is 0 (0.067875ms)
✔ DEFAULT_REVIEW_SPAWN_TIMEOUT_MS is 90 minutes (0.494625ms)
✔ honorReviewSpawnFailureWhenEligible honors final review when contract passed (6.190875ms)
✔ honorReviewSpawnFailureWhenEligible skips when contract failed (1.639875ms)
✔ honorReviewSpawnFailureWhenEligible honors code review with .DONE (2.627291ms)
✔ buildReviewerPiArgs includes --model when config pins reviewer (3.70275ms)
✔ buildReviewerPiArgs omits --model when reviewer model is inherit (1.515625ms)
✔ buildReviewerPiArgs uses per-type model override for matching reviewType (1.425375ms)
✔ buildReviewerPiArgs falls back to top-level reviewer pin when per-type block missing (1.531375ms)
✔ buildReviewerPiArgs cascades per-type inherit to top-level reviewer pin (1.206416ms)
✔ spawnReviewerPi fails closed when pi unavailable via SPINE_REVIEW_TEST_NO_PI (1.284792ms)
✔ buildReviewerChildEnv strips SPINE_WORKER_RUNNER from reviewer child env (0.353208ms)
✔ shouldBlockNestedReviewerSpawn false when only worker runner leaked on engine (0.097959ms)
✔ spawnReviewerPi allows engine spawn when worker runner leaked without journal attach (1.516458ms)
✔ shouldBlockNestedReviewerSpawn true inside live worker child session (0.168041ms)
✔ parseReviewLevel reads PROMPT heading (0.791209ms)
✔ isReviewTypeRequired follows Taskplane rubric (0.118042ms)
✔ buildReviewArtifactPath uses step-timestamp pattern (1.024208ms)
✔ buildFinalReviewArtifactPath uses final-timestamp pattern (0.132667ms)
✔ parseReviewVerdict reads JSON and markdown verdicts (0.537042ms)
✔ parseReviewVerdict accepts PASS REVISE REPLAN when reviewType is final (0.157417ms)
✔ parseReviewVerdict step mode rejects final-only verdict enums (0.095917ms)
✔ parseReviewVerdict accepts PASS REVISE REPLAN for final review type (0.07525ms)
✔ resolveBatchJournalContext ignores SPINE_BATCH_ID without SPINE_JOURNAL_ATTACH (0.210375ms)
✔ isJournalAttachBlocked honors SPINE_SUPPRESS_JOURNAL_ATTACH (0.123333ms)
✔ resolveBatchJournalContext blocked when attach suppressed (0.099666ms)
✔ runStepReview ignores SPINE_REVIEW_STUB_FAIL without stub mode (7.2305ms)
✔ runStepReview stub APPROVE writes artifact and journal events (19.44675ms)
✔ runStepReview stub REVISE returns exitCode 2 (2.873042ms)
✔ runStepReview fail-closed on stub spawn failure (18.58875ms)
✔ runStepReview skips when review level does not require type (6.131833ms)
✔ runStepReview final stub PASS writes final artifact path (3.054291ms)
✔ runStepReview final spawn failure exits non-zero at review level >= 1 (2.112083ms)
✔ runSpineReviewStep CLI --type final emits JSON verdict (14.10575ms)
✔ runSpineReviewStep CLI emits JSON verdict (21.133875ms)
✔ assertReviewToolAvailable fails closed without pi at review level > 0 (1.576334ms)
✔ runWorker fails closed when review tool unavailable at level > 0 (14.897875ms)
✔ stub worker stops when enforced review spawn fails (70.482875ms)
✔ DEFAULT_REVIEW_SPAWN_TIMEOUT_MS remains 90 minutes (backstop unchanged) (0.478125ms)
✔ runStepReview honors on-disk APPROVE while pi hangs — seconds not stall timeout (256.773875ms)
✔ resolveReviewerModelPin returns per-type override when set (0.538917ms)
✔ resolveReviewerModelPin falls back to top-level when per-type block missing (0.09ms)
✔ resolveReviewerModelPin cascades per-type inherit to top-level pin (0.054875ms)
✔ resolveReviewerModelPin returns null for top-level inherit (0.069458ms)
✔ resolveReviewerModelPin returns null when reviewer block absent (0.067584ms)
✔ resolveReviewerThinkingPin returns per-type override when set (0.066167ms)
✔ resolveReviewerThinkingPin falls back to top-level when per-type block missing (0.053584ms)
✔ resolveReviewerThinkingPin cascades per-type inherit to top-level pin (0.047917ms)
✔ resolveReviewerThinkingPin returns null for off at any level (0.076958ms)
✔ resolveReviewerThinkingPin returns null when reviewer block absent (0.107875ms)
✔ resolveRulesManifestGeneratedAtMerge keeps newest generatedAt (0.633125ms)
✔ resolveRulesManifestGeneratedAtMerge fails when rules differ (0.09325ms)
✔ fingerprintRulesManifest ignores generatedAt (0.068666ms)
✔ mergeLaneToOrch clears generatedAt-only dirty rules-manifest before merge (1285.683292ms)
✔ mergeLaneToOrch auto-resolves generatedAt-only rules-manifest conflict (1183.595708ms)
✔ mergeLaneToOrch fails loud when rules[] differ (1286.233584ms)
✔ mergeLaneToOrch does not auto-resolve when other paths conflict (986.089625ms)
✔ tryAutoResolveRulesManifestMergeConflict resolves in-progress merge (728.224666ms)
✔ appendTaskMetric writes TaskMetricRecord JSONL line (5.377458ms)
✔ buildTaskMetricRecord includes laneNumber and durationMs when available (0.232042ms)
✔ buildTaskMetricRecord omits laneNumber when not a positive lane (0.116708ms)
✔ metrics.enabled false skips append without error (1.5395ms)
✔ resolveTaskMetricOutcome maps skipped_done_on_disk to skipped (0.1265ms)
✔ appendTaskMetric redacts secret-like fields and omits prompt text (1.621666ms)
✔ skipTaskDoneOnDisk records skipped task metric (12.21575ms)
✔ appendBatchMetric writes BatchMetricRecord JSONL line (1.664042ms)
✔ recordBatchTerminalMetric skips when metrics disabled (0.487375ms)
✔ dismissBatch appends batch metric line (717.199625ms)
✔ spine metrics show filters by batch and formats table output (1.8375ms)
✔ spine metrics show CLI filters by batch id (106.217875ms)
✔ resolveSalvageConfig defaults autoCommitOnStall to false (0.526916ms)
✔ validateSpineConfig rejects non-boolean autoCommitOnStall (0.749625ms)
✔ recordTaskFailureSalvage with autoCommitOnStall commits scoped paths on lane branch (653.415292ms)
✔ recordTaskFailureSalvage without autoCommitOnStall does not commit (357.820167ms)
✔ salvage commit refuses merge_in_progress and index_conflicts (527.138792ms)
✔ salvage commit refuses pre-commit hook failure (445.751667ms)
✔ atomic retry retains salvage WIP commit on lane branch (617.636ms)
✔ inspectLaneSalvage scopes porcelain to file scope and task folder (224.04475ms)
✔ recordTaskFailureSalvage journals inspection and writes evidence without committing (449.608875ms)
✔ writeSalvageEvidence writes pretty JSON atomically without temp files (172.305125ms)
✔ startBatch worker failure with dirty scoped file emits salvage and diagnose hint (7477.898583ms)
✔ parseSequenceArgs honors --auto-approve-gate and --force (0.482042ms)
✔ spine run sequence --auto-approve-gate dry-run succeeds under stub (432.308375ms)
✔ spine run sequence --auto-approve-gate refused for real pi without --force (400.346625ms)
✔ spine run sequence --auto-approve-gate --force dry-run succeeds for real pi (354.008208ms)
✔ validateSequenceAutoApproveGate allows stub mode without force (0.553917ms)
✔ validateSequenceAutoApproveGate blocks real pi without force (0.133916ms)
✔ validateSequenceAutoApproveGate allows real pi with force (0.066958ms)
✔ validateSequenceAutoApproveGate skips check when flag is false (0.067833ms)
✔ buildSequenceAutoApproveDoctorCheck warns for real pi (0.089208ms)
✔ buildSequenceAutoApproveDoctorCheck passes for stub mode (0.061917ms)
✔ runSequence refuses auto-approve on dry-run for real pi (1.704917ms)
✔ runSequence allows auto-approve dry-run with force on real pi (1.054458ms)
✔ readCurrentBatchLogTail returns null for missing file (0.515167ms)
✔ readCurrentBatchLogTail filters to last batch session header (0.522417ms)
✔ readCurrentBatchLogTail returns full content when no header exists (0.349875ms)
✔ readCurrentBatchLogTail respects lineCount limit (0.318833ms)
✔ waitForSequenceBatchTerminal returns settled when batch completes before timeout (971.542834ms)
✔ waitForSequenceBatchTerminal does not exit while engine PID is alive (2672.808417ms)
✔ waitForSequenceBatchTerminal returns failure diagnosis even with alive engine (853.67075ms)
✔ isMergeBlockedBatchOutcome detects mixed-outcome and merge_blocked phases (0.556083ms)
✔ evaluateWaveTaskDependencies filters runnable tasks by satisfied deps (0.564166ms)
✔ formatSequenceWaveSkipMessage names blocked dependencies per §17.4 (0.188125ms)
✔ resolveWaveAfterMergeBlocked continues wave 1 and skips wave 2 tasks (0.150166ms)
✔ planSequenceWaveTasks skips wave when no deps are satisfied (0.100792ms)
✔ 3-wave sequence continues wave 1 after wave 0 merge_blocked and skips wave 2 (18047.935792ms)
✔ isPiSessionMetadataPath matches .pi session roots and children (0.849833ms)
✔ checkGitClean ignores untracked .pi/ session metadata (253.382083ms)
✔ checkGitClean still fails when non-.pi paths are dirty (218.557375ms)
✔ runSequence with only .pi/ dirty passes preflight (15773.569667ms)
✔ runSequence surfaces preflight failure on stderr-equivalent output (6464.582917ms)
✔ resolveResumeFromWave continues after last completed wave (0.628833ms)
✔ sequence persists fromWave, completedWaves, and lastBatchId after wave 0 (11126.229792ms)
✔ resume after interrupted wave 0 integrate completes remaining waves (25486.270208ms)
✔ sequence halts on wave failure with --stop-on-failure and preserves completed waves (12406.288125ms)
✔ resolveWaveTaskIds and resolveSequenceWaves honor planner waves (1.05275ms)
✔ diagnosis helpers classify settled, waiting, and failure states (0.089208ms)
✔ dry-run prints operator-equivalent land loop commands per wave (0.216292ms)
✔ 2-wave stub sequence completes with auto-approve land loop (23371.406042ms)
✔ buildSequencePlan resolves pending scope for dry-run integration (267.89675ms)
✔ skipTask leaves phase paused when all tasks terminal without merge (1611.211666ms)
✔ skipTask clears failed segment drift for reconcile (1571.666542ms)
✔ resolveWorkerOutputConfig applies lane defaults and overrides (0.507958ms)
✔ captureWorkerOutputTail keeps last lines and marks byte truncation (0.251417ms)
✔ redactWorkerOutput applies built-in and config deny patterns (0.358417ms)
✔ runWorker stall_timeout captures stderr, persists log, journals stall_killed (5071.278ms)
✔ collectEvidenceBundle references persisted worker output logs (4.73075ms)
✔ successful worker skips log unless retainWorkerOutputOnSuccess (5032.069292ms)
✔ SAT-020 replay: checkpoint_warning → stall_killed → salvage_inspection → task.failed (61727.350709ms)
✔ regression: stub worker still requires .DONE for batch success (7193.378791ms)
✔ recordTaskTransition writes batch-state then journal in order (147.486209ms)
✔ saveSpineBatchState leaves prior JSON intact when atomic write fails (131.125709ms)
✔ saveGateRecord leaves prior JSON intact when atomic write fails (132.832458ms)
✔ validateBatchState accepts healthy schema v1 state (0.772666ms)
✔ validateBatchState rejects counter drift (0.1445ms)
✔ runSpineState validate passes on archived batch-state (7.486625ms)
✔ runSpineState validate fails loud on corrupt active state (3.057291ms)
✔ computeStatusProgress derives wave and task counts from batch raw (1.037292ms)
✔ computeStatusProgress returns null without batch raw (0.092459ms)
✔ formatStatusJson includes documented progress field names (0.175583ms)
✔ spine status --json includes task and wave progress for active batch (837.285125ms)
✔ spine status --json omits progress counts when no batch is active (133.557084ms)
✔ reconcileBatch exposes progress fields for spine watch consumers (887.37525ms)
✔ classifyTaskDoneSemantics distinguishes lane vs main .DONE (issue #35) (148.132875ms)
✔ spine status --diagnose --json exposes explicit done flags mid-batch (1008.556416ms)
✔ verifyStubFileScopeMustChange fails when contract paths are unchanged (302.02725ms)
✔ verifyStubFileScopeMustChange passes when contract path changed (297.739042ms)
✔ verifyStubFileScopeMustChange passes for comma-in-single-backtick fileScopeMustChange (SP-396) (335.879083ms)
✔ commitLaneWorktree rejects stub completion without fileScopeMustChange diffs (323.166834ms)
✔ commitLaneWorktree allows stub completion when fileScopeMustChange is satisfied (635.093541ms)
✔ stub contract helpers detect release-critical contracts and legacy markers (0.333916ms)
✔ shouldEnforceStubContractAtLaneCommit uses env or legacy .DONE marker (189.843333ms)
✔ stub cannot succeed merge/version task without file-scope changes (406.045208ms)
✔ checkStubReleaseCritical warns when stub mode has pending fileScopeMustChange tasks (220.173083ms)
✔ diagnosis surfaces exitReason stub for M/L legacy stub .DONE markers (0.979292ms)
✔ reconcileBatch surfaces exitReason stub for succeeded M/L tasks with legacy stub .DONE (1054.8885ms)
✔ applyStubDeliveryStatusBlock updates existing header lines (0.665083ms)
✔ applyStubDeliveryStatusBlock appends block when header lines are missing (0.096ms)
✔ writeStubDeliveryStatusIfNeeded updates STATUS for delivery-only contracts (2.305833ms)
✔ writeStubDeliveryStatusIfNeeded skips implementation scopes (1.287084ms)
✔ stub worker auto-writes STATUS for delivery-only fileScopeMustChange (78.280833ms)
✔ stub worker does not auto-write STATUS for implementation fileScopeMustChange (68.3455ms)
✔ stub worker STATUS delivery satisfies verifyStubFileScopeMustChange (381.985334ms)
✔ isSupervisorSpawnEnabled defaults to false (0.591417ms)
✔ resolveSupervisorPollIntervalMs uses default and honors config (0.099292ms)
✔ resolveSupervisorModel returns inherit by default (0.2795ms)
✔ shouldEmitSupervisorNudge covers actionable diagnoses (0.123167ms)
✔ buildSupervisorObservationPayload shapes reconcile fields (0.137333ms)
✔ buildSupervisorNudgePayload includes headline and suggestedCommand (0.523583ms)
✔ isSupervisorMonitorTerminal detects terminal phases and diagnoses (0.109708ms)
✔ spawnDetachedSupervisor does not spawn when disabled (237.900833ms)
✔ enabled:true journals supervisor.started and supervisor.stopped on terminal (1012.8175ms)
✔ enabled:false produces no supervisor journal events via maybeSpawnSupervisorOnDetachedStart (205.490542ms)
✔ killSupervisor journals supervisor.stopped and clears state (210.461958ms)
✔ spawnDetachedSupervisor spawns monitor child when enabled (298.210542ms)
✔ parseTaskSizeFromMarkdown reads Size line (1.2395ms)
✔ resolveTaskStallMinutes uses max of config and size floor (0.119833ms)
✔ resolveStallConfigForTask applies minutes to stallTimeoutMs (0.128166ms)
✔ journalTaskAwaitingFirstHeartbeat: true after task.started before lane.heartbeat (0.547208ms)
✔ journalTaskAwaitingFirstHeartbeat: false after matching lane.heartbeat (0.076625ms)
✔ detectOrphanRunning suppresses lane orphan during first-heartbeat debounce when engine alive (0.297292ms)
✔ detectOrphanRunning still reports lane orphan before heartbeat when engine is dead (0.122375ms)
✔ detectOrphanRunning still reports lane orphan after first heartbeat (0.10325ms)
✔ reconcileBatch: transient dead workerPid mid-start diagnoses running not worker_orphaned (1004.609458ms)
✔ reconcileOrphanRunningState does not fail running task during debounce window (243.072875ms)
✔ post-heartbeat dead pid still worker_orphaned with retry (1025.505291ms)
✔ hasPendingWaveMerge is true when an intermediate wave lacks mergeResults (0.653167ms)
✔ hasPendingWaveMerge is false when every terminal wave is recorded (0.463958ms)
✔ recordWaveMergeResult records forceMerged flag and updates existing wave row (0.130083ms)
✔ resolveWorkerBackend defaults to subprocess (0.613625ms)
✔ resolveWorkerBackend honors agentSession flag (0.075208ms)
✔ validateWorkerBackendConfig rejects invalid values (0.112ms)
✔ validateSpineConfig accepts optional workerBackend (0.265041ms)
✔ settings registry validates workerBackend enum case-sensitively (0.1705ms)
✔ buildAgentSessionWorkerPrompt includes PROMPT reference and review hint (1.94975ms)
✔ createStubAgentSession writes .DONE (3.043958ms)
✔ startAgentSessionWorker completes with injected mock session (510.956166ms)
✔ runWorker uses agentSession backend with mock factory (5027.070334ms)
✔ runWorker keeps subprocess default when workerBackend unset (5020.360625ms)
✔ WORKER_BACKENDS lists supported values (0.608ms)
✔ buildWorkerBackendDoctorCheck reports subprocess as production default (0.132208ms)
✔ buildWorkerBackendDoctorCheck warns or fails on opt-in agentSession (0.252958ms)
✔ buildWorkerBackendDoctorCheck falls back to subprocess for invalid config (0.04075ms)
✔ DIAGNOSIS_TAXONOMY includes worker_done_missing distinct from worker_orphaned and needs_retry (0.492417ms)
✔ outputIndicatesWorkerDoneMissing matches runner stderr message (0.109208ms)
✔ inferWorkerDoneMissingFailure reads task.failed payload from journal (0.17275ms)
✔ buildHeadline and buildSuggestedCommand for worker_done_missing cite worker log (0.337ms)
✔ reconcileBatch diagnoses worker_done_missing for issue #18 journal pattern (1008.679958ms)
✔ buildDiagnosisOutput bundles worker_done_missing headline and retry command (0.236458ms)
✔ resolvePiSpineRoot defaults to pi-spine package root (0.718125ms)
✔ resolvePiSpineRoot honors development.piSpineRoot override (3.693833ms)
✔ buildWorkerChildEnv sets PI_SPINE_ROOT for worker spawn (1.24975ms)
✔ validateWorkerLaunchScriptPath requires scripts/ prefix (3.108584ms)
✔ validateWorkerLaunchScriptPath rejects traversal (0.776875ms)
✔ validateWorkerLaunchScriptPath rejects symlink escape (2.27325ms)
✔ resolveSafeWorkerLaunchScript returns default when present (2.322958ms)
✔ validateSpineConfig rejects unsafe development.workerLaunchScript (0.57325ms)
✔ DEFAULT_WORKER_LAUNCH_SCRIPT matches conventional path (0.0865ms)
✔ runWorker classifies launch script fast-fail as launch_failed (5052.660333ms)
✔ appendWorkerAgentModelArgs adds --model when configured and not inherit (0.55675ms)
✔ appendWorkerAgentModelArgs omits --model for inherit and empty (0.095041ms)
✔ appendWorkerAgentModelArgs adds --thinking when set and not off (0.072875ms)
✔ buildWorkerPiArgs includes --model cursor/auto from spine-config (6.557459ms)
✔ buildWorkerPiArgs omits --model when agents.worker.model is inherit (2.4445ms)
✔ parseWorkerDoneMarker accepts legacy empty and text markers (1.51225ms)
✔ parseWorkerDoneMarker accepts structured JSON markers (0.146292ms)
✔ parseWorkerDoneMarker rejects partial JSON markers (0.080667ms)
✔ isWorkerDoneMarkerValid mirrors parseWorkerDoneMarker (0.075333ms)
✔ writeWorkerDoneMarker writes atomic structured JSON (6.396708ms)
✔ readWorkerDoneMarker reports absent marker (0.706875ms)
✔ persistWorkerOutputLog writes atomically without temp leftovers (4.57375ms)
✔ resolveWorkerPiTimeoutMs uses per-size stall floor (0.566458ms)
✔ resolveWorkerPiTimeoutMs honors SPINE_WORKER_PI_TIMEOUT_MS override (0.113208ms)
✔ buildWorkerChildEnv sets SPINE_WORKER_PI_TIMEOUT_MS from stall budget (0.452375ms)
✔ buildPiWorkerTimeoutDoctorCheck reports stall-aligned timeout for M floor (0.20475ms)
✔ runWorker terminates hung child after .DONE and returns ok: true (10049.834792ms)
✔ runWorker pre-.DONE stall_timeout still works (5087.887083ms)
✔ buildWorkerTailPrompt includes critical-rules for JS-scoped task (21.356209ms)
✔ buildWorkerContextAsync appends config.standards end-to-end (1.954166ms)
✔ buildWorkerContextAsync emits worker.rules_selected journal event (18.409333ms)
✔ buildWorkerContextAsync falls back to static context without .cursor/rules (1.858959ms)
✔ buildReviewLevelHint delegates code and final review to engine (0.617625ms)
✔ buildCommitBoundaryHint uses SP-064 feat(taskId) convention (0.107625ms)
✔ buildDoneCheckpointHint references done path and uncommitted failure (0.132625ms)
✔ buildWorkerTailPrompt includes tools hint and task id from folder (0.538167ms)
✔ buildWorkerTailPrompt appends worker agent and PROMPT when present (4.917041ms)
✔ shouldSlideStallAnchorOnHeartbeat only slides worker_alive in pi phase (0.481875ms)
✔ computeStallDeadline slides silent stall window when lastAliveAt advances (0.167666ms)
✔ nextStallAnchorAt advances only on pi worker_alive (0.075834ms)
✔ runWorker worker_alive heartbeats extend stall deadline past initial window (10110.172792ms)
✔ runWorker silent stall still fails without heartbeats (5080.205542ms)
✔ SP-190 wedge fixture describes hung-child-after-.DONE incident (0.861458ms)
✔ SP-190 wedge class: engine completes within post-done grace (SP-193) (10055.820167ms)
✔ completeBatch removes lane worktrees and journals batch.worktrees_cleaned (1174.13125ms)
✔ dismissBatch removes lane worktrees and journals batch.worktrees_cleaned (992.685709ms)
✔ completeBatch keeps worktree when cleanupWorktreesOnComplete is false (1073.325834ms)
✔ provisionLaneWorktree normalizes git metadata to relative posix paths (338.99625ms)
✔ repairLaneWorktreeGitMetadata fixes broken absolute gitdir pointers (326.332083ms)
✔ normalizeLaneWorktreeGitPaths is idempotent (274.297458ms)
✔ validateMultiTaskResume repairs unhealthy lane worktree git metadata (399.368709ms)
✔ validateWorktreeSetupHookPath accepts ./scripts/ prefix when file exists (3.883084ms)
✔ validateWorktreeSetupHookPath rejects ./scripts/../ traversal (0.63675ms)
✔ validateSpineConfig rejects unsafe worktreeSetupHook (0.48475ms)
✔ checkWorktreeSetupHook fails preflight for unsafe hook path (4.670125ms)
✔ runWorktreeSetupHook succeeds with JSON stdout (202.248834ms)
✔ runWorktreeSetupHook throws when hook returns ok false (179.714375ms)
✔ runWorktreeSetupHook throws on malformed JSON stdout (177.282542ms)
✔ runWorktreeSetupHook is no-op when hook not configured (1.029625ms)
✔ batch help helpers detect help invocations (0.494916ms)
✔ printBatchHelp returns usage text (0.125375ms)
✔ runSpineBatch exits 0 for help without starting a batch (206.177041ms)
✔ spine batch start --help does not create batch state (244.206875ms)
✔ isCliEntrypoint returns true when argv[1] is a symlink to the module (1.091208ms)
✔ isCliEntrypoint returns false for an unrelated script path (0.189209ms)
✔ isCliEntrypoint returns false when argv[1] is missing (0.21125ms)
✔ spine help via symlink produces stdout and exit 0 (98.600958ms)
✔ spine version via symlink produces stdout and exit 0 (611.233625ms)
✔ HANDOFF_DEFAULTS autoWriteOn includes session_start (0.802583ms)
✔ /spine auto-writes handoff on session_start when batch needs attention (1777.597333ms)
✔ /spine skips auto-write when autoWriteOn excludes session_start (950.017458ms)
✔ /spine skips auto-write for idle diagnosis even with session_start enabled (5645.652917ms)
✔ /spine merges default autoWriteOn when config omits handoff.autoWriteOn (2179.316292ms)
✔ formatIssueDraftMarkdown renders all issue checklist sections (0.777834ms)
✔ formatIssueDraftMarkdown applies redaction to section content (0.116917ms)
✔ buildIssueDraftBody returns title, body, and labels for idle repo (3961.78425ms)
✔ buildIssueDraftBody includes batch context and journal tail (10218.369708ms)
✔ buildIssueDraftBody maps issueType to GitHub labels (16007.146834ms)
✔ buildIssueDraftBody rejects invalid issueType (202.457125ms)
✔ buildIssueDraftBody redacts sk- token patterns in title and body (4156.178167ms)
✔ parseJournalFollowArgs reads batch, lane, and json flags (0.923459ms)
✔ resolveFollowBatchId uses reconcile then batch-state (644.650208ms)
✔ formatJournalFollowLine uses summarizeJournalEvent (1.27225ms)
✔ formatJournalFollowOutputLine filters by lane and supports json passthrough (0.192209ms)
✔ readJournalFollowSnapshot prints header once in human mode (13.720958ms)
✔ runJournalFollow exits non-zero when journal missing (0.554333ms)
✔ runJournalFollow exits non-zero when no batch can be resolved (0.50025ms)
✔ runJournalFollow prints existing events without following (13.144ms)
✔ runJournalFollow defaults batch from batch-state (674.007375ms)
✔ spine journal follow exits non-zero when journal missing (96.125375ms)
✔ parseLaneNumber accepts positive integers (0.664167ms)
✔ parseLaneLogsArgs reads lane, task, batch, and follow flags (0.494667ms)
✔ extractTaskIdFromLogFilename parses worker log names (0.087625ms)
✔ resolveLaneLogPath prefers live log when present (6.219167ms)
✔ resolveLaneLogPath falls back to worker-output log (2.889625ms)
✔ findMostRecentLogTaskId picks newest log in lane directory (2.379708ms)
✔ resolveLaneLogTaskId uses explicit task id (0.523625ms)
✔ resolveLaneLogTaskId infers running task from batch state (1.448458ms)
✔ runLaneLogs exits non-zero when lane is missing (0.5815ms)
✔ runLaneLogs exits non-zero when no batch can be resolved (0.801083ms)
✔ runLaneLogs prints existing log without following (679.362916ms)
✔ runLaneLogs prefers live log content (671.595709ms)
✔ spine lane logs exits non-zero when log file missing (846.412625ms)
✔ isExitVerificationTask detects exit verification headings (0.750541ms)
✔ shouldRunContractVerifyForWorker skips stub for normal tasks (0.985292ms)
✔ shouldRunContractVerifyForWorker runs stub contract for exit tasks (0.527708ms)
✔ runPhase23ExitVerify --skip-test passes structural checks in repo (17.41ms)
✔ spine verify phase23-exit CLI is wired (5.728084ms)
✔ runScenariosList prints empty registry message (1.361083ms)
✔ runScenariosList returns sorted scenarios as JSON (9.81125ms)
✔ runScenariosShow returns scenario details (1.663ms)
✔ runScenariosShow rejects unknown scenario (1.065125ms)
✔ loadScenarioFixture reads incident fixture from registry entry (1.684584ms)
✔ loadScenarioFixture rejects recipe kind (0.29025ms)
✔ materializeFixtureToProject writes batch-state and journal tail (164.126167ms)
✔ assertMaterializeAllowed blocks when batch-state exists (144.722667ms)
✔ runScenariosMaterialize blocks active batch without --force (156.913167ms)
✔ runScenariosMaterialize writes fixture with --force (163.54925ms)
✔ runScenariosMaterialize rejects recipe scenarios (1.075875ms)
✔ spine scenarios CLI routes list and materialize (379.865333ms)
✔ parseSequenceArgs defaults scope to pending and stopOnFailure to true (0.560542ms)
✔ parseSequenceArgs honors wave and attached flags (0.092667ms)
✔ formatSequenceResult emits JSON when requested (0.456125ms)
✔ spine run sequence pending --dry-run prints per-wave land loop commands (371.125667ms)
✔ spine run sequence pending --dry-run --json returns structured payload (421.197208ms)
✔ spine run sequence pending --from-wave 1 limits dry-run to later waves (367.243708ms)
✔ runSpineSequence rejects invalid through-wave with non-zero exit (228.850584ms)
✔ spine run pending still aliases batch start (311.016375ms)
✔ buildSuggestedCommand for state_drift uses retry with task id (0.565584ms)
✔ buildSuggestedCommand for state_drift while running suggests pause then retry (0.076125ms)
✔ buildSuggestedCommand for state_drift without task id falls back to diagnose (0.066875ms)
✔ assembleHandoffData returns idle shape when no active batch (185.97975ms)
✔ assembleHandoffData includes reconciliation fields for active batch (1100.1125ms)
✔ assembleHandoffData redacts secret-like payload fields in journal tail (1059.5065ms)
✔ paused batch handoff lists pending tasks and spine batch resume (1146.517333ms)
✔ renderHandoffMarkdown matches golden snapshot structure (1149.948ms)
✔ redactHandoffText removes KEY TOKEN and SECRET value patterns (0.216167ms)
✔ recordHandoffWritten appends handoff.written journal event (208.685417ms)
✔ handleNext appends handoff path hint when handoff file exists (1086.510542ms)
✔ runSpineHandoff --json writes handoff file and returns structured output (1107.674834ms)
✔ runInit copies rules profile, discovers manifest, standards default [] (20.282208ms)
✔ runInit dry-run plans rules files without writing (5.200042ms)
✔ rules-manifest.json is not listed in .gitignore (0.254167ms)
✔ parseIssueDraftArgs applies defaults and flags (0.655875ms)
✔ buildIssueDraftBody works in idle repo without batch context (4700.583459ms)
✔ runSpineIssueDraft writes draft file and prints human output by default (4712.614291ms)
✔ runSpineIssueDraft --json returns structured payload without writing file (4952.570958ms)
✔ runSpineIssueDraft --create fails clearly when gh is missing (244.895584ms)
✔ runSpineIssue rejects unknown subcommands (316.039625ms)
✔ spine issue draft routes through spine.mjs help and dispatch (6712.984917ms)
✔ buildIssueDraftBody redacts secret-like values (4776.946584ms)
✔ get-version helpers use spawnSync without shell (9.796167ms)
✔ spine help and version route through thin CLI entry (855.04525ms)
✔ spine rejects unknown commands (115.988583ms)
✔ router dispatches plan, status, batch, gate, and integrate (865.360667ms)
✔ spine rules --help lists subcommands (113.087208ms)
✔ runSpineRules discover writes manifest in initialized project (211.413167ms)
✔ runSpineRules select rejects invalid PROMPT before manifest check (183.467583ms)
✔ runSpineRules select uses validated file scope (170.454667ms)
✔ runSpineRules select requires manifest (195.2065ms)
✔ spine rules sync via CLI exits zero in pi-spine repo (132.871667ms)
✔ parseRulesArgv defaults role to worker (0.11075ms)
✔ parseRulesArgv requires review-type for reviewer role (0.29525ms)
✔ runSpineRules select worker default unchanged (200.22525ms)
✔ runSpineRules select reviewer plan uses PROMPT file scope (199.322209ms)
✔ runSpineRules select reviewer final returns empty scope (215.383583ms)
✔ runSpineRules select reviewer code honors baseline (464.220917ms)
✔ parseUntilDiagnoses accepts land-loop pseudo diagnoses (0.831791ms)
✔ parseUntilDiagnoses still rejects unknown diagnoses (0.215167ms)
✔ deriveWaitPseudoDiagnoses detects gate_open from integrate gate approve suggestion (0.089ms)
✔ deriveWaitPseudoDiagnoses detects post_merge_limbo before gate opens (0.066333ms)
✔ reconciliationMatchesUntil matches gate_open pseudo diagnosis (0.09775ms)
✔ reconciliationMatchesUntil matches taxonomy diagnosis unchanged (0.0545ms)
✔ sanitizeRetrySuggestedCommand replaces bare retry --force with task id (0.079125ms)
✔ sanitizeRetrySuggestedCommand falls back to diagnose without task id (0.079958ms)
✔ buildSuggestedCommand for state_drift never suggests bare retry --force (0.203541ms)
✔ buildSuggestedCommand sanitizes stale salvage retry --force payloads (0.136042ms)
✔ spine status prints macro phase for idle repo (221.231041ms)
✔ spine status prints macro phase for active batch (1201.792042ms)
✔ spine status --diagnose verbose signals include macroPhase (1052.384375ms)
✔ spine status --json includes macroPhase fields (1056.098333ms)
✔ parseDurationMs accepts plain seconds and suffix forms (0.855666ms)
✔ parseDurationMs rejects invalid values (0.2895ms)
✔ parseUntilDiagnoses parses comma-separated diagnoses (0.487583ms)
✔ parseUntilDiagnoses rejects unknown diagnoses (0.10225ms)
✔ parseUntilDiagnoses accepts gate_open pseudo diagnosis (0.073667ms)
✔ parseWaitArgs requires --until and applies defaults (0.110042ms)
✔ parseWaitArgs accepts timeout interval and json (0.113542ms)
✔ parseWaitArgs rejects unknown flags (0.091083ms)
✔ diagnosisMatchesUntil matches only non-null diagnoses in set (0.091666ms)
✔ runSpineWait exits 0 when gate_open pseudo diagnosis matches (0.332709ms)
✔ reconciliationMatchesUntil matches gate_open without taxonomy diagnosis (0.079416ms)
✔ runSpineWait exits 0 when diagnosis matches (0.215542ms)
✔ runSpineWait exits 1 on timeout and emits final json snapshot (0.146208ms)
✔ runSpineWait polls until diagnosis changes (0.149875ms)
✔ spine wait --json exits 0 when diagnosis matches fixture (1271.763958ms)
✔ spine wait times out with exit 1 (3176.27475ms)
✔ spine wait rejects missing --until (121.851125ms)
✔ spine help lists wait command (138.612834ms)
✔ parseWatchArgs defaults (0.648ms)
✔ parseWatchArgs accepts interval json and once (0.073667ms)
✔ parseWatchArgs rejects invalid interval (0.226833ms)
✔ parseWatchArgs rejects unknown flags (0.068333ms)
✔ formatWatchHumanLine renders compact reconcile summary (0.082542ms)
✔ formatWatchHumanLine uses idle placeholders when batch absent (0.125708ms)
✔ buildWatchSnapshot includes core fields and progress block when present (0.470459ms)
✔ buildWatchSnapshot prefers explicit progress object (0.090667ms)
✔ runSpineWatch --once human mode prints one line (0.241541ms)
✔ runSpineWatch --once json mode prints NDJSON snapshot (0.189875ms)
✔ runSpineWatch polls until once breaks loop without extra reconcile calls (0.111292ms)
✔ spine watch --once integrates with reconcileBatch in idle repo (325.206375ms)
✔ spine watch --json --once emits reconcile snapshot for active batch (1151.714041ms)
✔ spine watch rejects invalid interval (107.451083ms)
✔ spine help lists watch command (109.209209ms)
✔ DIAGNOSIS_TAXONOMY includes needs_replan (0.507791ms)
✔ needs_replan diagnosis messaging matches handoff §9.1 shape (0.7075ms)
✔ buildDiagnosisOutput bundles needs_replan operator fields (0.14275ms)
✔ deriveDiagnosis prefers needs_replan over needs_retry for replan failures (0.302375ms)
✔ needs_replan blocks needs_merge diagnosis when replan task remains (0.08225ms)
✔ reconcileBatch surfaces needs_replan with edit-PROMPT suggestion (1074.792958ms)
✔ I-01 progress signals extend stall deadline past hard timeout (0.589791ms)
✔ I-02 spine batch retry resets task and segment with pendingSegments > 0 (252.92625ms)
✔ I-03 spine state validate rejects corrupt batch-state (2.007292ms)
✔ I-04 spine batch abort archives batch-state before clearing active file (193.162167ms)
✔ I-05 wave merge blocked on failed/pending tasks; force-merge override exists (185.971791ms)
✔ I-06 retry refused while batch phase is executing or merging (185.235833ms)
✔ I-07 stall logic uses STATUS, lane commit, and file-scope mtime signals (216.417125ms)
✔ I-08 post-mortem does not claim success when failures exist (1226.048583ms)
✔ I-09 CONTEXT documents serial bootstrap and preflight execution policy (0.583458ms)
✔ I-10 runStepReview fail-closed when review tool unavailable at level > 0 (2.97575ms)
✔ CONFIG_V2_SECTION_DEFAULTS match handoff §6.2 (0.836625ms)
✔ applyConfigDefaults merges missing v2 sections without overwriting existing keys (0.255291ms)
✔ loadSpineConfig merges defaults for legacy config missing v2 keys (4.728375ms)
✔ init scaffold includes v2 config sections from template (3.053792ms)
✔ CONTRACT_DEFAULTS match handoff §3.1 (0.864875ms)
✔ applyConfigDefaults merges contract section (0.244125ms)
✔ validateContractConfig rejects invalid mode (0.146666ms)
✔ validateContractConfig rejects non-array legacyTaskIdPrefixes (0.06225ms)
✔ validateSpineConfig accepts valid contract block (0.223166ms)
✔ validateSpineConfig rejects invalid contract.mode via validateSpineConfig (0.065625ms)
✔ discoverCursorRules returns empty manifest when rules root is missing (4.140416ms)
✔ discoverCursorRules excludes brutal-audit rules via profile patterns (14.190792ms)
✔ discoverCursorRules records parse warn entries in manifest rules (2.83825ms)
✔ discoverCursorRules manifest round-trip via atomic write (4.889083ms)
✔ classifyCursorRuleSpineClass prefers always over globs (0.197416ms)
✔ getCursorRuleExclusionReason matches excludeRelPaths exactly (0.184541ms)
✔ expandFileScopeProbes returns empty for empty scope (0.789333ms)
✔ expandFileScopeProbes adds synthetic probes for dir/* and dir/** (0.168ms)
✔ expandFileScopeProbes keeps literal file paths (0.263292ms)
✔ expandFileScopeProbes expands in-path wildcards (0.083416ms)
✔ ruleGlobsMatchFileScope is false for empty file scope (0.123584ms)
✔ ruleGlobsMatchFileScope matches **/* when file scope is non-empty (0.100834ms)
✔ ruleGlobsMatchFileScope matches JS globs against mjs scope (0.587041ms)
✔ ruleGlobsMatchFileScope matches scope glob entries against rule globs (0.86375ms)
✔ parseCursorRuleFrontmatter returns skip when frontmatter missing (1.565708ms)
✔ parseCursorRuleFrontmatter parses array globs fixture (0.84725ms)
✔ parseCursorRuleFrontmatter splits comma-separated globs (0.274041ms)
✔ parseCursorRuleFrontmatter treats empty globs array as no patterns (0.255708ms)
✔ parseCursorRuleFrontmatter defaults missing globs key to empty array (0.245083ms)
✔ parseCursorRuleFrontmatter coerces alwaysApply booleans (0.238709ms)
✔ parseCursorRuleFrontmatter matches repo comma-separated task authoring layout (0.145542ms)
✔ parseCursorRuleFrontmatter matches general-llm alwaysApply true layout (0.082958ms)
✔ parseCursorRuleFrontmatter matches audit-workflow empty globs layout (0.096125ms)
✔ parseCursorRuleFrontmatter warns on invalid alwaysApply and bad globs (0.194125ms)
✔ DEFAULT_RULES_PROFILE seeds worker include and discovery excludes (0.831ms)
✔ loadRulesProfile returns built-in defaults when file missing (5.298833ms)
✔ mergeRulesProfile applies neverInclude over alwaysInclude (0.203041ms)
✔ mergeRulesProfile applies reviewer defaults when file omits reviewer (0.079375ms)
✔ mergeRulesProfile applies reviewer neverInclude over alwaysInclude (0.12175ms)
✔ loadRulesProfile rejects invalid JSON with RULES_PROFILE_INVALID (2.386375ms)
✔ validateRulesProfile rejects unsupported profileVersion (0.132084ms)
✔ loadRulesProfile merges partial file overrides (2.495292ms)
✔ validateRulesProfile rejects schema and path traversal errors (0.375333ms)
✔ loadRulesProfile rejects validated file errors (1.856834ms)
✔ selectRulesForReviewer returns empty when reviewer.enabled is false (2.148ms)
✔ selectRulesForReviewer never selects taskplane-worker-cursor.mdc (0.3645ms)
✔ selectRulesForReviewer selects glob rules when scopePaths match (0.613417ms)
✔ selectRulesForReviewer appends standards without duplicates (0.237708ms)
✔ selectRulesForReviewer respects neverLoad (0.125ms)
✔ selectRulesForReviewer uses profile.reviewer.maxRules cap (8.500792ms)
✔ context path helpers round-trip under .cursor/rules (0.549709ms)
✔ selectRulesForWorker includes alwaysInclude and always-class rules (1.433333ms)
✔ selectRulesForWorker selects JS globs and excludes Swift for JS-only scope (14.476042ms)
✔ selectRulesForWorker matches OWASP for bin/*.mjs scope via scope glob (0.220583ms)
✔ selectRulesForWorker appends standards without duplicates (0.199042ms)
✔ selectRulesForWorker respects neverLoad and neverInclude (0.125375ms)
✔ selectRulesForWorker exports journal-friendly entries shape (0.097375ms)
✔ normalizeTasksRootFromEnv accepts relative and rejects parent traversal (0.659458ms)
✔ applyEnvOverrides: SPINE_MAX_LANES overrides file value (0.29675ms)
✔ applyEnvOverrides: SPINE_TASKS_ROOT overrides paths.tasksRoot (0.137792ms)
✔ applyEnvOverrides rejects invalid SPINE_MAX_LANES (0.140875ms)
✔ loadSpineConfig applies env overrides after file load (201.215875ms)
✔ SPINE_TASKS_ROOT env discovers tasks under alternate root in plan (185.841417ms)
✔ spine settings show reports env source for overridden lanes.maxParallel (423.160041ms)
✔ runDoctorChecks lists effective config with env source (4978.285041ms)
✔ DEFAULT_REVIEWER_CONTEXT_BYTE_CAP is 16KiB (0.492875ms)
✔ buildReviewerContext skips when .cursor/rules is missing (2.853208ms)
✔ buildReviewerContext does not inject referenceDocs (6.286833ms)
✔ buildReviewerContext truncates at byte cap (11.33175ms)
✔ buildReviewerContext emits reviewer.rules_selected journal event (14.589917ms)
✔ buildReviewerContext degrades gracefully on invalid rules profile (9.640459ms)
✔ buildReviewerContext selects rules for scoped plan review (3.2325ms)
✔ emitReviewerRulesSelected is no-op without journal context (0.128292ms)
✔ SETTINGS_FIELDS lists editable paths including reviewer per-type pins (0.980792ms)
✔ listEditableFields returns shallow copies (0.25625ms)
✔ parseSettingPath rejects unknown path (0.15125ms)
✔ parseSettingPath accepts registered path (0.063875ms)
✔ lanes.maxParallel accepts valid integer and coerces string (0.1305ms)
✔ lanes.maxParallel rejects below min and above max (0.080291ms)
✔ gates.requireBeforeIntegrate accepts booleans and CLI strings (0.143375ms)
✔ agents.worker.model accepts inherit and optional empty (0.088791ms)
✔ agents.worker.thinking accepts enum values case-insensitively (0.122792ms)
✔ agents.reviewer.model accepts inherit and optional empty (0.107375ms)
✔ agents.reviewer.thinking accepts inherit and enum values (0.07025ms)
✔ agents.reviewer.plan.model accepts per-type override values (0.054666ms)
✔ agents.reviewer.code.thinking accepts per-type inherit (0.04575ms)
✔ dashboard.port accepts valid port range (0.062083ms)
✔ lanes.workerBackend accepts registered enum values (0.098125ms)
✔ validateSettingValue rejects unknown path (0.169166ms)
✔ src/cli and src/migrate do not import from bin/ (27.424ms)
✔ src/** has no bin/ imports (26.597542ms)
✔ spine-config template defaults mirror package.json script patterns (0.825917ms)
✔ init applies testing defaults including coverage command (5.09275ms)
✔ dogfood spine-config has non-empty testing fields (0.37775ms)
✔ buildTestingEvidenceDoctorChecks warns on empty build when collectBuildEvidence (0.129041ms)
✔ buildTestingEvidenceDoctorChecks warns on empty test when collectTestEvidence (0.0885ms)
✔ buildTestingEvidenceDoctorChecks passes when commands configured (0.4465ms)
✔ buildTestingEvidenceDoctorChecks treats collectTestEvidence default as enabled (0.063917ms)
✔ SPINE_GITIGNORE_ENTRIES includes run-metrics.jsonl (0.449125ms)
✔ ensureGitignoreEntries adds run-metrics path on fresh init (3.319917ms)
✔ isMergeOriginMainTask detects merge-origin-main packet shapes (0.668375ms)
✔ checkOrchMergeConflictWarn passes without pending merge-origin-main tasks (965.112166ms)
✔ checkOrchMergeConflictWarn warns on PRD + manifest divergence with merge-origin-main pending (848.936916ms)
✔ runBatchPreflight and plan check surface orch merge conflict warning (2396.890208ms)
✔ checkPrelandedFileScopeWarn passes when no stale pending tasks (573.09025ms)
✔ checkPrelandedFileScopeWarn warns for prelanded fileScopeMustChange (626.065583ms)
✔ listPrelandedFileScopeStaleTasks reports multiple stale pending tasks (564.006917ms)
✔ runBatchPreflight and plan check surface prelanded file-scope warning (1842.016ms)
✔ checkGitClean passes when only metrics file has append-only drift (467.742833ms)
✔ checkGitClean fails when metrics file content is truncated (369.684875ms)
✔ checkGitClean passes when metrics file is gitignored and not tracked (273.415291ms)
✔ runDoctorChecks warns when metrics file is git-tracked (4962.546ms)
✔ tsconfig.batch.json scopes checkJs hot paths (2.157041ms)
✔ npm run typecheck validates extensions and batch hot paths (4280.31025ms)
✔ normalizeContextPathList rejects non-arrays (0.927125ms)
✔ buildWorkerContext honors neverLoad and byte cap (5.331042ms)
✔ buildWorkerTailPrompt injects configured standards (2.597875ms)
✔ buildWorkerContextAsync uses auto selection when cursor rules exist (16.524375ms)
✔ spine init defaults standards to [] for auto-discovery (SP-093) (16.779333ms)
✔ validateSpineConfig rejects invalid referenceDocs (0.237167ms)
✔ loadContextDocEntries stops at byte cap (8.701375ms)
✔ DEFAULT_WORKER_CONTEXT_BYTE_CAP is 32KiB (0.447625ms)
✔ validateWorkerLaunchScriptPath accepts ./scripts/ prefix when file exists (4.969541ms)
✔ validateWorkerLaunchScriptPath rejects ./scripts/../ traversal (0.810917ms)
✔ COVERAGE_THRESHOLD is 77 (0.560458ms)
✔ COVERAGE_INCLUDES scopes src, bin, and extensions (0.514291ms)
✔ FILE_COVERAGE_THRESHOLDS enforces slash-commands.ts floor (0.072917ms)
✔ TEST_GLOBS has bidirectional parity with package.json test script (0.355375ms)
✔ parseAggregateLineCoverage reads all files line percent (0.216834ms)
✔ parseAggregateLineCoverage returns null when summary missing (0.172875ms)
✔ parseAggregateLineCoverage reads coverage:check summary line (0.082167ms)
✔ parsePerFileLineCoverage reads per-file rows (0.343834ms)
✔ findFileCoverageFailures reports missing and below-threshold files (0.526083ms)
✔ formatDashboardStartupMessage includes URL, port, and operator hints (0.640917ms)
✔ formatDashboardStartupMessage notes --port source (0.086875ms)
✔ resolveDashboardPortWithSource prefers CLI over config (363.588625ms)

pi-spine dashboard

  Open in browser: http://127.0.0.1:53755/
  Listen:          127.0.0.1:0 (--port)

  While running:   keep this terminal open; dashboard updates via SSE (~2s)

  In another terminal:
    spine status
    spine batch start <task-id>

  → Open http://127.0.0.1:53755/ in your browser

  API:  http://127.0.0.1:53755/api/snapshot
        http://127.0.0.1:53755/api/events

  Stop: Ctrl+C

✔ runSpineDashboard writes startup to stdout before shutdown (538.015375ms)
✔ spine dashboard CLI prints URL before process exits (3203.912584ms)
✔ emptyLaneThroughputStats returns zeroed task-based fields (1.660167ms)
✔ computeThroughputTasksPerHour is task-based and guards zero elapsed (0.113958ms)
✔ deriveLaneThroughputStats counts completed and failed journal events per lane (1.514709ms)
✔ deriveLaneThroughputStats includes open running task elapsed through now (0.101417ms)
✔ deriveLaneThroughputStats prefers run-metrics duration when present (0.114291ms)
✔ deriveLaneThroughputStats falls back to journal when metrics missing (0.092875ms)
✔ deriveLaneThroughputStats maps tasks by laneNumber when lane metadata is sparse (0.097917ms)
✔ deriveLanesThroughput returns isolated stats per lane (0.153625ms)
✔ summarizeLaneThroughput aggregates counts and recomputes rate from totals (0.143375ms)
✔ NFR-OBS-02: dashboard SSE poll interval defaults to 2s (0.67475ms)
✔ parity: idle — no batch (359.718084ms)
✔ parity: running batch (2059.61625ms)
✔ parity: needs_retry (2089.540541ms)
✔ parity: limbo_stale (2287.050125ms)
✔ parity: completed_manual after manual merge (2965.89425ms)
✔ parity: needs_integrate (3164.801416ms)
✔ parity: completed after integrate (2224.882584ms)
✔ parity: failed phase still reconciles consistently (1978.341166ms)
✔ assertLoopbackHost throws for 0.0.0.0 (0.689042ms)
✔ formatSseDataFrame valid data: line (0.21475ms)
✔ dashboard server serves browser view-model dependency graph (445.601625ms)
✔ dashboard server serves snapshot and one SSE frame (205.861291ms)
✔ resolveLaneActivityPhase: heartbeat pi → worker (0.661292ms)
✔ resolveLaneActivityPhase: open code review.started → code review (0.1325ms)
✔ resolveLaneActivityPhase: open final review.started → final review (0.070458ms)
✔ resolveLaneActivityPhase: closed review.started falls through to worker heartbeat (0.079708ms)
✔ resolveLaneActivityPhase: lane.completed code_rework → rework (0.068667ms)
✔ resolveLaneActivityPhase: no active tasks → em dash (0.060125ms)
✔ buildLaneRows exposes activityPhase fields (0.792334ms)
✔ computeActiveTaskIdsForLane returns running/pending tasks in current wave only (0.952958ms)
✔ computeRunningTaskIdForLane returns at most one running task in current wave (0.105917ms)
✔ computeQueuedTaskIdsForLane returns pending tasks in lane.taskIds order (0.10375ms)
✔ buildLaneRows exposes runningTaskId, queuedTaskIds, and deprecated activeTaskIds union (0.693708ms)
✔ buildLaneRows exposes activeTaskIds separate from batch assignment (0.175666ms)
✔ buildLaneRows attaches per-lane throughput stats from journal (1.443834ms)
✔ resolveLaneHeartbeatMeta reads latest lane heartbeat kind and phase (1.007084ms)
✔ formatLaneHeartbeatDisplay shows launching instead of age (0.120875ms)
✔ dashboard snapshot exposes launching heartbeat display from journal (1043.145833ms)
✔ buildDefaultViewStatus exposes gate missing affordance for needs_integrate (0.236833ms)
✔ idle snapshot diagnosis null matches reconcile (181.528125ms)
✔ running batch fixture has lanes and waves (1143.533ms)
✔ truncateWorktreePath keeps trailing segments (0.167125ms)
✔ classifyLaneStatus stale when heartbeat old (0.109875ms)
✔ classifyLaneStatus does not mark lane completed when doneInLane but cache pending under engine_orphaned (0.12825ms)
✔ buildWaveProgress marks prior waves completed (0.110417ms)
✔ buildWaveProgress marks last wave completed when all tasks terminal-success (0.072958ms)
✔ buildWaveProgress keeps in-flight current wave active (0.058667ms)
✔ diagnosisBadgeClass maps needs_integrate separately from running (1.247041ms)
✔ idle snapshot uses reconcile headline (0.486458ms)
✔ buildActionChips exposes copyable primary and alternatives (0.223666ms)
✔ needs_integrate banner ignores completed phase for badge color (0.102667ms)
✔ needs_integrate without gate record shows default gate affordance (0.165584ms)
✔ buildDashboardViewModel includes all §16.1 panels (0.510958ms)
✔ buildLaneTableModel exposes throughput columns for lanes (0.12375ms)
✔ buildLaneTableSummaryModel aggregates when multiple lanes present (0.094334ms)
✔ buildLaneTableSummaryModel is null for single lane (0.106667ms)
✔ lane-throughput-multi-lane fixture drives throughput column values (2.579917ms)
✔ lane-throughput-multi-lane fixture documents SP-327 throughput field contract (0.709ms)
✔ buildLaneTableModel exposes heartbeatDisplay for launching lanes (0.120375ms)
✔ dashboard.js uses heartbeatDisplay without double-formatting (0.569125ms)
✔ buildBannerModel uses finalizing badge and macro phase during tail state (0.138167ms)
✔ buildBannerModel reflects gating macro phase during post-merge tail (0.113125ms)
✔ buildBannerModel keeps running badge when workers are active (0.067125ms)
✔ resolveTailActivityLabel prefers recent journal over macro phase during tail (0.163958ms)
✔ buildTailActivityModel exposes lane table subline when lanes are idle during tail (0.103667ms)
✔ resolveTailActivityLabel returns null when running task is active (0.05125ms)
✔ dashboard.js renders lane table tail activity footer row (0.167417ms)
✔ banner uses diagnosis badge class, not macro phase (0.055833ms)
✔ resolveStaticAsset serves dashboard public files and view.mjs (0.51475ms)
✔ dashboard server GET / returns HTML shell (220.555208ms)
✔ running batch view model exposes journal for bottom panel (0.256ms)
✔ idle snapshot has empty journal via idle flag (0.064917ms)
✔ buildLaneDetailModel exposes recent events and log tail (0.055625ms)
✔ buildLaneTableModel includes lane detail on each row (0.059208ms)
✔ buildLaneRecentEvents returns last five lane-scoped journal entries (0.095709ms)
✔ buildJournalModel filters by lane id (0.052334ms)
✔ buildJournalLaneFilterOptions lists lane ids (0.483459ms)
✔ buildLaneRows attaches recentEvents and logTail from snapshot inputs (256.488125ms)
✔ resolveLaneWorkerLog prefers live log over terminal output (197.870542ms)
✔ dashboard.js builds gate status without innerHTML (0.403ms)
✔ dashboard.js uses textContent for gate status badge and kind label (0.135ms)
✔ dashboard HTML exposes lane detail and journal lane filter hooks (0.629334ms)
✔ dashboard server HTML includes journal lane filter (188.260958ms)
✔ spineAgentsUseInherit is true when worker or reviewer effective pin inherits (0.752917ms)
✔ formatReviewerEffectivePins shows resolved per-type model and thinking (0.198459ms)
✔ buildReviewerPerTypePinsDoctorCheck reports effective per-type pins (0.088958ms)
✔ resolvePiDefaultProvider prefers project settings over global (7.159875ms)
✔ buildAgentModelInheritDoctorCheck warns on inherit + lmstudio (0.273666ms)
✔ buildAgentModelInheritDoctorCheck passes when models pinned (0.082ms)
✔ buildAgentModelInheritDoctorCheck passes when inherit but pi not lmstudio (0.081583ms)
✔ readPiSettingsFile returns null for missing or invalid JSON (0.096625ms)
✔ countMediumLargeTasks counts only M and L sizes with per-size breakdown (13.447875ms)
✔ buildBatchSizeGuidanceWarning returns null below threshold (3.115875ms)
✔ buildBatchSizeGuidanceWarning M-only batch does not mention L (3.650208ms)
✔ formatPlanHuman appends batch size guidance warning (3.594667ms)
✔ buildBatchSizeGuidanceWarning mixed batch shows both M and L counts (5.011583ms)
✔ appendBatchSizeGuidanceToPlanOutput skips warning in stub mode (3.133459ms)
✔ isPiWebAccessPackageSource matches npm and path entries (0.603584ms)
✔ detectPiWebAccessExtensionConflict flags npm plus local checkout (1.4625ms)
✔ detectPiWebAccessExtensionConflict ok with single source (1.230292ms)
✔ buildPiExtensionConflictDoctorCheck warns with actionable command (1.944917ms)
✔ shouldWorkerUsePiNoExtensions mirrors conflict assessment (1.99975ms)
✔ isPiExtensionConflictOutput detects worker spawn conflict text (0.184625ms)
✔ resolvePiPackageSourcePath resolves npm and relative entries (0.08175ms)
✔ readPiPackageSources returns empty for missing settings (0.47325ms)
✔ isAuthErrorText detects authentication failures (0.736167ms)
✔ parsePiListModelsRows and listModelsForProvider filter by provider (0.800416ms)
✔ resolveModelIdForProvider prefers defaultModel when provider matches (0.092292ms)
✔ buildInheritProviderAuthDoctorCheck passes when agents pinned to cursor/auto (0.210417ms)
✔ buildInheritProviderAuthDoctorCheck passes when inherit resolves to cursor (0.094041ms)
✔ buildInheritProviderAuthDoctorCheck fails when probe reports 401 (9.266458ms)
✔ buildInheritProviderAuthDoctorCheck fails when provider has no authenticated models (5.928583ms)
✔ probeInheritProviderAuth succeeds when list and probe pass (6.519875ms)
✔ INTEGRATE_DEFAULTS match issue #91 config sketch (0.880625ms)
✔ applyConfigDefaults merges integrate section (0.20725ms)
✔ buildConcurrentDevDoctorCheck passes with no active batch (187.401917ms)
✔ buildConcurrentDevDoctorCheck passes when human is on a feature branch (2197.337291ms)
✔ buildConcurrentDevDoctorCheck warns on active batch + dirty main (warn mode) (2507.294333ms)
✔ buildConcurrentDevDoctorCheck fails on active batch + dirty main (block mode) (3014.466792ms)
✔ buildConcurrentDevDoctorCheck passes when allowHumanOnBaseBranch=allow (374.455208ms)
✔ runDoctorChecks surfaces concurrent-dev warning when configured (8756.628542ms)
✔ isDisplayLabel matches pi TUI display labels (0.858583ms)
✔ isDisplayLabel rejects canonical ids and invalid strings (0.082625ms)
✔ displayLabelToCanonical converts to provider/model (0.077084ms)
✔ displayLabelToCanonical returns null for non-labels (0.069542ms)
✔ isCanonicalModelId validates provider/model format (0.15775ms)
✔ isCanonicalModelId rejects non-canonical strings (0.0565ms)
✔ normalizeModelId passes canonical ids through (0.074625ms)
✔ normalizeModelId converts display labels to canonical (0.084334ms)
✔ normalizeModelId passes special values through (0.522666ms)
✔ normalizeModelId rejects unrecognized formats (0.179125ms)
✔ normalizeModelId rejects non-string input (0.070625ms)
✔ validateModelIdFormat accepts canonical ids (0.119292ms)
✔ validateModelIdFormat accepts special values and non-strings (0.071041ms)
✔ validateModelIdFormat flags display labels with canonical hint (0.062334ms)
✔ validateModelIdFormat flags unrecognized formats (0.048333ms)
✔ buildAgentModelIdsDoctorCheck passes when all pins are canonical (0.161083ms)
✔ buildAgentModelIdsDoctorCheck fails when display label is in config (0.140417ms)
✔ buildAgentModelIdsDoctorCheck fails on invalid format (0.05975ms)
✔ buildAgentModelIdsDoctorCheck passes when no models configured (0.041625ms)
✔ buildAgentModelIdsDoctorCheck skips inherit and empty values (0.474667ms)
✔ settings set normalizes display label to canonical id (0.595792ms)
✔ settings set passes canonical id through unchanged (0.080042ms)
✔ settings set rejects invalid model id format (0.075292ms)
✔ settings set allows inherit for model fields (0.069417ms)
✔ settings set rejects invalid model id in JSON mode (0.090333ms)
✔ settings set normalizes worker model display label (0.076375ms)
✔ settings set normalizes per-type reviewer model display label (0.094ms)
✔ fingerprintRulesManifest ignores generatedAt (0.556958ms)
✔ buildRulesManifestDoctorCheck warns when manifest missing (3.569875ms)
✔ buildRulesManifestDoctorCheck warns when manifest stale (6.292417ms)
✔ resolveSpineOnPath uses which by default (0.56575ms)
✔ readPackageVersion reads package.json version (0.445167ms)
✔ buildStalePathDoctorCheck warns when spine not on PATH (0.184917ms)
✔ buildStalePathDoctorCheck ok when PATH matches package bin (0.126875ms)
✔ buildStalePathDoctorCheck warns on version mismatch (0.9695ms)
✔ buildStalePathDoctorCheck warns on mtime mismatch only (1.135041ms)
✔ isStalePathSpineBlocking true only for stale PATH label (0.104583ms)
✔ isStalePathSpinePreflightBlocking requires version mismatch detail (0.081584ms)
✔ readSpineCliVersion parses spine --version output (795.1805ms)
✔ resolveInProgressSpineBatchId returns batchId for running batch (179.019708ms)
✔ resolveInProgressSpineBatchId returns null for completed batch (191.249792ms)
✔ listStaleSpineWorktreeBatchIds flags dirs without matching active batch (170.794166ms)
✔ buildStaleWorktreesDoctorCheck warns on stale worktree dirs (193.605333ms)
✔ buildStaleWorktreesDoctorCheck passes when only active batch dir exists (304.717125ms)
✔ runDoctorChecks includes stale worktrees warning (10230.426916ms)
✔ buildStallConfigDoctorCheck warns when stall timeout unset for real pi (0.546334ms)
✔ buildStallConfigDoctorCheck passes when stall timeout configured high (0.088875ms)
✔ isStubWorkerMode respects SPINE_WORKER_STUB (0.066208ms)
✔ resolveConfiguredStallMinutes returns null when missing (0.06075ms)
✔ suggestMaxParallel(4) → 2 (0.528208ms)
✔ suggestMaxParallel(8) → 4 (0.06575ms)
✔ suggestMaxParallel(1) → 1 (0.106166ms)
✔ suggestMaxParallel(2) → 1 (0.065667ms)
✔ buildMaxParallelDoctorCheck warns when configured exceeds suggested + 1 (0.189125ms)
✔ buildMaxParallelDoctorCheck no warning when configured matches suggested (0.153125ms)
✔ buildMaxParallelDoctorCheck no warning at default 3 when suggested is 2 (4-core) (0.087375ms)
✔ supervisor settings paths are registered (0.571541ms)
✔ agents.supervisor.enabled accepts booleans and CLI strings (0.142333ms)
✔ agents.supervisor.pollIntervalMs enforces minimum 1000ms (0.170458ms)
✔ agents.supervisor.model accepts inherit and optional empty (0.082875ms)
✔ agents.supervisor.autoNudge accepts booleans (0.068583ms)
✔ buildSupervisorConfigDoctorCheck passes when disabled (0.13225ms)
✔ buildSupervisorConfigDoctorCheck fails when enabled and template missing (4.094458ms)
✔ buildSupervisorConfigDoctorCheck fails when enabled and model invalid (3.051ms)
✔ buildSupervisorConfigDoctorCheck passes when enabled with template and valid model (2.2545ms)
✔ collectTaskPacketSizeIssues flags XL and too many steps on pending packet (2.623458ms)
✔ collectTaskPacketSizeIssues ignores tasks with .DONE (1.053916ms)
✔ classifyBatchStateSource uses path and content markers (0.612875ms)
✔ assessOrchestratorCoexistence passes when no batch-state files (359.849625ms)
✔ assessOrchestratorCoexistence fails on active Taskplane batch in .pi (2277.186709ms)
✔ assessOrchestratorCoexistence fails when spine and Taskplane batches both active (5512.01475ms)
✔ buildCoexistencePreflightCheck blocks spine start when Taskplane batch active (2178.617375ms)
✔ runBatchPreflight fails with orchestrator-coexistence when Taskplane batch active (3755.555208ms)
✔ runDoctorChecks reports mutual exclusion failure for Taskplane batch (6923.21175ms)
✔ buildCoexistenceDoctorCheck passes when only pi-spine batch is active (1499.675917ms)
✔ buildWorktreeHealthDoctorCheck passes with no worktrees (235.246708ms)
✔ buildWorktreeHealthDoctorCheck flags absolute gitdir (285.001333ms)
✔ /spine-status reports idle reconciliation on clean repo (438.528417ms)
✔ /spine-deps delegates to CLI and notifies graph output (322.973917ms)
✔ /spine-plan succeeds after preflight passes (7844.8775ms)
✔ /spine-dismiss archives limbo batch state (1347.190708ms)
✔ /spine-pause pauses a running spine batch (334.648292ms)
✔ /spine-resume resumes a paused spine batch (1346.513458ms)
✔ /spine-retry-task resets a failed task (334.910875ms)
✔ /spine-skip-task skips a failed task (337.311125ms)
✔ /spine-abort archives an active spine batch (319.030542ms)
✔ /spine-next prints reconciliation suggestion (309.155834ms)
✔ /spine-validate checks pending task packets (335.789458ms)
✔ /spine-handoff writes operator note and notifies (2086.017416ms)
✔ /spine-gate inspects integrate gate state (366.001708ms)
✔ /spine-integrate dry-run reports merge preview (625.346042ms)
✔ /spine-settings shows interactive configuration menu (150.819458ms)
✔ /spine-dashboard notifies listen URL and port source (224.290208ms)
✔ /spine entry warns on limbo_stale diagnosis (1051.895708ms)
✔ /spine entry warns on needs_retry diagnosis (960.23525ms)
✔ /spine entry reports running batch headline (924.107834ms)
✔ /spine entry starts batch when scope provided after preflight (9004.734042ms)
✔ /spine-deps truncates very large dependency output (1163.813583ms)
✔ parseSpineOrchestrateArgs defaults to pending scope and wave 0 (1.519459ms)
✔ formatOrchestratePrompt includes wave tasks, outer loop, and skill link (0.332625ms)
✔ formatOrchestratePrompt states no auto gate approve or integrate (0.145209ms)
✔ formatOrchestratePrompt respects --from-wave filter (0.083917ms)
✔ formatOrchestratePrompt reports empty plan guidance (0.075959ms)
✔ /spine-orchestrate emits structured prompt from spine plan (8136.93775ms)
✔ /spine-orchestrate does not invoke gate or integrate CLI (6281.019833ms)
✔ /spine-orchestrate fails when preflight fails (4813.837042ms)
✔ spine-config template documents commented worktreeSetupHook example (0.842208ms)
✔ stripTemplateOnlyKeys removes _examples from init output (0.122167ms)
✔ extractPubspecAssetPaths parses flutter asset entries (0.626125ms)
✔ runInit copies Flutter worktree setup hook template to scripts/ (12.737208ms)
✔ copyFlutterWorktreeSetupHookTemplate skips existing hook without force (2.2495ms)
✔ findGitignoredPubspecAssetsOnMain detects gitignored assets present on main (208.559708ms)
✔ buildGitignoredPubspecAssetsDoctorCheck warns when hook not configured (167.664625ms)
✔ buildGitignoredPubspecAssetsDoctorCheck warns when lane missing gitignored assets (151.111542ms)
✔ parseMigrateArgs rejects --source without value (0.63875ms)
✔ runMigrateFromTaskplane fails when source file is missing (2.329458ms)
✔ runMigrateFromTaskplane refuses overwrite without force (3.837125ms)
✔ runMigrateFromTaskplane dry-run does not write config (1.412167ms)
✔ loadTaskplaneConfig reads repo fixture (0.73125ms)
✔ mapTaskplaneToSpine maps repo fixture to valid spine config (0.951458ms)
✔ mapTaskplaneToSpine honors tasksRootOverride (0.341584ms)
✔ mapTaskplaneToSpine ignores unknown keys (0.215208ms)
✔ mapMaxParallel clamps invalid and excessive values (0.064625ms)
✔ loadTaskplaneConfig fails loud on missing file (0.279125ms)
✔ DEFAULT_TASKPLANE_SOURCE_PATH matches repo layout (0.1185ms)
✔ normalizeFileScopePath strips trailing globs and normalizes separators (0.70675ms)
✔ pathsOverlap detects parent/child and rejects unrelated prefixes (0.083708ms)
✔ fileScopesOverlap detects parent/child directory overlap (1.818625ms)
✔ fileScopesOverlap detects exact file overlap in same wave scenario (0.082625ms)
✔ fileScopePatternsOverlap handles wildcard file globs (0.304209ms)
✔ fileScopePatternsOverlap does not treat dotted sibling paths as overlapping (0.625834ms)
✔ fileScopePatternsOverlap handles literal paths with regex metacharacters (1.252291ms)
✔ expandFileScopeProbes produces nested paths for directory globs (0.213667ms)
✔ findWaveFileScopeOverlaps returns pairs within the same wave only (0.589625ms)
✔ findWaveFileScopeOverlaps matches issue #31 parent/child safety paths (0.12275ms)
✔ findWaveFileScopeOverlaps ignores single-task waves (0.258708ms)
✔ planWaves serializes two tasks with the same file to one virtual lane (0.283958ms)
✔ assignLanesToWaves uses glob-aware overlap for wildcard scopes (0.104375ms)
✔ formatFileScopeOverlapWarnings lists wave and task pairs (0.118292ms)
✔ buildPlan reports file-scope overlaps and serializes conflicting tasks (20.424542ms)
✔ formatPlanHuman shows serial lane as bullet list with titles (0.749166ms)
✔ formatPlanHuman shows parallel lanes and omits tick jargon (0.115792ms)
✔ formatPlanHuman includes start hints for multi-wave plans (0.101875ms)
✔ topoWaves groups tasks into deterministic dependency waves (0.963208ms)
✔ buildGraph includes nodes that only appear as dependencies (0.095ms)
✔ findCyclePath returns a closed cycle path (0.7405ms)
✔ repo spine-tasks plan has wave0 TP-006||TP-007 and wave1 TP-008 (32.295792ms)
✔ TP-034/038/041 disjoint scopes get three virtual lanes in tick 0 (1.202834ms)
✔ overlapping file scopes share one virtual lane (serialized) (0.135625ms)
✔ buildPlan for TP-034 TP-038 TP-041 lists three lanes in human output (24.027458ms)
✔ spine plan CLI shows three lanes for TP-034 TP-038 TP-041 (138.898541ms)
✔ assignLanesToWaves assigns disjoint file scopes to separate virtual lanes (0.700417ms)
✔ assignLanesToWaves packs overlapping file scopes into same virtual lane (0.124542ms)
✔ assignLanesToWaves respects maxParallel by queueing excess virtual lanes into ticks (0.116958ms)
✔ filterPendingTaskIds excludes tasks with .DONE marker (14.773875ms)
✔ parseScope pending mode returns pending IDs and excluded count (5.021542ms)
✔ parseScope pending throws when all tasks are done (4.354ms)
✔ buildPlan pending scope preserves dependency waves (7.511ms)
✔ filterPendingTaskIds excludes tasks with .SUPERSEDED marker (2.874834ms)
✔ summarizePendingScope counts excluded tasks (3.157208ms)
✔ runSpinePlan pending with all .DONE returns exit 0 informational output (50.927667ms)
✔ runSpinePlan pending JSON with all .DONE returns synthetic plan (6.094375ms)
✔ runSpinePlan pending with all .DONE does not throw (2.970584ms)
✔ parseScope pending empty error carries structured metadata (4.932583ms)
✔ runSpinePlan pending output includes maxParallel from config (3.477791ms)
✔ buildPlan rejects invalid heading separator (6.848917ms)
✔ buildPlan rejects missing testing coverage (3.498125ms)
✔ buildPlan rejects missing File Scope section (4.158042ms)
✔ runSpinePlan exits with validation errors for invalid PROMPT (4.373167ms)
✔ buildPlan accepts valid PROMPT packets (8.101959ms)
✔ parseScope glob escapes literal dots in path patterns (8.193917ms)
✔ parseScope glob escapes literal parentheses in path patterns (10.804917ms)
✔ parseScope glob with plus in path pattern matches literally (3.219584ms)
✔ parseScope TP-* glob scopes remain unchanged (3.717834ms)
✔ parseScope('all') selects all discovered tasks (14.490625ms)
✔ parseScope('TP-002') selects explicit task IDs (3.447416ms)
✔ parseScope supports glob path patterns (3.362167ms)
✔ resolveWaveTaskIds returns wave task IDs (0.899834ms)
✔ resolveWaveTaskIds rejects out-of-range and empty waves (0.140417ms)
✔ filterPlanToWave narrows plan to one wave (0.731459ms)
✔ parseBatchStartWaveFilter accepts --wave and --through-wave (0.192166ms)
✔ parseBatchStartWaveFilter rejects conflicting and invalid flags (0.105292ms)
✔ registerSpineSlashCommands registers all PRD §15.1 command names (0.719416ms)
✔ /spine-retry-task without task id notifies usage error (0.156792ms)
✔ /spine-skip-task without task id notifies usage error (0.119917ms)
✔ /spine-plan notifies error when preflight fails (7497.247167ms)
✔ /spine handler runs preflight before batch guidance (5888.4475ms)
✔ buildDepsReport returns empty graph for isolated task with no deps (238.897958ms)
✔ buildDepsReport detects synthetic dependency cycle (208.3125ms)
✔ cycleNodesFromPath deduplicates closing node (0.201042ms)
✔ depsToEdges and formatDepsHuman render dependency flow (0.252041ms)
✔ repo fixture TP-031 scope shows TP-030 dependency edge (12.07825ms)
✔ spine deps CLI emits JSON shape with nodes, edges, cycles, waves (345.822041ms)
✔ spine deps CLI exits 1 when cycle detected (374.277042ms)
✔ findCyclePath returns path for cyclic graph (0.232375ms)
✔ init --preset taskplane-compat --tasks-root taskplane-tasks --dry-run produces expected keys (6.296583ms)
✔ init --preset taskplane-compat defaults tasksRoot to taskplane-tasks (2.354958ms)
✔ plain init applies spine defaults without preset flag (2.485916ms)
✔ init rejects unknown preset (1.044834ms)
✔ fresh init creates config, agents, tasks root, and gitignore entries (17.256708ms)
✔ init skips constitution.md when it already exists without --force (10.575375ms)
✔ buildConstitutionMd substitutes project title from directory name (0.382042ms)
✔ init without --force refuses when spine-config.json exists (7.108333ms)
✔ --tasks-root taskplane-tasks sets paths.tasksRoot correctly (10.117583ms)
✔ --dry-run makes no filesystem changes (2.318708ms)
✔ init skips CONTEXT.md when it already exists without --force (9.280292ms)
✔ init --force overwrites existing CONTEXT.md (11.959209ms)
✔ buildContextMd substitutes project title from directory name (0.728291ms)
✔ --dry-run plans CONTEXT.md create without writing files (2.215875ms)
✔ ensureGitignoreEntries appends only missing entries (0.985917ms)
✔ runPreflightPlanCheck builds wave plan during preflight (1611.356292ms)
✔ runReconciliationCheck returns real diagnosis for running batch (1344.42325ms)
✔ checkDoctor fails when doctor reports issues (0.250458ms)
✔ checkStalePathSpine fails when PATH spine version is stale (1.1165ms)
✔ checkGitClean lists up to 20 dirty paths (141.583292ms)
✔ checkNoActiveBatch passes when no batch-state file exists (296.53025ms)
✔ checkNoActiveBatch calls reconciliation when batch-state exists (473.640208ms)
✔ checkTasksRoot validates discoverable task folders (374.220459ms)
✔ checkDependenciesJson validates version and task IDs (296.573584ms)
✔ runBatchPreflight passes on initialized clean fixture (1941.361041ms)
✔ runBatchPreflight fails when git working tree is dirty (1363.476042ms)
✔ runPreflightPlanCheck validates pending scope only (SP-122) (352.449ms)
✔ checkTasksValidate exposes distinct tasks-validate check id (358.334042ms)
✔ checkTasksValidate validates multiple pending PROMPT packets in one batch (313.279792ms)
✔ runBatchPreflight includes tasks-validate check distinct from plan (1286.202084ms)
✔ runBatchPreflight fails on limbo fixture with dismiss suggestion (3679.691083ms)
✔ runBatchPreflight passes when all tasks have .DONE (zero pending) (1008.084792ms)
✔ checkGitClean passes when only rules-manifest generatedAt drifted (279.479833ms)
✔ checkGitClean still fails when rules-manifest rules[] differ (267.244125ms)
✔ spine run pending is alias for batch start pending (540.529167ms)
✔ spine run all dry-run matches pending-filtered batch start (530.224625ms)
✔ applySetting merges nested dotted paths (0.668ms)
✔ runSettingsSetOperation rejects unknown path (0.209417ms)
✔ runSettingsSetOperation rejects invalid value (0.128209ms)
✔ runSettingsSetOperation returns merged config on success (0.348958ms)
✔ writeSpineConfigAtomic writes valid JSON atomically (376.354125ms)
✔ spine settings set updates maxParallel on disk (522.8745ms)
✔ spine settings set rejects bad value (366.286583ms)
✔ spine settings set --dry-run leaves config unchanged (405.292542ms)
✔ spine settings set --json reports write metadata (404.624583ms)
✔ spine settings set exits 1 with suggestedCommand when config missing (724.395584ms)
✔ getValueAtPath reads nested config values (0.77425ms)
✔ formatSettingsShow lists all editable fields in human mode (0.517ms)
✔ formatSettingsShow returns JSON fields array for all settings (0.577083ms)
✔ formatSettingsShow single path mode prints one value (0.1425ms)
✔ formatSettingsShow rejects unknown path (0.100916ms)
✔ buildSettingsShowFields mirrors registry order (0.210458ms)
✔ spine settings show CLI prints editable fields from temp config (409.876125ms)
✔ spine settings show CLI single path and JSON modes (550.290875ms)
✔ spine settings show CLI exits 1 with suggestedCommand when config missing (482.347583ms)
✔ formatSettingsSlashMenu lists at least five editable fields with set hints (0.688166ms)
✔ runSpineSettingsSlash notifies menu with live config fields (312.648708ms)
✔ runSpineSettingsSlash set subcommand persists a valid change (396.6185ms)
✔ runSpineSettingsSlash set reports usage error without path and value (391.045666ms)
✔ runSpineSettingsSlash reports missing config with suggested init (314.405792ms)
✔ fileScopesOverlap detects parent/child path overlap (0.714208ms)
✔ extractExploreSlugsFromContext finds explore findings paths (0.485166ms)
✔ collectWaveMCountFindings warns when a wave has more than four M tasks (0.105584ms)
✔ collectPromptJsonDepsDriftFindings reports missing JSON entry (0.102334ms)
✔ runSpineTasksAnalyze exits 0 for clean scope (352.268791ms)
✔ runSpineTasksAnalyze reports parallel file-scope overlap as blocking (449.337125ms)
✔ runSpineTasksAnalyze reports dependency cycle as blocking (344.181584ms)
✔ runSpineTasksAnalyze exits 0 when only warnings are present (317.943292ms)
✔ runSpineTasksAnalyze warns for missing explore findings referenced in CONTEXT (339.519333ms)
✔ runSpineTasksAnalyze --json emits AnalyzeTasksResult (467.8765ms)
✔ spine tasks analyze CLI exits 1 for blocking overlap (518.231125ms)
✔ spine tasks analyze CLI exits 0 for warnings-only scope (375.969208ms)
✔ spine help tasks documents analyze subcommand (123.07575ms)
✔ parseContract extracts all five contract fields from a valid table (2.086292ms)
✔ validateContract passes for a valid contract table (1.972417ms)
✔ parseContract and validateContract handle an empty contract table (0.19225ms)
✔ validateContract warns on unknown contract fields (0.114875ms)
✔ parseContract reports duplicate field rows as errors (0.147333ms)
✔ parseContract accepts plain-text testCommand values (0.074709ms)
✔ parseContract returns hasSection false when Contract heading is absent (0.1825ms)
✔ CONTRACT_FIELD_NAMES lists all normative contract fields (0.080084ms)
✔ parseContract resolves see File Scope to File Scope bullet paths (0.11775ms)
✔ parseContract excludes optional File Scope bullets from see File Scope expansion (0.130042ms)
✔ validateContract errors on em-dash placeholders in required mode (0.1155ms)
✔ validateContract errors on see File Scope with empty File Scope section in required mode (0.200083ms)
✔ validateContract warns on placeholders in optional mode (0.073792ms)
✔ parseContract treats em dash contract cells as empty path lists (0.097959ms)
✔ parseContract splits comma-separated paths inside a single backtick wrapper (SP-396) (0.073708ms)
✔ parseContract splits comma-separated artifacts inside a single backtick wrapper (0.060709ms)
✔ validateContract warns on comma-in-single-backtick path lists in optional mode (0.1565ms)
✔ validateContract errors on comma-in-single-backtick path lists in required mode (0.12ms)
✔ mergeDeps unions identical sets from PROMPT and JSON (1.079042ms)
✔ mergeDeps JSON wins when PROMPT and JSON disagree (0.104209ms)
✔ mergeTaskDeps uses golden fixtures end-to-end (1.458584ms)
✔ mergeDeps returns PROMPT deps when JSON has no entry (0.087708ms)
✔ TASK_HEADING_RE requires em dash (U+2014) (0.593333ms)
✔ parsePrompt extracts required sections and steps from golden S fixture (2.056417ms)
✔ validatePrompt rejects hyphen separator in heading (0.560833ms)
✔ discoverTasks finds three golden fixtures (9.3755ms)
✔ parsePromptDependencies parses list and Requires forms (0.477125ms)
✔ parseStatus mirrors step numbers and checkbox state (1.311875ms)
✔ getStepProgress aggregates checkbox completion (0.52675ms)
✔ listIncompleteSteps returns unchecked items per step (0.549291ms)
✔ FX-invalid-no-testing fails validatePrompt for missing Testing step (2.106958ms)
✔ FX-missing-contract fails validatePrompt in required contract mode (0.54325ms)
✔ FX-valid-contract passes validatePrompt in required contract mode (1.231292ms)
✔ FX-final-replan has Review Level >= 1 for REPLAN integration path (0.441625ms)
✔ formatTasksValidateHuman prefixes summary before failure details (0.739625ms)
✔ runSpineTasksValidate exits 0 for valid PROMPT packets (326.622375ms)
✔ runSpineTasksValidate reports same failure message as planner for invalid PROMPT (429.03275ms)
✔ runSpineTasksValidate returns exit 2 for missing config (350.436167ms)
✔ runSpineTasksValidate returns exit 2 for unresolved scope (275.586625ms)
✔ spine tasks validate CLI exits 0 for valid scope (375.933375ms)
✔ spine tasks validate CLI exits 1 for invalid PROMPT (341.511375ms)
✔ buildTasksValidateResult matches TasksValidateResult schema (0.353458ms)
✔ collectTaskAdvisoryWarnings reports folder, STATUS, and deps mismatches (0.371125ms)
✔ runSpineTasksValidate --json emits TasksValidateResult (180.594583ms)
✔ runSpineTasksValidate --warnings-only keeps exit 0 for advisory issues (274.963208ms)
✔ spine tasks validate CLI --json exits 0 for valid scope (376.457916ms)
✔ spine help tasks documents validate subcommand (112.980708ms)
✔ spine tasks validate CLI exits 2 for config error (303.723292ms)
✔ validateContract warns when fileScopeMustNotChange includes spine-tasks/** (4.059166ms)
✔ validateContract warns when pattern matches current task folder only (0.625083ms)
✔ validateContract is quiet for parallel product-path guards (0.525916ms)
✔ collectFileScopeMustNotChangeWarnings dedupes broad spine-tasks ban over task folder (0.162083ms)
✔ collectFileScopeMustNotChangeWarnings ignores other task folders (0.181709ms)
✔ collectFileScopeMustNotChangeWarnings respects custom tasksRoot (0.149542ms)
✔ collectFileScopeMustNotChangeWarnings skips current-task check without taskId (0.175083ms)
✔ collectStaleFileScopeMustChangeWarnings is quiet when scope paths unchanged since task intro (607.632458ms)
✔ collectStaleFileScopeMustChangeWarnings warns when scope paths changed on main after task intro (689.651916ms)
✔ collectStaleFileScopeMustChangeWarnings ignores tasks without fileScopeMustChange (388.817584ms)
✔ parseReportProgressArgs reads step and checkbox flags (0.515625ms)
✔ reportTaskProgress appends task.step_completed with metadata (2.173791ms)
✔ reportTaskProgress writes journal line on disk (14.957916ms)
✔ reportTaskProgress fails closed without batch context (0.238125ms)
✔ runSpineReportProgress returns non-zero when batchId missing (0.2205ms)
✔ runSpineReportProgress does not write with attach env when attach suppressed (1.031041ms)
✔ requestWorkerGate fails closed without batch context (0.580125ms)
✔ requestWorkerGate returns not_supported for integrate gate (3.95ms)
✔ requestWorkerGate returns not_supported when no gate record (manual deferred) (2.049042ms)
✔ buildReviewStepCliArgs maps params and adds --stub when SPINE_WORKER_STUB=1 (0.893708ms)
✔ executeSpineReviewStep fails closed without SPINE_TASK_FOLDER (0.234625ms)
✔ spine_review_step handler returns APPROVE via stub review (24.8885ms)
✔ spine_review_step handler marks stub spawn failure as tool error (6.236958ms)
✔ spine_review_step skips nested reviewer spawn inside worker session (32.376625ms)
✔ registerSpineWorkerTools registers all three PRD worker tools (0.914917ms)
✔ executeSpineReportProgress appends task.step_completed via tool handler (19.574ms)
✔ executeSpineReportProgress fails closed without batch context (0.325166ms)
✔ spine_request_gate tool returns structured not_supported shape (3.94425ms)
✔ executeSpineRequestGate fails closed without batch context (0.26325ms)
ℹ tests 1733
ℹ suites 0
ℹ pass 1732
ℹ fail 1
ℹ cancelled 0
ℹ skipped 0
ℹ todo 0
ℹ duration_ms 141793.797792

✖ failing tests:

test at tests/batch/attached-batch-exit.test.mjs:106:1
✖ attached batch CLI subprocess exits after completed with stdout milestones (9588.810958ms)
  AssertionError [ERR_ASSERTION]: [spine] batch.started
  [spine] task.started SP-343
  
      at TestContext.<anonymous> (file:///Users/cdelgado/Documents/github/pi-spine/.worktrees/spine-20260706T185545/lane-1/tests/batch/attached-batch-exit.test.mjs:143:10)
      at process.processTicksAndRejections (node:internal/process/task_queues:104:5)
      at async Test.run (node:internal/test_runner/test:1389:7)
      at async Test.processPendingSubtests (node:internal/test_runner/test:960:7) {
    generatedMessage: false,
    code: 'ERR_ASSERTION',
    actual: false,
    expected: true,
    operator: '==',
    diff: 'simple'
  }

