Contract testCommand failure log
Command: npm run typecheck && SPINE_WORKER_STUB=1 npm test -- tests/batch/heartbeat-git-debounce.test.mjs && npm run coverage:check
Exit code: 1
Attempt: 1 of 2
Timestamp: 2026-07-07T01:24:01.405Z
Buffer overflow: no
---

> pi-spine@1.7.0 typecheck
> tsc --project tsconfig.json --noEmit && tsc --project tsconfig.batch.json --noEmit


> pi-spine@1.7.0 test
> SPINE_SUPPRESS_JOURNAL_ATTACH=1 node --experimental-strip-types --test tests/*.test.mjs tests/cli/*.test.mjs tests/compat/*.test.mjs tests/tasks/*.test.mjs tests/config/*.test.mjs tests/config/cursor-rules/*.test.mjs tests/planner/*.test.mjs tests/batch/*.test.mjs tests/agents/*.test.mjs tests/adoption/*.test.mjs tests/dashboard/*.test.mjs tests/doctor/*.test.mjs tests/init/*.test.mjs tests/migrate/*.test.mjs tests/worker-tools/*.test.mjs tests/coverage/*.test.mjs tests/extensions/*.test.mjs tests/batch/heartbeat-git-debounce.test.mjs

✔ adoption fixture: init, plan, stub batch AD-001 creates .DONE (68945.718291ms)
✔ adoption integration: REPLAN final verdict surfaces needs_replan diagnosis (48415.488416ms)
✔ worker.md documents spine tools, stall checkpoint, and coverage policy (1.568708ms)
✔ worker.md documents engine-owned code and final review after .DONE (0.499166ms)
✔ reviewer.md documents final PASS REVISE REPLAN verdicts (0.371042ms)
✔ worker-prompt tail aligns with worker.md commit and review conventions (0.168584ms)
✔ buildWorkerTailPrompt does not contradict worker.md on commit format (17.743208ms)
✔ buildAgentSessionWorkerPrompt includes review hint when level > 0 (2.427625ms)
✔ buildWorkerPiArgs omits -ne when no pi-web-access conflict (17.525333ms)
✔ buildWorkerPiArgs includes -ne before -p when extension conflict detected (17.32725ms)
✔ formatPiExtensionConflictHint surfaces pi-web-access remediation (0.3185ms)
✔ abortBatch archives batch-state before clearing active file (6596.875417ms)
✔ abortBatch journals batch.aborted and preserves prior journal tail (6463.181459ms)
✔ abortBatch writes abort signal without killing on graceful abort (6636.574166ms)
✔ hard abort removes lane worktree when cleanup enabled (9500.288834ms)
✔ hard abort keeps worktree when cleanupOnHardAbort is false (8133.183208ms)
✔ abortBatch fails when no active batch (7823.92925ms)
✔ mergeLaneToOrch auto-resolves disjoint adoption doc edits without force-merge (33756.473125ms)
✔ mergeLaneToOrch fails adoption doc merge with recovery commands when hunks overlap (35276.532458ms)
✔ formatAdoptionDocMergeFailure names file and wave recovery (0.768875ms)
✔ agent session abort failure journals lane.worker_abort_failed (7070.322917ms)
✔ formatAttachedMilestoneLine renders land-loop journal types (0.548083ms)
[spine] batch.started
[spine] task.started SP-343
[spine] task.completed SP-343
[spine] batch.merge_started wave=0
[spine] batch.merge_completed wave=0
[spine] gate.opened
[spine] gate.evidence_collecting
[spine] gate.evidence_completed
[spine] batch.completed
[spine] batch.land_loop_finalized

Batch started

Batch 20260707T011724 completed: SP-343 succeeded; merged to orch/spine-20260707T011724.
  → spine gate status
  → spine gate approve
  → spine integrate
  → spine batch complete

Batch 20260707T011724 ready to integrate orch branch to main

  → spine integrate

  Alternatives:
    • /spine-integrate
    • /spine-gate
    • spine status --diagnose

  Batch: 20260707T011724
  Task: SP-343
✔ runSpineBatch attached start returns integrate handoff without process.exit in tests (70524.899291ms)
✔ attached batch CLI subprocess exits after completed with stdout milestones (61813.244666ms)
✔ formatAttachedBatchCliResult includes diagnosis suggested command (0.702958ms)
✔ enforceAttachedEngineSingleOwner fails fast when engine PID is alive (10149.889334ms)
✔ enforceAttachedEngineSingleOwner orphans prior engine with --force (5589.302208ms)
✔ resumeBatch rejects second attached resume when engine PID is alive (10379.118208ms)
✔ resumeBatchDetached rejects spawn when attached engine PID is alive (7017.301208ms)
✔ runAttachedBatchEngine blocks attached start when engine PID is alive (6762.051833ms)
✔ isLastWaveIndex matches batch 20260618T000943 wave plan (0.520625ms)
✔ maybeFinalizeAfterWaveMerge opens gate for last-wave post-merge limbo (17982.161792ms)
✔ resumeMultiTaskBatch finalizes post-merge limbo even with stale engine pid (18299.657875ms)
✔ terminateStaleDetachedEngine still clears stale engine during post-merge limbo resume handoff (5573.0515ms)
✔ startBatch multi-wave attached path opens gate after wave 1 without resume (96344.307833ms)
✔ attached milestone types include batch.merge_blocked (0.541833ms)
✔ formatAttachedBatchCliResult prints merge failure headline and exits non-zero for merge_blocked (11936.317583ms)
✔ runAttachedBatchEngine streams merge_blocked milestone before merge failure CLI output (16418.86525ms)
✔ mergeEngineStateWithDiskPause adopts operator pause from disk (6898.427292ms)
✔ saveEngineBatchState does not clobber phase paused during heartbeat-style saves (6606.6855ms)
✔ enforceOperatorPauseOnDisk re-asserts paused after engine overwrite (10793.686833ms)
✔ pauseBatch confirms when attached engine heartbeat saves honor pause (9929.134791ms)
✔ batch 20260620T194352 fixture is post-merge limbo without gate (7751.696334ms)
✔ attemptPostMergeLandLoopHandoff finalizes in-process after SIGTERM-shaped limbo (16770.296041ms)
✔ finalizeAttachedPostMergeLimbo is idempotent when gate already open (16307.180375ms)
✔ resume after orphan_terminated journal opens gate for batch 20260620T194352 pattern (18225.086458ms)
✔ installAttachedEngineShutdownHandlers finalizes on SIGTERM without manual resume (15247.90325ms)
✔ terminateStaleDetachedEngine during post-merge limbo still allows resume finalize (18530.1075ms)
✔ shouldAutoIntegrateAfterWave is false by default (0.882083ms)
✔ shouldAutoIntegrateAfterWave is true when configured and not last wave (0.100042ms)
✔ shouldAutoIntegrateAfterWave is false on last wave (0.067292ms)
✔ issue #25: retry unblocks failed phase when only pending tasks remain (29194.421542ms)
✔ issue #25: failed phase with pending-only limbo resumes without --force (17082.672458ms)
✔ retry keeps failed phase when other failed tasks remain (11520.890208ms)
✔ diagnosis suggests resume --force for failed-phase pending-only limbo (0.481417ms)
✔ parseSupersededReplacementIds extracts child task IDs (1.110625ms)
✔ assertBatchStartTasksNotSuperseded rejects superseded IDs (8894.357958ms)
✔ assertBatchStartTasksNotSuperseded allows pending IDs (10271.727084ms)
✔ assertBatchStartTasksNotSuperseded honors --force-superseded (11469.968583ms)
✔ resolveBatchStartScope rejects explicit superseded task IDs (9057.123666ms)
✔ resolveBatchStartScope allows superseded IDs with forceSuperseded (10757.540125ms)
✔ startBatch dry-run rejects superseded explicit scope (7845.931125ms)
✔ startBatch dry-run allows superseded scope with forceSuperseded (8609.346625ms)
✔ parseBatchArgs maps --wave on start to waveFilter (0.686959ms)
✔ parseBatchArgs strips --wave value from scope for wave 0 (0.098ms)
✔ buildAttachedBatchStartArgv forwards waveFilter to detached engine (0.522334ms)
✔ startBatch dry-run with pending scope and --wave 0 selects planner wave 0 (6881.560458ms)
✔ startBatch dry-run with --wave selects planner wave task IDs (5896.333375ms)
✔ wave-filtered dry-run matches explicit wave task scope dry-run (8610.819667ms)
✔ complete handoff preserves newer active batch (073511 vs 073937 race) (10.152875ms)
✔ clearStaleTerminalBatchStateForStart removes completed batch-state pointer (4.134375ms)
✔ assertNoActiveBatch clears stale completed pointer before start handoff (4.807416ms)
✔ runBatchComplete clears active batch-state when no newer batch took over (16629.6785ms)
✔ new batch save replaces terminal completed cache with different batchId (53.50875ms)
✔ evaluateBatchStateWriteGuard rejects writes from non-owner live engine (19.316833ms)
✔ saveSpineBatchState rejects resurrecting archived batch cache (23.787125ms)
✔ resolveStallConfig defaults checkpoint warning and no file-scope grace extension (0.806916ms)
✔ file-scope mtime is activity only — does not extend stall deadline by default (0.20225ms)
✔ checkpoint signals extend grace; STATUS update moves deadline (0.075375ms)
✔ shouldEmitCheckpointWarning after activity without checkpoint threshold (0.117334ms)
✔ resolveScopedDirtyPaths limits porcelain to file scope and task folder (7318.530709ms)
✔ lane.checkpoint_warning journal event and diagnose hints (15.957334ms)
✔ extractJournalDiagnosisHints omits stale checkpoint_warning older than 30 minutes (0.880125ms)
✔ collectProgressSignals includes dirtyPaths for scoped changes (5239.812917ms)
✔ verifyContract uses base-satisfied when scope predates task PROMPT on base (18166.092833ms)
✔ verifyContract passes when scope is on base and lane has zero implementation diff (19504.794292ms)
✔ verifyContract fails base-satisfied scope when testCommand fails (23670.394ms)
✔ verifyStubFileScopeMustChange passes when base already satisfies scope (12693.366583ms)
✔ isBaseScopeSatisfied is false when base lacks scope changes (12306.875125ms)
✔ runFinalReviewPhase fails fast with contract_failed and does not consume finalAttempts (18390.006125ms)
✔ reconcileBatch surfaces contract_failed headline for failed task (14100.423792ms)
✔ verifyContract satisfies pre-landed fileScopeMustChange when testCommand and artifacts pass (15378.159ms)
✔ verifyContract still fails pre-landed scope when testCommand fails (21321.717334ms)
✔ verifyStubFileScopeMustChange passes delivery-only STATUS when source scope pre-landed (17853.349459ms)
✔ verifyContract passes delivery-only STATUS.md fileScopeMustChange contract (13219.642667ms)
✔ resolvePromptRelPath derives task PROMPT from spine-tasks delivery changes (8931.443833ms)
✔ isFileScopePatternPrelanded detects scope changed on main after task intro (12266.35525ms)
✔ resolveTaskStartCommit ignores resumed task.started after same-task lane.committed (1.279459ms)
✔ verifyContract passes fileScopeMustChange after pause/retry/resume when lane commit exists (15939.275667ms)
✔ testCommand fails once then succeeds on retry — contract passes (674.5755ms)
✔ testCommand fails all retries — contract_failed as before (1615.8695ms)
✔ retry count configurable via spine-config contract.testRetries (2071.117709ms)
✔ failed output captured to .reviews/ directory (1412.805625ms)
✖ no retry when testCommand succeeds first time (no performance cost) (2047.217083ms)
✔ writeContractFailureLog creates log file with header (48.014792ms)
✔ writeContractFailureLog returns null when taskFolder is undefined (12.708709ms)
✔ CONTRACT_TEST_DEFAULT_RETRIES is 1 (1.002917ms)
✔ CONTRACT_TEST_RETRY_DELAY_MS is 5000 (9.484542ms)
✔ multiple failure logs captured across retry attempts (1609.153666ms)
✔ parseContract extracts stallTimeoutMinutes and extendGraceOnFileScope (1.163917ms)
✔ resolveTaskStallMinutes uses max of global, size floor, and contract override (0.118125ms)
✔ resolveStallConfigForTask applies contract stallTimeoutMinutes to stallTimeoutMs (0.122875ms)
✔ resolveStallConfigForTask honors contract extendGraceOnFileScope (0.074916ms)
✔ resolveWorkerPiTimeoutMs aligns with contract stall budget (0.111542ms)
✖ runWorker with contract stall override survives beyond global stall budget (scaled) (16429.03425ms)
✔ runWorker without contract override stalls at scaled global budget (6491.361833ms)
✔ isDeliveryArtifactPath accepts STATUS.md-only patterns (0.750959ms)
✔ isDeliveryArtifactPath accepts .DONE-only patterns (0.172875ms)
✔ isDeliveryArtifactPath accepts task-folder delivery globs (0.135416ms)
✔ isDeliveryArtifactPath rejects implementation and tasks-root paths (0.091292ms)
✔ isImplementationScopePattern detects source and tooling roots (0.068167ms)
✔ isStubDeliveryOnlyScope is true for delivery-only pattern sets (0.12375ms)
✔ isStubDeliveryOnlyScope rejects mixed implementation and delivery patterns (0.06425ms)
✔ isStubDeliveryOnlyScope rejects empty pattern lists (0.047375ms)
✔ isDeliveryArtifactPath honors custom tasksRoot (0.175625ms)
✔ resolveTaskStartCommit returns distinct start commits for serialized lane tasks (0.66075ms)
✔ resolveTaskStartCommit prefers task.started payload commit over prior lane.committed (0.104458ms)
✔ resolveTaskStartCommit returns null when task.started is missing (main...HEAD fallback) (0.077375ms)
✔ resolveTaskStartCommit resolves git HEAD at task.started timestamp when journal lacks commit (11376.847292ms)
✔ CONTRACT_TEST_COMMAND_MAX_BUFFER exceeds legacy 256KB limit (0.475875ms)
✔ runContractTestCommand captures large stdout without killing child (164.991625ms)
✔ runContractTestCommand surfaces ENOBUFS with scoped testCommand guidance (547.9115ms)
✔ verifyContract reports buffer overflow with scoped testCommand guidance (7546.112375ms)
✔ buildContractTestEnv moves SPINE_BATCH_ID to SPINE_PARENT_BATCH_ID (0.494375ms)
✔ detectNestedWorkerContext blocks parent batch in lane worktree (0.203417ms)
✔ startBatch blocks nested spawn when SPINE_PARENT_BATCH_ID set in lane worktree (187.0005ms)
✔ buildContractTestEnv allows isolated fixture batch start without parent batch id (18.492084ms)
✔ listChangedFiles with sinceCommit scopes diff to commits after anchor (18463.351ms)
✔ listChangedFiles without sinceCommit preserves baseBranch...HEAD (11695.474792ms)
✔ verifyContract with sinceCommit ignores prior same-lane task fileScopeMustNotChange violations (15482.677792ms)
✔ verifyContract without sinceCommit preserves cumulative lane branch behavior (12354.980041ms)
✔ buildContractTestEnv removes worker-only keys (0.554083ms)
✔ runContractTestCommand subprocess does not inherit SPINE_IS_WORKER (472.615667ms)
✔ verifyContract testCommand passes under worker env when subprocess is sanitized (1078.01525ms)
✔ verifyContract passes when testCommand exits 0 (1512.223333ms)
✔ verifyContract fails when testCommand exits non-zero (1188.530333ms)
✔ verifyContract checks artifactsMustExist paths in worktree (1479.893541ms)
✔ verifyContract expands glob patterns in artifactsMustExist (1288.769584ms)
✔ verifyContract returns ok with empty checks when contract has no verify fields (1855.456625ms)
✔ verifyContract enforces fileScopeMustChange and fileScopeMustNotChange (15065.173167ms)
✔ verifyContract checks minLineCoverage from command output (1341.511333ms)
✔ shouldRunContractVerify skips legacy TP-* tasks and absent contract sections (0.662667ms)
✔ matchesContractPattern supports glob paths (1.027542ms)
✔ parseAggregateLineCoverage parses coverage table rows (0.471125ms)
✔ SP-193-shaped placeholder contract fails validateContract in required mode (2.30625ms)
✔ verifyContract passes SP-193-shaped contract when scoped files changed (10990.722416ms)
✔ fileScopeMustChange trailing-slash pattern matches files under directory prefix (12318.3605ms)
✔ fileScopeMustChange trailing-slash pattern fails when no files under prefix changed (10932.069625ms)
✔ fileScopeMustChange exact-path and glob behavior preserved alongside trailing-slash (11124.620583ms)
✔ waitForDetachedBatchResume waits for integrate gate after batch completes (7560.046667ms)
✔ waitForDetachedBatchResume completes without gate when integrate gate not required (9600.920958ms)
✔ prepareDetachedResumeEngineHandoff terminates stale engine before resume spawn (99.927208ms)
✔ resolveDefaultResumeWaitTerminal returns true for engine_orphaned without flags (0.515833ms)
✔ resolveDefaultResumeWaitTerminal respects explicit flags (0.093291ms)
✔ detectPostMergeLimboForResume matches journal-only limbo for batch 20260629T210738 (17350.488625ms)
✔ postMergeLimbo diagnosis suggests spine batch resume --force (0.839083ms)
✔ resumeBatchDetached --force finalizes journal-only limbo without spawning engine (30905.385458ms)
✔ detached batch start opens integrate gate after stub engine completes (56258.038ms)
✔ timeout_waiting_for_batch with dead enginePid reconciles as engine_orphaned not running (12575.270542ms)
✔ startBatchDetached persists spawn enginePid before wait on timeout failure path (42482.951042ms)
✔ parseBatchArgs defaults to detached start (attached flag off) (0.757083ms)
✔ parseBatchArgs --attached opts into foreground engine (0.091708ms)
✔ buildAttachedBatchStartArgv forwards scope and skip-preflight (0.536917ms)
✔ formatDetachedBatchStartOutput includes monitor hints (0.205042ms)
✔ batch start returns quickly and runs engine in background (57104.372959ms)
✔ parseBatchArgs resume defaults to detached (attached flag off) (0.921125ms)
✔ buildAttachedBatchResumeArgv forwards force (0.326292ms)
✔ formatDetachedEngineOutput includes resume wording (0.132125ms)
✔ waitForDetachedBatchResume returns engine_started by default (5371.532459ms)
✔ waitForDetachedBatchResume with waitTerminal returns resume_completed (6677.2505ms)
✔ collectDetachedFailureDiagnostics includes task.failed summary and log tails (6500.943959ms)
✔ parseBatchArgs accepts --wait-terminal (0.180334ms)
✔ batch resume returns quickly and runs engine in background (51211.858542ms)
✔ inferLaunchFailureKind ignores DirtyWorktree exitReason (0.5805ms)
✔ buildHeadline prefers DirtyWorktree over worker launch (0.343625ms)
✔ buildSuggestedCommand for DirtyWorktree suggests coverage cleanup and retry (0.150875ms)
✔ buildHeadline surfaces review_exhausted primary failure (0.118541ms)
✔ buildSuggestedCommand for review_exhausted suggests batch retry (0.062167ms)
✔ buildHeadline surfaces contract_failed primary failure (0.098458ms)
✔ buildSuggestedCommand for contract_failed suggests PROMPT edit and retry (0.057667ms)
✔ buildDiagnosisOutput bundles primary failure class without launch headline (0.126916ms)
✔ reconcileBatch aligns hasFailedTasks with segment drift and DirtyWorktree headline (14126.005ms)
✔ reconcileBatch diagnoses review_exhausted from failed task exitReason (11405.110417ms)
✔ buildHeadline surfaces PI_SPINE_ROOT launch failure (0.697666ms)
✔ buildHeadline surfaces lane commit failures after worker completion (0.117958ms)
✔ buildSuggestedCommand prefers spine doctor for launch failures (0.20525ms)
✔ inferLaunchFailureKind reads worker output hints from journal (0.171708ms)
✔ extractJournalDiagnosisHints prioritizes setup hook and merge blocked events (5.645583ms)
✔ formatMixedOutcomeMessage lists succeeded tasks and spine batch retry guidance (0.249375ms)
✔ reconcileBatch diagnoses launch failure wave from fixture (11903.330584ms)
✔ buildDiagnosisOutput bundles launch failure headline and command (0.256208ms)
✔ DIAGNOSIS_TAXONOMY includes worker_orphaned distinct from needs_retry (0.595292ms)
✔ inferLaunchFailureFromWorkerOutputTail reads PI_SPINE_ROOT hints from log tail (0.118334ms)
✔ buildSuggestedCommand prefers abort for ghost running cluster (0.13825ms)
✔ buildHeadline surfaces worker_orphaned launch failure from worker output context (0.234375ms)
✔ worker_orphaned after plan review nested_spawn_blocked suggests batch retry (0.106ms)
✔ dead lane workerPid diagnoses worker_orphaned not needs_retry (12798.263834ms)
✔ dead workerPid after lane.completed does not diagnose worker_orphaned (10618.945417ms)
✔ worker_orphaned enriches launch headline from worker output log without task.failed (9823.345125ms)
✔ multiple ghost running tasks on one lane prefer spine batch abort (11126.561458ms)
✔ segment drift still diagnoses needs_retry (11722.852125ms)
✔ buildDiagnosisOutput bundles worker_orphaned headline and command (0.202583ms)
✔ isRunningWithoutActiveWorkers is false when workers are active (0.553333ms)
✔ isRunningWithoutActiveWorkers detects all-terminal tail state (0.078834ms)
✔ buildRunningTailHeadline maps macroPhase merging to operator text (0.184417ms)
✔ buildRunningTailHeadline maps gating / post-merge limbo (0.107667ms)
✔ buildHeadline preserves generic running when workers are active (0.185542ms)
✔ deriveMacroPhase uses journal merge tail when diagnosis is running without workers (0.225042ms)
✔ deriveMacroPhase stays executing when workers are active (0.072542ms)
✔ tail-state fixture reconciles without bare is running headline (11571.14075ms)
✔ tail-state headline matches batch 20260701T031142 shape via buildHeadline (0.201541ms)
✔ isCoverageArtifactPath matches extension/coverage and root coverage dirs (0.751625ms)
✔ isPathInFileScope matches exact paths and directory prefixes (0.15125ms)
✔ filterOutOfScopeCoveragePorcelain drops modified coverage outside file scope (0.15175ms)
✔ filterOutOfScopeCoveragePorcelain keeps in-scope coverage modifications (0.074458ms)
✔ restoreOutOfScopeCoverageArtifacts resets tracked coverage files (11468.393791ms)
✔ resolvePostLaneCommitPorcelain restores and filters out-of-scope coverage (10866.14175ms)
✔ commitLaneAndValidateWorktree succeeds when only out-of-scope coverage is dirty (16899.872792ms)
✔ commitLaneAndValidateWorktree fails when dirty without .DONE (9803.570167ms)
✔ isWorktreeDeletionPorcelainLine matches unstaged deletions (0.56475ms)
✔ isSymlinkOnlyDriftPorcelain is true only for deletion-only porcelain (0.108834ms)
✔ filterSetupHookSymlinkDriftPorcelain clears deletion-only drift (0.102583ms)
✔ parseLaneWorktreeIdentity extracts batch and lane from worktree path (0.520208ms)
✔ resolvePostLaneCommitPorcelain repairs hook symlink drift (15201.316458ms)
✔ commitLaneAndValidateWorktree succeeds when hook symlink drifts after PASS (20795.805541ms)
✔ dismissBatch kills live stub worker PID and journals lane.worker_terminated (13006.2555ms)
✔ shouldRunCodeReview requires review level 2 or higher (0.577292ms)
✔ findCodeReviewStepNumber prefers step with code review checkpoint (15.223875ms)
✔ findCompletedCodeReview honors journal review.completed code APPROVE (3.319458ms)
✔ findCompletedCodeReview honors step artifact APPROVE for code review step (7.279042ms)
✔ runTaskOnLane runs engine code review for RL2 without worker nested spawn (26414.97175ms)
✔ runTaskOnLane skips engine code review when review level is 0 (25000.80425ms)
✔ runTaskOnLane skips engine code review when review level is 1 (22464.504666ms)
✔ runTaskOnLane honors journal review.completed code APPROVE without duplicate spawn (24883.645917ms)
✔ runTaskOnLane re-invokes worker after code REVISE and succeeds on APPROVE (30923.2375ms)
✔ resolveReviewSpawnTimeoutMs aligns with stall budget for M tasks (0.601959ms)
✔ runStepReview journals review.failed with review_timeout on hung spawn (675.916291ms)
✔ async reviewer spawn does not block the event loop while waiting for timeout (889.196083ms)
✔ startBatch opens integrate gate before batch.completed journal event (49717.608708ms)
✔ startBatch serializes multiple tasks on one physical lane (70147.998833ms)
✔ startBatch runs disjoint-scope tasks on separate lanes in parallel (66470.628792ms)
✔ startBatch records lane commit before task.completed (55688.22ms)
✔ runTaskOnLane emits task.failed not task.completed when lane commit fails (17684.627625ms)
✔ validateSpineConfig accepts worktreeSetupIgnorePaths (0.250667ms)
✔ engine_orphaned diagnosis suggests retry when task id known, attached resume otherwise (0.554292ms)
✔ dead engine with phase running passes validateMultiTaskResume without pause (10990.163375ms)
✔ running phase with live engine pid rejects resume without force (9461.382834ms)
✔ reconcile engine_orphaned recommends attached resume for batch 20260618T191236 pattern (13984.344625ms)
✔ engine_orphaned with failedTaskId suggests retry (SP-315) (0.572417ms)
✔ reconcileOrphanRunningState transitions running task to failed with journal events (9700.623625ms)
✔ retryTask succeeds on orphan without manual pause (issue #20 trap) (9919.312125ms)
✔ diagnose then retry: suggestedCommand matches working recovery path (15398.466042ms)
✔ resume --force allowed after orphan reconcile when phase was running (11490.800916ms)
✔ terminateStaleDetachedEngine SIGTERM stale pid on failed resume (35.741125ms)
✔ runStepReview honors existing final PASS without re-spawn (39.450792ms)
✔ runStepReview skips review.failed journal when batch already completed (92.845166ms)
✔ startBatch lane branch has commit before merge when stub touches files (52897.444167ms)
✔ startBatch completes single task with stub worker (50622.369292ms)
✔ isExplicitBatchScope treats pending as explicit (0.220333ms)
✔ startBatch all dry-run allows multi-wave pending backlog (8390.096542ms)
✔ startBatch pending dry-run excludes done tasks (10051.366333ms)
✔ startBatch all fails when every task has .DONE (7371.405292ms)
✔ startBatch skips worker when .DONE exists on disk (33349.487542ms)
✔ resolveBatchStartScope normalizes all to pending IDs (8374.45875ms)
✔ startBatch explicit IDs still allow multi-wave when scope is not bare all (5530.986125ms)
✔ startBatch completes two-lane wave with stub workers (42245.6705ms)
✔ startBatch blocks merge on mixed outcomes (17163.720375ms)
✔ assessWaveMergeEligibility blocks failed and pending tasks (0.242625ms)
✔ collectCoreEvidenceBundle writes summary without complete marker (9798.193875ms)
✔ openIntegrateGate persists gate before extended evidence and journals milestones (14930.627083ms)
✔ openIntegrateGate keeps gate when extended evidence command fails (17159.741166ms)
✔ collectExtendedEvidenceBundle appends to existing refs (11216.952666ms)
✔ parseEvidenceCommandArgv accepts npm run test (1.662583ms)
✔ parseEvidenceCommandArgv preserves quoted arguments (0.208084ms)
✔ parseEvidenceCommandArgv rejects shell command chaining (0.356541ms)
✔ parseEvidenceCommandArgv rejects unknown binary (0.114917ms)
✔ runEvidenceCommand executes allowlisted argv without shell (248.771042ms)
✔ runEvidenceCommand rejects malicious config strings (0.511875ms)
✔ runEvidenceCommand skips empty command (0.119709ms)
✔ runEvidenceCommand rejects disallowed build binary (0.122875ms)
✔ parseEvidenceCommandArgv rejects subshell injection (0.124583ms)
✔ collectEvidenceBundle writes summary and .complete marker atomically (10543.596708ms)
✔ collectEvidenceBundle writes rejected output for unsafe testing.test (11730.1915ms)
✔ findCompletedFinalReview honors journal review.completed final PASS (7.193292ms)
✔ findCompletedFinalReview honors latest final artifact PASS (10.939583ms)
✔ runTaskOnLane honors pre-existing worker final review without spawn failure (21610.915625ms)
✔ runTaskOnLane honors journal review.completed final PASS without duplicate spawn (22961.595542ms)
✔ parseFinalReviewVerdict accepts PASS, REVISE, and REPLAN (0.907292ms)
✔ shouldRunFinalReview skips when review level is 0 (0.106333ms)
✔ runTaskOnLane skips final review when review level is 0 (22344.824375ms)
✔ runTaskOnLane journals task.verdict_recorded on PASS final review (25086.998833ms)
✔ runTaskOnLane re-invokes worker after REVISE and succeeds on PASS (29106.18225ms)
✔ runTaskOnLane caps REVISE at maxFinalAttempts with review_exhausted (27948.410542ms)
✔ runTaskOnLane fails with needs_replan and does not keep .DONE (15521.246291ms)
✔ mergeWaveLanesToOrch blocks when a wave task has exitReason needs_replan (6153.061292ms)
✔ runEngineFinalReview stub writes final artifact path (5.431417ms)
✔ isUnscopedFlutterAnalyzeSegment detects bare and compound analyze commands (1.472292ms)
✔ isUnscopedFlutterAnalyzeCommand handles compound shell commands (0.159334ms)
✔ isFlutterAnalyzeTestCompoundCommand matches analyze plus test (0.120083ms)
✔ shouldCleanFlutterBuildBeforeAnalyze respects config opt-out (0.086166ms)
✔ sanitizeFlutterBuildBeforeAnalyze removes polluted build directory (6884.254959ms)
✔ sanitizeFlutterBuildBeforeAnalyze is no-op when build is absent (5218.648042ms)
✔ prepareContractVerifyEnvironment removes polluted build for compound analyze command (3711.408166ms)
✔ polluted build does not fail verify after hygiene (8425.658083ms)
✔ verifyContract cleans polluted build before unscoped flutter analyze testCommand (6515.0785ms)
✔ buildTaskScorecard lists task rows (0.666375ms)
✔ openIntegrateGate persists pending gate and journals gate.opened (18077.460542ms)
✔ collectEvidenceBundle writes summary and diff-stat (16458.902583ms)
✔ approve and reject enforce gate FSM (9599.021791ms)
✔ rejectIntegrateGate journals gate.rejected (11633.871833ms)
✔ checkIntegrateGate blocks until approved (exit 2) (12285.704709ms)
✔ integrateOrchToBase fails with exit 2 when gate pending (19591.465ms)
✔ integrateOrchToBase succeeds after gate approval (31552.1165ms)
✔ force integrate requires SPINE_ALLOW_FORCE=1 (7529.338708ms)
✔ openIntegrateGateAfterBatchComplete skips non-completed batches (5018.929458ms)
✔ runSpineGate CLI approve updates gate record (10478.568083ms)
✔ isGitignoredArtifactPath matches extension/coverage and node_modules (0.5475ms)
✔ listGitignoredArtifactRoots deduplicates nested artifact dirs (0.508375ms)
✔ sanitizeGitignoredArtifactsBeforeLaneCommit removes worktree-only coverage (9581.156125ms)
✔ sanitizeGitignoredArtifactsBeforeLaneCommit skips when disabled (7043.113416ms)
✔ commitLaneAndValidateWorktree succeeds when only extension/coverage is gitignored dirty (15041.072166ms)
✔ commitLaneAndValidateWorktree succeeds when only node_modules is gitignored dirty (16669.774458ms)
✔ sanitizeGitignoredArtifactsBeforeLaneCommit does not clean index-tracked gitignored paths (13410.809917ms)
✔ commitLaneWorktree still fails for index-tracked gitignored coverage (14092.282959ms)
✔ classifyGitignoredPaths returns empty arrays for empty input (5711.888584ms)
✔ classifyGitignoredPaths detects index-tracked gitignored paths (11280.90975ms)
✔ classifyGitignoredPaths detects worktree-only gitignored paths (9034.896125ms)
✔ classifyGitignoredPaths handles mixed index-tracked and worktree-only (11500.871042ms)
✔ formatGitignoredRemediationMessage: worktree-only does not suggest git rm --cached (0.665292ms)
✔ formatGitignoredRemediationMessage: index-tracked suggests git rm --cached (0.163792ms)
✔ formatGitignoredRemediationMessage: mixed suggests both remediation paths (0.160459ms)
✔ commitLaneWorktree: worktree-only gitignored does not suggest git rm --cached (13249.126917ms)
✔ commitLaneWorktree: index-tracked gitignored still suggests git rm --cached (16307.76875ms)
✔ regression: SP-011 worktree-only coverage after npm test does not suggest git rm --cached (14814.760208ms)
✔ isGitignoredArtifactPath matches graphify-out hook output (0.53625ms)
✔ listGitignoredArtifactRoots deduplicates nested graphify-out paths (0.485125ms)
✔ sanitizeGitignoredArtifactsBeforeLaneCommit removes worktree-only graphify-out (10680.556667ms)
✔ commitLaneAndValidateWorktree succeeds when only graphify-out is gitignored dirty (15846.160375ms)
✔ collectProgressSignals skips git porcelain when file-scope mtimes are stable (7645.728541ms)
✔ collectProgressSignals runs git porcelain when a scoped file is touched (5310.535792ms)
✔ resolveHeartbeatKind marks launching as worker_alive only (0.61075ms)
✔ shouldEmitCheckpointWarning skips launching phase (0.156417ms)
✔ buildHeartbeatPayloadFields omits stale checkpoint signals during launching (0.094792ms)
✔ recordLaneHeartbeat journals kind and phase (920.971333ms)
✔ runWorker launching heartbeat does not journal stale STATUS mtime on fast-fail retry (6340.041583ms)
✔ resolveStallConfig applies lane overrides (0.628625ms)
✔ progressSignalsChanged detects STATUS mtime updates (710.638542ms)
✔ computeStallDeadline extends past hard timeout after progress (0.111584ms)
✔ stall false positive avoided when STATUS updates extend deadline (I-01) (0.103833ms)
✔ findLatestStepCompletedMs returns newest matching task.step_completed (0.126209ms)
✔ progressSignalsChanged detects journal task.step_completed (silent tools) (1066.091083ms)
✔ activitySignalsChanged detects file-scope mtime updates (FR-WORK-10 / FR-STALL-02) (1294.037791ms)
✔ startBatch records lane.heartbeat during stub worker delay (50427.481875ms)
✔ startBatch persists baseBranchHeadAtStart and journals batch.base_snapshot (47303.52275ms)
✔ isFastForwardCapableIntegrate detects orch ahead of main (#93) (18146.813958ms)
✔ integrateOrchToBase fast-forwards when orch is strictly ahead (#93 batch 20260702T071449) (48108.22525ms)
✔ integrateOrchToBase fast-forwards with generatedAt-only rules-manifest drift on main (#93) (42707.160375ms)
✔ recordBatchBaseSnapshot stores head sha and journals batch.base_snapshot (6577.020667ms)
✔ integrateOrchToBase succeeds with uncommitted edits on main (33630.404875ms)
✔ integrateOrchToBase conflict path leaves human checkout and files unchanged (40420.407083ms)
✔ integrateOrchToBase succeeds with uncommitted edits on feature branch (non-base) (32783.795ms)
✔ integrateOrchToBase dry-run advertises isolated merge plan (14173.65175ms)
✔ resolveRulesManifestIntegrateDrift restores main when worker manifest matches orch (#22) (18462.715292ms)
✔ integrateOrchToBase succeeds with worker manifest drift on main matching orch (#22) (46535.413375ms)
✔ resolveRulesManifestIntegrateDrift blocks unrelated dirty files on main (14203.637416ms)
✔ resolveRulesManifestIntegrateDrift blocks substantive manifest drift not matching orch (13529.439542ms)
✔ resolveRulesManifestIntegrateDrift still clears generatedAt-only drift on main (16157.876708ms)
✔ resolveRulesManifestIntegrateDrift clears generatedAt-only dirty manifest on main (17368.138292ms)
✔ integrateOrchToBase succeeds with dirty generatedAt-only rules-manifest on main (46686.56075ms)
✔ inspectHumanBaseSync reports integrate_isolated_ok after plumbing integrate leaves HEAD behind (59547.98025ms)
✔ inspectHumanBaseSync reports human_base_diverged when human commits overlap orch paths (26263.125166ms)
✔ spine sync-base CLI merges landed main into feature branch (39288.525375ms)
✔ DEFAULT_SYNC_TIMEOUT_MS is 60 seconds (0.500167ms)
✔ syncPlumbingMergePathsToWorktree returns ok: true on successful sync (12889.899209ms)
✔ syncPlumbingMergePathsToWorktree returns ok: false with timedOut on timeout (12183.157167ms)
✔ integrateOrchToBase emits integrate.failed with IntegrateTimeout on sync timeout (33078.411709ms)
✔ successful integrate still emits integrate.completed (regression) (30858.445291ms)
✔ partial sync failure returns ok: false with correct failureClass from integrateOrchToBase (30220.297041ms)
✔ syncPlumbingMergePathsToWorktree succeeds when worktree has paths not in HEAD (11208.3585ms)
✔ syncPlumbingMergePathsToWorktree restores paths that exist in merge commit (15687.733458ms)
✔ syncPlumbingMergePathsToWorktree skips diff paths absent from merge commit (15409.860584ms)
✔ assertOrchIntegratable refuses empty orch when mergeResults claim success (8437.731167ms)
✔ assertOrchIntegratable requires integrate when orch is ahead of base (9196.9225ms)
✔ reconcileBatch reports needs_integrate when batch completed but orch not on main (15905.292125ms)
✔ completeBatch refuses when orch is ahead but not integrated (19136.9175ms)
✔ integrateOrchToBase merges orch into main and journals events (33282.41375ms)
✔ integrateOrchToBase dry-run does not change main HEAD (14556.847584ms)
✔ completeBatch succeeds after integrate lands orch on main (26997.854291ms)
✔ integrateOrchToBase aborts merge on conflict and restores checkout (19580.901709ms)
✔ integrateOrchToBase fails when batch state is missing (0.2755ms)
✔ runSpineIntegrate CLI succeeds when orch tip already matches main (4973.684417ms)
✔ PRD §20.2 planner yields wave0 {A,C} and wave1 {B} (8240.574ms)
✔ PRD §20.2 two-lane stub batch completes ABC waves (86170.979208ms)
✔ PRD §20.2 mixed-outcome blocks merge; retry resets wave B for resume (37975.631333ms)
✔ runStepReview with worker attach env does not journal when attach suppressed (36.853917ms)
✔ runSpineReviewStep with worker attach env does not journal when attach suppressed (19.2665ms)
✔ runSpineReportProgress with worker attach env does not journal when attach suppressed (10.87575ms)
✔ readJournalEventsCached returns same events as readJournalEvents (108.953583ms)
✔ readJournalEventsCached returns cached copy on second call without file change (165.886375ms)
✔ readJournalEventsCached invalidates when file mtime changes (125.355041ms)
✔ readJournalEventsCached returns empty array for missing file (43.575792ms)
✔ clearJournalCache forces re-read on next call (96.420709ms)
✔ invalidateJournalCache with matching path clears cache (169.842625ms)
✔ invalidateJournalCache with non-matching path preserves cache (68.952709ms)
✔ readJournalEventsCached handles transition from missing to existing file (30.748542ms)
✔ readJournalEventsCached handles switch between different batch IDs (86.415042ms)
✔ runSpineJournal replay exits non-zero when journal missing (30.36425ms)
✔ runSpineJournal replay prints human table (237.348708ms)
✔ runSpineJournal replay --json returns events array (87.429208ms)
✔ exportJournalJsonl returns null when journal missing (9.786291ms)
✔ runSpineJournal export exits non-zero when journal missing (2.243ms)
✔ runSpineJournal export writes jsonl to stdout (81.184042ms)
✔ runSpineJournal export --output writes file (66.6555ms)
✔ exportJournalMarkdown returns null when journal missing (11.577542ms)
✔ formatJournalMarkdownTimeline produces stable table shape (6.659708ms)
✔ formatJournalMarkdownTimeline escapes pipe characters in summary (0.116833ms)
✔ runSpineJournal export markdown exits non-zero when journal missing (1.449708ms)
✔ runSpineJournal export writes markdown to stdout (85.514583ms)
✔ runSpineJournal export markdown --output writes file (40.386708ms)
✔ detectBatchStateDrift flags running cache when reconcile sees doneInLane without journal terminal (0.71ms)
✔ deriveStructuralBatchStateFromJournal rebuilds multi-lane skeleton without cache seed (3.091958ms)
✔ resume-parallel-lane-orphan fixture: journal-only rebuild marks resumed tasks running (2.448875ms)
✔ orphan-running-resume fixture: structural + lifecycle rebuild without seed (0.825625ms)
✔ pidless-ghost-running fixture: post-resume task.started wins over historical failure (0.925042ms)
✔ resume-orphan-historical-failure fixture: rebuild ignores pre-resume failure for active task (0.681625ms)
✔ retry-clears-failed-classification fixture: rebuild fixes stale failed cache (1.745208ms)
✔ retry-clears-failed-classification fixture: detectBatchStateDrift flags cache vs journal (1.674875ms)
✔ incident fixtures rebuild from disk matches in-memory journal rebuild (5675.590084ms)
✔ readJournalTimeline filters task and batch lifecycle events (0.573708ms)
✔ rebuildBatchStateFromJournal applies task.completed over stale failed cache (0.866291ms)
✔ detectBatchStateDrift flags journal completed vs cache failed (0.271792ms)
✔ detectBatchStateDrift ignores incomplete journal when cache failed (0.132ms)
✔ incident orphan-running fixture: journal timeline is readable (5004.341292ms)
✔ appendJournalEvent writes schema v1 with ISO timestamp and payload (33.2965ms)
✔ readLastTaskFailedEvent returns most recent task.failed (40.668833ms)
✔ redactSecrets masks sensitive keys (0.555042ms)
✔ capPayloadSize truncates oversized payloads (0.398667ms)
✔ normalizeJournalEvent upgrades legacy lines (0.239792ms)
✔ readJournalEvents reads mixed legacy and v1 lines (30.887833ms)
✔ extractJournalDiagnosisHints surfaces failure events from tail (0.388875ms)
✔ commitLaneWorktree commits dirty worktree when .DONE exists (15712.254084ms)
✔ commitLaneWorktree fails loud when dirty without .DONE (10967.683583ms)
✔ filterPorcelain drops lines matching ignore patterns by full path (0.3ms)
✔ filterPorcelain drops lines matching ignore patterns by basename (0.103917ms)
✔ filterPorcelain keeps rename targets when only source matches ignore (0.081375ms)
✔ filterPorcelain returns empty for empty input (0.058416ms)
✔ mergeLaneToOrch rejects empty merge when lane commits were required (13345.663708ms)
✔ mergeLaneToOrch prefers orch for conflicts outside lane file scope (32454.10625ms)
✔ mergeLaneToOrch does not auto-resolve in-scope lane conflicts (25050.711541ms)
✔ dismiss archives batch-state before clearing active file (9693.438583ms)
✔ complete with --detect-manual-merge succeeds when orch merged to main (16900.624666ms)
✔ complete refused when mergeResults succeeded but orch not on main (36470.039667ms)
✔ dismiss refused when diagnosis is running without --force (8327.245083ms)
✔ isPostMergeLimbo is true when tasks and merges succeeded with open orch branch (0.556375ms)
✔ isPostMergeLimbo rejects non-running or ended batches (0.087458ms)
✔ isPostMergeLimbo rejects empty or partial task/merge state (0.070583ms)
✔ isPostMergeLimbo respects git orch branch signals (1.003833ms)
✔ isPostMergeLimbo rejects null or non-object state (0.104125ms)
✔ resolveWorkerOutputConfig defaults live log streaming off (0.618375ms)
✔ workerLiveLogPath matches runtime layout (0.102208ms)
✔ truncateLiveLogBytes applies truncation marker when over cap (0.168958ms)
✔ appendWorkerLiveLogChunk redacts secrets and enforces byte cap (18.1455ms)
✔ createWorkerLiveLogWriter returns null when streaming disabled (0.222917ms)
✔ runWorker streams subprocess stub output to live log when enabled (5718.78425ms)
✔ runWorker skips live log when streamWorkerOutputLive is false (6379.956041ms)
✔ runWorker still writes terminal failure log when live streaming enabled (5680.922334ms)
✔ startAgentSessionWorker flushes transcript chunks to live log (134.366208ms)
✔ appendWorkerLiveLogChunk rolls file with truncation marker when over max bytes (17.78ms)
✔ MACRO_PHASES exports all eleven lifecycle values (0.966666ms)
✔ deriveMacroPhase: idle when no batch signals (0.108333ms)
✔ deriveMacroPhase: planning from batch phase (0.131ms)
✔ deriveMacroPhase: executing for active running batch (0.105125ms)
✔ deriveMacroPhase: merging phase and needs_merge diagnosis (0.092084ms)
✔ deriveMacroPhase: reviewing when review.started is open (0.113833ms)
✔ deriveMacroPhase: gating for pending gate or post-merge limbo (0.069125ms)
✔ deriveMacroPhase: integrating for needs_integrate and open integrate.started (0.095625ms)
✔ deriveMacroPhase: completed, failed, aborted, paused terminal phases (0.081125ms)
✔ fixture running-batch.json reconciles to executing macro-phase (10099.829833ms)
✔ fixture taskplane-executing.json maps to executing (1.368166ms)
✔ fixture needs-retry-batch.json maps to failed macro-phase (10069.644834ms)
✔ fixture limbo-stale maps to completed macro-phase (10190.87325ms)
✔ all macro-phase enum values are reachable via deriveMacroPhase (0.222916ms)
✔ recordMergeBlocked sets terminal merge_blocked phase and clears enginePid (6407.675875ms)
✔ reconcileBatch diagnoses merge_blocked as failed merge, not needs_merge (12330.096792ms)
✔ legacy merging phase with endedAt and failed mergeResults reconciles as failed (11943.992666ms)
✔ findResumableWave skips succeeded merged waves when later wave has pending tasks (1.2515ms)
✔ validateMultiTaskResume allows force resume from merge_blocked (15727.954459ms)
✔ buildSuggestedCommand recommends resume --force for merge_blocked phase (0.277791ms)
✔ summarizeMergeFailures extracts failed wave and lane from mergeResults (0.575125ms)
✔ buildMergeFailureHeadline uses 1-based wave number and lane label (0.145792ms)
✔ buildHeadline for failed diagnosis surfaces merge conflict instead of zero failed tasks (0.207208ms)
✔ buildSuggestedCommand for merge failure suggests resume --force (0.144417ms)
✔ buildDiagnosisOutput bundles merge failure headline and command (0.13325ms)
✔ reconcileBatch surfaces merge failure fields distinct from failedTasks (11579.816666ms)
✔ spine status --json includes merge failure fields for monitors (9634.499833ms)
✔ spine status --diagnose prints merge failure details in text output (8500.317541ms)
✔ filterGitignoredPaths separates ignored and stageable paths (9736.339333ms)
✔ gitAddFilteredPaths skips gitignored paths without failing (10035.064958ms)
✔ mergeLaneToOrch succeeds when task branch committed gitignored coverage (34451.406458ms)
✔ commitLaneWorktree refuses gitignored-only dirty paths (7174.06925ms)
✔ commitLaneWorktree commits tracked files while skipping gitignored dirty paths (7706.521875ms)
✔ inferMergeGitignoredFailure detects gitignored merge and lane commit failures (0.235375ms)
✔ buildSuggestedCommand returns git rm --cached repair for gitignored merge failures (0.182875ms)
✔ reconcileBatch surfaces gitignored merge repair command from journal (5573.375292ms)
✔ filterPorcelain remains unchanged for SP-104 ignore patterns (0.29525ms)
✔ mergeLaneToOrch auto-resolves additive docs/PRD.md after origin/main merge task (36536.630958ms)
✔ mergeLaneToOrch fails PRD merge with recovery commands when hunks overlap (23484.808459ms)
✔ formatPrdDocMergeFailure names file and wave recovery (0.624208ms)
✔ isActiveWorkerSession true when SPINE_WORKER_RUNNER is set (0.522542ms)
✔ isActiveWorkerSession false outside worker context (0.07425ms)
✔ runStepReview skips nested reviewer spawn when worker env is set (660.229167ms)
✔ runStepReview skips nested plan review spawn when worker env is set (145.844208ms)
✔ runStepReview stub path still works inside worker session (152.898959ms)
✔ runStepReview reaches pi availability check when worker env absent (22.057083ms)
✔ engine parent with leaked worker runner reaches reviewer spawn (37.654875ms)
✔ batch 20260619T020951 SP-306 plan step 0 journals review.skipped not review.failed (77.331041ms)
✔ detectNestedWorkerContext returns reason when SPINE_IS_WORKER=1 (43.913334ms)
✔ detectNestedWorkerContext returns reason when projectRoot is inside .worktrees/spine-* (7.506833ms)
✔ detectNestedWorkerContext returns null for normal projectRoot without worker env (3.8995ms)
✔ startBatch returns error when SPINE_IS_WORKER=1 (25.57775ms)
✔ startBatch returns error when projectRoot is inside .worktrees/spine-* (57.913083ms)
✔ startBatch succeeds normally (no env, normal CWD) — regression (45122.581333ms)
✔ buildWorkerChildEnv includes SPINE_IS_WORKER=1 (5.294ms)
✔ journalEventsSinceResume excludes pre-resume terminal events (3.004292ms)
✔ detectOrphanRunning: historical task.failed + post-resume silence + dead engine (0.7355ms)
✔ resume orphan with historical failure fixture is not diagnosed as running (9075.833541ms)
✔ terminal event within scoped window still suppresses engine orphan (2.638333ms)
✔ journalIndicatesStalledSession: post-resume start without terminal (1.258542ms)
✔ detectOrphanRunning: PID-less ghost running with post-resume journal stall (0.697ms)
✔ pidless ghost fixture reconcile is engine_orphaned, not running (9712.775417ms)
✔ terminal event within scoped window suppresses PID-less ghost signal (1.436084ms)
✔ isProcessAlive returns false for absent pid (0.596708ms)
✔ resume parallel lane orphan fixture: multiple running on lane 1 (2.513417ms)
✔ resume parallel lane orphan fixture: reconcile is actionable after scoped orphan detect (9867.006708ms)
✔ searchATon orphan incident fixture: dead workerPid is not diagnosed as running (9015.950083ms)
✔ dead workerPid with running task is not diagnosed as running (10151.8525ms)
✔ dead enginePid mid-resume without terminal journal is engine_orphaned (10386.019375ms)
✔ running batch without recorded pids still reports running (7269.299708ms)
✔ detectOrphanRunning ignores dead engine when terminal journal exists (0.24075ms)
✔ recordBatchEnginePid persists under resilience and clears on terminal save (3668.861292ms)
✔ confirmed pause records batch.paused only after engine persists phase (3881.198166ms)
✔ unconfirmed pause does not leave orphan batch.paused journal entry (5842.074417ms)
✔ pauseBatch succeeds immediately when no attached engine is alive (6013.926375ms)
✔ pauseBatch fails loud when attached engine keeps phase running (5696.665708ms)
✔ waitForPauseConfirmation returns true when phase stays paused (5460.919875ms)
✔ retryTask succeeds when batch phase is paused (5509.506417ms)
✔ retryTask rejects when batch phase is running (4316.043875ms)
✔ resolveAttachedMilestonePollMs defaults to 2000ms when config omitted (0.546833ms)
✔ resolveSequencePollMs defaults to 5000ms when config omitted (0.111416ms)
✔ resolveDashboardPollMs defaults to 2000ms when config omitted (0.075209ms)
✔ resolveAttachedMilestonePollMs honors orchestrator.attachedMilestonePollMs override (0.070834ms)
✔ resolveSequencePollMs honors orchestrator.sequencePollMs override (0.06375ms)
✔ resolveDashboardPollMs honors orchestrator.dashboardPollMs override (0.056084ms)
✔ validateOrchestratorConfig rejects invalid poll values (0.131ms)
✔ validateSpineConfig accepts orchestrator poll overrides (0.250458ms)
✔ waitForSequenceBatchTerminal uses 5000ms default poll interval (0.080875ms)
✔ batch 20260630T212050 orphan-after-merge fixture describes GitHub #59 incident (1.525583ms)
✔ batch 20260630T212050 journal fixture is limbo via resume detect but not bare state (10557.673791ms)
✔ hydrateMergeResultsFromJournal enables state limbo detection for batch 20260630T212050 (7657.385208ms)
✔ finalizeAttachedLandLoopBeforeExit opens gate for batch 20260630T212050 journal limbo (20394.774042ms)
✔ installAttachedExitFinalizeHandlers finalizes journal limbo on SIGTERM without manual resume (13435.367042ms)
✔ batch 20260629T021550 fixture is post-merge limbo without gate (6729.047792ms)
✔ attemptPostMergeLandLoopHandoff finalizes batch 20260629T021550 limbo after SIGTERM (14551.442584ms)
✔ resumeBatchDetached --force finalizes post-merge limbo without spawning engine (13893.556042ms)
✔ resumeBatch attached path finalizes batch 20260629T021550 limbo immediately (9753.937125ms)
✔ resumeMultiTaskBatch still finalizes batch 20260629T021550 after orphan_terminated (7938.079ms)
✔ finalizeResumePostMergeLimbo clears stale engine pid during post-merge limbo (7484.515666ms)
✔ isPostMergeLimbo detects running phase with successful merges (0.530708ms)
✔ deriveDiagnosis returns needs_integrate for post-merge limbo (0.430084ms)
✔ finalizeBatchForIntegrate opens gate from post-merge limbo without resume (12260.394375ms)
✔ resumeMultiTaskBatch opens gate from post-merge limbo without re-running tasks (13431.742166ms)
✔ mixed-outcome post-mortem lists failed IDs and retry hint, not smooth success (9617.406542ms)
✔ false-success reconciliation headline is overridden when failures exist (1.782125ms)
✔ listFailedTaskIds prefers classified terminal-failure tasks (3.641333ms)
✔ collectEvidenceBundle summary.md is honest post-mortem markdown (8752.447625ms)
✔ dismissBatch writes post-mortem path into batch history (8192.292791ms)
✔ writeBatchPostMortem persists markdown under runtime batch dir (6554.915875ms)
✔ spine status --verbose includes post-mortem section for active batch (5764.349166ms)
✔ resolveStallConfig defaults progressSnapshotIntervalMinutes to 2 (0.548042ms)
✔ resolveStallConfig applies progressSnapshotIntervalMinutes override (0.084041ms)
✔ buildProgressSnapshotPayload is bounded and omits dirty path lists (0.531042ms)
✔ progressSnapshotPayloadChanged detects field deltas (0.101834ms)
✔ shouldEmitProgressSnapshot respects interval (0.077042ms)
✔ recordLaneProgressSnapshot journals bounded payload (519.432709ms)
✔ runWorker emits lane.progress_snapshot on interval and dedupes unchanged signals (10455.315083ms)
✔ startBatch fails closed on invalid PROMPT before batch starts (6496.12375ms)
fatal: malformed object name missing-base-branch
✔ inspectGitState records gitInspectionError when merged-branch scan fails (7215.981291ms)
✔ deriveDiagnosis returns git_unavailable when git inspection failed (1.378458ms)
✔ reconcileBatch surfaces git_unavailable instead of limbo_stale on git failure (7974.210125ms)
fatal: malformed object name missing-base-branch
✔ reconcileBatch records count_commits_ahead git errors from real git refs (9159.655708ms)
✔ idle-no-batch returns healthy idle state (5567.113833ms)
✔ limbo_stale detected from incident fixture (7430.155375ms)
✔ completed_manual when orch branch merged to main (9726.583792ms)
✔ needs_retry when a task failed (4716.2355ms)
✔ running diagnosis for active batch (5303.814ms)
✔ runReconciliationCheck matches reconcileBatch output shape (5816.678417ms)
✔ reconcileBatch includes journal hints when journal exists (5531.990333ms)
✔ reconcileBatch exposes macroPhase for running batch (6387.880292ms)
✔ reconcileBatch exposes macroPhase for limbo_stale (5749.4755ms)
✔ failBatchFromEngineError writes batch.failed and clears enginePid (5716.201167ms)
✔ reconcileGhostRunningTasks marks running tasks failed without worker (0.262042ms)
✔ resumeMultiTaskBatch fail-closed when post-commit gitPorcelain throws (17204.2995ms)
✔ resumeBatch opens integrate gate before batch.completed journal event (26277.086ms)
✔ refreshLaneHeartbeatsOnResume aligns lane heartbeats to engineStartedAt (0.585ms)
✔ taskAlreadyComplete returns false for failed task with stale .DONE on disk (0.479625ms)
✔ resumeBatch after failed retry runs contract verification before succeed (23546.2905ms)
✔ resumeBatch continues paused 2-task 2-lane batch with stub workers (36154.306333ms)
✔ resumeBatch multi path requires existing lane worktrees (4111.324416ms)
✔ multi-task batch start → pause → resume completes both tasks (40217.441625ms)
✔ paused multi-task batch diagnose suggests multi-task resume (7808.970958ms)
✔ multi-task startBatch completes two-lane stub batch (start path) (32416.952458ms)
✔ resumeBatch serializes four tasks on one lane (53752.701542ms)
✔ resumeBatch runs two lanes with two tasks each in parallel (36517.6595ms)
✔ validateMultiTaskResume accepts paused 2-task 2-lane batch (6435.198292ms)
✔ validateMultiTaskResume rejects batch with zero tasks (4179.795042ms)
✔ validateMultiTaskResume rejects missing worktree per lane (4649.431375ms)
✔ validateMultiTaskResume allows force resume when wave merge is pending (6207.549667ms)
✔ validateResumeBatch delegates to multi validator for single-task batch (5680.060916ms)
✔ resolveDetachedWaitTimeoutMs uses long default for wait-terminal orphan resume (0.53575ms)
✔ prepareOrphanResumeHandoff clears stale workerPid before orphan resume (3923.048333ms)
✔ clearStaleLaneWorkerPids preserves live worker pid (1955.457917ms)
✔ dual-dead lane+engine orphan reconciles as engine_orphaned with attached resume (6266.475667ms)
✔ attached resume --force completes stuck task after plan review orphan stall (33532.652667ms)
✔ detached resume with wait-terminal uses extended timeout constant (0.175208ms)
✔ taskTerminalSuccessInBatch requires succeeded status and journal task.completed (0.559583ms)
✔ resume --force after partial retry does not review.start succeeded task IDs (39544.540125ms)
✔ resume-validation leaf does not import reconcile.mjs (0.876375ms)
✔ isTaskResumable accepts pending, running, and resumable segments (0.138875ms)
✔ computePendingTasks filters to resumable tasks only (0.084583ms)
✔ findResumableWave skips succeeded merged waves when later wave has pending tasks (0.172042ms)
✔ detectPostMergeLimboFromResumeSignals uses state mergeResults without journal (0.162875ms)
✔ detectPostMergeLimboFromResumeSignals detects journal-only limbo when mergeResults empty (0.092959ms)
✔ detectPostMergeLimboFromResumeSignals rejects when gate already exists (0.070709ms)
✔ classifyTasksForOrphanDetect maps running status to running classification (0.500459ms)
✔ pauseBatch sets phase paused and journals batch.paused (2638.752667ms)
✔ resumeBatch continues paused single-lane batch (23903.579542ms)
✔ paused spine batch reconciliation suggests spine batch resume (5681.53675ms)
✔ validateBatchState requires segments aligned with tasks (0.617291ms)
✔ retryTask clears stale failure metadata before re-run (2838.132ms)
✔ retry then task.completed updates counters and reconcile diagnosis (5876.591291ms)
✔ retry-clears-failed-classification fixture reconciles after success state (5749.112083ms)
✔ retryTask atomically resets task and segment records (2927.887459ms)
✔ retryTask fixes segment drift (GAP-RETRY-01) (2551.401042ms)
✔ resumeBatch refuses segment drift without retry (3735.876ms)
✔ skipTask marks task skipped and updates counters (2797.92525ms)
✔ retryTask rejects when batch is running (2753.927334ms)
✔ defaultSegmentId used in segment records (0.165958ms)
✔ detectOrphanedReviewStarted finds orphaned review.started with no matching review.completed (0.814666ms)
✔ detectOrphanedReviewStarted returns empty when review.completed exists (0.08925ms)
✔ detectOrphanedReviewStarted distinguishes code and final review types (0.079542ms)
✔ reconcileOrphanedReviewEvents synthesizes completion when APPROVE artifact on disk (172.311542ms)
✔ reconcileOrphanedReviewEvents does NOT synthesize when no artifact on disk (128.716209ms)
✔ reconcileOrphanedReviewEvents does NOT synthesize for REVISE verdict (12.372083ms)
✔ findCompletedCodeReview honors artifact at attempt > 0 (10.825834ms)
✔ normal review flow (no crash) still works correctly (0.175ms)
✔ reconcileOrphanedReviewEvents handles final review with PASS verdict (86.8635ms)
✔ buildReviewerSystemPrompt includes project standards when rules manifest exists (22.279917ms)
✔ buildReviewerSystemPrompt emits reviewer.rules_selected journal event (36.861542ms)
✔ buildReviewRequest user prompt does not include injected standards block (0.541ms)
✔ runStepReview stub path does not emit reviewer.rules_selected (92.666ms)
✔ isNoiseReviewScopePath matches runtime artifact paths (0.63525ms)
✔ filterReviewScopeNoise dedupes and drops noise (0.490833ms)
✔ resolvePlanReviewScopePaths returns PROMPT File Scope minus noise (2.059167ms)
✔ resolveReviewScopePaths plan uses task PROMPT file scope (2.833ms)
✔ resolveReviewScopePaths final returns empty scope (0.112708ms)
✔ resolveCodeReviewScopePaths uses baseline..HEAD when baseline provided (3821.655625ms)
✔ resolveCodeReviewScopePaths falls back to git diff --name-only without baseline (4361.390333ms)
✔ resolveReviewScopePaths code honors injectable git runner (0.3585ms)
✔ resolveCodeReviewScopePaths returns empty array when git fails (0.464708ms)
✔ parseReviewLevel reads PROMPT heading (0.666083ms)
✔ isReviewTypeRequired follows Taskplane rubric (0.090875ms)
✔ formatReviewTimestamp strips separators from ISO time (2.600792ms)
✔ buildReviewArtifactPath uses step-timestamp pattern (0.248ms)
✔ buildFinalReviewArtifactPath uses final-timestamp pattern (0.114166ms)
✔ normalizeVerdict maps enums by review type (0.090292ms)
✔ normalizeFinalVerdict and normalizeCodeVerdict are type-specific aliases (0.082416ms)
✔ parseReviewVerdict reads JSON and markdown verdicts (0.490792ms)
✔ parseReviewVerdict accepts PASS REVISE REPLAN when reviewType is final (0.08875ms)
✔ parseReviewVerdict step mode rejects final-only verdict enums (0.185417ms)
✔ parseFinalReviewVerdict accepts PASS, REVISE, and REPLAN (0.125792ms)
✔ parseFinalReviewVerdict omits heading summary unlike parseReviewVerdict (0.0965ms)
✔ shouldRunCodeReview requires review level 2 or higher (0.066625ms)
✔ shouldRunFinalReview skips when review level is 0 (0.060292ms)
✔ DEFAULT_REVIEW_SPAWN_TIMEOUT_MS is 90 minutes (0.496916ms)
✔ honorReviewSpawnFailureWhenEligible honors final review when contract passed (3.911208ms)
✔ honorReviewSpawnFailureWhenEligible skips when contract failed (0.667708ms)
✔ honorReviewSpawnFailureWhenEligible honors code review with .DONE (2.042417ms)
✔ buildReviewerPiArgs includes --model when config pins reviewer (14.989792ms)
✔ buildReviewerPiArgs omits --model when reviewer model is inherit (39.92175ms)
✔ buildReviewerPiArgs uses per-type model override for matching reviewType (16.509ms)
✔ buildReviewerPiArgs falls back to top-level reviewer pin when per-type block missing (13.733416ms)
✔ buildReviewerPiArgs cascades per-type inherit to top-level reviewer pin (11.079334ms)
✔ spawnReviewerPi fails closed when pi unavailable via SPINE_REVIEW_TEST_NO_PI (18.141958ms)
✔ buildReviewerChildEnv strips SPINE_WORKER_RUNNER from reviewer child env (0.368084ms)
✔ shouldBlockNestedReviewerSpawn false when only worker runner leaked on engine (0.11ms)
✔ spawnReviewerPi allows engine spawn when worker runner leaked without journal attach (32.857792ms)
✔ shouldBlockNestedReviewerSpawn true inside live worker child session (0.277125ms)
✔ parseReviewLevel reads PROMPT heading (0.740417ms)
✔ isReviewTypeRequired follows Taskplane rubric (0.093209ms)
✔ buildReviewArtifactPath uses step-timestamp pattern (8.791583ms)
✔ buildFinalReviewArtifactPath uses final-timestamp pattern (0.150667ms)
✔ parseReviewVerdict reads JSON and markdown verdicts (0.531291ms)
✔ parseReviewVerdict accepts PASS REVISE REPLAN when reviewType is final (0.131084ms)
✔ parseReviewVerdict step mode rejects final-only verdict enums (0.092209ms)
✔ parseReviewVerdict accepts PASS REVISE REPLAN for final review type (0.086541ms)
✔ resolveBatchJournalContext ignores SPINE_BATCH_ID without SPINE_JOURNAL_ATTACH (0.202125ms)
✔ isJournalAttachBlocked honors SPINE_SUPPRESS_JOURNAL_ATTACH (0.140416ms)
✔ resolveBatchJournalContext blocked when attach suppressed (0.104958ms)
✔ runStepReview ignores SPINE_REVIEW_STUB_FAIL without stub mode (55.717542ms)
✔ runStepReview stub APPROVE writes artifact and journal events (124.460542ms)
✔ runStepReview stub REVISE returns exitCode 2 (44.606916ms)
✔ runStepReview fail-closed on stub spawn failure (101.4955ms)
✔ runStepReview skips when review level does not require type (55.403042ms)
✔ runStepReview final stub PASS writes final artifact path (26.887542ms)
✔ runStepReview final spawn failure exits non-zero at review level >= 1 (23.023375ms)
✔ runSpineReviewStep CLI --type final emits JSON verdict (51.865166ms)
✔ runSpineReviewStep CLI emits JSON verdict (64.703209ms)
✔ assertReviewToolAvailable fails closed without pi at review level > 0 (9.849833ms)
✔ runWorker fails closed when review tool unavailable at level > 0 (105.39025ms)
✔ stub worker stops when enforced review spawn fails (289.063084ms)
✔ DEFAULT_REVIEW_SPAWN_TIMEOUT_MS remains 90 minutes (backstop unchanged) (0.466583ms)
✔ runStepReview honors on-disk APPROVE while pi hangs — seconds not stall timeout (1145.538167ms)
✔ resolveReviewerModelPin returns per-type override when set (0.569ms)
✔ resolveReviewerModelPin falls back to top-level when per-type block missing (3.100541ms)
✔ resolveReviewerModelPin cascades per-type inherit to top-level pin (0.11925ms)
✔ resolveReviewerModelPin returns null for top-level inherit (0.071ms)
✔ resolveReviewerModelPin returns null when reviewer block absent (0.073208ms)
✔ resolveReviewerThinkingPin returns per-type override when set (0.079708ms)
✔ resolveReviewerThinkingPin falls back to top-level when per-type block missing (0.065541ms)
✔ resolveReviewerThinkingPin cascades per-type inherit to top-level pin (0.137208ms)
✔ resolveReviewerThinkingPin returns null for off at any level (0.124625ms)
✔ resolveReviewerThinkingPin returns null when reviewer block absent (0.119ms)
✔ resolveRulesManifestGeneratedAtMerge keeps newest generatedAt (0.62375ms)
✔ resolveRulesManifestGeneratedAtMerge fails when rules differ (0.093542ms)
✔ fingerprintRulesManifest ignores generatedAt (0.069584ms)
✔ mergeLaneToOrch clears generatedAt-only dirty rules-manifest before merge (18315.523083ms)
✔ mergeLaneToOrch auto-resolves generatedAt-only rules-manifest conflict (16320.190333ms)
✔ mergeLaneToOrch fails loud when rules[] differ (11915.868583ms)
✔ mergeLaneToOrch does not auto-resolve when other paths conflict (10267.499ms)
✔ tryAutoResolveRulesManifestMergeConflict resolves in-progress merge (6643.46525ms)
✔ appendTaskMetric writes TaskMetricRecord JSONL line (56.3135ms)
✔ buildTaskMetricRecord includes laneNumber and durationMs when available (0.291125ms)
✔ buildTaskMetricRecord omits laneNumber when not a positive lane (0.121542ms)
✔ metrics.enabled false skips append without error (2.537375ms)
✔ resolveTaskMetricOutcome maps skipped_done_on_disk to skipped (0.367042ms)
✔ appendTaskMetric redacts secret-like fields and omits prompt text (32.212041ms)
✔ skipTaskDoneOnDisk records skipped task metric (67.996458ms)
✔ appendBatchMetric writes BatchMetricRecord JSONL line (28.192417ms)
✔ recordBatchTerminalMetric skips when metrics disabled (10.035709ms)
✔ dismissBatch appends batch metric line (1839.61125ms)
✔ spine metrics show filters by batch and formats table output (7.785833ms)
✔ spine metrics show CLI filters by batch id (258.105542ms)
✔ resolveSalvageConfig defaults autoCommitOnStall to false (0.52675ms)
✔ validateSpineConfig rejects non-boolean autoCommitOnStall (0.552708ms)
✔ recordTaskFailureSalvage with autoCommitOnStall commits scoped paths on lane branch (5855.347791ms)
✔ recordTaskFailureSalvage without autoCommitOnStall does not commit (5169.757208ms)
✔ salvage commit refuses merge_in_progress and index_conflicts (7101.012334ms)
✔ salvage commit refuses pre-commit hook failure (5408.841ms)
✔ atomic retry retains salvage WIP commit on lane branch (7462.50775ms)
✔ inspectLaneSalvage scopes porcelain to file scope and task folder (3292.795708ms)
✔ recordTaskFailureSalvage journals inspection and writes evidence without committing (5375.815583ms)
✔ writeSalvageEvidence writes pretty JSON atomically without temp files (2832.429167ms)
✔ startBatch worker failure with dirty scoped file emits salvage and diagnose hint (21761.73275ms)
✔ parseSequenceArgs honors --auto-approve-gate and --force (0.552917ms)
✔ spine run sequence --auto-approve-gate dry-run succeeds under stub (3908.206042ms)
✔ spine run sequence --auto-approve-gate refused for real pi without --force (4862.267542ms)
✔ spine run sequence --auto-approve-gate --force dry-run succeeds for real pi (4336.034959ms)
✔ validateSequenceAutoApproveGate allows stub mode without force (0.563625ms)
✔ validateSequenceAutoApproveGate blocks real pi without force (0.137709ms)
✔ validateSequenceAutoApproveGate allows real pi with force (0.097166ms)
✔ validateSequenceAutoApproveGate skips check when flag is false (0.074542ms)
✔ buildSequenceAutoApproveDoctorCheck warns for real pi (0.085375ms)
✔ buildSequenceAutoApproveDoctorCheck passes for stub mode (0.063583ms)
✔ runSequence refuses auto-approve on dry-run for real pi (3.513875ms)
✔ runSequence allows auto-approve dry-run with force on real pi (1.865459ms)
✔ readCurrentBatchLogTail returns null for missing file (1.058ms)
✔ readCurrentBatchLogTail filters to last batch session header (0.630084ms)
✔ readCurrentBatchLogTail returns full content when no header exists (0.397125ms)
✔ readCurrentBatchLogTail respects lineCount limit (0.745541ms)
✔ waitForSequenceBatchTerminal returns settled when batch completes before timeout (5783.485125ms)
✔ waitForSequenceBatchTerminal does not exit while engine PID is alive (13302.531791ms)
✔ waitForSequenceBatchTerminal returns failure diagnosis even with alive engine (6397.5335ms)
✔ isMergeBlockedBatchOutcome detects mixed-outcome and merge_blocked phases (0.584333ms)
✔ evaluateWaveTaskDependencies filters runnable tasks by satisfied deps (0.652541ms)
✔ formatSequenceWaveSkipMessage names blocked dependencies per §17.4 (0.190333ms)
✔ resolveWaveAfterMergeBlocked continues wave 1 and skips wave 2 tasks (0.191833ms)
✔ planSequenceWaveTasks skips wave when no deps are satisfied (0.103ms)
✔ 3-wave sequence continues wave 1 after wave 0 merge_blocked and skips wave 2 (61751.826042ms)
✔ isPiSessionMetadataPath matches .pi session roots and children (0.969791ms)
✔ checkGitClean ignores untracked .pi/ session metadata (4602.799458ms)
✔ checkGitClean still fails when non-.pi paths are dirty (5045.148833ms)
✔ runSequence with only .pi/ dirty passes preflight (57225.317667ms)
✔ runSequence surfaces preflight failure on stderr-equivalent output (20973.75275ms)
✔ resolveResumeFromWave continues after last completed wave (1.075583ms)
✔ sequence persists fromWave, completedWaves, and lastBatchId after wave 0 (50368.831375ms)
✔ resume after interrupted wave 0 integrate completes remaining waves (48561.173667ms)
✔ sequence halts on wave failure with --stop-on-failure and preserves completed waves (11349.900292ms)
✔ resolveWaveTaskIds and resolveSequenceWaves honor planner waves (3.84625ms)
✔ diagnosis helpers classify settled, waiting, and failure states (0.159542ms)
✔ dry-run prints operator-equivalent land loop commands per wave (0.256833ms)
✔ 2-wave stub sequence completes with auto-approve land loop (80938.095083ms)
✔ buildSequencePlan resolves pending scope for dry-run integration (1130.320375ms)
✔ skipTask leaves phase paused when all tasks terminal without merge (9478.5545ms)
✔ skipTask clears failed segment drift for reconcile (10295.376583ms)
✔ resolveWorkerOutputConfig applies lane defaults and overrides (0.603375ms)
✔ captureWorkerOutputTail keeps last lines and marks byte truncation (0.304334ms)
✔ redactWorkerOutput applies built-in and config deny patterns (0.3835ms)
✔ runWorker stall_timeout captures stderr, persists log, journals stall_killed (5486.253833ms)
✔ collectEvidenceBundle references persisted worker output logs (18.525833ms)
✔ successful worker skips log unless retainWorkerOutputOnSuccess (5349.806208ms)
✔ SAT-020 replay: checkpoint_warning → stall_killed → salvage_inspection → task.failed (72389.921417ms)
✔ regression: stub worker still requires .DONE for batch success (12124.203166ms)
✔ recordTaskTransition writes batch-state then journal in order (3268.153125ms)
✔ saveSpineBatchState leaves prior JSON intact when atomic write fails (3339.654667ms)
✔ saveGateRecord leaves prior JSON intact when atomic write fails (2555.484041ms)
✔ validateBatchState accepts healthy schema v1 state (0.779ms)
✔ validateBatchState rejects counter drift (0.160916ms)
✔ runSpineState validate passes on archived batch-state (27.5465ms)
✔ runSpineState validate fails loud on corrupt active state (13.863666ms)
✔ computeStatusProgress derives wave and task counts from batch raw (1.018958ms)
✔ computeStatusProgress returns null without batch raw (0.096958ms)
✔ formatStatusJson includes documented progress field names (0.145541ms)
✔ spine status --json includes task and wave progress for active batch (6674.863875ms)
✔ spine status --json omits progress counts when no batch is active (2994.531042ms)
✔ reconcileBatch exposes progress fields for spine watch consumers (5297.927875ms)
✔ classifyTaskDoneSemantics distinguishes lane vs main .DONE (issue #35) (2377.62675ms)
✔ spine status --diagnose --json exposes explicit done flags mid-batch (5188.486167ms)
✔ verifyStubFileScopeMustChange fails when contract paths are unchanged (4517.446792ms)
✔ verifyStubFileScopeMustChange passes when contract path changed (5267.637167ms)
✔ verifyStubFileScopeMustChange passes for comma-in-single-backtick fileScopeMustChange (SP-396) (4202.978ms)
✔ commitLaneWorktree rejects stub completion without fileScopeMustChange diffs (4047.94425ms)
✔ commitLaneWorktree allows stub completion when fileScopeMustChange is satisfied (5910.093792ms)
✔ stub contract helpers detect release-critical contracts and legacy markers (0.506459ms)
✔ shouldEnforceStubContractAtLaneCommit uses env or legacy .DONE marker (2403.073125ms)
✔ stub cannot succeed merge/version task without file-scope changes (6810.222417ms)
✔ checkStubReleaseCritical warns when stub mode has pending fileScopeMustChange tasks (3396.485667ms)
✔ diagnosis surfaces exitReason stub for M/L legacy stub .DONE markers (1.05275ms)
✔ reconcileBatch surfaces exitReason stub for succeeded M/L tasks with legacy stub .DONE (6107.551667ms)
✔ applyStubDeliveryStatusBlock updates existing header lines (0.706667ms)
✔ applyStubDeliveryStatusBlock appends block when header lines are missing (0.1155ms)
✔ writeStubDeliveryStatusIfNeeded updates STATUS for delivery-only contracts (5.03075ms)
✔ writeStubDeliveryStatusIfNeeded skips implementation scopes (2.437375ms)
✔ stub worker auto-writes STATUS for delivery-only fileScopeMustChange (125.320583ms)
✔ stub worker does not auto-write STATUS for implementation fileScopeMustChange (203.551666ms)
✔ stub worker STATUS delivery satisfies verifyStubFileScopeMustChange (4700.899042ms)
✔ isSupervisorSpawnEnabled defaults to false (0.561125ms)
✔ resolveSupervisorPollIntervalMs uses default and honors config (0.092166ms)
✔ resolveSupervisorModel returns inherit by default (0.099708ms)
✔ shouldEmitSupervisorNudge covers actionable diagnoses (0.079333ms)
✔ buildSupervisorObservationPayload shapes reconcile fields (0.119958ms)
✔ buildSupervisorNudgePayload includes headline and suggestedCommand (0.409833ms)
✔ isSupervisorMonitorTerminal detects terminal phases and diagnoses (0.08275ms)
✔ spawnDetachedSupervisor does not spawn when disabled (3067.430334ms)
✔ enabled:true journals supervisor.started and supervisor.stopped on terminal (5559.345708ms)
✔ enabled:false produces no supervisor journal events via maybeSpawnSupervisorOnDetachedStart (1756.655833ms)
✔ killSupervisor journals supervisor.stopped and clears state (2131.750167ms)
✔ spawnDetachedSupervisor spawns monitor child when enabled (2331.736ms)
✔ parseTaskSizeFromMarkdown reads Size line (3.635083ms)
✔ resolveTaskStallMinutes uses max of config and size floor (0.136292ms)
✔ resolveStallConfigForTask applies minutes to stallTimeoutMs (0.132083ms)
✔ journalTaskAwaitingFirstHeartbeat: true after task.started before lane.heartbeat (0.570791ms)
✔ journalTaskAwaitingFirstHeartbeat: false after matching lane.heartbeat (0.084709ms)
✔ detectOrphanRunning suppresses lane orphan during first-heartbeat debounce when engine alive (0.346667ms)
✔ detectOrphanRunning still reports lane orphan before heartbeat when engine is dead (0.12625ms)
✔ detectOrphanRunning still reports lane orphan after first heartbeat (0.215084ms)
✔ reconcileBatch: transient dead workerPid mid-start diagnoses running not worker_orphaned (5288.671958ms)
✔ reconcileOrphanRunningState does not fail running task during debounce window (2175.665709ms)
✔ post-heartbeat dead pid still worker_orphaned with retry (5213.89375ms)
✔ hasPendingWaveMerge is true when an intermediate wave lacks mergeResults (0.645959ms)
✔ hasPendingWaveMerge is false when every terminal wave is recorded (0.452875ms)
✔ recordWaveMergeResult records forceMerged flag and updates existing wave row (0.130209ms)
✔ resolveWorkerBackend defaults to subprocess (0.72425ms)
✔ resolveWorkerBackend honors agentSession flag (0.073458ms)
✔ validateWorkerBackendConfig rejects invalid values (0.107375ms)
✔ validateSpineConfig accepts optional workerBackend (0.271125ms)
✔ settings registry validates workerBackend enum case-sensitively (0.149083ms)
✔ buildAgentSessionWorkerPrompt includes PROMPT reference and review hint (7.062625ms)
✔ createStubAgentSession writes .DONE (8.304542ms)
✔ startAgentSessionWorker completes with injected mock session (5.355375ms)
✔ runWorker uses agentSession backend with mock factory (5355.711083ms)
✔ runWorker keeps subprocess default when workerBackend unset (5203.613917ms)
✔ WORKER_BACKENDS lists supported values (0.612917ms)
✔ buildWorkerBackendDoctorCheck reports subprocess as production default (0.130708ms)
✔ buildWorkerBackendDoctorCheck warns or fails on opt-in agentSession (0.257125ms)
✔ buildWorkerBackendDoctorCheck falls back to subprocess for invalid config (0.042167ms)
✔ DIAGNOSIS_TAXONOMY includes worker_done_missing distinct from worker_orphaned and needs_retry (0.872375ms)
✔ outputIndicatesWorkerDoneMissing matches runner stderr message (0.143459ms)
✔ inferWorkerDoneMissingFailure reads task.failed payload from journal (0.200958ms)
✔ buildHeadline and buildSuggestedCommand for worker_done_missing cite worker log (0.343917ms)
✔ reconcileBatch diagnoses worker_done_missing for issue #18 journal pattern (5440.402375ms)
✔ buildDiagnosisOutput bundles worker_done_missing headline and retry command (0.35775ms)
✔ resolvePiSpineRoot defaults to pi-spine package root (1.068ms)
✔ resolvePiSpineRoot honors development.piSpineRoot override (9.396ms)
✔ buildWorkerChildEnv sets PI_SPINE_ROOT for worker spawn (5.175917ms)
✔ validateWorkerLaunchScriptPath requires scripts/ prefix (6.341333ms)
✔ validateWorkerLaunchScriptPath rejects traversal (1.329042ms)
✔ validateWorkerLaunchScriptPath rejects symlink escape (5.898333ms)
✔ resolveSafeWorkerLaunchScript returns default when present (6.893333ms)
✔ validateSpineConfig rejects unsafe development.workerLaunchScript (1.902833ms)
✔ DEFAULT_WORKER_LAUNCH_SCRIPT matches conventional path (0.2445ms)
✔ runWorker classifies launch script fast-fail as launch_failed (5429.036667ms)
✔ appendWorkerAgentModelArgs adds --model when configured and not inherit (0.506417ms)
✔ appendWorkerAgentModelArgs omits --model for inherit and empty (0.078666ms)
✔ appendWorkerAgentModelArgs adds --thinking when set and not off (0.061917ms)
✔ buildWorkerPiArgs includes --model cursor/auto from spine-config (27.269166ms)
✔ buildWorkerPiArgs omits --model when agents.worker.model is inherit (28.992083ms)
✔ parseWorkerDoneMarker accepts legacy empty and text markers (0.9105ms)
✔ parseWorkerDoneMarker accepts structured JSON markers (0.1805ms)
✔ parseWorkerDoneMarker rejects partial JSON markers (0.086417ms)
✔ isWorkerDoneMarkerValid mirrors parseWorkerDoneMarker (0.074ms)
✔ writeWorkerDoneMarker writes atomic structured JSON (14.597042ms)
✔ readWorkerDoneMarker reports absent marker (1.257125ms)
✔ persistWorkerOutputLog writes atomically without temp leftovers (17.753291ms)
✔ resolveWorkerPiTimeoutMs uses per-size stall floor (0.547625ms)
✔ resolveWorkerPiTimeoutMs honors SPINE_WORKER_PI_TIMEOUT_MS override (0.10225ms)
✔ buildWorkerChildEnv sets SPINE_WORKER_PI_TIMEOUT_MS from stall budget (0.527375ms)
✔ buildPiWorkerTimeoutDoctorCheck reports stall-aligned timeout for M floor (0.182958ms)
✔ runWorker terminates hung child after .DONE and returns ok: true (10325.509125ms)
✔ runWorker pre-.DONE stall_timeout still works (5267.62175ms)
✔ buildWorkerTailPrompt includes critical-rules for JS-scoped task (30.089542ms)
✔ buildWorkerContextAsync appends config.standards end-to-end (14.081875ms)
✔ buildWorkerContextAsync emits worker.rules_selected journal event (55.461709ms)
✔ buildWorkerContextAsync falls back to static context without .cursor/rules (29.104541ms)
✔ buildReviewLevelHint delegates code and final review to engine (0.658083ms)
✔ buildCommitBoundaryHint uses SP-064 feat(taskId) convention (0.108958ms)
✔ buildDoneCheckpointHint references done path and uncommitted failure (0.139208ms)
✔ buildWorkerTailPrompt includes tools hint and task id from folder (0.523667ms)
✔ buildWorkerTailPrompt appends worker agent and PROMPT when present (30.391209ms)
✔ shouldSlideStallAnchorOnHeartbeat only slides worker_alive in pi phase (0.493083ms)
✔ computeStallDeadline slides silent stall window when lastAliveAt advances (0.167ms)
✔ nextStallAnchorAt advances only on pi worker_alive (0.079791ms)
✔ runWorker worker_alive heartbeats extend stall deadline past initial window (30328.895166ms)
✔ runWorker silent stall still fails without heartbeats (5143.530542ms)
✔ SP-190 wedge fixture describes hung-child-after-.DONE incident (1.315583ms)
✔ SP-190 wedge class: engine completes within post-done grace (SP-193) (10508.206125ms)
✔ completeBatch removes lane worktrees and journals batch.worktrees_cleaned (8192.436833ms)
✔ dismissBatch removes lane worktrees and journals batch.worktrees_cleaned (5714.507333ms)
✔ completeBatch keeps worktree when cleanupWorktreesOnComplete is false (7703.34875ms)
✔ provisionLaneWorktree normalizes git metadata to relative posix paths (3455.624791ms)
✔ repairLaneWorktreeGitMetadata fixes broken absolute gitdir pointers (4086.523917ms)
✔ normalizeLaneWorktreeGitPaths is idempotent (2385.493459ms)
✔ validateMultiTaskResume repairs unhealthy lane worktree git metadata (4291.824625ms)
✔ validateWorktreeSetupHookPath accepts ./scripts/ prefix when file exists (9.019125ms)
✔ validateWorktreeSetupHookPath rejects ./scripts/../ traversal (4.875334ms)
✔ validateSpineConfig rejects unsafe worktreeSetupHook (0.805083ms)
✔ checkWorktreeSetupHook fails preflight for unsafe hook path (12.180333ms)
✔ runWorktreeSetupHook succeeds with JSON stdout (291.588ms)
✔ runWorktreeSetupHook throws when hook returns ok false (308.669459ms)
✔ runWorktreeSetupHook throws on malformed JSON stdout (285.822667ms)
✔ runWorktreeSetupHook is no-op when hook not configured (4.7065ms)
✔ batch help helpers detect help invocations (0.587834ms)
✔ printBatchHelp returns usage text (0.132666ms)
✔ runSpineBatch exits 0 for help without starting a batch (2828.795041ms)
✔ spine batch start --help does not create batch state (2528.197042ms)
✔ isCliEntrypoint returns true when argv[1] is a symlink to the module (5.722084ms)
✔ isCliEntrypoint returns false for an unrelated script path (0.371ms)
✔ isCliEntrypoint returns false when argv[1] is missing (0.345833ms)
✔ spine help via symlink produces stdout and exit 0 (209.956208ms)
✔ spine version via symlink produces stdout and exit 0 (1660.069167ms)
✔ HANDOFF_DEFAULTS autoWriteOn includes session_start (0.840667ms)
✔ /spine auto-writes handoff on session_start when batch needs attention (8657.726834ms)
✔ /spine skips auto-write when autoWriteOn excludes session_start (5531.925292ms)
✔ /spine skips auto-write for idle diagnosis even with session_start enabled (18300.251791ms)
✔ /spine merges default autoWriteOn when config omits handoff.autoWriteOn (6589.797542ms)
✔ formatIssueDraftMarkdown renders all issue checklist sections (0.867125ms)
✔ formatIssueDraftMarkdown applies redaction to section content (0.150375ms)
✔ buildIssueDraftBody returns title, body, and labels for idle repo (13388.655417ms)
✔ buildIssueDraftBody includes batch context and journal tail (32005.344916ms)
✔ buildIssueDraftBody maps issueType to GitHub labels (19526.695583ms)
✔ buildIssueDraftBody rejects invalid issueType (143.796625ms)
✔ buildIssueDraftBody redacts sk- token patterns in title and body (4139.675416ms)
✔ parseJournalFollowArgs reads batch, lane, and json flags (0.936541ms)
✔ resolveFollowBatchId uses reconcile then batch-state (2190.5695ms)
✔ formatJournalFollowLine uses summarizeJournalEvent (2.0345ms)
✔ formatJournalFollowOutputLine filters by lane and supports json passthrough (0.202542ms)
✔ readJournalFollowSnapshot prints header once in human mode (34.936333ms)
✔ runJournalFollow exits non-zero when journal missing (4.683708ms)
✔ runJournalFollow exits non-zero when no batch can be resolved (4.707375ms)
✔ runJournalFollow prints existing events without following (38.973875ms)
✔ runJournalFollow defaults batch from batch-state (2026.272042ms)
✔ spine journal follow exits non-zero when journal missing (307.147083ms)
✔ parseLaneNumber accepts positive integers (0.583834ms)
✔ parseLaneLogsArgs reads lane, task, batch, and follow flags (0.49675ms)
✔ extractTaskIdFromLogFilename parses worker log names (0.077792ms)
✔ resolveLaneLogPath prefers live log when present (69.237834ms)
✔ resolveLaneLogPath falls back to worker-output log (55.980167ms)
✔ findMostRecentLogTaskId picks newest log in lane directory (29.616083ms)
✔ resolveLaneLogTaskId uses explicit task id (15.204083ms)
✔ resolveLaneLogTaskId infers running task from batch state (26.793708ms)
✔ runLaneLogs exits non-zero when lane is missing (12.537667ms)
✔ runLaneLogs exits non-zero when no batch can be resolved (16.136792ms)
✔ runLaneLogs prints existing log without following (2102.495375ms)
✔ runLaneLogs prefers live log content (2100.785833ms)
✔ spine lane logs exits non-zero when log file missing (2281.775792ms)
✔ isExitVerificationTask detects exit verification headings (0.739917ms)
✔ shouldRunContractVerifyForWorker skips stub for normal tasks (0.975292ms)
✔ shouldRunContractVerifyForWorker runs stub contract for exit tasks (0.208375ms)
✖ runPhase23ExitVerify --skip-test passes structural checks in repo (34.978375ms)
✖ spine verify phase23-exit CLI is wired (12.05875ms)
✔ runScenariosList prints empty registry message (1.742333ms)
✔ runScenariosList returns sorted scenarios as JSON (11.54275ms)
✔ runScenariosShow returns scenario details (1.416584ms)
✔ runScenariosShow rejects unknown scenario (1.104916ms)
✔ loadScenarioFixture reads incident fixture from registry entry (2.550084ms)
✔ loadScenarioFixture rejects recipe kind (3.792166ms)
✔ materializeFixtureToProject writes batch-state and journal tail (2162.455459ms)
✔ assertMaterializeAllowed blocks when batch-state exists (1889.47875ms)
✔ runScenariosMaterialize blocks active batch without --force (1832.197042ms)
✔ runScenariosMaterialize writes fixture with --force (1505.861667ms)
✔ runScenariosMaterialize rejects recipe scenarios (4.3035ms)
✔ spine scenarios CLI routes list and materialize (1557.384209ms)
✔ parseSequenceArgs defaults scope to pending and stopOnFailure to true (0.580583ms)
✔ parseSequenceArgs honors wave and attached flags (0.098916ms)
✔ formatSequenceResult emits JSON when requested (0.474666ms)
✔ spine run sequence pending --dry-run prints per-wave land loop commands (3107.057958ms)
✔ spine run sequence pending --dry-run --json returns structured payload (2517.1485ms)
✔ spine run sequence pending --from-wave 1 limits dry-run to later waves (1856.516459ms)
✔ runSpineSequence rejects invalid through-wave with non-zero exit (1161.014834ms)
✔ spine run pending still aliases batch start (1183.255ms)
✔ buildSuggestedCommand for state_drift uses retry with task id (0.588125ms)
✔ buildSuggestedCommand for state_drift while running suggests pause then retry (0.076875ms)
✔ buildSuggestedCommand for state_drift without task id falls back to diagnose (0.060459ms)
✔ assembleHandoffData returns idle shape when no active batch (2008.906708ms)
✔ assembleHandoffData includes reconciliation fields for active batch (5029.130667ms)
✔ assembleHandoffData redacts secret-like payload fields in journal tail (3545.958458ms)
✔ paused batch handoff lists pending tasks and spine batch resume (3772.577625ms)
✔ renderHandoffMarkdown matches golden snapshot structure (4097.149625ms)
✔ redactHandoffText removes KEY TOKEN and SECRET value patterns (0.214875ms)
✔ recordHandoffWritten appends handoff.written journal event (660.501584ms)
✔ handleNext appends handoff path hint when handoff file exists (3365.51825ms)
✔ runSpineHandoff --json writes handoff file and returns structured output (3284.582ms)
✔ runInit copies rules profile, discovers manifest, standards default [] (141.875083ms)
✔ runInit dry-run plans rules files without writing (11.029084ms)
✔ rules-manifest.json is not listed in .gitignore (3.482709ms)
✔ parseIssueDraftArgs applies defaults and flags (0.594208ms)
✔ buildIssueDraftBody works in idle repo without batch context (14394.821375ms)
✔ runSpineIssueDraft writes draft file and prints human output by default (14914.531209ms)
✔ runSpineIssueDraft --json returns structured payload without writing file (11054.301ms)
✔ runSpineIssueDraft --create fails clearly when gh is missing (400.224584ms)
✔ runSpineIssue rejects unknown subcommands (335.513834ms)
✔ spine issue draft routes through spine.mjs help and dispatch (7095.819667ms)
✔ buildIssueDraftBody redacts secret-like values (4933.871667ms)
✔ get-version helpers use spawnSync without shell (240.42825ms)
✔ spine help and version route through thin CLI entry (2220.922375ms)
✔ spine rejects unknown commands (241.589375ms)
✔ router dispatches plan, status, batch, gate, and integrate (3198.961542ms)
✔ spine rules --help lists subcommands (477.15775ms)
✔ runSpineRules discover writes manifest in initialized project (1572.270833ms)
✔ runSpineRules select rejects invalid PROMPT before manifest check (1652.454334ms)
✔ runSpineRules select uses validated file scope (1024.759208ms)
✔ runSpineRules select requires manifest (1077.633459ms)
✔ spine rules sync via CLI exits zero in pi-spine repo (347.858459ms)
✔ parseRulesArgv defaults role to worker (0.104708ms)
✔ parseRulesArgv requires review-type for reviewer role (0.299208ms)
✔ runSpineRules select worker default unchanged (1045.222125ms)
✔ runSpineRules select reviewer plan uses PROMPT file scope (1234.36ms)
✔ runSpineRules select reviewer final returns empty scope (1301.747875ms)
✔ runSpineRules select reviewer code honors baseline (1945.8455ms)
✔ parseUntilDiagnoses accepts land-loop pseudo diagnoses (0.953792ms)
✔ parseUntilDiagnoses still rejects unknown diagnoses (0.259709ms)
✔ deriveWaitPseudoDiagnoses detects gate_open from integrate gate approve suggestion (0.096875ms)
✔ deriveWaitPseudoDiagnoses detects post_merge_limbo before gate opens (0.06375ms)
✔ reconciliationMatchesUntil matches gate_open pseudo diagnosis (0.106292ms)
✔ reconciliationMatchesUntil matches taxonomy diagnosis unchanged (0.059125ms)
✔ sanitizeRetrySuggestedCommand replaces bare retry --force with task id (0.08775ms)
✔ sanitizeRetrySuggestedCommand falls back to diagnose without task id (0.101ms)
✔ buildSuggestedCommand for state_drift never suggests bare retry --force (0.232584ms)
✔ buildSuggestedCommand sanitizes stale salvage retry --force payloads (0.407ms)
✔ spine status prints macro phase for idle repo (1185.55025ms)
✔ spine status prints macro phase for active batch (4095.816666ms)
✔ spine status --diagnose verbose signals include macroPhase (3650.116417ms)
✔ spine status --json includes macroPhase fields (3620.659625ms)
✔ parseDurationMs accepts plain seconds and suffix forms (0.859625ms)
✔ parseDurationMs rejects invalid values (0.262167ms)
✔ parseUntilDiagnoses parses comma-separated diagnoses (0.49675ms)
✔ parseUntilDiagnoses rejects unknown diagnoses (0.1115ms)
✔ parseUntilDiagnoses accepts gate_open pseudo diagnosis (0.08125ms)
✔ parseWaitArgs requires --until and applies defaults (0.115917ms)
✔ parseWaitArgs accepts timeout interval and json (0.088417ms)
✔ parseWaitArgs rejects unknown flags (0.077958ms)
✔ diagnosisMatchesUntil matches only non-null diagnoses in set (0.090542ms)
✔ runSpineWait exits 0 when gate_open pseudo diagnosis matches (0.274ms)
✔ reconciliationMatchesUntil matches gate_open without taxonomy diagnosis (0.086541ms)
✔ runSpineWait exits 0 when diagnosis matches (0.199583ms)
✔ runSpineWait exits 1 on timeout and emits final json snapshot (0.14425ms)
✔ runSpineWait polls until diagnosis changes (0.157ms)
✔ spine wait --json exits 0 when diagnosis matches fixture (4285.797375ms)
✔ spine wait times out with exit 1 (3831.733209ms)
✔ spine wait rejects missing --until (195.906292ms)
✔ spine help lists wait command (260.185958ms)
✔ parseWatchArgs defaults (0.611458ms)
✔ parseWatchArgs accepts interval json and once (0.078541ms)
✔ parseWatchArgs rejects invalid interval (0.233708ms)
✔ parseWatchArgs rejects unknown flags (0.069958ms)
✔ formatWatchHumanLine renders compact reconcile summary (0.093625ms)
✔ formatWatchHumanLine uses idle placeholders when batch absent (0.104958ms)
✔ buildWatchSnapshot includes core fields and progress block when present (0.499625ms)
✔ buildWatchSnapshot prefers explicit progress object (0.085333ms)
✔ runSpineWatch --once human mode prints one line (0.214125ms)
✔ runSpineWatch --once json mode prints NDJSON snapshot (0.190542ms)
✔ runSpineWatch polls until once breaks loop without extra reconcile calls (0.121ms)
✔ spine watch --once integrates with reconcileBatch in idle repo (1286.865333ms)
✔ spine watch --json --once emits reconcile snapshot for active batch (4523.200792ms)
✔ spine watch rejects invalid interval (318.448459ms)
✔ spine help lists watch command (265.750375ms)
✔ DIAGNOSIS_TAXONOMY includes needs_replan (0.507833ms)
✔ needs_replan diagnosis messaging matches handoff §9.1 shape (0.760083ms)
✔ buildDiagnosisOutput bundles needs_replan operator fields (0.154084ms)
✔ deriveDiagnosis prefers needs_replan over needs_retry for replan failures (0.314708ms)
✔ needs_replan blocks needs_merge diagnosis when replan task remains (0.078291ms)
✔ reconcileBatch surfaces needs_replan with edit-PROMPT suggestion (3976.118375ms)
✔ I-01 progress signals extend stall deadline past hard timeout (0.633958ms)
✔ I-02 spine batch retry resets task and segment with pendingSegments > 0 (1323.187208ms)
✔ I-03 spine state validate rejects corrupt batch-state (51.264834ms)
✔ I-04 spine batch abort archives batch-state before clearing active file (1412.508083ms)
✔ I-05 wave merge blocked on failed/pending tasks; force-merge override exists (946.364708ms)
✔ I-06 retry refused while batch phase is executing or merging (1067.06ms)
✔ I-07 stall logic uses STATUS, lane commit, and file-scope mtime signals (483.674ms)
✔ I-08 post-mortem does not claim success when failures exist (3898.931125ms)
✔ I-09 CONTEXT documents serial bootstrap and preflight execution policy (6.606042ms)
✔ I-10 runStepReview fail-closed when review tool unavailable at level > 0 (25.31025ms)
✔ CONFIG_V2_SECTION_DEFAULTS match handoff §6.2 (0.880875ms)
✔ applyConfigDefaults merges missing v2 sections without overwriting existing keys (0.224333ms)
✔ loadSpineConfig merges defaults for legacy config missing v2 keys (32.249542ms)
✔ init scaffold includes v2 config sections from template (22.02625ms)
✔ CONTRACT_DEFAULTS match handoff §3.1 (2.578417ms)
✔ applyConfigDefaults merges contract section (0.282833ms)
✔ validateContractConfig rejects invalid mode (0.148ms)
✔ validateContractConfig rejects non-array legacyTaskIdPrefixes (0.066458ms)
✔ validateSpineConfig accepts valid contract block (0.230584ms)
✔ validateSpineConfig rejects invalid contract.mode via validateSpineConfig (0.065458ms)
✔ discoverCursorRules returns empty manifest when rules root is missing (18.987875ms)
✔ discoverCursorRules excludes brutal-audit rules via profile patterns (62.978875ms)
✔ discoverCursorRules records parse warn entries in manifest rules (26.322166ms)
✔ discoverCursorRules manifest round-trip via atomic write (131.989084ms)
✔ classifyCursorRuleSpineClass prefers always over globs (0.218875ms)
✔ getCursorRuleExclusionReason matches excludeRelPaths exactly (0.172833ms)
✔ expandFileScopeProbes returns empty for empty scope (0.88475ms)
✔ expandFileScopeProbes adds synthetic probes for dir/* and dir/** (0.792084ms)
✔ expandFileScopeProbes keeps literal file paths (0.152875ms)
✔ expandFileScopeProbes expands in-path wildcards (0.071208ms)
✔ ruleGlobsMatchFileScope is false for empty file scope (0.10775ms)
✔ ruleGlobsMatchFileScope matches **/* when file scope is non-empty (0.112708ms)
✔ ruleGlobsMatchFileScope matches JS globs against mjs scope (0.551208ms)
✔ ruleGlobsMatchFileScope matches scope glob entries against rule globs (0.844958ms)
✔ parseCursorRuleFrontmatter returns skip when frontmatter missing (14.91975ms)
✔ parseCursorRuleFrontmatter parses array globs fixture (1.511584ms)
✔ parseCursorRuleFrontmatter splits comma-separated globs (0.593166ms)
✔ parseCursorRuleFrontmatter treats empty globs array as no patterns (0.2915ms)
✔ parseCursorRuleFrontmatter defaults missing globs key to empty array (2.022125ms)
✔ parseCursorRuleFrontmatter coerces alwaysApply booleans (0.357167ms)
✔ parseCursorRuleFrontmatter matches repo comma-separated task authoring layout (0.193875ms)
✔ parseCursorRuleFrontmatter matches general-llm alwaysApply true layout (0.225125ms)
✔ parseCursorRuleFrontmatter matches audit-workflow empty globs layout (0.135541ms)
✔ parseCursorRuleFrontmatter warns on invalid alwaysApply and bad globs (1.040333ms)
✔ DEFAULT_RULES_PROFILE seeds worker include and discovery excludes (0.69975ms)
✔ loadRulesProfile returns built-in defaults when file missing (43.33125ms)
✔ mergeRulesProfile applies neverInclude over alwaysInclude (8.487375ms)
✔ mergeRulesProfile applies reviewer defaults when file omits reviewer (0.145667ms)
✔ mergeRulesProfile applies reviewer neverInclude over alwaysInclude (0.117667ms)
✔ loadRulesProfile rejects invalid JSON with RULES_PROFILE_INVALID (48.305209ms)
✔ validateRulesProfile rejects unsupported profileVersion (0.232625ms)
✔ loadRulesProfile merges partial file overrides (36.093291ms)
✔ validateRulesProfile rejects schema and path traversal errors (0.394625ms)
✔ loadRulesProfile rejects validated file errors (15.18625ms)
✔ selectRulesForReviewer returns empty when reviewer.enabled is false (10.389167ms)
✔ selectRulesForReviewer never selects taskplane-worker-cursor.mdc (0.364417ms)
✔ selectRulesForReviewer selects glob rules when scopePaths match (0.616458ms)
✔ selectRulesForReviewer appends standards without duplicates (0.209041ms)
✔ selectRulesForReviewer respects neverLoad (0.13375ms)
✔ selectRulesForReviewer uses profile.reviewer.maxRules cap (8.455334ms)
✔ context path helpers round-trip under .cursor/rules (0.665292ms)
✔ selectRulesForWorker includes alwaysInclude and always-class rules (2.722459ms)
✔ selectRulesForWorker selects JS globs and excludes Swift for JS-only scope (15.910916ms)
✔ selectRulesForWorker matches OWASP for bin/*.mjs scope via scope glob (0.244791ms)
✔ selectRulesForWorker appends standards without duplicates (0.202542ms)
✔ selectRulesForWorker respects neverLoad and neverInclude (0.124541ms)
✔ selectRulesForWorker exports journal-friendly entries shape (0.105208ms)
✔ normalizeTasksRootFromEnv accepts relative and rejects parent traversal (5.71325ms)
✔ applyEnvOverrides: SPINE_MAX_LANES overrides file value (0.330209ms)
✔ applyEnvOverrides: SPINE_TASKS_ROOT overrides paths.tasksRoot (0.112541ms)
✔ applyEnvOverrides rejects invalid SPINE_MAX_LANES (0.146375ms)
✔ loadSpineConfig applies env overrides after file load (1543.56ms)
✔ SPINE_TASKS_ROOT env discovers tasks under alternate root in plan (970.592375ms)
✔ spine settings show reports env source for overridden lanes.maxParallel (1387.000083ms)
✔ runDoctorChecks lists effective config with env source (15621.35725ms)
✔ DEFAULT_REVIEWER_CONTEXT_BYTE_CAP is 16KiB (0.620375ms)
✔ buildReviewerContext skips when .cursor/rules is missing (5.607709ms)
✔ buildReviewerContext does not inject referenceDocs (52.041958ms)
✔ buildReviewerContext truncates at byte cap (41.662959ms)
✔ buildReviewerContext emits reviewer.rules_selected journal event (117.102875ms)
✔ buildReviewerContext degrades gracefully on invalid rules profile (63.618791ms)
✔ buildReviewerContext selects rules for scoped plan review (25.356833ms)
✔ emitReviewerRulesSelected is no-op without journal context (0.17ms)
✔ SETTINGS_FIELDS lists editable paths including reviewer per-type pins (1.12925ms)
✔ listEditableFields returns shallow copies (0.137834ms)
✔ parseSettingPath rejects unknown path (0.124542ms)
✔ parseSettingPath accepts registered path (0.066917ms)
✔ lanes.maxParallel accepts valid integer and coerces string (0.137208ms)
✔ lanes.maxParallel rejects below min and above max (0.0745ms)
✔ gates.requireBeforeIntegrate accepts booleans and CLI strings (0.131ms)
✔ agents.worker.model accepts inherit and optional empty (0.099875ms)
✔ agents.worker.thinking accepts enum values case-insensitively (0.1265ms)
✔ agents.reviewer.model accepts inherit and optional empty (0.133792ms)
✔ agents.reviewer.thinking accepts inherit and enum values (0.079083ms)
✔ agents.reviewer.plan.model accepts per-type override values (0.055ms)
✔ agents.reviewer.code.thinking accepts per-type inherit (0.052958ms)
✔ dashboard.port accepts valid port range (0.075209ms)
✔ lanes.workerBackend accepts registered enum values (0.158083ms)
✔ validateSettingValue rejects unknown path (0.42325ms)
✔ src/cli and src/migrate do not import from bin/ (60.095125ms)
✔ src/** has no bin/ imports (38.155625ms)
✔ spine-config template defaults mirror package.json script patterns (2.40375ms)
✔ init applies testing defaults including coverage command (12.540792ms)
✔ dogfood spine-config has non-empty testing fields (0.712375ms)
✔ buildTestingEvidenceDoctorChecks warns on empty build when collectBuildEvidence (0.135333ms)
✔ buildTestingEvidenceDoctorChecks warns on empty test when collectTestEvidence (0.091917ms)
✔ buildTestingEvidenceDoctorChecks passes when commands configured (0.473541ms)
✔ buildTestingEvidenceDoctorChecks treats collectTestEvidence default as enabled (0.074459ms)
✔ SPINE_GITIGNORE_ENTRIES includes run-metrics.jsonl (0.55175ms)
✔ ensureGitignoreEntries adds run-metrics path on fresh init (9.874208ms)
✔ isMergeOriginMainTask detects merge-origin-main packet shapes (0.59275ms)
✔ checkOrchMergeConflictWarn passes without pending merge-origin-main tasks (3598.069042ms)
✔ checkOrchMergeConflictWarn warns on PRD + manifest divergence with merge-origin-main pending (4000.548ms)
✔ runBatchPreflight and plan check surface orch merge conflict warning (6933.886209ms)
✔ checkPrelandedFileScopeWarn passes when no stale pending tasks (2004.429666ms)
✔ checkPrelandedFileScopeWarn warns for prelanded fileScopeMustChange (2062.8705ms)
✔ listPrelandedFileScopeStaleTasks reports multiple stale pending tasks (2406.207792ms)
✔ runBatchPreflight and plan check surface prelanded file-scope warning (5823.280041ms)
✔ checkGitClean passes when only metrics file has append-only drift (1664.438667ms)
✔ checkGitClean fails when metrics file content is truncated (1477.550792ms)
✔ checkGitClean passes when metrics file is gitignored and not tracked (1218.622834ms)
✔ runDoctorChecks warns when metrics file is git-tracked (15581.546792ms)
✔ tsconfig.batch.json scopes checkJs hot paths (6.91975ms)
✔ npm run typecheck validates extensions and batch hot paths (10115.820625ms)
✔ normalizeContextPathList rejects non-arrays (0.912208ms)
✔ buildWorkerContext honors neverLoad and byte cap (72.335084ms)
✔ buildWorkerTailPrompt injects configured standards (18.303292ms)
✔ buildWorkerContextAsync uses auto selection when cursor rules exist (84.0965ms)
✔ spine init defaults standards to [] for auto-discovery (SP-093) (63.414625ms)
✔ validateSpineConfig rejects invalid referenceDocs (0.47075ms)
✔ loadContextDocEntries stops at byte cap (26.998ms)
✔ DEFAULT_WORKER_CONTEXT_BYTE_CAP is 32KiB (0.350041ms)
✔ validateWorkerLaunchScriptPath accepts ./scripts/ prefix when file exists (44.401791ms)
✔ validateWorkerLaunchScriptPath rejects ./scripts/../ traversal (35.441709ms)
✔ COVERAGE_THRESHOLD is 77 (0.562375ms)
✔ COVERAGE_INCLUDES scopes src, bin, and extensions (0.502584ms)
✔ FILE_COVERAGE_THRESHOLDS enforces slash-commands.ts floor (0.065291ms)
✔ TEST_GLOBS has bidirectional parity with package.json test script (0.362333ms)
✔ parseAggregateLineCoverage reads all files line percent (0.177584ms)
✔ parseAggregateLineCoverage returns null when summary missing (0.163ms)
✔ parseAggregateLineCoverage reads coverage:check summary line (0.079792ms)
✔ parsePerFileLineCoverage reads per-file rows (0.321667ms)
✔ findFileCoverageFailures reports missing and below-threshold files (0.177042ms)
✔ formatDashboardStartupMessage includes URL, port, and operator hints (0.6435ms)
✔ formatDashboardStartupMessage notes --port source (0.080959ms)
✔ resolveDashboardPortWithSource prefers CLI over config (1423.716625ms)

pi-spine dashboard

  Open in browser: http://127.0.0.1:52379/
  Listen:          127.0.0.1:0 (--port)

  While running:   keep this terminal open; dashboard updates via SSE (~2s)

  In another terminal:
    spine status
    spine batch start <task-id>

  → Open http://127.0.0.1:52379/ in your browser

  API:  http://127.0.0.1:52379/api/snapshot
        http://127.0.0.1:52379/api/events

  Stop: Ctrl+C

✔ runSpineDashboard writes startup to stdout before shutdown (1185.9435ms)
✔ spine dashboard CLI prints URL before process exits (4179.273334ms)
✔ emptyLaneThroughputStats returns zeroed task-based fields (3.745542ms)
✔ computeThroughputTasksPerHour is task-based and guards zero elapsed (0.124708ms)
✔ deriveLaneThroughputStats counts completed and failed journal events per lane (2.679208ms)
✔ deriveLaneThroughputStats includes open running task elapsed through now (0.113667ms)
✔ deriveLaneThroughputStats prefers run-metrics duration when present (0.110791ms)
✔ deriveLaneThroughputStats falls back to journal when metrics missing (0.084583ms)
✔ deriveLaneThroughputStats maps tasks by laneNumber when lane metadata is sparse (0.087583ms)
✔ deriveLanesThroughput returns isolated stats per lane (0.1495ms)
✔ summarizeLaneThroughput aggregates counts and recomputes rate from totals (0.122584ms)
✔ NFR-OBS-02: dashboard SSE poll interval defaults to 2s (0.558875ms)
✔ parity: idle — no batch (1176.519208ms)
✔ parity: running batch (6770.601209ms)
✔ parity: needs_retry (6190.633875ms)
✔ parity: limbo_stale (6000.76375ms)
✔ parity: completed_manual after manual merge (4654.76275ms)
✔ parity: needs_integrate (4214.680208ms)
✔ parity: completed after integrate (3195.320708ms)
✔ parity: failed phase still reconciles consistently (2517.603709ms)
✔ assertLoopbackHost throws for 0.0.0.0 (0.692917ms)
✔ formatSseDataFrame valid data: line (0.211125ms)
✔ dashboard server serves browser view-model dependency graph (1068.406541ms)
✔ dashboard server serves snapshot and one SSE frame (1077.325458ms)
✔ resolveLaneActivityPhase: heartbeat pi → worker (0.63375ms)
✔ resolveLaneActivityPhase: open code review.started → code review (0.11075ms)
✔ resolveLaneActivityPhase: open final review.started → final review (0.074083ms)
✔ resolveLaneActivityPhase: closed review.started falls through to worker heartbeat (0.075041ms)
✔ resolveLaneActivityPhase: lane.completed code_rework → rework (0.065833ms)
✔ resolveLaneActivityPhase: no active tasks → em dash (0.054792ms)
✔ buildLaneRows exposes activityPhase fields (0.779667ms)
✔ computeActiveTaskIdsForLane returns running/pending tasks in current wave only (0.951375ms)
✔ computeRunningTaskIdForLane returns at most one running task in current wave (0.103417ms)
✔ computeQueuedTaskIdsForLane returns pending tasks in lane.taskIds order (0.093125ms)
✔ buildLaneRows exposes runningTaskId, queuedTaskIds, and deprecated activeTaskIds union (0.727667ms)
✔ buildLaneRows exposes activeTaskIds separate from batch assignment (0.173333ms)
✔ buildLaneRows attaches per-lane throughput stats from journal (6.40225ms)
✔ resolveLaneHeartbeatMeta reads latest lane heartbeat kind and phase (2.412541ms)
✔ formatLaneHeartbeatDisplay shows launching instead of age (0.190875ms)
✔ dashboard snapshot exposes launching heartbeat display from journal (3827.646667ms)
✔ buildDefaultViewStatus exposes gate missing affordance for needs_integrate (0.866292ms)
✔ idle snapshot diagnosis null matches reconcile (678.995875ms)
✔ running batch fixture has lanes and waves (3573.576417ms)
✔ truncateWorktreePath keeps trailing segments (0.190125ms)
✔ classifyLaneStatus stale when heartbeat old (0.104917ms)
✔ classifyLaneStatus does not mark lane completed when doneInLane but cache pending under engine_orphaned (0.13ms)
✔ buildWaveProgress marks prior waves completed (0.112125ms)
✔ buildWaveProgress marks last wave completed when all tasks terminal-success (0.086042ms)
✔ buildWaveProgress keeps in-flight current wave active (0.057625ms)
✔ resolveTailActivityFromJournal reads latest matching journal event (0.055458ms)
✔ diagnosisBadgeClass maps needs_integrate separately from running (0.727416ms)
✔ idle snapshot uses reconcile headline (1.180666ms)
✔ buildActionChips exposes copyable primary and alternatives (0.242792ms)
✔ needs_integrate banner ignores completed phase for badge color (0.102542ms)
✔ needs_integrate without gate record shows default gate affordance (0.159167ms)
✔ buildDashboardViewModel includes all §16.1 panels (0.377583ms)
✔ buildLaneTableModel exposes throughput columns for lanes (0.090708ms)
✔ buildLaneTableSummaryModel aggregates when multiple lanes present (0.084333ms)
✔ buildLaneTableSummaryModel is null for single lane (0.070917ms)
✔ lane-throughput-multi-lane fixture drives throughput column values (3.783583ms)
✔ lane-throughput-multi-lane fixture documents SP-327 throughput field contract (1.605166ms)
✔ buildLaneTableModel exposes heartbeatDisplay for launching lanes (0.16375ms)
✔ dashboard.js uses heartbeatDisplay without double-formatting (1.307625ms)
✔ buildBannerModel uses finalizing badge and macro phase during tail state (0.16625ms)
✔ buildBannerModel reflects gating macro phase during post-merge tail (1.146833ms)
✔ buildBannerModel keeps running badge when workers are active (0.327083ms)
✔ resolveTailActivityLabel prefers recent journal over macro phase during tail (0.50025ms)
✔ buildTailActivityModel exposes lane table subline when lanes are idle during tail (0.154708ms)
✔ resolveTailActivityLabel returns null when running task is active (0.052792ms)
✔ dashboard.js renders lane table tail activity footer row (0.221ms)
✔ banner uses diagnosis badge class, not macro phase (0.063208ms)
✔ resolveStaticAsset serves dashboard public files and view.mjs (1.166917ms)
✔ dashboard server GET / returns HTML shell (696.048583ms)
✔ running batch view model exposes journal for bottom panel (0.2565ms)
✔ idle snapshot has empty journal via idle flag (0.067334ms)
✔ buildLaneDetailModel exposes recent events and log tail (0.061375ms)
✔ buildLaneTableModel includes lane detail on each row (0.06475ms)
✔ buildLaneRecentEvents returns last five lane-scoped journal entries (0.101875ms)
✔ buildJournalModel filters by lane id (0.051666ms)
✔ buildJournalLaneFilterOptions lists lane ids (0.484333ms)
✔ buildLaneRows attaches recentEvents and logTail from snapshot inputs (765.9075ms)
✔ resolveLaneWorkerLog prefers live log over terminal output (628.321709ms)
✔ dashboard.js builds gate status without innerHTML (1.208959ms)
✔ dashboard.js uses textContent for gate status badge and kind label (0.442917ms)
✔ dashboard HTML exposes lane detail and journal lane filter hooks (1.305042ms)
✔ dashboard server HTML includes journal lane filter (636.084917ms)
✔ spineAgentsUseInherit is true when worker or reviewer effective pin inherits (0.60175ms)
✔ formatReviewerEffectivePins shows resolved per-type model and thinking (0.219625ms)
✔ buildReviewerPerTypePinsDoctorCheck reports effective per-type pins (0.100875ms)
✔ resolvePiDefaultProvider prefers project settings over global (108.59075ms)
✔ buildAgentModelInheritDoctorCheck warns on inherit + lmstudio (0.477791ms)
✔ buildAgentModelInheritDoctorCheck passes when models pinned (0.083167ms)
✔ buildAgentModelInheritDoctorCheck passes when inherit but pi not lmstudio (0.075ms)
✔ readPiSettingsFile returns null for missing or invalid JSON (0.115583ms)
✔ countMediumLargeTasks counts only M and L sizes with per-size breakdown (25.311417ms)
✔ buildBatchSizeGuidanceWarning returns null below threshold (6.800125ms)
✔ buildBatchSizeGuidanceWarning M-only batch does not mention L (8.84875ms)
✔ formatPlanHuman appends batch size guidance warning (38.404584ms)
✔ buildBatchSizeGuidanceWarning mixed batch shows both M and L counts (9.608917ms)
✔ appendBatchSizeGuidanceToPlanOutput skips warning in stub mode (4.729709ms)
✔ isPiWebAccessPackageSource matches npm and path entries (0.628875ms)
✔ detectPiWebAccessExtensionConflict flags npm plus local checkout (5.966208ms)
✔ detectPiWebAccessExtensionConflict ok with single source (0.76525ms)
✔ buildPiExtensionConflictDoctorCheck warns with actionable command (3.181875ms)
✔ shouldWorkerUsePiNoExtensions mirrors conflict assessment (2.236625ms)
✔ isPiExtensionConflictOutput detects worker spawn conflict text (0.225167ms)
✔ resolvePiPackageSourcePath resolves npm and relative entries (0.081459ms)
✔ readPiPackageSources returns empty for missing settings (2.110916ms)
✔ isAuthErrorText detects authentication failures (0.749458ms)
✔ parsePiListModelsRows and listModelsForProvider filter by provider (0.851541ms)
✔ resolveModelIdForProvider prefers defaultModel when provider matches (0.093625ms)
✔ buildInheritProviderAuthDoctorCheck passes when agents pinned to cursor/auto (3.960083ms)
✔ buildInheritProviderAuthDoctorCheck passes when inherit resolves to cursor (0.143958ms)
✔ buildInheritProviderAuthDoctorCheck fails when probe reports 401 (14.078416ms)
✔ buildInheritProviderAuthDoctorCheck fails when provider has no authenticated models (20.391541ms)
✔ probeInheritProviderAuth succeeds when list and probe pass (25.4895ms)
✔ INTEGRATE_DEFAULTS match issue #91 config sketch (0.926292ms)
✔ applyConfigDefaults merges integrate section (0.221209ms)
✔ buildConcurrentDevDoctorCheck passes with no active batch (587.419542ms)
✔ buildConcurrentDevDoctorCheck passes when human is on a feature branch (6329.794084ms)
✔ buildConcurrentDevDoctorCheck warns on active batch + dirty main (warn mode) (5629.387083ms)
✔ buildConcurrentDevDoctorCheck fails on active batch + dirty main (block mode) (4898.37325ms)
✔ buildConcurrentDevDoctorCheck passes when allowHumanOnBaseBranch=allow (351.938916ms)
✔ runDoctorChecks surfaces concurrent-dev warning when configured (12330.595958ms)
✔ isDisplayLabel matches pi TUI display labels (0.925209ms)
✔ isDisplayLabel rejects canonical ids and invalid strings (0.082208ms)
✔ displayLabelToCanonical converts to provider/model (0.0795ms)
✔ displayLabelToCanonical returns null for non-labels (0.0685ms)
✔ isCanonicalModelId validates provider/model format (0.144416ms)
✔ isCanonicalModelId rejects non-canonical strings (0.061416ms)
✔ normalizeModelId passes canonical ids through (0.084041ms)
✔ normalizeModelId converts display labels to canonical (0.05475ms)
✔ normalizeModelId passes special values through (0.495834ms)
✔ normalizeModelId rejects unrecognized formats (0.150417ms)
✔ normalizeModelId rejects non-string input (0.082833ms)
✔ validateModelIdFormat accepts canonical ids (0.085125ms)
✔ validateModelIdFormat accepts special values and non-strings (0.053875ms)
✔ validateModelIdFormat flags display labels with canonical hint (0.056292ms)
✔ validateModelIdFormat flags unrecognized formats (0.041709ms)
✔ buildAgentModelIdsDoctorCheck passes when all pins are canonical (0.121458ms)
✔ buildAgentModelIdsDoctorCheck fails when display label is in config (0.113334ms)
✔ buildAgentModelIdsDoctorCheck fails on invalid format (0.061709ms)
✔ buildAgentModelIdsDoctorCheck passes when no models configured (0.041ms)
✔ buildAgentModelIdsDoctorCheck skips inherit and empty values (0.039334ms)
✔ settings set normalizes display label to canonical id (0.533ms)
✔ settings set passes canonical id through unchanged (9.962583ms)
✔ settings set rejects invalid model id format (0.07325ms)
✔ settings set allows inherit for model fields (0.075208ms)
✔ settings set rejects invalid model id in JSON mode (0.073709ms)
✔ settings set normalizes worker model display label (0.075416ms)
✔ settings set normalizes per-type reviewer model display label (0.098959ms)
✔ fingerprintRulesManifest ignores generatedAt (0.583084ms)
✔ buildRulesManifestDoctorCheck warns when manifest missing (75.082584ms)
✔ buildRulesManifestDoctorCheck warns when manifest stale (48.199208ms)
✔ resolveSpineOnPath uses which by default (0.631625ms)
✔ readPackageVersion reads package.json version (1.506709ms)
✔ buildStalePathDoctorCheck warns when spine not on PATH (0.2175ms)
✔ buildStalePathDoctorCheck ok when PATH matches package bin (0.133542ms)
✔ buildStalePathDoctorCheck warns on version mismatch (2.256667ms)
✔ buildStalePathDoctorCheck warns on mtime mismatch only (4.720042ms)
✔ isStalePathSpineBlocking true only for stale PATH label (0.289709ms)
✔ isStalePathSpinePreflightBlocking requires version mismatch detail (0.0905ms)
✔ readSpineCliVersion parses spine --version output (2428.371ms)
✔ resolveInProgressSpineBatchId returns batchId for running batch (865.751834ms)
✔ resolveInProgressSpineBatchId returns null for completed batch (585.001875ms)
✔ listStaleSpineWorktreeBatchIds flags dirs without matching active batch (639.335542ms)
✔ buildStaleWorktreesDoctorCheck warns on stale worktree dirs (571.326417ms)
✔ buildStaleWorktreesDoctorCheck passes when only active batch dir exists (537.714208ms)
✔ runDoctorChecks includes stale worktrees warning (19088.314875ms)
✔ buildStallConfigDoctorCheck warns when stall timeout unset for real pi (0.620542ms)
✔ buildStallConfigDoctorCheck passes when stall timeout configured high (0.093125ms)
✔ isStubWorkerMode respects SPINE_WORKER_STUB (0.064ms)
✔ resolveConfiguredStallMinutes returns null when missing (0.063042ms)
✔ suggestMaxParallel(4) → 2 (0.548041ms)
✔ suggestMaxParallel(8) → 4 (0.071417ms)
✔ suggestMaxParallel(1) → 1 (8.321625ms)
✔ suggestMaxParallel(2) → 1 (0.062875ms)
✔ buildMaxParallelDoctorCheck warns when configured exceeds suggested + 1 (0.215833ms)
✔ buildMaxParallelDoctorCheck no warning when configured matches suggested (0.073792ms)
✔ buildMaxParallelDoctorCheck no warning at default 3 when suggested is 2 (4-core) (0.060375ms)
✔ supervisor settings paths are registered (0.71275ms)
✔ agents.supervisor.enabled accepts booleans and CLI strings (0.165958ms)
✔ agents.supervisor.pollIntervalMs enforces minimum 1000ms (0.164792ms)
✔ agents.supervisor.model accepts inherit and optional empty (0.08525ms)
✔ agents.supervisor.autoNudge accepts booleans (0.064625ms)
✔ buildSupervisorConfigDoctorCheck passes when disabled (0.135709ms)
✔ buildSupervisorConfigDoctorCheck fails when enabled and template missing (15.596541ms)
✔ buildSupervisorConfigDoctorCheck fails when enabled and model invalid (20.747709ms)
✔ buildSupervisorConfigDoctorCheck passes when enabled with template and valid model (10.129417ms)
✔ collectTaskPacketSizeIssues flags XL and too many steps on pending packet (4.663542ms)
✔ collectTaskPacketSizeIssues ignores tasks with .DONE (6.882584ms)
✔ classifyBatchStateSource uses path and content markers (0.618834ms)
✔ assessOrchestratorCoexistence passes when no batch-state files (707.55375ms)
✔ assessOrchestratorCoexistence fails on active Taskplane batch in .pi (5692.243166ms)
✔ assessOrchestratorCoexistence fails when spine and Taskplane batches both active (9528.523875ms)
✔ buildCoexistencePreflightCheck blocks spine start when Taskplane batch active (3738.863041ms)
✔ runBatchPreflight fails with orchestrator-coexistence when Taskplane batch active (5421.5145ms)
✔ runDoctorChecks reports mutual exclusion failure for Taskplane batch (8545.58375ms)
✔ buildCoexistenceDoctorCheck passes when only pi-spine batch is active (1757.795416ms)
✔ buildWorktreeHealthDoctorCheck passes with no worktrees (614.932875ms)
✔ buildWorktreeHealthDoctorCheck flags absolute gitdir (476.855417ms)
✔ /spine-status reports idle reconciliation on clean repo (754.048708ms)
✔ /spine-deps delegates to CLI and notifies graph output (666.212625ms)
✔ /spine-plan succeeds after preflight passes (15187.368333ms)
✔ /spine-dismiss archives limbo batch state (2183.3725ms)
✔ /spine-pause pauses a running spine batch (477.786959ms)
✔ /spine-resume resumes a paused spine batch (1907.010292ms)
✔ /spine-retry-task resets a failed task (468.35775ms)
✔ /spine-skip-task skips a failed task (440.635334ms)
✔ /spine-abort archives an active spine batch (427.933041ms)
✔ /spine-next prints reconciliation suggestion (354.051791ms)
✔ /spine-validate checks pending task packets (376.080667ms)
✔ /spine-handoff writes operator note and notifies (2599.574709ms)
✔ /spine-gate inspects integrate gate state (392.239209ms)
✔ /spine-integrate dry-run reports merge preview (665.459708ms)
✔ /spine-settings shows interactive configuration menu (169.843ms)
✔ /spine-dashboard notifies listen URL and port source (230.874334ms)
✔ /spine entry warns on limbo_stale diagnosis (1212.721084ms)
✔ /spine entry warns on needs_retry diagnosis (1138.320166ms)
✔ /spine entry reports running batch headline (1125.311125ms)
✔ /spine entry starts batch when scope provided after preflight (9847.692833ms)
✔ /spine-deps truncates very large dependency output (1196.907ms)
✔ parseSpineOrchestrateArgs defaults to pending scope and wave 0 (0.987583ms)
✔ formatOrchestratePrompt includes wave tasks, outer loop, and skill link (0.279125ms)
✔ formatOrchestratePrompt states no auto gate approve or integrate (0.265042ms)
✔ formatOrchestratePrompt respects --from-wave filter (0.103459ms)
✔ formatOrchestratePrompt reports empty plan guidance (0.075875ms)
✔ /spine-orchestrate emits structured prompt from spine plan (15237.600625ms)
✔ /spine-orchestrate does not invoke gate or integrate CLI (9407.484583ms)
✔ /spine-orchestrate fails when preflight fails (5759.31925ms)
✔ spine-config template documents commented worktreeSetupHook example (1.16225ms)
✔ stripTemplateOnlyKeys removes _examples from init output (0.132833ms)
✔ extractPubspecAssetPaths parses flutter asset entries (0.626583ms)
✔ runInit copies Flutter worktree setup hook template to scripts/ (23.150542ms)
✔ copyFlutterWorktreeSetupHookTemplate skips existing hook without force (5.281834ms)
✔ findGitignoredPubspecAssetsOnMain detects gitignored assets present on main (570.6105ms)
✔ buildGitignoredPubspecAssetsDoctorCheck warns when hook not configured (532.035041ms)
✔ buildGitignoredPubspecAssetsDoctorCheck warns when lane missing gitignored assets (336.91625ms)
✔ parseMigrateArgs rejects --source without value (0.733375ms)
✔ runMigrateFromTaskplane fails when source file is missing (9.262375ms)
✔ runMigrateFromTaskplane refuses overwrite without force (43.7535ms)
✔ runMigrateFromTaskplane dry-run does not write config (4.280583ms)
✔ loadTaskplaneConfig reads repo fixture (0.72525ms)
✔ mapTaskplaneToSpine maps repo fixture to valid spine config (0.85725ms)
✔ mapTaskplaneToSpine honors tasksRootOverride (0.99775ms)
✔ mapTaskplaneToSpine ignores unknown keys (0.747791ms)
✔ mapMaxParallel clamps invalid and excessive values (0.083375ms)
✔ loadTaskplaneConfig fails loud on missing file (0.3155ms)
✔ DEFAULT_TASKPLANE_SOURCE_PATH matches repo layout (0.260958ms)
✔ normalizeFileScopePath strips trailing globs and normalizes separators (0.696458ms)
✔ pathsOverlap detects parent/child and rejects unrelated prefixes (0.091416ms)
✔ fileScopesOverlap detects parent/child directory overlap (1.92475ms)
✔ fileScopesOverlap detects exact file overlap in same wave scenario (0.087041ms)
✔ fileScopePatternsOverlap handles wildcard file globs (0.301542ms)
✔ fileScopePatternsOverlap does not treat dotted sibling paths as overlapping (0.694583ms)
✔ fileScopePatternsOverlap handles literal paths with regex metacharacters (3.709667ms)
✔ expandFileScopeProbes produces nested paths for directory globs (0.176584ms)
✔ findWaveFileScopeOverlaps returns pairs within the same wave only (0.680791ms)
✔ findWaveFileScopeOverlaps matches issue #31 parent/child safety paths (0.140958ms)
✔ findWaveFileScopeOverlaps ignores single-task waves (0.294ms)
✔ planWaves serializes two tasks with the same file to one virtual lane (0.326208ms)
✔ assignLanesToWaves uses glob-aware overlap for wildcard scopes (0.116334ms)
✔ formatFileScopeOverlapWarnings lists wave and task pairs (0.119084ms)
✔ buildPlan reports file-scope overlaps and serializes conflicting tasks (58.226ms)
✔ formatPlanHuman shows serial lane as bullet list with titles (0.757792ms)
✔ formatPlanHuman shows parallel lanes and omits tick jargon (0.106208ms)
✔ formatPlanHuman includes start hints for multi-wave plans (0.092917ms)
✔ topoWaves groups tasks into deterministic dependency waves (1.038708ms)
✔ buildGraph includes nodes that only appear as dependencies (0.104875ms)
✔ findCyclePath returns a closed cycle path (0.692708ms)
✔ repo spine-tasks plan has wave0 TP-006||TP-007 and wave1 TP-008 (45.121125ms)
✔ TP-034/038/041 disjoint scopes get three virtual lanes in tick 0 (1.258709ms)
✔ overlapping file scopes share one virtual lane (serialized) (0.130625ms)
✔ buildPlan for TP-034 TP-038 TP-041 lists three lanes in human output (75.897833ms)
✔ spine plan CLI shows three lanes for TP-034 TP-038 TP-041 (317.022083ms)
✔ assignLanesToWaves assigns disjoint file scopes to separate virtual lanes (0.787ms)
✔ assignLanesToWaves packs overlapping file scopes into same virtual lane (0.130209ms)
✔ assignLanesToWaves respects maxParallel by queueing excess virtual lanes into ticks (0.131875ms)
✔ filterPendingTaskIds excludes tasks with .DONE marker (48.722084ms)
✔ parseScope pending mode returns pending IDs and excluded count (26.971417ms)
✔ parseScope pending throws when all tasks are done (74.608667ms)
✔ buildPlan pending scope preserves dependency waves (38.077458ms)
✔ filterPendingTaskIds excludes tasks with .SUPERSEDED marker (88.017792ms)
✔ summarizePendingScope counts excluded tasks (33.718666ms)
✔ runSpinePlan pending with all .DONE returns exit 0 informational output (121.984166ms)
✔ runSpinePlan pending JSON with all .DONE returns synthetic plan (22.375791ms)
✔ runSpinePlan pending with all .DONE does not throw (20.834334ms)
✔ parseScope pending empty error carries structured metadata (88.00725ms)
✔ runSpinePlan pending output includes maxParallel from config (15.868958ms)
✔ buildPlan rejects invalid heading separator (28.230875ms)
✔ buildPlan rejects missing testing coverage (28.25575ms)
✔ buildPlan rejects missing File Scope section (32.89675ms)
✔ runSpinePlan exits with validation errors for invalid PROMPT (75.485584ms)
✔ buildPlan accepts valid PROMPT packets (25.169625ms)
✔ parseScope glob escapes literal dots in path patterns (12.486875ms)
✔ parseScope glob escapes literal parentheses in path patterns (3.313291ms)
✔ parseScope glob with plus in path pattern matches literally (2.869458ms)
✔ parseScope TP-* glob scopes remain unchanged (42.576584ms)
✔ parseScope('all') selects all discovered tasks (60.278792ms)
✔ parseScope('TP-002') selects explicit task IDs (12.106084ms)
✔ parseScope supports glob path patterns (86.4465ms)
✔ resolveWaveTaskIds returns wave task IDs (0.957708ms)
✔ resolveWaveTaskIds rejects out-of-range and empty waves (0.137083ms)
✔ filterPlanToWave narrows plan to one wave (0.159542ms)
✔ parseBatchStartWaveFilter accepts --wave and --through-wave (0.147083ms)
✔ parseBatchStartWaveFilter rejects conflicting and invalid flags (0.079417ms)
✔ registerSpineSlashCommands registers all PRD §15.1 command names (0.796208ms)
✔ /spine-retry-task without task id notifies usage error (0.159708ms)
✔ /spine-skip-task without task id notifies usage error (0.122625ms)
✔ /spine-plan notifies error when preflight fails (13734.811125ms)
✔ /spine handler runs preflight before batch guidance (8172.463084ms)
✔ buildDepsReport returns empty graph for isolated task with no deps (581.143208ms)
✔ buildDepsReport detects synthetic dependency cycle (713.053125ms)
✔ cycleNodesFromPath deduplicates closing node (3.560458ms)
✔ depsToEdges and formatDepsHuman render dependency flow (0.226084ms)
✔ repo fixture TP-031 scope shows TP-030 dependency edge (8.220167ms)
✔ spine deps CLI emits JSON shape with nodes, edges, cycles, waves (855.560666ms)
✔ spine deps CLI exits 1 when cycle detected (726.761667ms)
✔ findCyclePath returns path for cyclic graph (0.238042ms)
✔ init --preset taskplane-compat --tasks-root taskplane-tasks --dry-run produces expected keys (10.738333ms)
✔ init --preset taskplane-compat defaults tasksRoot to taskplane-tasks (6.305875ms)
✔ plain init applies spine defaults without preset flag (24.120167ms)
✔ init rejects unknown preset (7.992417ms)
✔ fresh init creates config, agents, tasks root, and gitignore entries (105.117667ms)
✔ init skips constitution.md when it already exists without --force (71.94375ms)
✔ buildConstitutionMd substitutes project title from directory name (0.425875ms)
✔ init without --force refuses when spine-config.json exists (22.0315ms)
✔ --tasks-root taskplane-tasks sets paths.tasksRoot correctly (55.595792ms)
✔ --dry-run makes no filesystem changes (9.831375ms)
✔ init skips CONTEXT.md when it already exists without --force (87.788583ms)
✔ init --force overwrites existing CONTEXT.md (150.687125ms)
✔ buildContextMd substitutes project title from directory name (1.245917ms)
✔ --dry-run plans CONTEXT.md create without writing files (16.978042ms)
✔ ensureGitignoreEntries appends only missing entries (2.160833ms)
✔ runPreflightPlanCheck builds wave plan during preflight (4146.632166ms)
✔ runReconciliationCheck returns real diagnosis for running batch (3115.023333ms)
✔ checkDoctor fails when doctor reports issues (0.250416ms)
✔ checkStalePathSpine fails when PATH spine version is stale (3.546292ms)
✔ checkGitClean lists up to 20 dirty paths (224.068ms)
✔ checkNoActiveBatch passes when no batch-state file exists (442.836208ms)
✔ checkNoActiveBatch calls reconciliation when batch-state exists (447.686459ms)
✔ checkTasksRoot validates discoverable task folders (397.235583ms)
✔ checkDependenciesJson validates version and task IDs (327.819084ms)
✔ runBatchPreflight passes on initialized clean fixture (2090.347459ms)
✔ runBatchPreflight fails when git working tree is dirty (2846.0235ms)
✔ runPreflightPlanCheck validates pending scope only (SP-122) (493.373333ms)
✔ checkTasksValidate exposes distinct tasks-validate check id (594.341042ms)
✔ checkTasksValidate validates multiple pending PROMPT packets in one batch (504.3555ms)
✔ runBatchPreflight includes tasks-validate check distinct from plan (1754.474875ms)
✔ runBatchPreflight fails on limbo fixture with dismiss suggestion (4632.407583ms)
✔ runBatchPreflight passes when all tasks have .DONE (zero pending) (1194.939417ms)
✔ checkGitClean passes when only rules-manifest generatedAt drifted (299.036333ms)
✔ checkGitClean still fails when rules-manifest rules[] differ (304.468208ms)
✔ spine run pending is alias for batch start pending (1102.600209ms)
✔ spine run all dry-run matches pending-filtered batch start (791.52ms)
✔ applySetting merges nested dotted paths (0.988041ms)
✔ runSettingsSetOperation rejects unknown path (0.250542ms)
✔ runSettingsSetOperation rejects invalid value (0.141125ms)
✔ runSettingsSetOperation returns merged config on success (0.339ms)
✔ writeSpineConfigAtomic writes valid JSON atomically (554.1615ms)
✔ spine settings set updates maxParallel on disk (1065.866875ms)
✔ spine settings set rejects bad value (1021.071583ms)
✔ spine settings set --dry-run leaves config unchanged (1104.636334ms)
✔ spine settings set --json reports write metadata (1002.398209ms)
✔ spine settings set exits 1 with suggestedCommand when config missing (1006.340541ms)
✔ getValueAtPath reads nested config values (2.847791ms)
✔ formatSettingsShow lists all editable fields in human mode (0.4695ms)
✔ formatSettingsShow returns JSON fields array for all settings (0.595291ms)
✔ formatSettingsShow single path mode prints one value (0.122166ms)
✔ formatSettingsShow rejects unknown path (0.091875ms)
✔ buildSettingsShowFields mirrors registry order (0.232458ms)
✔ spine settings show CLI prints editable fields from temp config (719.826375ms)
✔ spine settings show CLI single path and JSON modes (1346.301083ms)
✔ spine settings show CLI exits 1 with suggestedCommand when config missing (1347.366292ms)
✔ formatSettingsSlashMenu lists at least five editable fields with set hints (0.704375ms)
✔ runSpineSettingsSlash notifies menu with live config fields (669.191584ms)
✔ runSpineSettingsSlash set subcommand persists a valid change (742.212959ms)
✔ runSpineSettingsSlash set reports usage error without path and value (894.549792ms)
✔ runSpineSettingsSlash reports missing config with suggested init (690.316792ms)
✔ fileScopesOverlap detects parent/child path overlap (0.704042ms)
✔ extractExploreSlugsFromContext finds explore findings paths (0.517333ms)
✔ collectWaveMCountFindings warns when a wave has more than four M tasks (0.120625ms)
✔ collectPromptJsonDepsDriftFindings reports missing JSON entry (0.122167ms)
✔ runSpineTasksAnalyze exits 0 for clean scope (781.518375ms)
✔ runSpineTasksAnalyze reports parallel file-scope overlap as blocking (968.03ms)
✔ runSpineTasksAnalyze reports dependency cycle as blocking (747.58975ms)
✔ runSpineTasksAnalyze exits 0 when only warnings are present (785.240625ms)
✔ runSpineTasksAnalyze warns for missing explore findings referenced in CONTEXT (553.971ms)
✔ runSpineTasksAnalyze --json emits AnalyzeTasksResult (490.529375ms)
✔ spine tasks analyze CLI exits 1 for blocking overlap (760.117125ms)
✔ spine tasks analyze CLI exits 0 for warnings-only scope (748.746417ms)
✔ spine help tasks documents analyze subcommand (198.748958ms)
✔ parseContract extracts all five contract fields from a valid table (3.325375ms)
✔ validateContract passes for a valid contract table (1.982958ms)
✔ parseContract and validateContract handle an empty contract table (0.198584ms)
✔ validateContract warns on unknown contract fields (0.141167ms)
✔ parseContract reports duplicate field rows as errors (0.115625ms)
✔ parseContract accepts plain-text testCommand values (0.078041ms)
✔ parseContract returns hasSection false when Contract heading is absent (0.090083ms)
✔ CONTRACT_FIELD_NAMES lists all normative contract fields (0.067625ms)
✔ parseContract resolves see File Scope to File Scope bullet paths (0.132208ms)
✔ parseContract excludes optional File Scope bullets from see File Scope expansion (0.134458ms)
✔ validateContract errors on em-dash placeholders in required mode (0.121625ms)
✔ validateContract errors on see File Scope with empty File Scope section in required mode (0.217ms)
✔ validateContract warns on placeholders in optional mode (0.101459ms)
✔ parseContract treats em dash contract cells as empty path lists (0.076792ms)
✔ parseContract splits comma-separated paths inside a single backtick wrapper (SP-396) (0.07525ms)
✔ parseContract splits comma-separated artifacts inside a single backtick wrapper (0.073334ms)
✔ validateContract warns on comma-in-single-backtick path lists in optional mode (0.164416ms)
✔ validateContract errors on comma-in-single-backtick path lists in required mode (0.1345ms)
✔ mergeDeps unions identical sets from PROMPT and JSON (0.897ms)
✔ mergeDeps JSON wins when PROMPT and JSON disagree (0.086166ms)
✔ mergeTaskDeps uses golden fixtures end-to-end (20.719667ms)
✔ mergeDeps returns PROMPT deps when JSON has no entry (4.6065ms)
✔ TASK_HEADING_RE requires em dash (U+2014) (0.601792ms)
✔ parsePrompt extracts required sections and steps from golden S fixture (3.030416ms)
✔ validatePrompt rejects hyphen separator in heading (0.91225ms)
✔ discoverTasks finds three golden fixtures (14.72225ms)
✔ parsePromptDependencies parses list and Requires forms (0.519459ms)
✔ parseStatus mirrors step numbers and checkbox state (1.373084ms)
✔ getStepProgress aggregates checkbox completion (1.091208ms)
✔ listIncompleteSteps returns unchecked items per step (0.290083ms)
✔ FX-invalid-no-testing fails validatePrompt for missing Testing step (2.784542ms)
✔ FX-missing-contract fails validatePrompt in required contract mode (0.78825ms)
✔ FX-valid-contract passes validatePrompt in required contract mode (2.478125ms)
✔ FX-final-replan has Review Level >= 1 for REPLAN integration path (1.0015ms)
✔ formatTasksValidateHuman prefixes summary before failure details (0.748834ms)
✔ runSpineTasksValidate exits 0 for valid PROMPT packets (678.197917ms)
✔ runSpineTasksValidate reports same failure message as planner for invalid PROMPT (709.694375ms)
✔ runSpineTasksValidate returns exit 2 for missing config (622.245916ms)
✔ runSpineTasksValidate returns exit 2 for unresolved scope (445.708ms)
✔ spine tasks validate CLI exits 0 for valid scope (801.609208ms)
✔ spine tasks validate CLI exits 1 for invalid PROMPT (634.438667ms)
✔ buildTasksValidateResult matches TasksValidateResult schema (2.5245ms)
✔ collectTaskAdvisoryWarnings reports folder, STATUS, and deps mismatches (0.275083ms)
✔ runSpineTasksValidate --json emits TasksValidateResult (385.131917ms)
✔ runSpineTasksValidate --warnings-only keeps exit 0 for advisory issues (415.889834ms)
✔ spine tasks validate CLI --json exits 0 for valid scope (529.383042ms)
✔ spine help tasks documents validate subcommand (188.095375ms)
✔ spine tasks validate CLI exits 2 for config error (511.167333ms)
✔ validateContract warns when fileScopeMustNotChange includes spine-tasks/** (3.951292ms)
✔ validateContract warns when pattern matches current task folder only (0.682125ms)
✔ validateContract is quiet for parallel product-path guards (0.543ms)
✔ collectFileScopeMustNotChangeWarnings dedupes broad spine-tasks ban over task folder (0.166791ms)
✔ collectFileScopeMustNotChangeWarnings ignores other task folders (0.185416ms)
✔ collectFileScopeMustNotChangeWarnings respects custom tasksRoot (0.149833ms)
✔ collectFileScopeMustNotChangeWarnings skips current-task check without taskId (0.169542ms)
✔ collectStaleFileScopeMustChangeWarnings is quiet when scope paths unchanged since task intro (1189.374917ms)
✔ collectStaleFileScopeMustChangeWarnings warns when scope paths changed on main after task intro (972.797208ms)
✔ collectStaleFileScopeMustChangeWarnings ignores tasks without fileScopeMustChange (752.937ms)
✔ parseReportProgressArgs reads step and checkbox flags (0.561875ms)
✔ reportTaskProgress appends task.step_completed with metadata (2.659792ms)
✔ reportTaskProgress writes journal line on disk (30.344041ms)
✔ reportTaskProgress fails closed without batch context (0.198958ms)
✔ runSpineReportProgress returns non-zero when batchId missing (0.2175ms)
✔ runSpineReportProgress does not write with attach env when attach suppressed (1.055708ms)
✔ requestWorkerGate fails closed without batch context (0.591042ms)
✔ requestWorkerGate returns not_supported for integrate gate (7.655167ms)
✔ requestWorkerGate returns not_supported when no gate record (manual deferred) (1.351416ms)
✔ buildReviewStepCliArgs maps params and adds --stub when SPINE_WORKER_STUB=1 (0.871708ms)
✔ executeSpineReviewStep fails closed without SPINE_TASK_FOLDER (0.229042ms)
✔ spine_review_step handler returns APPROVE via stub review (71.5985ms)
✔ spine_review_step handler marks stub spawn failure as tool error (13.618209ms)
✔ spine_review_step skips nested reviewer spawn inside worker session (71.872542ms)
✔ registerSpineWorkerTools registers all three PRD worker tools (0.892959ms)
✔ executeSpineReportProgress appends task.step_completed via tool handler (14.694375ms)
✔ executeSpineReportProgress fails closed without batch context (0.360542ms)
✔ spine_request_gate tool returns structured not_supported shape (14.340375ms)
✔ executeSpineRequestGate fails closed without batch context (0.275791ms)
ℹ tests 1736
ℹ suites 0
ℹ pass 1732
ℹ fail 4
ℹ cancelled 0
ℹ skipped 0
ℹ todo 0
ℹ duration_ms 407198.435417

✖ failing tests:

test at tests/batch/contract-retry.test.mjs:117:1
✖ no retry when testCommand succeeds first time (no performance cost) (2047.217083ms)
  AssertionError [ERR_ASSERTION]: Should complete quickly without retry delay (took 2007ms)
      at file:///Users/cdelgado/Documents/github/pi-spine/.worktrees/spine-20260707T005651/lane-2/tests/batch/contract-retry.test.mjs:130:10
      at withWorktree (file:///Users/cdelgado/Documents/github/pi-spine/.worktrees/spine-20260707T005651/lane-2/tests/batch/contract-retry.test.mjs:17:9)
      at async TestContext.<anonymous> (file:///Users/cdelgado/Documents/github/pi-spine/.worktrees/spine-20260707T005651/lane-2/tests/batch/contract-retry.test.mjs:118:2)
      at async Test.run (node:internal/test_runner/test:1389:7)
      at async Test.processPendingSubtests (node:internal/test_runner/test:960:7) {
    generatedMessage: false,
    code: 'ERR_ASSERTION',
    actual: false,
    expected: true,
    operator: '==',
    diff: 'simple'
  }

test at tests/batch/contract-stall-override.test.mjs:93:1
✖ runWorker with contract stall override survives beyond global stall budget (scaled) (16429.03425ms)
  AssertionError [ERR_ASSERTION]: contract override should extend stall beyond scaled global budget
      at TestContext.<anonymous> (file:///Users/cdelgado/Documents/github/pi-spine/.worktrees/spine-20260707T005651/lane-2/tests/batch/contract-stall-override.test.mjs:159:10)
      at process.processTicksAndRejections (node:internal/process/task_queues:104:5)
      at async Test.run (node:internal/test_runner/test:1389:7)
      at async Test.processPendingSubtests (node:internal/test_runner/test:960:7) {
    generatedMessage: false,
    code: 'ERR_ASSERTION',
    actual: 'stall_timeout',
    expected: 'stall_timeout',
    operator: 'notStrictEqual',
    diff: 'simple'
  }

test at tests/cli/phase23-exit-verify.test.mjs:96:1
✖ runPhase23ExitVerify --skip-test passes structural checks in repo (34.978375ms)
  AssertionError [ERR_ASSERTION]: unexpected >500 LOC modules: src/batch/heartbeat.mjs (542)
      at TestContext.<anonymous> (file:///Users/cdelgado/Documents/github/pi-spine/.worktrees/spine-20260707T005651/lane-2/tests/cli/phase23-exit-verify.test.mjs:104:9)
      at async Test.run (node:internal/test_runner/test:1389:7)
      at async Test.processPendingSubtests (node:internal/test_runner/test:960:7) {
    generatedMessage: false,
    code: 'ERR_ASSERTION',
    actual: false,
    expected: true,
    operator: '==',
    diff: 'simple'
  }

test at tests/cli/phase23-exit-verify.test.mjs:107:1
✖ spine verify phase23-exit CLI is wired (12.05875ms)
  AssertionError [ERR_ASSERTION]: Expected values to be strictly equal:
  
  1 !== 0
  
      at TestContext.<anonymous> (file:///Users/cdelgado/Documents/github/pi-spine/.worktrees/spine-20260707T005651/lane-2/tests/cli/phase23-exit-verify.test.mjs:113:9)
      at async Test.run (node:internal/test_runner/test:1389:7)
      at async Test.processPendingSubtests (node:internal/test_runner/test:960:7) {
    generatedMessage: true,
    code: 'ERR_ASSERTION',
    actual: 1,
    expected: 0,
    operator: 'strictEqual',
    diff: 'simple'
  }

