Contract testCommand failure log
Command: npm run typecheck && SPINE_WORKER_STUB=1 npm test -- tests/batch/heartbeat-git-debounce.test.mjs && npm run coverage:check
Exit code: 1
Attempt: 2 of 2
Timestamp: 2026-07-07T01:27:41.650Z
Buffer overflow: no
---

> pi-spine@1.7.0 typecheck
> tsc --project tsconfig.json --noEmit && tsc --project tsconfig.batch.json --noEmit


> pi-spine@1.7.0 test
> SPINE_SUPPRESS_JOURNAL_ATTACH=1 node --experimental-strip-types --test tests/*.test.mjs tests/cli/*.test.mjs tests/compat/*.test.mjs tests/tasks/*.test.mjs tests/config/*.test.mjs tests/config/cursor-rules/*.test.mjs tests/planner/*.test.mjs tests/batch/*.test.mjs tests/agents/*.test.mjs tests/adoption/*.test.mjs tests/dashboard/*.test.mjs tests/doctor/*.test.mjs tests/init/*.test.mjs tests/migrate/*.test.mjs tests/worker-tools/*.test.mjs tests/coverage/*.test.mjs tests/extensions/*.test.mjs tests/batch/heartbeat-git-debounce.test.mjs

✔ adoption fixture: init, plan, stub batch AD-001 creates .DONE (27602.336334ms)
✔ adoption integration: REPLAN final verdict surfaces needs_replan diagnosis (23259.456041ms)
✔ worker.md documents spine tools, stall checkpoint, and coverage policy (0.758708ms)
✔ worker.md documents engine-owned code and final review after .DONE (0.351166ms)
✔ reviewer.md documents final PASS REVISE REPLAN verdicts (1.151042ms)
✔ worker-prompt tail aligns with worker.md commit and review conventions (0.247625ms)
✔ buildWorkerTailPrompt does not contradict worker.md on commit format (24.136541ms)
✔ buildAgentSessionWorkerPrompt includes review hint when level > 0 (2.05675ms)
✔ buildWorkerPiArgs omits -ne when no pi-web-access conflict (26.884875ms)
✔ buildWorkerPiArgs includes -ne before -p when extension conflict detected (35.941959ms)
✔ formatPiExtensionConflictHint surfaces pi-web-access remediation (0.367125ms)
✔ abortBatch archives batch-state before clearing active file (2312.278583ms)
✔ abortBatch journals batch.aborted and preserves prior journal tail (2344.79325ms)
✔ abortBatch writes abort signal without killing on graceful abort (2148.075167ms)
✔ hard abort removes lane worktree when cleanup enabled (2420.292667ms)
✔ hard abort keeps worktree when cleanupOnHardAbort is false (2300.368541ms)
✔ abortBatch fails when no active batch (1193.966583ms)
✔ mergeLaneToOrch auto-resolves disjoint adoption doc edits without force-merge (8254.885167ms)
✔ mergeLaneToOrch fails adoption doc merge with recovery commands when hunks overlap (8019.484959ms)
✔ formatAdoptionDocMergeFailure names file and wave recovery (0.734875ms)
✔ agent session abort failure journals lane.worker_abort_failed (2325.663208ms)
✔ formatAttachedMilestoneLine renders land-loop journal types (0.609041ms)
[spine] batch.started
[spine] task.started SP-343
[spine] task.completed SP-343
[spine] batch.merge_started wave=0
[spine] batch.merge_completed wave=0
[spine] gate.opened
[spine] gate.evidence_collecting
[spine] gate.evidence_completed
[spine] batch.completed
[spine] batch.land_loop_finalized

Batch started

Batch 20260707T012414 completed: SP-343 succeeded; merged to orch/spine-20260707T012414.
  → spine gate status
  → spine gate approve
  → spine integrate
  → spine batch complete

Batch 20260707T012414 ready to integrate orch branch to main

  → spine integrate

  Alternatives:
    • /spine-integrate
    • /spine-gate
    • spine status --diagnose

  Batch: 20260707T012414
  Task: SP-343
✔ runSpineBatch attached start returns integrate handoff without process.exit in tests (25404.109542ms)
✔ attached batch CLI subprocess exits after completed with stdout milestones (22079.790208ms)
✔ formatAttachedBatchCliResult includes diagnosis suggested command (1.268875ms)
✔ enforceAttachedEngineSingleOwner fails fast when engine PID is alive (2074.143042ms)
✔ enforceAttachedEngineSingleOwner orphans prior engine with --force (1951.566792ms)
✔ resumeBatch rejects second attached resume when engine PID is alive (2429.871958ms)
✔ resumeBatchDetached rejects spawn when attached engine PID is alive (1405.3525ms)
✔ runAttachedBatchEngine blocks attached start when engine PID is alive (1885.256625ms)
✔ isLastWaveIndex matches batch 20260618T000943 wave plan (0.526292ms)
✔ maybeFinalizeAfterWaveMerge opens gate for last-wave post-merge limbo (8194.452458ms)
✔ resumeMultiTaskBatch finalizes post-merge limbo even with stale engine pid (6688.809875ms)
✔ terminateStaleDetachedEngine still clears stale engine during post-merge limbo resume handoff (2126.648333ms)
✔ startBatch multi-wave attached path opens gate after wave 1 without resume (29993.313417ms)
✔ attached milestone types include batch.merge_blocked (0.518333ms)
✔ formatAttachedBatchCliResult prints merge failure headline and exits non-zero for merge_blocked (5090.735334ms)
✔ runAttachedBatchEngine streams merge_blocked milestone before merge failure CLI output (7155.899166ms)
✔ mergeEngineStateWithDiskPause adopts operator pause from disk (1838.72575ms)
✔ saveEngineBatchState does not clobber phase paused during heartbeat-style saves (2520.387458ms)
✔ enforceOperatorPauseOnDisk re-asserts paused after engine overwrite (4061.515375ms)
✔ pauseBatch confirms when attached engine heartbeat saves honor pause (3430.466208ms)
✔ batch 20260620T194352 fixture is post-merge limbo without gate (1894.885917ms)
✔ attemptPostMergeLandLoopHandoff finalizes in-process after SIGTERM-shaped limbo (7303.266208ms)
✔ finalizeAttachedPostMergeLimbo is idempotent when gate already open (6232.643292ms)
✔ resume after orphan_terminated journal opens gate for batch 20260620T194352 pattern (6868.079084ms)
✔ installAttachedEngineShutdownHandlers finalizes on SIGTERM without manual resume (5302.554584ms)
✔ terminateStaleDetachedEngine during post-merge limbo still allows resume finalize (5046.078917ms)
✔ shouldAutoIntegrateAfterWave is false by default (0.47075ms)
✔ shouldAutoIntegrateAfterWave is true when configured and not last wave (0.081791ms)
✔ shouldAutoIntegrateAfterWave is false on last wave (0.07125ms)
✔ issue #25: retry unblocks failed phase when only pending tasks remain (13754.235917ms)
✔ issue #25: failed phase with pending-only limbo resumes without --force (6293.646708ms)
✔ retry keeps failed phase when other failed tasks remain (1959.419166ms)
✔ diagnosis suggests resume --force for failed-phase pending-only limbo (1.297875ms)
✔ parseSupersededReplacementIds extracts child task IDs (1.102458ms)
✔ assertBatchStartTasksNotSuperseded rejects superseded IDs (2971.411167ms)
✔ assertBatchStartTasksNotSuperseded allows pending IDs (2590.334375ms)
✔ assertBatchStartTasksNotSuperseded honors --force-superseded (2358.201291ms)
✔ resolveBatchStartScope rejects explicit superseded task IDs (2371.415333ms)
✔ resolveBatchStartScope allows superseded IDs with forceSuperseded (1843.629625ms)
✔ startBatch dry-run rejects superseded explicit scope (1722.273625ms)
✔ startBatch dry-run allows superseded scope with forceSuperseded (2376.27525ms)
✔ parseBatchArgs maps --wave on start to waveFilter (0.66925ms)
✔ parseBatchArgs strips --wave value from scope for wave 0 (0.112958ms)
✔ buildAttachedBatchStartArgv forwards waveFilter to detached engine (0.493958ms)
✔ startBatch dry-run with pending scope and --wave 0 selects planner wave 0 (2906.121875ms)
✔ startBatch dry-run with --wave selects planner wave task IDs (2185.851833ms)
✔ wave-filtered dry-run matches explicit wave task scope dry-run (2211.359459ms)
✔ complete handoff preserves newer active batch (073511 vs 073937 race) (13.396334ms)
✔ clearStaleTerminalBatchStateForStart removes completed batch-state pointer (4.85525ms)
✔ assertNoActiveBatch clears stale completed pointer before start handoff (3.478583ms)
✔ runBatchComplete clears active batch-state when no newer batch took over (6897.217917ms)
✔ new batch save replaces terminal completed cache with different batchId (87.540458ms)
✔ evaluateBatchStateWriteGuard rejects writes from non-owner live engine (19.206292ms)
✔ saveSpineBatchState rejects resurrecting archived batch cache (32.977209ms)
✔ resolveStallConfig defaults checkpoint warning and no file-scope grace extension (0.6735ms)
✔ file-scope mtime is activity only — does not extend stall deadline by default (0.186125ms)
✔ checkpoint signals extend grace; STATUS update moves deadline (0.071417ms)
✔ shouldEmitCheckpointWarning after activity without checkpoint threshold (0.112542ms)
✔ resolveScopedDirtyPaths limits porcelain to file scope and task folder (1260.229375ms)
✔ lane.checkpoint_warning journal event and diagnose hints (17.711792ms)
✔ extractJournalDiagnosisHints omits stale checkpoint_warning older than 30 minutes (1.372042ms)
✔ collectProgressSignals includes dirtyPaths for scoped changes (1679.1245ms)
✔ verifyContract uses base-satisfied when scope predates task PROMPT on base (5313.368333ms)
✔ verifyContract passes when scope is on base and lane has zero implementation diff (4072.990875ms)
✔ verifyContract fails base-satisfied scope when testCommand fails (8754.100875ms)
✔ verifyStubFileScopeMustChange passes when base already satisfies scope (3370.203333ms)
✔ isBaseScopeSatisfied is false when base lacks scope changes (2086.767667ms)
✔ runFinalReviewPhase fails fast with contract_failed and does not consume finalAttempts (9543.639042ms)
✔ reconcileBatch surfaces contract_failed headline for failed task (4426.142917ms)
✔ verifyContract satisfies pre-landed fileScopeMustChange when testCommand and artifacts pass (4707.833ms)
✔ verifyContract still fails pre-landed scope when testCommand fails (9491.353375ms)
✔ verifyStubFileScopeMustChange passes delivery-only STATUS when source scope pre-landed (4165.314083ms)
✔ verifyContract passes delivery-only STATUS.md fileScopeMustChange contract (3021.034833ms)
✔ resolvePromptRelPath derives task PROMPT from spine-tasks delivery changes (1540.031917ms)
✔ isFileScopePatternPrelanded detects scope changed on main after task intro (1858.997167ms)
✔ resolveTaskStartCommit ignores resumed task.started after same-task lane.committed (0.614167ms)
✔ verifyContract passes fileScopeMustChange after pause/retry/resume when lane commit exists (4503.857ms)
✔ testCommand fails once then succeeds on retry — contract passes (475.827834ms)
✔ testCommand fails all retries — contract_failed as before (462.187667ms)
✔ retry count configurable via spine-config contract.testRetries (885.925417ms)
✔ failed output captured to .reviews/ directory (419.488917ms)
✔ no retry when testCommand succeeds first time (no performance cost) (287.801958ms)
✔ writeContractFailureLog creates log file with header (72.968458ms)
✔ writeContractFailureLog returns null when taskFolder is undefined (25.116625ms)
✔ CONTRACT_TEST_DEFAULT_RETRIES is 1 (17.929709ms)
✔ CONTRACT_TEST_RETRY_DELAY_MS is 5000 (0.245625ms)
✔ multiple failure logs captured across retry attempts (490.705042ms)
✔ parseContract extracts stallTimeoutMinutes and extendGraceOnFileScope (1.1875ms)
✔ resolveTaskStallMinutes uses max of global, size floor, and contract override (0.13775ms)
✔ resolveStallConfigForTask applies contract stallTimeoutMinutes to stallTimeoutMs (0.124917ms)
✔ resolveStallConfigForTask honors contract extendGraceOnFileScope (0.070958ms)
✔ resolveWorkerPiTimeoutMs aligns with contract stall budget (0.093584ms)
✔ runWorker with contract stall override survives beyond global stall budget (scaled) (10292.398625ms)
✔ runWorker without contract override stalls at scaled global budget (5242.879958ms)
✔ isDeliveryArtifactPath accepts STATUS.md-only patterns (0.765125ms)
✔ isDeliveryArtifactPath accepts .DONE-only patterns (0.187ms)
✔ isDeliveryArtifactPath accepts task-folder delivery globs (0.128ms)
✔ isDeliveryArtifactPath rejects implementation and tasks-root paths (0.095041ms)
✔ isImplementationScopePattern detects source and tooling roots (0.070833ms)
✔ isStubDeliveryOnlyScope is true for delivery-only pattern sets (0.096959ms)
✔ isStubDeliveryOnlyScope rejects mixed implementation and delivery patterns (0.061709ms)
✔ isStubDeliveryOnlyScope rejects empty pattern lists (0.050458ms)
✔ isDeliveryArtifactPath honors custom tasksRoot (0.16775ms)
✔ resolveTaskStartCommit returns distinct start commits for serialized lane tasks (0.630875ms)
✔ resolveTaskStartCommit prefers task.started payload commit over prior lane.committed (0.104583ms)
✔ resolveTaskStartCommit returns null when task.started is missing (main...HEAD fallback) (0.084541ms)
✔ resolveTaskStartCommit resolves git HEAD at task.started timestamp when journal lacks commit (2200.196958ms)
✔ CONTRACT_TEST_COMMAND_MAX_BUFFER exceeds legacy 256KB limit (0.493333ms)
✔ runContractTestCommand captures large stdout without killing child (189.934375ms)
✔ runContractTestCommand surfaces ENOBUFS with scoped testCommand guidance (369.203708ms)
✔ verifyContract reports buffer overflow with scoped testCommand guidance (5664.722041ms)
✔ buildContractTestEnv moves SPINE_BATCH_ID to SPINE_PARENT_BATCH_ID (0.514833ms)
✔ detectNestedWorkerContext blocks parent batch in lane worktree (0.270583ms)
✔ startBatch blocks nested spawn when SPINE_PARENT_BATCH_ID set in lane worktree (166.722667ms)
✔ buildContractTestEnv allows isolated fixture batch start without parent batch id (28.177959ms)
✔ listChangedFiles with sinceCommit scopes diff to commits after anchor (3324.164875ms)
✔ listChangedFiles without sinceCommit preserves baseBranch...HEAD (1786.5215ms)
✔ verifyContract with sinceCommit ignores prior same-lane task fileScopeMustNotChange violations (3285.731083ms)
✔ verifyContract without sinceCommit preserves cumulative lane branch behavior (2540.482875ms)
✔ buildContractTestEnv removes worker-only keys (0.541459ms)
✔ runContractTestCommand subprocess does not inherit SPINE_IS_WORKER (145.440625ms)
✔ verifyContract testCommand passes under worker env when subprocess is sanitized (489.954333ms)
✔ verifyContract passes when testCommand exits 0 (218.773416ms)
✔ verifyContract fails when testCommand exits non-zero (251.600417ms)
✔ verifyContract checks artifactsMustExist paths in worktree (149.620583ms)
✔ verifyContract expands glob patterns in artifactsMustExist (257.965209ms)
✔ verifyContract returns ok with empty checks when contract has no verify fields (235.438666ms)
✔ verifyContract enforces fileScopeMustChange and fileScopeMustNotChange (2740.673917ms)
✔ verifyContract checks minLineCoverage from command output (394.806708ms)
✔ shouldRunContractVerify skips legacy TP-* tasks and absent contract sections (0.621583ms)
✔ matchesContractPattern supports glob paths (0.527125ms)
✔ parseAggregateLineCoverage parses coverage table rows (0.416875ms)
✔ SP-193-shaped placeholder contract fails validateContract in required mode (8.2655ms)
✔ verifyContract passes SP-193-shaped contract when scoped files changed (3336.985083ms)
✔ fileScopeMustChange trailing-slash pattern matches files under directory prefix (2709.573125ms)
✔ fileScopeMustChange trailing-slash pattern fails when no files under prefix changed (2189.4015ms)
✔ fileScopeMustChange exact-path and glob behavior preserved alongside trailing-slash (1763.725541ms)
✔ waitForDetachedBatchResume waits for integrate gate after batch completes (1680.356875ms)
✔ waitForDetachedBatchResume completes without gate when integrate gate not required (1806.305ms)
✔ prepareDetachedResumeEngineHandoff terminates stale engine before resume spawn (132.400375ms)
✔ resolveDefaultResumeWaitTerminal returns true for engine_orphaned without flags (0.457959ms)
✔ resolveDefaultResumeWaitTerminal respects explicit flags (0.0965ms)
✔ detectPostMergeLimboForResume matches journal-only limbo for batch 20260629T210738 (4683.148334ms)
✔ postMergeLimbo diagnosis suggests spine batch resume --force (0.303042ms)
✔ resumeBatchDetached --force finalizes journal-only limbo without spawning engine (9377.092875ms)
✔ detached batch start opens integrate gate after stub engine completes (18146.973917ms)
✔ timeout_waiting_for_batch with dead enginePid reconciles as engine_orphaned not running (5118.09025ms)
✔ startBatchDetached persists spawn enginePid before wait on timeout failure path (34453.442292ms)
✔ parseBatchArgs defaults to detached start (attached flag off) (1.689542ms)
✔ parseBatchArgs --attached opts into foreground engine (0.107958ms)
✔ buildAttachedBatchStartArgv forwards scope and skip-preflight (0.538917ms)
✔ formatDetachedBatchStartOutput includes monitor hints (0.208541ms)
✔ batch start returns quickly and runs engine in background (20112.986833ms)
✔ parseBatchArgs resume defaults to detached (attached flag off) (0.4565ms)
✔ buildAttachedBatchResumeArgv forwards force (0.257667ms)
✔ formatDetachedEngineOutput includes resume wording (0.316792ms)
✔ waitForDetachedBatchResume returns engine_started by default (1934.030208ms)
✔ waitForDetachedBatchResume with waitTerminal returns resume_completed (2090.858875ms)
✔ collectDetachedFailureDiagnostics includes task.failed summary and log tails (1177.426167ms)
✔ parseBatchArgs accepts --wait-terminal (0.221292ms)
✔ batch resume returns quickly and runs engine in background (18682.648417ms)
✔ inferLaunchFailureKind ignores DirtyWorktree exitReason (0.606958ms)
✔ buildHeadline prefers DirtyWorktree over worker launch (0.309541ms)
✔ buildSuggestedCommand for DirtyWorktree suggests coverage cleanup and retry (0.146417ms)
✔ buildHeadline surfaces review_exhausted primary failure (0.1035ms)
✔ buildSuggestedCommand for review_exhausted suggests batch retry (0.059459ms)
✔ buildHeadline surfaces contract_failed primary failure (0.090167ms)
✔ buildSuggestedCommand for contract_failed suggests PROMPT edit and retry (0.054ms)
✔ buildDiagnosisOutput bundles primary failure class without launch headline (0.11575ms)
✔ reconcileBatch aligns hasFailedTasks with segment drift and DirtyWorktree headline (4769.824917ms)
✔ reconcileBatch diagnoses review_exhausted from failed task exitReason (4140.5205ms)
✔ buildHeadline surfaces PI_SPINE_ROOT launch failure (0.688916ms)
✔ buildHeadline surfaces lane commit failures after worker completion (0.114792ms)
✔ buildSuggestedCommand prefers spine doctor for launch failures (0.184833ms)
✔ inferLaunchFailureKind reads worker output hints from journal (0.173125ms)
✔ extractJournalDiagnosisHints prioritizes setup hook and merge blocked events (1.366875ms)
✔ formatMixedOutcomeMessage lists succeeded tasks and spine batch retry guidance (0.164209ms)
✔ reconcileBatch diagnoses launch failure wave from fixture (5075.065333ms)
✔ buildDiagnosisOutput bundles launch failure headline and command (0.4275ms)
✔ DIAGNOSIS_TAXONOMY includes worker_orphaned distinct from needs_retry (0.615375ms)
✔ inferLaunchFailureFromWorkerOutputTail reads PI_SPINE_ROOT hints from log tail (0.118541ms)
✔ buildSuggestedCommand prefers abort for ghost running cluster (0.133083ms)
✔ buildHeadline surfaces worker_orphaned launch failure from worker output context (0.235167ms)
✔ worker_orphaned after plan review nested_spawn_blocked suggests batch retry (0.102792ms)
✔ dead lane workerPid diagnoses worker_orphaned not needs_retry (4682.543167ms)
✔ dead workerPid after lane.completed does not diagnose worker_orphaned (4249.808334ms)
✔ worker_orphaned enriches launch headline from worker output log without task.failed (4464.707042ms)
✔ multiple ghost running tasks on one lane prefer spine batch abort (3884.928584ms)
✔ segment drift still diagnoses needs_retry (3826.633125ms)
✔ buildDiagnosisOutput bundles worker_orphaned headline and command (0.219917ms)
✔ isRunningWithoutActiveWorkers is false when workers are active (0.580458ms)
✔ isRunningWithoutActiveWorkers detects all-terminal tail state (0.079167ms)
✔ buildRunningTailHeadline maps macroPhase merging to operator text (0.193459ms)
✔ buildRunningTailHeadline maps gating / post-merge limbo (0.125625ms)
✔ buildHeadline preserves generic running when workers are active (0.189791ms)
✔ deriveMacroPhase uses journal merge tail when diagnosis is running without workers (0.205209ms)
✔ deriveMacroPhase stays executing when workers are active (0.067291ms)
✔ tail-state fixture reconciles without bare is running headline (5022.258875ms)
✔ tail-state headline matches batch 20260701T031142 shape via buildHeadline (0.225333ms)
✔ isCoverageArtifactPath matches extension/coverage and root coverage dirs (0.546459ms)
✔ isPathInFileScope matches exact paths and directory prefixes (0.1215ms)
✔ filterOutOfScopeCoveragePorcelain drops modified coverage outside file scope (0.139916ms)
✔ filterOutOfScopeCoveragePorcelain keeps in-scope coverage modifications (0.067542ms)
✔ restoreOutOfScopeCoverageArtifacts resets tracked coverage files (2655.906792ms)
✔ resolvePostLaneCommitPorcelain restores and filters out-of-scope coverage (2630.248209ms)
✔ commitLaneAndValidateWorktree succeeds when only out-of-scope coverage is dirty (2936.040167ms)
✔ commitLaneAndValidateWorktree fails when dirty without .DONE (3246.6335ms)
✔ isWorktreeDeletionPorcelainLine matches unstaged deletions (0.537125ms)
✔ isSymlinkOnlyDriftPorcelain is true only for deletion-only porcelain (0.102083ms)
✔ filterSetupHookSymlinkDriftPorcelain clears deletion-only drift (0.076583ms)
✔ parseLaneWorktreeIdentity extracts batch and lane from worktree path (0.49575ms)
✔ resolvePostLaneCommitPorcelain repairs hook symlink drift (4195.159708ms)
✔ commitLaneAndValidateWorktree succeeds when hook symlink drifts after PASS (4857.175ms)
✔ dismissBatch kills live stub worker PID and journals lane.worker_terminated (4417.280833ms)
✔ shouldRunCodeReview requires review level 2 or higher (0.564167ms)
✔ findCodeReviewStepNumber prefers step with code review checkpoint (6.046167ms)
✔ findCompletedCodeReview honors journal review.completed code APPROVE (2.565541ms)
✔ findCompletedCodeReview honors step artifact APPROVE for code review step (12.2935ms)
✔ runTaskOnLane runs engine code review for RL2 without worker nested spawn (9211.349459ms)
✔ runTaskOnLane skips engine code review when review level is 0 (8376.717708ms)
✔ runTaskOnLane skips engine code review when review level is 1 (9085.485375ms)
✔ runTaskOnLane honors journal review.completed code APPROVE without duplicate spawn (9519.066917ms)
✔ runTaskOnLane re-invokes worker after code REVISE and succeeds on APPROVE (14980.2765ms)
✔ resolveReviewSpawnTimeoutMs aligns with stall budget for M tasks (0.568542ms)
✔ runStepReview journals review.failed with review_timeout on hung spawn (480.771583ms)
✔ async reviewer spawn does not block the event loop while waiting for timeout (490.962875ms)
✔ startBatch opens integrate gate before batch.completed journal event (17213.456833ms)
✔ startBatch serializes multiple tasks on one physical lane (25726.347292ms)
✔ startBatch runs disjoint-scope tasks on separate lanes in parallel (24517.668542ms)
✔ startBatch records lane commit before task.completed (18215.061167ms)
✔ runTaskOnLane emits task.failed not task.completed when lane commit fails (7513.054917ms)
✔ validateSpineConfig accepts worktreeSetupIgnorePaths (0.241292ms)
✔ engine_orphaned diagnosis suggests retry when task id known, attached resume otherwise (0.639541ms)
✔ dead engine with phase running passes validateMultiTaskResume without pause (2759.269792ms)
✔ running phase with live engine pid rejects resume without force (2582.55625ms)
✔ reconcile engine_orphaned recommends attached resume for batch 20260618T191236 pattern (3908.108208ms)
✔ engine_orphaned with failedTaskId suggests retry (SP-315) (0.577125ms)
✔ reconcileOrphanRunningState transitions running task to failed with journal events (2508.453083ms)
✔ retryTask succeeds on orphan without manual pause (issue #20 trap) (2477.179709ms)
✔ diagnose then retry: suggestedCommand matches working recovery path (4083.197708ms)
✔ resume --force allowed after orphan reconcile when phase was running (3264.682334ms)
✔ terminateStaleDetachedEngine SIGTERM stale pid on failed resume (70.20725ms)
✔ runStepReview honors existing final PASS without re-spawn (28.84775ms)
✔ runStepReview skips review.failed journal when batch already completed (156.243666ms)
✔ startBatch lane branch has commit before merge when stub touches files (18468.550958ms)
✔ startBatch completes single task with stub worker (17272.328333ms)
✔ isExplicitBatchScope treats pending as explicit (0.775208ms)
✔ startBatch all dry-run allows multi-wave pending backlog (1689.97575ms)
✔ startBatch pending dry-run excludes done tasks (1694.859042ms)
✔ startBatch all fails when every task has .DONE (1935.465583ms)
✔ startBatch skips worker when .DONE exists on disk (10934.988292ms)
✔ resolveBatchStartScope normalizes all to pending IDs (1425.094584ms)
✔ startBatch explicit IDs still allow multi-wave when scope is not bare all (1975.943334ms)
✔ startBatch completes two-lane wave with stub workers (21938.167916ms)
✔ startBatch blocks merge on mixed outcomes (10773.877167ms)
✔ assessWaveMergeEligibility blocks failed and pending tasks (0.305625ms)
✔ collectCoreEvidenceBundle writes summary without complete marker (4097.662125ms)
✔ openIntegrateGate persists gate before extended evidence and journals milestones (4382.367625ms)
✔ openIntegrateGate keeps gate when extended evidence command fails (5294.791167ms)
✔ collectExtendedEvidenceBundle appends to existing refs (3099.325334ms)
✔ parseEvidenceCommandArgv accepts npm run test (1.830208ms)
✔ parseEvidenceCommandArgv preserves quoted arguments (0.155917ms)
✔ parseEvidenceCommandArgv rejects shell command chaining (0.254125ms)
✔ parseEvidenceCommandArgv rejects unknown binary (0.097125ms)
✔ runEvidenceCommand executes allowlisted argv without shell (282.407958ms)
✔ runEvidenceCommand rejects malicious config strings (0.169667ms)
✔ runEvidenceCommand skips empty command (0.114333ms)
✔ runEvidenceCommand rejects disallowed build binary (0.115541ms)
✔ parseEvidenceCommandArgv rejects subshell injection (0.118667ms)
✔ collectEvidenceBundle writes summary and .complete marker atomically (4259.522458ms)
✔ collectEvidenceBundle writes rejected output for unsafe testing.test (3107.995042ms)
✔ findCompletedFinalReview honors journal review.completed final PASS (15.091083ms)
✔ findCompletedFinalReview honors latest final artifact PASS (16.707542ms)
✔ runTaskOnLane honors pre-existing worker final review without spawn failure (9253.176333ms)
✔ runTaskOnLane honors journal review.completed final PASS without duplicate spawn (9340.723125ms)
✔ parseFinalReviewVerdict accepts PASS, REVISE, and REPLAN (0.898167ms)
✔ shouldRunFinalReview skips when review level is 0 (0.091125ms)
✔ runTaskOnLane skips final review when review level is 0 (9544.603833ms)
✔ runTaskOnLane journals task.verdict_recorded on PASS final review (9097.697375ms)
✔ runTaskOnLane re-invokes worker after REVISE and succeeds on PASS (14519.793542ms)
✔ runTaskOnLane caps REVISE at maxFinalAttempts with review_exhausted (17705.273917ms)
✔ runTaskOnLane fails with needs_replan and does not keep .DONE (7974.03175ms)
✔ mergeWaveLanesToOrch blocks when a wave task has exitReason needs_replan (2135.231292ms)
✔ runEngineFinalReview stub writes final artifact path (3.055833ms)
✔ isUnscopedFlutterAnalyzeSegment detects bare and compound analyze commands (1.487541ms)
✔ isUnscopedFlutterAnalyzeCommand handles compound shell commands (0.156958ms)
✔ isFlutterAnalyzeTestCompoundCommand matches analyze plus test (0.113875ms)
✔ shouldCleanFlutterBuildBeforeAnalyze respects config opt-out (0.075208ms)
✔ sanitizeFlutterBuildBeforeAnalyze removes polluted build directory (600.319458ms)
✔ sanitizeFlutterBuildBeforeAnalyze is no-op when build is absent (624.759209ms)
✔ prepareContractVerifyEnvironment removes polluted build for compound analyze command (1339.889ms)
✔ polluted build does not fail verify after hygiene (1607.149291ms)
✔ verifyContract cleans polluted build before unscoped flutter analyze testCommand (1647.282666ms)
✔ buildTaskScorecard lists task rows (0.68725ms)
✔ openIntegrateGate persists pending gate and journals gate.opened (5232.424833ms)
✔ collectEvidenceBundle writes summary and diff-stat (5063.274834ms)
✔ approve and reject enforce gate FSM (3918.886542ms)
✔ rejectIntegrateGate journals gate.rejected (4431.205125ms)
✔ checkIntegrateGate blocks until approved (exit 2) (3971.274167ms)
✔ integrateOrchToBase fails with exit 2 when gate pending (5742.92475ms)
✔ integrateOrchToBase succeeds after gate approval (9467.866834ms)
✔ force integrate requires SPINE_ALLOW_FORCE=1 (2140.071834ms)
✔ openIntegrateGateAfterBatchComplete skips non-completed batches (1753.537792ms)
✔ runSpineGate CLI approve updates gate record (4333.854292ms)
✔ isGitignoredArtifactPath matches extension/coverage and node_modules (0.656916ms)
✔ listGitignoredArtifactRoots deduplicates nested artifact dirs (0.506375ms)
✔ sanitizeGitignoredArtifactsBeforeLaneCommit removes worktree-only coverage (2206.34675ms)
✔ sanitizeGitignoredArtifactsBeforeLaneCommit skips when disabled (1759.894083ms)
✔ commitLaneAndValidateWorktree succeeds when only extension/coverage is gitignored dirty (3287.534375ms)
✔ commitLaneAndValidateWorktree succeeds when only node_modules is gitignored dirty (2714.19425ms)
✔ sanitizeGitignoredArtifactsBeforeLaneCommit does not clean index-tracked gitignored paths (2008.24325ms)
✔ commitLaneWorktree still fails for index-tracked gitignored coverage (3049.493292ms)
✔ classifyGitignoredPaths returns empty arrays for empty input (1479.016917ms)
✔ classifyGitignoredPaths detects index-tracked gitignored paths (2473.74425ms)
✔ classifyGitignoredPaths detects worktree-only gitignored paths (2015.588334ms)
✔ classifyGitignoredPaths handles mixed index-tracked and worktree-only (1556.683333ms)
✔ formatGitignoredRemediationMessage: worktree-only does not suggest git rm --cached (0.32225ms)
✔ formatGitignoredRemediationMessage: index-tracked suggests git rm --cached (0.065084ms)
✔ formatGitignoredRemediationMessage: mixed suggests both remediation paths (0.064167ms)
✔ commitLaneWorktree: worktree-only gitignored does not suggest git rm --cached (1962.106041ms)
✔ commitLaneWorktree: index-tracked gitignored still suggests git rm --cached (2450.8755ms)
✔ regression: SP-011 worktree-only coverage after npm test does not suggest git rm --cached (2815.173375ms)
✔ isGitignoredArtifactPath matches graphify-out hook output (0.563625ms)
✔ listGitignoredArtifactRoots deduplicates nested graphify-out paths (0.499041ms)
✔ sanitizeGitignoredArtifactsBeforeLaneCommit removes worktree-only graphify-out (2204.836416ms)
✔ commitLaneAndValidateWorktree succeeds when only graphify-out is gitignored dirty (2555.496542ms)
✔ collectProgressSignals skips git porcelain when file-scope mtimes are stable (1095.526041ms)
✔ collectProgressSignals runs git porcelain when a scoped file is touched (999.757208ms)
✔ resolveHeartbeatKind marks launching as worker_alive only (0.611708ms)
✔ shouldEmitCheckpointWarning skips launching phase (0.158625ms)
✔ buildHeartbeatPayloadFields omits stale checkpoint signals during launching (0.092833ms)
✔ recordLaneHeartbeat journals kind and phase (362.084292ms)
✔ runWorker launching heartbeat does not journal stale STATUS mtime on fast-fail retry (5431.188625ms)
✔ resolveStallConfig applies lane overrides (0.178791ms)
✔ progressSignalsChanged detects STATUS mtime updates (334.388042ms)
✔ computeStallDeadline extends past hard timeout after progress (0.112041ms)
✔ stall false positive avoided when STATUS updates extend deadline (I-01) (0.099416ms)
✔ findLatestStepCompletedMs returns newest matching task.step_completed (0.125667ms)
✔ progressSignalsChanged detects journal task.step_completed (silent tools) (456.614125ms)
✔ activitySignalsChanged detects file-scope mtime updates (FR-WORK-10 / FR-STALL-02) (638.488917ms)
✔ startBatch records lane.heartbeat during stub worker delay (17404.663875ms)
✔ startBatch persists baseBranchHeadAtStart and journals batch.base_snapshot (18080.026958ms)
✔ isFastForwardCapableIntegrate detects orch ahead of main (#93) (2761.18075ms)
✔ integrateOrchToBase fast-forwards when orch is strictly ahead (#93 batch 20260702T071449) (11553.19025ms)
✔ integrateOrchToBase fast-forwards with generatedAt-only rules-manifest drift on main (#93) (11792.221542ms)
✔ recordBatchBaseSnapshot stores head sha and journals batch.base_snapshot (1163.508541ms)
✔ integrateOrchToBase succeeds with uncommitted edits on main (9370.388ms)
✔ integrateOrchToBase conflict path leaves human checkout and files unchanged (9721.079583ms)
✔ integrateOrchToBase succeeds with uncommitted edits on feature branch (non-base) (11565.9345ms)
✔ integrateOrchToBase dry-run advertises isolated merge plan (3038.5725ms)
✔ resolveRulesManifestIntegrateDrift restores main when worker manifest matches orch (#22) (3709.834667ms)
✔ integrateOrchToBase succeeds with worker manifest drift on main matching orch (#22) (10849.167167ms)
✔ resolveRulesManifestIntegrateDrift blocks unrelated dirty files on main (2831.585625ms)
✔ resolveRulesManifestIntegrateDrift blocks substantive manifest drift not matching orch (3171.019ms)
✔ resolveRulesManifestIntegrateDrift still clears generatedAt-only drift on main (3443.316875ms)
✔ resolveRulesManifestIntegrateDrift clears generatedAt-only dirty manifest on main (3919.459167ms)
✔ integrateOrchToBase succeeds with dirty generatedAt-only rules-manifest on main (10605.111292ms)
✔ inspectHumanBaseSync reports integrate_isolated_ok after plumbing integrate leaves HEAD behind (16373.50725ms)
✔ inspectHumanBaseSync reports human_base_diverged when human commits overlap orch paths (8624.950417ms)
✔ spine sync-base CLI merges landed main into feature branch (14160.778875ms)
✔ DEFAULT_SYNC_TIMEOUT_MS is 60 seconds (0.53825ms)
✔ syncPlumbingMergePathsToWorktree returns ok: true on successful sync (3213.926792ms)
✔ syncPlumbingMergePathsToWorktree returns ok: false with timedOut on timeout (1971.11975ms)
✔ integrateOrchToBase emits integrate.failed with IntegrateTimeout on sync timeout (8328.905ms)
✔ successful integrate still emits integrate.completed (regression) (10645.729542ms)
✔ partial sync failure returns ok: false with correct failureClass from integrateOrchToBase (9463.494042ms)
✔ syncPlumbingMergePathsToWorktree succeeds when worktree has paths not in HEAD (3264.195542ms)
✔ syncPlumbingMergePathsToWorktree restores paths that exist in merge commit (2931.494667ms)
✔ syncPlumbingMergePathsToWorktree skips diff paths absent from merge commit (2008.467208ms)
✔ assertOrchIntegratable refuses empty orch when mergeResults claim success (1493.156958ms)
✔ assertOrchIntegratable requires integrate when orch is ahead of base (1242.516584ms)
✔ reconcileBatch reports needs_integrate when batch completed but orch not on main (4459.288291ms)
✔ completeBatch refuses when orch is ahead but not integrated (5423.802875ms)
✔ integrateOrchToBase merges orch into main and journals events (10705.343542ms)
✔ integrateOrchToBase dry-run does not change main HEAD (2889.796417ms)
✔ completeBatch succeeds after integrate lands orch on main (12993.117667ms)
✔ integrateOrchToBase aborts merge on conflict and restores checkout (9980.039375ms)
✔ integrateOrchToBase fails when batch state is missing (0.311083ms)
✔ runSpineIntegrate CLI succeeds when orch tip already matches main (2445.813709ms)
✔ PRD §20.2 planner yields wave0 {A,C} and wave1 {B} (1479.237709ms)
✔ PRD §20.2 two-lane stub batch completes ABC waves (31836.889167ms)
✔ PRD §20.2 mixed-outcome blocks merge; retry resets wave B for resume (23447.026625ms)
✔ runStepReview with worker attach env does not journal when attach suppressed (192.375875ms)
✔ runSpineReviewStep with worker attach env does not journal when attach suppressed (103.736708ms)
✔ runSpineReportProgress with worker attach env does not journal when attach suppressed (23.838667ms)
✔ readJournalEventsCached returns same events as readJournalEvents (216.326ms)
✔ readJournalEventsCached returns cached copy on second call without file change (58.662625ms)
✔ readJournalEventsCached invalidates when file mtime changes (125.296833ms)
✔ readJournalEventsCached returns empty array for missing file (35.473791ms)
✔ clearJournalCache forces re-read on next call (196.005167ms)
✔ invalidateJournalCache with matching path clears cache (180.58825ms)
✔ invalidateJournalCache with non-matching path preserves cache (85.793291ms)
✔ readJournalEventsCached handles transition from missing to existing file (67.434292ms)
✔ readJournalEventsCached handles switch between different batch IDs (86.702208ms)
✔ runSpineJournal replay exits non-zero when journal missing (14.93775ms)
✔ runSpineJournal replay prints human table (162.263ms)
✔ runSpineJournal replay --json returns events array (197.168417ms)
✔ exportJournalJsonl returns null when journal missing (10.588ms)
✔ runSpineJournal export exits non-zero when journal missing (23.844416ms)
✔ runSpineJournal export writes jsonl to stdout (104.381416ms)
✔ runSpineJournal export --output writes file (52.908375ms)
✔ exportJournalMarkdown returns null when journal missing (22.065ms)
✔ formatJournalMarkdownTimeline produces stable table shape (2.996833ms)
✔ formatJournalMarkdownTimeline escapes pipe characters in summary (0.126375ms)
✔ runSpineJournal export markdown exits non-zero when journal missing (1.857833ms)
✔ runSpineJournal export writes markdown to stdout (99.732625ms)
✔ runSpineJournal export markdown --output writes file (50.37ms)
✔ detectBatchStateDrift flags running cache when reconcile sees doneInLane without journal terminal (0.715417ms)
✔ deriveStructuralBatchStateFromJournal rebuilds multi-lane skeleton without cache seed (3.676834ms)
✔ resume-parallel-lane-orphan fixture: journal-only rebuild marks resumed tasks running (2.472417ms)
✔ orphan-running-resume fixture: structural + lifecycle rebuild without seed (1.291ms)
✔ pidless-ghost-running fixture: post-resume task.started wins over historical failure (6.431625ms)
✔ resume-orphan-historical-failure fixture: rebuild ignores pre-resume failure for active task (0.814792ms)
✔ retry-clears-failed-classification fixture: rebuild fixes stale failed cache (1.409875ms)
✔ retry-clears-failed-classification fixture: detectBatchStateDrift flags cache vs journal (0.711625ms)
✔ incident fixtures rebuild from disk matches in-memory journal rebuild (1350.98875ms)
✔ readJournalTimeline filters task and batch lifecycle events (0.546708ms)
✔ rebuildBatchStateFromJournal applies task.completed over stale failed cache (0.845958ms)
✔ detectBatchStateDrift flags journal completed vs cache failed (0.268917ms)
✔ detectBatchStateDrift ignores incomplete journal when cache failed (0.118792ms)
✔ incident orphan-running fixture: journal timeline is readable (1285.064208ms)
✔ appendJournalEvent writes schema v1 with ISO timestamp and payload (38.778667ms)
✔ readLastTaskFailedEvent returns most recent task.failed (104.3235ms)
✔ redactSecrets masks sensitive keys (0.272291ms)
✔ capPayloadSize truncates oversized payloads (0.15625ms)
✔ normalizeJournalEvent upgrades legacy lines (0.108583ms)
✔ readJournalEvents reads mixed legacy and v1 lines (63.261708ms)
✔ extractJournalDiagnosisHints surfaces failure events from tail (0.95175ms)
✔ commitLaneWorktree commits dirty worktree when .DONE exists (3514.665542ms)
✔ commitLaneWorktree fails loud when dirty without .DONE (1978.546166ms)
✔ filterPorcelain drops lines matching ignore patterns by full path (0.267542ms)
✔ filterPorcelain drops lines matching ignore patterns by basename (0.078167ms)
✔ filterPorcelain keeps rename targets when only source matches ignore (0.07325ms)
✔ filterPorcelain returns empty for empty input (0.056333ms)
✔ mergeLaneToOrch rejects empty merge when lane commits were required (2935.232834ms)
✔ mergeLaneToOrch prefers orch for conflicts outside lane file scope (6437.165541ms)
✔ mergeLaneToOrch does not auto-resolve in-scope lane conflicts (6396.794ms)
✔ dismiss archives batch-state before clearing active file (4096.803459ms)
✔ complete with --detect-manual-merge succeeds when orch merged to main (5209.84975ms)
✔ complete refused when mergeResults succeeded but orch not on main (16451.162584ms)
✔ dismiss refused when diagnosis is running without --force (4739.6925ms)
✔ isPostMergeLimbo is true when tasks and merges succeeded with open orch branch (0.563875ms)
✔ isPostMergeLimbo rejects non-running or ended batches (0.09175ms)
✔ isPostMergeLimbo rejects empty or partial task/merge state (0.078ms)
✔ isPostMergeLimbo respects git orch branch signals (2.138916ms)
✔ isPostMergeLimbo rejects null or non-object state (0.112625ms)
✔ resolveWorkerOutputConfig defaults live log streaming off (0.628167ms)
✔ workerLiveLogPath matches runtime layout (0.096625ms)
✔ truncateLiveLogBytes applies truncation marker when over cap (0.169583ms)
✔ appendWorkerLiveLogChunk redacts secrets and enforces byte cap (18.770583ms)
✔ createWorkerLiveLogWriter returns null when streaming disabled (0.244417ms)
✔ runWorker streams subprocess stub output to live log when enabled (5327.464166ms)
✔ runWorker skips live log when streamWorkerOutputLive is false (5121.062458ms)
✔ runWorker still writes terminal failure log when live streaming enabled (5287.8185ms)
✔ startAgentSessionWorker flushes transcript chunks to live log (122.664292ms)
✔ appendWorkerLiveLogChunk rolls file with truncation marker when over max bytes (5.41775ms)
✔ MACRO_PHASES exports all eleven lifecycle values (1.089417ms)
✔ deriveMacroPhase: idle when no batch signals (0.112333ms)
✔ deriveMacroPhase: planning from batch phase (0.122042ms)
✔ deriveMacroPhase: executing for active running batch (0.095667ms)
✔ deriveMacroPhase: merging phase and needs_merge diagnosis (0.103ms)
✔ deriveMacroPhase: reviewing when review.started is open (0.118292ms)
✔ deriveMacroPhase: gating for pending gate or post-merge limbo (0.062458ms)
✔ deriveMacroPhase: integrating for needs_integrate and open integrate.started (0.090208ms)
✔ deriveMacroPhase: completed, failed, aborted, paused terminal phases (0.077833ms)
✔ fixture running-batch.json reconciles to executing macro-phase (4504.56375ms)
✔ fixture taskplane-executing.json maps to executing (1.196667ms)
✔ fixture needs-retry-batch.json maps to failed macro-phase (4018.081542ms)
✔ fixture limbo-stale maps to completed macro-phase (4421.869083ms)
✔ all macro-phase enum values are reachable via deriveMacroPhase (0.23425ms)
✔ recordMergeBlocked sets terminal merge_blocked phase and clears enginePid (1516.200125ms)
✔ reconcileBatch diagnoses merge_blocked as failed merge, not needs_merge (4825.873041ms)
✔ legacy merging phase with endedAt and failed mergeResults reconciles as failed (4758.186541ms)
✔ findResumableWave skips succeeded merged waves when later wave has pending tasks (0.636875ms)
✔ validateMultiTaskResume allows force resume from merge_blocked (4580.489583ms)
✔ buildSuggestedCommand recommends resume --force for merge_blocked phase (0.339458ms)
✔ summarizeMergeFailures extracts failed wave and lane from mergeResults (0.624ms)
✔ buildMergeFailureHeadline uses 1-based wave number and lane label (0.183083ms)
✔ buildHeadline for failed diagnosis surfaces merge conflict instead of zero failed tasks (0.209584ms)
✔ buildSuggestedCommand for merge failure suggests resume --force (0.128167ms)
✔ buildDiagnosisOutput bundles merge failure headline and command (0.14575ms)
✔ reconcileBatch surfaces merge failure fields distinct from failedTasks (5118.789625ms)
✔ spine status --json includes merge failure fields for monitors (4220.026542ms)
✔ spine status --diagnose prints merge failure details in text output (3680.167667ms)
✔ filterGitignoredPaths separates ignored and stageable paths (2265.59775ms)
✔ gitAddFilteredPaths skips gitignored paths without failing (2415.811542ms)
✔ mergeLaneToOrch succeeds when task branch committed gitignored coverage (7815.756833ms)
✔ commitLaneWorktree refuses gitignored-only dirty paths (2775.809833ms)
✔ commitLaneWorktree commits tracked files while skipping gitignored dirty paths (4412.935334ms)
✔ inferMergeGitignoredFailure detects gitignored merge and lane commit failures (0.29225ms)
✔ buildSuggestedCommand returns git rm --cached repair for gitignored merge failures (0.19725ms)
✔ reconcileBatch surfaces gitignored merge repair command from journal (4079.756584ms)
✔ filterPorcelain remains unchanged for SP-104 ignore patterns (0.57675ms)
✔ mergeLaneToOrch auto-resolves additive docs/PRD.md after origin/main merge task (8075.835708ms)
✔ mergeLaneToOrch fails PRD merge with recovery commands when hunks overlap (6831.228ms)
✔ formatPrdDocMergeFailure names file and wave recovery (0.217583ms)
✔ isActiveWorkerSession true when SPINE_WORKER_RUNNER is set (0.524708ms)
✔ isActiveWorkerSession false outside worker context (0.075167ms)
✔ runStepReview skips nested reviewer spawn when worker env is set (472.913375ms)
✔ runStepReview skips nested plan review spawn when worker env is set (182.474625ms)
✔ runStepReview stub path still works inside worker session (164.455583ms)
✔ runStepReview reaches pi availability check when worker env absent (18.374084ms)
✔ engine parent with leaked worker runner reaches reviewer spawn (49.693875ms)
✔ batch 20260619T020951 SP-306 plan step 0 journals review.skipped not review.failed (269.374208ms)
✔ detectNestedWorkerContext returns reason when SPINE_IS_WORKER=1 (17.918334ms)
✔ detectNestedWorkerContext returns reason when projectRoot is inside .worktrees/spine-* (7.971625ms)
✔ detectNestedWorkerContext returns null for normal projectRoot without worker env (0.169708ms)
✔ startBatch returns error when SPINE_IS_WORKER=1 (25.933125ms)
✔ startBatch returns error when projectRoot is inside .worktrees/spine-* (248.8725ms)
✔ startBatch succeeds normally (no env, normal CWD) — regression (19058.754084ms)
✔ buildWorkerChildEnv includes SPINE_IS_WORKER=1 (14.398542ms)
✔ journalEventsSinceResume excludes pre-resume terminal events (1.778209ms)
✔ detectOrphanRunning: historical task.failed + post-resume silence + dead engine (0.607791ms)
✔ resume orphan with historical failure fixture is not diagnosed as running (4099.466833ms)
✔ terminal event within scoped window still suppresses engine orphan (4.71875ms)
✔ journalIndicatesStalledSession: post-resume start without terminal (1.496125ms)
✔ detectOrphanRunning: PID-less ghost running with post-resume journal stall (0.478875ms)
✔ pidless ghost fixture reconcile is engine_orphaned, not running (4271.2935ms)
✔ terminal event within scoped window suppresses PID-less ghost signal (0.421625ms)
✔ isProcessAlive returns false for absent pid (0.640584ms)
✔ resume parallel lane orphan fixture: multiple running on lane 1 (1.127833ms)
✔ resume parallel lane orphan fixture: reconcile is actionable after scoped orphan detect (4332.709916ms)
✔ searchATon orphan incident fixture: dead workerPid is not diagnosed as running (4067.992792ms)
✔ dead workerPid with running task is not diagnosed as running (4406.650792ms)
✔ dead enginePid mid-resume without terminal journal is engine_orphaned (4615.462375ms)
✔ running batch without recorded pids still reports running (4093.10175ms)
✔ detectOrphanRunning ignores dead engine when terminal journal exists (0.2235ms)
✔ recordBatchEnginePid persists under resilience and clears on terminal save (1462.496583ms)
✔ confirmed pause records batch.paused only after engine persists phase (1181.826291ms)
✔ unconfirmed pause does not leave orphan batch.paused journal entry (1178.919125ms)
✔ pauseBatch succeeds immediately when no attached engine is alive (1497.762083ms)
✔ pauseBatch fails loud when attached engine keeps phase running (1564.653708ms)
✔ waitForPauseConfirmation returns true when phase stays paused (1271.824833ms)
✔ retryTask succeeds when batch phase is paused (1175.903625ms)
✔ retryTask rejects when batch phase is running (1571.4875ms)
✔ resolveAttachedMilestonePollMs defaults to 2000ms when config omitted (0.5845ms)
✔ resolveSequencePollMs defaults to 5000ms when config omitted (0.095916ms)
✔ resolveDashboardPollMs defaults to 2000ms when config omitted (0.077292ms)
✔ resolveAttachedMilestonePollMs honors orchestrator.attachedMilestonePollMs override (0.06975ms)
✔ resolveSequencePollMs honors orchestrator.sequencePollMs override (0.060333ms)
✔ resolveDashboardPollMs honors orchestrator.dashboardPollMs override (0.053542ms)
✔ validateOrchestratorConfig rejects invalid poll values (0.12475ms)
✔ validateSpineConfig accepts orchestrator poll overrides (0.266667ms)
✔ waitForSequenceBatchTerminal uses 5000ms default poll interval (0.085958ms)
✔ batch 20260630T212050 orphan-after-merge fixture describes GitHub #59 incident (1.75325ms)
✔ batch 20260630T212050 journal fixture is limbo via resume detect but not bare state (2823.037791ms)
✔ hydrateMergeResultsFromJournal enables state limbo detection for batch 20260630T212050 (1502.723542ms)
✔ finalizeAttachedLandLoopBeforeExit opens gate for batch 20260630T212050 journal limbo (8689.509458ms)
✔ installAttachedExitFinalizeHandlers finalizes journal limbo on SIGTERM without manual resume (7488.071084ms)
✔ batch 20260629T021550 fixture is post-merge limbo without gate (1357.137375ms)
✔ attemptPostMergeLandLoopHandoff finalizes batch 20260629T021550 limbo after SIGTERM (5880.307708ms)
✔ resumeBatchDetached --force finalizes post-merge limbo without spawning engine (6915.019917ms)
✔ resumeBatch attached path finalizes batch 20260629T021550 limbo immediately (5645.097583ms)
✔ resumeMultiTaskBatch still finalizes batch 20260629T021550 after orphan_terminated (6463.904417ms)
✔ finalizeResumePostMergeLimbo clears stale engine pid during post-merge limbo (4831.082542ms)
✔ isPostMergeLimbo detects running phase with successful merges (0.597375ms)
✔ deriveDiagnosis returns needs_integrate for post-merge limbo (0.434417ms)
✔ finalizeBatchForIntegrate opens gate from post-merge limbo without resume (5019.1605ms)
✔ resumeMultiTaskBatch opens gate from post-merge limbo without re-running tasks (6048.032667ms)
✔ mixed-outcome post-mortem lists failed IDs and retry hint, not smooth success (4118.421875ms)
✔ false-success reconciliation headline is overridden when failures exist (1.39175ms)
✔ listFailedTaskIds prefers classified terminal-failure tasks (0.743708ms)
✔ collectEvidenceBundle summary.md is honest post-mortem markdown (4541.164625ms)
✔ dismissBatch writes post-mortem path into batch history (4240.184ms)
✔ writeBatchPostMortem persists markdown under runtime batch dir (3531.408417ms)
✔ spine status --verbose includes post-mortem section for active batch (4657.665167ms)
✔ resolveStallConfig defaults progressSnapshotIntervalMinutes to 2 (0.574708ms)
✔ resolveStallConfig applies progressSnapshotIntervalMinutes override (0.091708ms)
✔ buildProgressSnapshotPayload is bounded and omits dirty path lists (0.531625ms)
✔ progressSnapshotPayloadChanged detects field deltas (0.088833ms)
✔ shouldEmitProgressSnapshot respects interval (0.069791ms)
✔ recordLaneProgressSnapshot journals bounded payload (349.222333ms)
✔ runWorker emits lane.progress_snapshot on interval and dedupes unchanged signals (10320.374375ms)
✔ startBatch fails closed on invalid PROMPT before batch starts (1976.150041ms)
fatal: malformed object name missing-base-branch
✔ inspectGitState records gitInspectionError when merged-branch scan fails (1780.80425ms)
✔ deriveDiagnosis returns git_unavailable when git inspection failed (0.428917ms)
✔ reconcileBatch surfaces git_unavailable instead of limbo_stale on git failure (4192.209084ms)
fatal: malformed object name missing-base-branch
✔ reconcileBatch records count_commits_ahead git errors from real git refs (3989.826209ms)
✔ idle-no-batch returns healthy idle state (1468.086709ms)
✔ limbo_stale detected from incident fixture (4727.813166ms)
✔ completed_manual when orch branch merged to main (3947.641ms)
✔ needs_retry when a task failed (4341.546125ms)
✔ running diagnosis for active batch (4494.20325ms)
✔ runReconciliationCheck matches reconcileBatch output shape (3865.547417ms)
✔ reconcileBatch includes journal hints when journal exists (3766.021708ms)
✔ reconcileBatch exposes macroPhase for running batch (3839.065ms)
✔ reconcileBatch exposes macroPhase for limbo_stale (3452.157708ms)
✔ failBatchFromEngineError writes batch.failed and clears enginePid (1139.252917ms)
✔ reconcileGhostRunningTasks marks running tasks failed without worker (0.241291ms)
✔ resumeMultiTaskBatch fail-closed when post-commit gitPorcelain throws (12269.650625ms)
✔ resumeBatch opens integrate gate before batch.completed journal event (16507.767708ms)
✔ refreshLaneHeartbeatsOnResume aligns lane heartbeats to engineStartedAt (0.610042ms)
✔ taskAlreadyComplete returns false for failed task with stale .DONE on disk (0.502375ms)
✔ resumeBatch after failed retry runs contract verification before succeed (11128.834292ms)
✔ resumeBatch continues paused 2-task 2-lane batch with stub workers (21709.599292ms)
✔ resumeBatch multi path requires existing lane worktrees (1635.092ms)
✔ multi-task batch start → pause → resume completes both tasks (23171.340584ms)
✔ paused multi-task batch diagnose suggests multi-task resume (3957.705ms)
✔ multi-task startBatch completes two-lane stub batch (start path) (16045.404ms)
✔ resumeBatch serializes four tasks on one lane (33873.115542ms)
✔ resumeBatch runs two lanes with two tasks each in parallel (24276.195875ms)
✔ validateMultiTaskResume accepts paused 2-task 2-lane batch (2389.331667ms)
✔ validateMultiTaskResume rejects batch with zero tasks (1912.483292ms)
✔ validateMultiTaskResume rejects missing worktree per lane (2571.80025ms)
✔ validateMultiTaskResume allows force resume when wave merge is pending (3580.756208ms)
✔ validateResumeBatch delegates to multi validator for single-task batch (2488.300833ms)
✔ resolveDetachedWaitTimeoutMs uses long default for wait-terminal orphan resume (0.577417ms)
✔ prepareOrphanResumeHandoff clears stale workerPid before orphan resume (1404.952334ms)
✔ clearStaleLaneWorkerPids preserves live worker pid (1271.951167ms)
✔ dual-dead lane+engine orphan reconciles as engine_orphaned with attached resume (5186.382833ms)
✔ attached resume --force completes stuck task after plan review orphan stall (17733.276541ms)
✔ detached resume with wait-terminal uses extended timeout constant (0.183083ms)
✔ taskTerminalSuccessInBatch requires succeeded status and journal task.completed (0.538375ms)
✔ resume --force after partial retry does not review.start succeeded task IDs (22446.7265ms)
✔ resume-validation leaf does not import reconcile.mjs (1.594583ms)
✔ isTaskResumable accepts pending, running, and resumable segments (0.1565ms)
✔ computePendingTasks filters to resumable tasks only (0.0875ms)
✔ findResumableWave skips succeeded merged waves when later wave has pending tasks (0.172208ms)
✔ detectPostMergeLimboFromResumeSignals uses state mergeResults without journal (0.187334ms)
✔ detectPostMergeLimboFromResumeSignals detects journal-only limbo when mergeResults empty (0.087458ms)
✔ detectPostMergeLimboFromResumeSignals rejects when gate already exists (0.064583ms)
✔ classifyTasksForOrphanDetect maps running status to running classification (0.52825ms)
✔ pauseBatch sets phase paused and journals batch.paused (1940.337417ms)
✔ resumeBatch continues paused single-lane batch (15360.561584ms)
✔ paused spine batch reconciliation suggests spine batch resume (3904.919375ms)
✔ validateBatchState requires segments aligned with tasks (0.290583ms)
✔ retryTask clears stale failure metadata before re-run (1850.102667ms)
✔ retry then task.completed updates counters and reconcile diagnosis (4168.325542ms)
✔ retry-clears-failed-classification fixture reconciles after success state (3718.972667ms)
✔ retryTask atomically resets task and segment records (1825.975208ms)
✔ retryTask fixes segment drift (GAP-RETRY-01) (919.918666ms)
✔ resumeBatch refuses segment drift without retry (1694.268084ms)
✔ skipTask marks task skipped and updates counters (1673.94775ms)
✔ retryTask rejects when batch is running (833.759625ms)
✔ defaultSegmentId used in segment records (9.339333ms)
✔ detectOrphanedReviewStarted finds orphaned review.started with no matching review.completed (0.57575ms)
✔ detectOrphanedReviewStarted returns empty when review.completed exists (0.084458ms)
✔ detectOrphanedReviewStarted distinguishes code and final review types (0.070541ms)
✔ reconcileOrphanedReviewEvents synthesizes completion when APPROVE artifact on disk (326.256458ms)
✔ reconcileOrphanedReviewEvents does NOT synthesize when no artifact on disk (59.83375ms)
✔ reconcileOrphanedReviewEvents does NOT synthesize for REVISE verdict (104.3605ms)
✔ findCompletedCodeReview honors artifact at attempt > 0 (172.993792ms)
✔ normal review flow (no crash) still works correctly (0.205541ms)
✔ reconcileOrphanedReviewEvents handles final review with PASS verdict (237.74875ms)
✔ buildReviewerSystemPrompt includes project standards when rules manifest exists (22.562542ms)
✔ buildReviewerSystemPrompt emits reviewer.rules_selected journal event (39.0445ms)
✔ buildReviewRequest user prompt does not include injected standards block (0.349375ms)
✔ runStepReview stub path does not emit reviewer.rules_selected (109.01025ms)
✔ isNoiseReviewScopePath matches runtime artifact paths (0.646459ms)
✔ filterReviewScopeNoise dedupes and drops noise (0.506125ms)
✔ resolvePlanReviewScopePaths returns PROMPT File Scope minus noise (11.219958ms)
✔ resolveReviewScopePaths plan uses task PROMPT file scope (3.726667ms)
✔ resolveReviewScopePaths final returns empty scope (0.117458ms)
✔ resolveCodeReviewScopePaths uses baseline..HEAD when baseline provided (1528.939166ms)
✔ resolveCodeReviewScopePaths falls back to git diff --name-only without baseline (1889.066791ms)
✔ resolveReviewScopePaths code honors injectable git runner (0.588ms)
✔ resolveCodeReviewScopePaths returns empty array when git fails (0.219458ms)
✔ parseReviewLevel reads PROMPT heading (0.713917ms)
✔ isReviewTypeRequired follows Taskplane rubric (0.088792ms)
✔ formatReviewTimestamp strips separators from ISO time (13.390834ms)
✔ buildReviewArtifactPath uses step-timestamp pattern (0.203542ms)
✔ buildFinalReviewArtifactPath uses final-timestamp pattern (0.112292ms)
✔ normalizeVerdict maps enums by review type (0.08175ms)
✔ normalizeFinalVerdict and normalizeCodeVerdict are type-specific aliases (0.091542ms)
✔ parseReviewVerdict reads JSON and markdown verdicts (0.470958ms)
✔ parseReviewVerdict accepts PASS REVISE REPLAN when reviewType is final (0.088625ms)
✔ parseReviewVerdict step mode rejects final-only verdict enums (0.180041ms)
✔ parseFinalReviewVerdict accepts PASS, REVISE, and REPLAN (0.132125ms)
✔ parseFinalReviewVerdict omits heading summary unlike parseReviewVerdict (0.10925ms)
✔ shouldRunCodeReview requires review level 2 or higher (0.075791ms)
✔ shouldRunFinalReview skips when review level is 0 (0.062833ms)
✔ DEFAULT_REVIEW_SPAWN_TIMEOUT_MS is 90 minutes (0.520291ms)
✔ honorReviewSpawnFailureWhenEligible honors final review when contract passed (12.536ms)
✔ honorReviewSpawnFailureWhenEligible skips when contract failed (9.543541ms)
✔ honorReviewSpawnFailureWhenEligible honors code review with .DONE (15.390583ms)
✔ buildReviewerPiArgs includes --model when config pins reviewer (17.929333ms)
✔ buildReviewerPiArgs omits --model when reviewer model is inherit (10.050333ms)
✔ buildReviewerPiArgs uses per-type model override for matching reviewType (25.243209ms)
✔ buildReviewerPiArgs falls back to top-level reviewer pin when per-type block missing (24.731875ms)
✔ buildReviewerPiArgs cascades per-type inherit to top-level reviewer pin (16.812041ms)
✔ spawnReviewerPi fails closed when pi unavailable via SPINE_REVIEW_TEST_NO_PI (42.102ms)
✔ buildReviewerChildEnv strips SPINE_WORKER_RUNNER from reviewer child env (11.640458ms)
✔ shouldBlockNestedReviewerSpawn false when only worker runner leaked on engine (0.113542ms)
✔ spawnReviewerPi allows engine spawn when worker runner leaked without journal attach (52.374958ms)
✔ shouldBlockNestedReviewerSpawn true inside live worker child session (0.472167ms)
✔ parseReviewLevel reads PROMPT heading (0.789625ms)
✔ isReviewTypeRequired follows Taskplane rubric (0.091833ms)
✔ buildReviewArtifactPath uses step-timestamp pattern (4.021834ms)
✔ buildFinalReviewArtifactPath uses final-timestamp pattern (0.152417ms)
✔ parseReviewVerdict reads JSON and markdown verdicts (0.557166ms)
✔ parseReviewVerdict accepts PASS REVISE REPLAN when reviewType is final (0.140666ms)
✔ parseReviewVerdict step mode rejects final-only verdict enums (0.10675ms)
✔ parseReviewVerdict accepts PASS REVISE REPLAN for final review type (0.086042ms)
✔ resolveBatchJournalContext ignores SPINE_BATCH_ID without SPINE_JOURNAL_ATTACH (0.174917ms)
✔ isJournalAttachBlocked honors SPINE_SUPPRESS_JOURNAL_ATTACH (0.12375ms)
✔ resolveBatchJournalContext blocked when attach suppressed (0.106041ms)
✔ runStepReview ignores SPINE_REVIEW_STUB_FAIL without stub mode (23.79675ms)
✔ runStepReview stub APPROVE writes artifact and journal events (203.616875ms)
✔ runStepReview stub REVISE returns exitCode 2 (108.008292ms)
✔ runStepReview fail-closed on stub spawn failure (109.515334ms)
✔ runStepReview skips when review level does not require type (32.85825ms)
✔ runStepReview final stub PASS writes final artifact path (74.108167ms)
✔ runStepReview final spawn failure exits non-zero at review level >= 1 (54.344458ms)
✔ runSpineReviewStep CLI --type final emits JSON verdict (133.538125ms)
✔ runSpineReviewStep CLI emits JSON verdict (169.186208ms)
✔ assertReviewToolAvailable fails closed without pi at review level > 0 (154.028292ms)
✔ runWorker fails closed when review tool unavailable at level > 0 (169.845917ms)
✔ stub worker stops when enforced review spawn fails (179.613917ms)
✔ DEFAULT_REVIEW_SPAWN_TIMEOUT_MS remains 90 minutes (backstop unchanged) (0.98025ms)
✔ runStepReview honors on-disk APPROVE while pi hangs — seconds not stall timeout (670.37525ms)
✔ resolveReviewerModelPin returns per-type override when set (0.585667ms)
✔ resolveReviewerModelPin falls back to top-level when per-type block missing (1.684375ms)
✔ resolveReviewerModelPin cascades per-type inherit to top-level pin (0.085458ms)
✔ resolveReviewerModelPin returns null for top-level inherit (0.070875ms)
✔ resolveReviewerModelPin returns null when reviewer block absent (0.075ms)
✔ resolveReviewerThinkingPin returns per-type override when set (0.08225ms)
✔ resolveReviewerThinkingPin falls back to top-level when per-type block missing (0.06725ms)
✔ resolveReviewerThinkingPin cascades per-type inherit to top-level pin (0.057083ms)
✔ resolveReviewerThinkingPin returns null for off at any level (0.091333ms)
✔ resolveReviewerThinkingPin returns null when reviewer block absent (0.104792ms)
✔ resolveRulesManifestGeneratedAtMerge keeps newest generatedAt (0.639208ms)
✔ resolveRulesManifestGeneratedAtMerge fails when rules differ (0.117458ms)
✔ fingerprintRulesManifest ignores generatedAt (0.073583ms)
✔ mergeLaneToOrch clears generatedAt-only dirty rules-manifest before merge (6689.600583ms)
✔ mergeLaneToOrch auto-resolves generatedAt-only rules-manifest conflict (5734.774583ms)
✔ mergeLaneToOrch fails loud when rules[] differ (4687.665833ms)
✔ mergeLaneToOrch does not auto-resolve when other paths conflict (3072.626166ms)
✔ tryAutoResolveRulesManifestMergeConflict resolves in-progress merge (2992.614625ms)
✔ appendTaskMetric writes TaskMetricRecord JSONL line (68.775292ms)
✔ buildTaskMetricRecord includes laneNumber and durationMs when available (0.616333ms)
✔ buildTaskMetricRecord omits laneNumber when not a positive lane (0.283833ms)
✔ metrics.enabled false skips append without error (20.188375ms)
✔ resolveTaskMetricOutcome maps skipped_done_on_disk to skipped (0.345084ms)
✔ appendTaskMetric redacts secret-like fields and omits prompt text (61.227792ms)
✔ skipTaskDoneOnDisk records skipped task metric (178.014625ms)
✔ appendBatchMetric writes BatchMetricRecord JSONL line (33.048959ms)
✔ recordBatchTerminalMetric skips when metrics disabled (13.172041ms)
✔ dismissBatch appends batch metric line (2409.886542ms)
✔ spine metrics show filters by batch and formats table output (18.881459ms)
✔ spine metrics show CLI filters by batch id (305.777375ms)
✔ resolveSalvageConfig defaults autoCommitOnStall to false (0.519708ms)
✔ validateSpineConfig rejects non-boolean autoCommitOnStall (1.205208ms)
✔ recordTaskFailureSalvage with autoCommitOnStall commits scoped paths on lane branch (2560.719791ms)
✔ recordTaskFailureSalvage without autoCommitOnStall does not commit (1973.581459ms)
✔ salvage commit refuses merge_in_progress and index_conflicts (2808.442875ms)
✔ salvage commit refuses pre-commit hook failure (2051.102375ms)
✔ atomic retry retains salvage WIP commit on lane branch (2255.365209ms)
✔ inspectLaneSalvage scopes porcelain to file scope and task folder (1086.182792ms)
✔ recordTaskFailureSalvage journals inspection and writes evidence without committing (1548.249167ms)
✔ writeSalvageEvidence writes pretty JSON atomically without temp files (837.079666ms)
✔ startBatch worker failure with dirty scoped file emits salvage and diagnose hint (13883.6135ms)
✔ parseSequenceArgs honors --auto-approve-gate and --force (0.567333ms)
✔ spine run sequence --auto-approve-gate dry-run succeeds under stub (1649.5465ms)
✔ spine run sequence --auto-approve-gate refused for real pi without --force (1641.130958ms)
✔ spine run sequence --auto-approve-gate --force dry-run succeeds for real pi (2098.282834ms)
✔ validateSequenceAutoApproveGate allows stub mode without force (0.607416ms)
✔ validateSequenceAutoApproveGate blocks real pi without force (0.138042ms)
✔ validateSequenceAutoApproveGate allows real pi with force (0.074083ms)
✔ validateSequenceAutoApproveGate skips check when flag is false (0.071ms)
✔ buildSequenceAutoApproveDoctorCheck warns for real pi (0.085959ms)
✔ buildSequenceAutoApproveDoctorCheck passes for stub mode (0.062042ms)
✔ runSequence refuses auto-approve on dry-run for real pi (3.050375ms)
✔ runSequence allows auto-approve dry-run with force on real pi (2.305417ms)
✔ readCurrentBatchLogTail returns null for missing file (0.568542ms)
✔ readCurrentBatchLogTail filters to last batch session header (4.775416ms)
✔ readCurrentBatchLogTail returns full content when no header exists (1.824625ms)
✔ readCurrentBatchLogTail respects lineCount limit (0.630083ms)
✔ waitForSequenceBatchTerminal returns settled when batch completes before timeout (3672.809709ms)
✔ waitForSequenceBatchTerminal does not exit while engine PID is alive (9608.80475ms)
✔ waitForSequenceBatchTerminal returns failure diagnosis even with alive engine (2427.902083ms)
✔ isMergeBlockedBatchOutcome detects mixed-outcome and merge_blocked phases (0.54775ms)
✔ evaluateWaveTaskDependencies filters runnable tasks by satisfied deps (0.579709ms)
✔ formatSequenceWaveSkipMessage names blocked dependencies per §17.4 (0.201542ms)
✔ resolveWaveAfterMergeBlocked continues wave 1 and skips wave 2 tasks (0.147292ms)
✔ planSequenceWaveTasks skips wave when no deps are satisfied (0.107625ms)
✔ 3-wave sequence continues wave 1 after wave 0 merge_blocked and skips wave 2 (35611.474167ms)
✔ isPiSessionMetadataPath matches .pi session roots and children (0.989709ms)
✔ checkGitClean ignores untracked .pi/ session metadata (1698.736459ms)
✔ checkGitClean still fails when non-.pi paths are dirty (1626.1745ms)
✔ runSequence with only .pi/ dirty passes preflight (41353.588542ms)
✔ runSequence surfaces preflight failure on stderr-equivalent output (20422.808167ms)
✔ resolveResumeFromWave continues after last completed wave (0.499125ms)
✔ sequence persists fromWave, completedWaves, and lastBatchId after wave 0 (25861.722042ms)
✔ resume after interrupted wave 0 integrate completes remaining waves (52857.937458ms)
✔ sequence halts on wave failure with --stop-on-failure and preserves completed waves (12461.849917ms)
✔ resolveWaveTaskIds and resolveSequenceWaves honor planner waves (1.041125ms)
✔ diagnosis helpers classify settled, waiting, and failure states (0.12025ms)
✔ dry-run prints operator-equivalent land loop commands per wave (0.253166ms)
✔ 2-wave stub sequence completes with auto-approve land loop (55775.860916ms)
✔ buildSequencePlan resolves pending scope for dry-run integration (1592.514709ms)
✔ skipTask leaves phase paused when all tasks terminal without merge (6995.955458ms)
✔ skipTask clears failed segment drift for reconcile (4963.913167ms)
✔ resolveWorkerOutputConfig applies lane defaults and overrides (0.540334ms)
✔ captureWorkerOutputTail keeps last lines and marks byte truncation (0.268958ms)
✔ redactWorkerOutput applies built-in and config deny patterns (0.371916ms)
✔ runWorker stall_timeout captures stderr, persists log, journals stall_killed (5226.203625ms)
✔ collectEvidenceBundle references persisted worker output logs (256.910667ms)
✔ successful worker skips log unless retainWorkerOutputOnSuccess (5208.859459ms)
✔ SAT-020 replay: checkpoint_warning → stall_killed → salvage_inspection → task.failed (66189.419333ms)
✔ regression: stub worker still requires .DONE for batch success (10642.633292ms)
✔ recordTaskTransition writes batch-state then journal in order (1004.722041ms)
✔ saveSpineBatchState leaves prior JSON intact when atomic write fails (847.885583ms)
✔ saveGateRecord leaves prior JSON intact when atomic write fails (778.721583ms)
✔ validateBatchState accepts healthy schema v1 state (0.873167ms)
✔ validateBatchState rejects counter drift (0.172417ms)
✔ runSpineState validate passes on archived batch-state (31.071458ms)
✔ runSpineState validate fails loud on corrupt active state (102.016708ms)
✔ computeStatusProgress derives wave and task counts from batch raw (0.917042ms)
✔ computeStatusProgress returns null without batch raw (0.091125ms)
✔ formatStatusJson includes documented progress field names (0.146666ms)
✔ spine status --json includes task and wave progress for active batch (2549.824917ms)
✔ spine status --json omits progress counts when no batch is active (588.086167ms)
✔ reconcileBatch exposes progress fields for spine watch consumers (2856.590708ms)
✔ classifyTaskDoneSemantics distinguishes lane vs main .DONE (issue #35) (933.738333ms)
✔ spine status --diagnose --json exposes explicit done flags mid-batch (3349.746584ms)
✔ verifyStubFileScopeMustChange fails when contract paths are unchanged (1298.95325ms)
✔ verifyStubFileScopeMustChange passes when contract path changed (821.658875ms)
✔ verifyStubFileScopeMustChange passes for comma-in-single-backtick fileScopeMustChange (SP-396) (1201.415542ms)
✔ commitLaneWorktree rejects stub completion without fileScopeMustChange diffs (1032.354792ms)
✔ commitLaneWorktree allows stub completion when fileScopeMustChange is satisfied (2342.825167ms)
✔ stub contract helpers detect release-critical contracts and legacy markers (0.333084ms)
✔ shouldEnforceStubContractAtLaneCommit uses env or legacy .DONE marker (1195.526375ms)
✔ stub cannot succeed merge/version task without file-scope changes (1586.720583ms)
✔ checkStubReleaseCritical warns when stub mode has pending fileScopeMustChange tasks (847.742417ms)
✔ diagnosis surfaces exitReason stub for M/L legacy stub .DONE markers (1.06425ms)
✔ reconcileBatch surfaces exitReason stub for succeeded M/L tasks with legacy stub .DONE (3781.591334ms)
✔ applyStubDeliveryStatusBlock updates existing header lines (0.674708ms)
✔ applyStubDeliveryStatusBlock appends block when header lines are missing (0.098833ms)
✔ writeStubDeliveryStatusIfNeeded updates STATUS for delivery-only contracts (8.635125ms)
✔ writeStubDeliveryStatusIfNeeded skips implementation scopes (18.681875ms)
✔ stub worker auto-writes STATUS for delivery-only fileScopeMustChange (109.495833ms)
✔ stub worker does not auto-write STATUS for implementation fileScopeMustChange (129.102958ms)
✔ stub worker STATUS delivery satisfies verifyStubFileScopeMustChange (1119.593042ms)
✔ isSupervisorSpawnEnabled defaults to false (0.587209ms)
✔ resolveSupervisorPollIntervalMs uses default and honors config (0.09225ms)
✔ resolveSupervisorModel returns inherit by default (0.0765ms)
✔ shouldEmitSupervisorNudge covers actionable diagnoses (0.07875ms)
✔ buildSupervisorObservationPayload shapes reconcile fields (0.139292ms)
✔ buildSupervisorNudgePayload includes headline and suggestedCommand (0.397708ms)
✔ isSupervisorMonitorTerminal detects terminal phases and diagnoses (0.085083ms)
✔ spawnDetachedSupervisor does not spawn when disabled (504.127291ms)
✔ enabled:true journals supervisor.started and supervisor.stopped on terminal (3210.558833ms)
✔ enabled:false produces no supervisor journal events via maybeSpawnSupervisorOnDetachedStart (1006.504458ms)
✔ killSupervisor journals supervisor.stopped and clears state (854.232209ms)
✔ spawnDetachedSupervisor spawns monitor child when enabled (695.941125ms)
✔ parseTaskSizeFromMarkdown reads Size line (1.269917ms)
✔ resolveTaskStallMinutes uses max of config and size floor (0.108041ms)
✔ resolveStallConfigForTask applies minutes to stallTimeoutMs (0.114875ms)
✔ journalTaskAwaitingFirstHeartbeat: true after task.started before lane.heartbeat (0.640333ms)
✔ journalTaskAwaitingFirstHeartbeat: false after matching lane.heartbeat (0.093417ms)
✔ detectOrphanRunning suppresses lane orphan during first-heartbeat debounce when engine alive (0.365833ms)
✔ detectOrphanRunning still reports lane orphan before heartbeat when engine is dead (0.129125ms)
✔ detectOrphanRunning still reports lane orphan after first heartbeat (0.109166ms)
✔ reconcileBatch: transient dead workerPid mid-start diagnoses running not worker_orphaned (3396.814ms)
✔ reconcileOrphanRunningState does not fail running task during debounce window (972.927584ms)
✔ post-heartbeat dead pid still worker_orphaned with retry (2501.689542ms)
✔ hasPendingWaveMerge is true when an intermediate wave lacks mergeResults (0.656792ms)
✔ hasPendingWaveMerge is false when every terminal wave is recorded (0.453625ms)
✔ recordWaveMergeResult records forceMerged flag and updates existing wave row (0.131959ms)
✔ resolveWorkerBackend defaults to subprocess (0.635042ms)
✔ resolveWorkerBackend honors agentSession flag (0.077792ms)
✔ validateWorkerBackendConfig rejects invalid values (0.108292ms)
✔ validateSpineConfig accepts optional workerBackend (0.279041ms)
✔ settings registry validates workerBackend enum case-sensitively (0.145333ms)
✔ buildAgentSessionWorkerPrompt includes PROMPT reference and review hint (8.402ms)
✔ createStubAgentSession writes .DONE (7.319167ms)
✔ startAgentSessionWorker completes with injected mock session (4.757125ms)
✔ runWorker uses agentSession backend with mock factory (5105.171208ms)
✔ runWorker keeps subprocess default when workerBackend unset (5070.484791ms)
✔ WORKER_BACKENDS lists supported values (0.678834ms)
✔ buildWorkerBackendDoctorCheck reports subprocess as production default (0.168083ms)
✔ buildWorkerBackendDoctorCheck warns or fails on opt-in agentSession (0.321667ms)
✔ buildWorkerBackendDoctorCheck falls back to subprocess for invalid config (0.045709ms)
✔ DIAGNOSIS_TAXONOMY includes worker_done_missing distinct from worker_orphaned and needs_retry (0.613083ms)
✔ outputIndicatesWorkerDoneMissing matches runner stderr message (0.126292ms)
✔ inferWorkerDoneMissingFailure reads task.failed payload from journal (0.202625ms)
✔ buildHeadline and buildSuggestedCommand for worker_done_missing cite worker log (0.337167ms)
✔ reconcileBatch diagnoses worker_done_missing for issue #18 journal pattern (3643.645666ms)
✔ buildDiagnosisOutput bundles worker_done_missing headline and retry command (0.230375ms)
✔ resolvePiSpineRoot defaults to pi-spine package root (0.787833ms)
✔ resolvePiSpineRoot honors development.piSpineRoot override (12.514625ms)
✔ buildWorkerChildEnv sets PI_SPINE_ROOT for worker spawn (16.900833ms)
✔ validateWorkerLaunchScriptPath requires scripts/ prefix (48.6845ms)
✔ validateWorkerLaunchScriptPath rejects traversal (4.136042ms)
✔ validateWorkerLaunchScriptPath rejects symlink escape (30.062208ms)
✔ resolveSafeWorkerLaunchScript returns default when present (18.400083ms)
✔ validateSpineConfig rejects unsafe development.workerLaunchScript (0.687042ms)
✔ DEFAULT_WORKER_LAUNCH_SCRIPT matches conventional path (0.073208ms)
✔ runWorker classifies launch script fast-fail as launch_failed (5099.275625ms)
✔ appendWorkerAgentModelArgs adds --model when configured and not inherit (0.598166ms)
✔ appendWorkerAgentModelArgs omits --model for inherit and empty (0.098041ms)
✔ appendWorkerAgentModelArgs adds --thinking when set and not off (0.410166ms)
✔ buildWorkerPiArgs includes --model cursor/auto from spine-config (106.949667ms)
✔ buildWorkerPiArgs omits --model when agents.worker.model is inherit (133.952166ms)
✔ parseWorkerDoneMarker accepts legacy empty and text markers (1.066416ms)
✔ parseWorkerDoneMarker accepts structured JSON markers (0.160292ms)
✔ parseWorkerDoneMarker rejects partial JSON markers (0.09275ms)
✔ isWorkerDoneMarkerValid mirrors parseWorkerDoneMarker (0.082375ms)
✔ writeWorkerDoneMarker writes atomic structured JSON (28.813375ms)
✔ readWorkerDoneMarker reports absent marker (10.518333ms)
✔ persistWorkerOutputLog writes atomically without temp leftovers (64.163167ms)
✔ resolveWorkerPiTimeoutMs uses per-size stall floor (0.594208ms)
✔ resolveWorkerPiTimeoutMs honors SPINE_WORKER_PI_TIMEOUT_MS override (0.103291ms)
✔ buildWorkerChildEnv sets SPINE_WORKER_PI_TIMEOUT_MS from stall budget (0.401917ms)
✔ buildPiWorkerTimeoutDoctorCheck reports stall-aligned timeout for M floor (0.179167ms)
✔ runWorker terminates hung child after .DONE and returns ok: true (10163.3625ms)
✔ runWorker pre-.DONE stall_timeout still works (5160.481917ms)
✔ buildWorkerTailPrompt includes critical-rules for JS-scoped task (36.905916ms)
✔ buildWorkerContextAsync appends config.standards end-to-end (2.67875ms)
✔ buildWorkerContextAsync emits worker.rules_selected journal event (91.152416ms)
✔ buildWorkerContextAsync falls back to static context without .cursor/rules (47.630833ms)
✔ buildReviewLevelHint delegates code and final review to engine (0.823667ms)
✔ buildCommitBoundaryHint uses SP-064 feat(taskId) convention (0.130792ms)
✔ buildDoneCheckpointHint references done path and uncommitted failure (0.185667ms)
✔ buildWorkerTailPrompt includes tools hint and task id from folder (0.578375ms)
✔ buildWorkerTailPrompt appends worker agent and PROMPT when present (190.841667ms)
✔ shouldSlideStallAnchorOnHeartbeat only slides worker_alive in pi phase (0.490917ms)
✔ computeStallDeadline slides silent stall window when lastAliveAt advances (0.172834ms)
✔ nextStallAnchorAt advances only on pi worker_alive (0.07725ms)
✔ runWorker worker_alive heartbeats extend stall deadline past initial window (15149.342584ms)
✔ runWorker silent stall still fails without heartbeats (5132.246167ms)
✔ SP-190 wedge fixture describes hung-child-after-.DONE incident (1.390875ms)
✔ SP-190 wedge class: engine completes within post-done grace (SP-193) (10154.394875ms)
✔ completeBatch removes lane worktrees and journals batch.worktrees_cleaned (2860.988417ms)
✔ dismissBatch removes lane worktrees and journals batch.worktrees_cleaned (2809.293792ms)
✔ completeBatch keeps worktree when cleanupWorktreesOnComplete is false (3700.169792ms)
✔ provisionLaneWorktree normalizes git metadata to relative posix paths (903.016792ms)
✔ repairLaneWorktreeGitMetadata fixes broken absolute gitdir pointers (1010.296916ms)
✔ normalizeLaneWorktreeGitPaths is idempotent (661.265875ms)
✔ validateMultiTaskResume repairs unhealthy lane worktree git metadata (1200.225208ms)
✔ validateWorktreeSetupHookPath accepts ./scripts/ prefix when file exists (16.01125ms)
✔ validateWorktreeSetupHookPath rejects ./scripts/../ traversal (6.907583ms)
✔ validateSpineConfig rejects unsafe worktreeSetupHook (0.851625ms)
✔ checkWorktreeSetupHook fails preflight for unsafe hook path (9.008042ms)
✔ runWorktreeSetupHook succeeds with JSON stdout (255.898291ms)
✔ runWorktreeSetupHook throws when hook returns ok false (228.598292ms)
✔ runWorktreeSetupHook throws on malformed JSON stdout (241.47525ms)
✔ runWorktreeSetupHook is no-op when hook not configured (13.994333ms)
✔ batch help helpers detect help invocations (0.549334ms)
✔ printBatchHelp returns usage text (0.549459ms)
✔ runSpineBatch exits 0 for help without starting a batch (499.618041ms)
✔ spine batch start --help does not create batch state (661.908583ms)
✔ isCliEntrypoint returns true when argv[1] is a symlink to the module (3.010875ms)
✔ isCliEntrypoint returns false for an unrelated script path (0.619709ms)
✔ isCliEntrypoint returns false when argv[1] is missing (0.287625ms)
✔ spine help via symlink produces stdout and exit 0 (255.547417ms)
✔ spine version via symlink produces stdout and exit 0 (1485.831833ms)
✔ HANDOFF_DEFAULTS autoWriteOn includes session_start (0.892375ms)
✔ /spine auto-writes handoff on session_start when batch needs attention (5150.665959ms)
✔ /spine skips auto-write when autoWriteOn excludes session_start (2972.203292ms)
✔ /spine skips auto-write for idle diagnosis even with session_start enabled (15507.4425ms)
✔ /spine merges default autoWriteOn when config omits handoff.autoWriteOn (7408.20475ms)
✔ formatIssueDraftMarkdown renders all issue checklist sections (0.864667ms)
✔ formatIssueDraftMarkdown applies redaction to section content (0.153042ms)
✔ buildIssueDraftBody returns title, body, and labels for idle repo (10772.8875ms)
✔ buildIssueDraftBody includes batch context and journal tail (27151.509959ms)
✔ buildIssueDraftBody maps issueType to GitHub labels (26844.481917ms)
✔ buildIssueDraftBody rejects invalid issueType (198.341166ms)
✔ buildIssueDraftBody redacts sk- token patterns in title and body (4461.998667ms)
✔ parseJournalFollowArgs reads batch, lane, and json flags (0.946208ms)
✔ resolveFollowBatchId uses reconcile then batch-state (1817.901959ms)
✔ formatJournalFollowLine uses summarizeJournalEvent (2.662458ms)
✔ formatJournalFollowOutputLine filters by lane and supports json passthrough (0.198625ms)
✔ readJournalFollowSnapshot prints header once in human mode (30.288667ms)
✔ runJournalFollow exits non-zero when journal missing (3.943166ms)
✔ runJournalFollow exits non-zero when no batch can be resolved (10.137875ms)
✔ runJournalFollow prints existing events without following (82.687209ms)
✔ runJournalFollow defaults batch from batch-state (2074.010042ms)
✔ spine journal follow exits non-zero when journal missing (271.55225ms)
✔ parseLaneNumber accepts positive integers (0.593667ms)
✔ parseLaneLogsArgs reads lane, task, batch, and follow flags (0.506667ms)
✔ extractTaskIdFromLogFilename parses worker log names (0.079708ms)
✔ resolveLaneLogPath prefers live log when present (28.02325ms)
✔ resolveLaneLogPath falls back to worker-output log (56.808167ms)
✔ findMostRecentLogTaskId picks newest log in lane directory (49.784208ms)
✔ resolveLaneLogTaskId uses explicit task id (0.692ms)
✔ resolveLaneLogTaskId infers running task from batch state (36.9835ms)
✔ runLaneLogs exits non-zero when lane is missing (4.840708ms)
✔ runLaneLogs exits non-zero when no batch can be resolved (1.259583ms)
✔ runLaneLogs prints existing log without following (1836.992875ms)
✔ runLaneLogs prefers live log content (2066.338875ms)
✔ spine lane logs exits non-zero when log file missing (1924.185375ms)
✔ isExitVerificationTask detects exit verification headings (0.694125ms)
✔ shouldRunContractVerifyForWorker skips stub for normal tasks (0.967ms)
✔ shouldRunContractVerifyForWorker runs stub contract for exit tasks (0.222375ms)
✖ runPhase23ExitVerify --skip-test passes structural checks in repo (32.633292ms)
✖ spine verify phase23-exit CLI is wired (13.117792ms)
✔ runScenariosList prints empty registry message (19.287292ms)
✔ runScenariosList returns sorted scenarios as JSON (18.908625ms)
✔ runScenariosShow returns scenario details (4.020167ms)
✔ runScenariosShow rejects unknown scenario (1.421708ms)
✔ loadScenarioFixture reads incident fixture from registry entry (6.904833ms)
✔ loadScenarioFixture rejects recipe kind (0.283166ms)
✔ materializeFixtureToProject writes batch-state and journal tail (594.734625ms)
✔ assertMaterializeAllowed blocks when batch-state exists (704.84225ms)
✔ runScenariosMaterialize blocks active batch without --force (753.6695ms)
✔ runScenariosMaterialize writes fixture with --force (721.217292ms)
✔ runScenariosMaterialize rejects recipe scenarios (6.882458ms)
✔ spine scenarios CLI routes list and materialize (1193.582333ms)
✔ parseSequenceArgs defaults scope to pending and stopOnFailure to true (0.624208ms)
✔ parseSequenceArgs honors wave and attached flags (0.104875ms)
✔ formatSequenceResult emits JSON when requested (0.486375ms)
✔ spine run sequence pending --dry-run prints per-wave land loop commands (1000.538208ms)
✔ spine run sequence pending --dry-run --json returns structured payload (1118.62525ms)
✔ spine run sequence pending --from-wave 1 limits dry-run to later waves (1124.500834ms)
✔ runSpineSequence rejects invalid through-wave with non-zero exit (758.656333ms)
✔ spine run pending still aliases batch start (953.835625ms)
✔ buildSuggestedCommand for state_drift uses retry with task id (0.583458ms)
✔ buildSuggestedCommand for state_drift while running suggests pause then retry (0.079583ms)
✔ buildSuggestedCommand for state_drift without task id falls back to diagnose (0.067833ms)
✔ assembleHandoffData returns idle shape when no active batch (595.119791ms)
✔ assembleHandoffData includes reconciliation fields for active batch (3101.591208ms)
✔ assembleHandoffData redacts secret-like payload fields in journal tail (3250.426042ms)
✔ paused batch handoff lists pending tasks and spine batch resume (3119.924292ms)
✔ renderHandoffMarkdown matches golden snapshot structure (3017.951709ms)
✔ redactHandoffText removes KEY TOKEN and SECRET value patterns (0.230875ms)
✔ recordHandoffWritten appends handoff.written journal event (983.610542ms)
✔ handleNext appends handoff path hint when handoff file exists (3839.611791ms)
✔ runSpineHandoff --json writes handoff file and returns structured output (3822.805958ms)
✔ runInit copies rules profile, discovers manifest, standards default [] (121.719042ms)
✔ runInit dry-run plans rules files without writing (19.818416ms)
✔ rules-manifest.json is not listed in .gitignore (1.118833ms)
✔ parseIssueDraftArgs applies defaults and flags (0.563167ms)
✔ buildIssueDraftBody works in idle repo without batch context (12258.682333ms)
✔ runSpineIssueDraft writes draft file and prints human output by default (11760.960041ms)
✔ runSpineIssueDraft --json returns structured payload without writing file (14395.527666ms)
✔ runSpineIssueDraft --create fails clearly when gh is missing (648.133334ms)
✔ runSpineIssue rejects unknown subcommands (536.884583ms)
✔ spine issue draft routes through spine.mjs help and dispatch (10254.668541ms)
✔ buildIssueDraftBody redacts secret-like values (6981.650083ms)
✔ get-version helpers use spawnSync without shell (51.291417ms)
✔ spine help and version route through thin CLI entry (2169.284459ms)
✔ spine rejects unknown commands (279.614458ms)
✔ router dispatches plan, status, batch, gate, and integrate (2262.045208ms)
✔ spine rules --help lists subcommands (247.086666ms)
✔ runSpineRules discover writes manifest in initialized project (686.912041ms)
✔ runSpineRules select rejects invalid PROMPT before manifest check (503.098208ms)
✔ runSpineRules select uses validated file scope (524.697625ms)
✔ runSpineRules select requires manifest (703.164875ms)
✔ spine rules sync via CLI exits zero in pi-spine repo (405.396167ms)
✔ parseRulesArgv defaults role to worker (0.094583ms)
✔ parseRulesArgv requires review-type for reviewer role (0.278875ms)
✔ runSpineRules select worker default unchanged (948.887625ms)
✔ runSpineRules select reviewer plan uses PROMPT file scope (1051.867458ms)
✔ runSpineRules select reviewer final returns empty scope (793.772916ms)
✔ runSpineRules select reviewer code honors baseline (1119.520833ms)
✔ parseUntilDiagnoses accepts land-loop pseudo diagnoses (0.928709ms)
✔ parseUntilDiagnoses still rejects unknown diagnoses (0.240583ms)
✔ deriveWaitPseudoDiagnoses detects gate_open from integrate gate approve suggestion (0.118959ms)
✔ deriveWaitPseudoDiagnoses detects post_merge_limbo before gate opens (0.06375ms)
✔ reconciliationMatchesUntil matches gate_open pseudo diagnosis (0.095041ms)
✔ reconciliationMatchesUntil matches taxonomy diagnosis unchanged (0.052834ms)
✔ sanitizeRetrySuggestedCommand replaces bare retry --force with task id (0.077541ms)
✔ sanitizeRetrySuggestedCommand falls back to diagnose without task id (0.082459ms)
✔ buildSuggestedCommand for state_drift never suggests bare retry --force (0.192042ms)
✔ buildSuggestedCommand sanitizes stale salvage retry --force payloads (0.12925ms)
✔ spine status prints macro phase for idle repo (1191.827625ms)
✔ spine status prints macro phase for active batch (3271.32ms)
✔ spine status --diagnose verbose signals include macroPhase (2856.275375ms)
✔ spine status --json includes macroPhase fields (3316.978666ms)
✔ parseDurationMs accepts plain seconds and suffix forms (0.802958ms)
✔ parseDurationMs rejects invalid values (0.258709ms)
✔ parseUntilDiagnoses parses comma-separated diagnoses (0.4835ms)
✔ parseUntilDiagnoses rejects unknown diagnoses (0.11075ms)
✔ parseUntilDiagnoses accepts gate_open pseudo diagnosis (0.074708ms)
✔ parseWaitArgs requires --until and applies defaults (0.100958ms)
✔ parseWaitArgs accepts timeout interval and json (0.088042ms)
✔ parseWaitArgs rejects unknown flags (0.084959ms)
✔ diagnosisMatchesUntil matches only non-null diagnoses in set (0.069667ms)
✔ runSpineWait exits 0 when gate_open pseudo diagnosis matches (0.264875ms)
✔ reconciliationMatchesUntil matches gate_open without taxonomy diagnosis (0.065625ms)
✔ runSpineWait exits 0 when diagnosis matches (0.195792ms)
✔ runSpineWait exits 1 on timeout and emits final json snapshot (0.140041ms)
✔ runSpineWait polls until diagnosis changes (0.139625ms)
✔ spine wait --json exits 0 when diagnosis matches fixture (3825.087334ms)
✔ spine wait times out with exit 1 (3497.918208ms)
✔ spine wait rejects missing --until (214.235792ms)
✔ spine help lists wait command (352.290083ms)
✔ parseWatchArgs defaults (0.63675ms)
✔ parseWatchArgs accepts interval json and once (0.124334ms)
✔ parseWatchArgs rejects invalid interval (0.271708ms)
✔ parseWatchArgs rejects unknown flags (0.081958ms)
✔ formatWatchHumanLine renders compact reconcile summary (0.103458ms)
✔ formatWatchHumanLine uses idle placeholders when batch absent (0.124209ms)
✔ buildWatchSnapshot includes core fields and progress block when present (0.55075ms)
✔ buildWatchSnapshot prefers explicit progress object (0.090667ms)
✔ runSpineWatch --once human mode prints one line (0.226625ms)
✔ runSpineWatch --once json mode prints NDJSON snapshot (0.222667ms)
✔ runSpineWatch polls until once breaks loop without extra reconcile calls (0.131625ms)
✔ spine watch --once integrates with reconcileBatch in idle repo (1089.087792ms)
✔ spine watch --json --once emits reconcile snapshot for active batch (3309.121917ms)
✔ spine watch rejects invalid interval (200.493958ms)
✔ spine help lists watch command (245.824084ms)
✔ DIAGNOSIS_TAXONOMY includes needs_replan (0.525792ms)
✔ needs_replan diagnosis messaging matches handoff §9.1 shape (0.719208ms)
✔ buildDiagnosisOutput bundles needs_replan operator fields (0.14475ms)
✔ deriveDiagnosis prefers needs_replan over needs_retry for replan failures (0.317375ms)
✔ needs_replan blocks needs_merge diagnosis when replan task remains (0.076417ms)
✔ reconcileBatch surfaces needs_replan with edit-PROMPT suggestion (3474.358708ms)
✔ I-01 progress signals extend stall deadline past hard timeout (0.672334ms)
✔ I-02 spine batch retry resets task and segment with pendingSegments > 0 (906.387ms)
✔ I-03 spine state validate rejects corrupt batch-state (29.350666ms)
✔ I-04 spine batch abort archives batch-state before clearing active file (638.877709ms)
✔ I-05 wave merge blocked on failed/pending tasks; force-merge override exists (748.203959ms)
✔ I-06 retry refused while batch phase is executing or merging (903.138417ms)
✔ I-07 stall logic uses STATUS, lane commit, and file-scope mtime signals (356.479625ms)
✔ I-08 post-mortem does not claim success when failures exist (3273.945542ms)
✔ I-09 CONTEXT documents serial bootstrap and preflight execution policy (3.832875ms)
✔ I-10 runStepReview fail-closed when review tool unavailable at level > 0 (14.1325ms)
✔ CONFIG_V2_SECTION_DEFAULTS match handoff §6.2 (0.814583ms)
✔ applyConfigDefaults merges missing v2 sections without overwriting existing keys (0.226792ms)
✔ loadSpineConfig merges defaults for legacy config missing v2 keys (33.989ms)
✔ init scaffold includes v2 config sections from template (8.119667ms)
✔ CONTRACT_DEFAULTS match handoff §3.1 (0.9025ms)
✔ applyConfigDefaults merges contract section (0.236958ms)
✔ validateContractConfig rejects invalid mode (0.1495ms)
✔ validateContractConfig rejects non-array legacyTaskIdPrefixes (0.062667ms)
✔ validateSpineConfig accepts valid contract block (0.2155ms)
✔ validateSpineConfig rejects invalid contract.mode via validateSpineConfig (0.067042ms)
✔ discoverCursorRules returns empty manifest when rules root is missing (19.542875ms)
✔ discoverCursorRules excludes brutal-audit rules via profile patterns (61.81975ms)
✔ discoverCursorRules records parse warn entries in manifest rules (95.878125ms)
✔ discoverCursorRules manifest round-trip via atomic write (95.717208ms)
✔ classifyCursorRuleSpineClass prefers always over globs (0.233458ms)
✔ getCursorRuleExclusionReason matches excludeRelPaths exactly (0.181958ms)
✔ expandFileScopeProbes returns empty for empty scope (1.276667ms)
✔ expandFileScopeProbes adds synthetic probes for dir/* and dir/** (0.225041ms)
✔ expandFileScopeProbes keeps literal file paths (0.144167ms)
✔ expandFileScopeProbes expands in-path wildcards (0.218792ms)
✔ ruleGlobsMatchFileScope is false for empty file scope (0.151416ms)
✔ ruleGlobsMatchFileScope matches **/* when file scope is non-empty (0.113459ms)
✔ ruleGlobsMatchFileScope matches JS globs against mjs scope (0.61075ms)
✔ ruleGlobsMatchFileScope matches scope glob entries against rule globs (0.903875ms)
✔ parseCursorRuleFrontmatter returns skip when frontmatter missing (10.390708ms)
✔ parseCursorRuleFrontmatter parses array globs fixture (1.57375ms)
✔ parseCursorRuleFrontmatter splits comma-separated globs (0.613833ms)
✔ parseCursorRuleFrontmatter treats empty globs array as no patterns (0.551ms)
✔ parseCursorRuleFrontmatter defaults missing globs key to empty array (1.485833ms)
✔ parseCursorRuleFrontmatter coerces alwaysApply booleans (0.401833ms)
✔ parseCursorRuleFrontmatter matches repo comma-separated task authoring layout (0.226041ms)
✔ parseCursorRuleFrontmatter matches general-llm alwaysApply true layout (0.090875ms)
✔ parseCursorRuleFrontmatter matches audit-workflow empty globs layout (0.111667ms)
✔ parseCursorRuleFrontmatter warns on invalid alwaysApply and bad globs (0.206542ms)
✔ DEFAULT_RULES_PROFILE seeds worker include and discovery excludes (0.630625ms)
✔ loadRulesProfile returns built-in defaults when file missing (14.97225ms)
✔ mergeRulesProfile applies neverInclude over alwaysInclude (0.213916ms)
✔ mergeRulesProfile applies reviewer defaults when file omits reviewer (0.077625ms)
✔ mergeRulesProfile applies reviewer neverInclude over alwaysInclude (0.098791ms)
✔ loadRulesProfile rejects invalid JSON with RULES_PROFILE_INVALID (41.432125ms)
✔ validateRulesProfile rejects unsupported profileVersion (0.24425ms)
✔ loadRulesProfile merges partial file overrides (42.6585ms)
✔ validateRulesProfile rejects schema and path traversal errors (0.410292ms)
✔ loadRulesProfile rejects validated file errors (22.2125ms)
✔ selectRulesForReviewer returns empty when reviewer.enabled is false (21.18275ms)
✔ selectRulesForReviewer never selects taskplane-worker-cursor.mdc (0.332334ms)
✔ selectRulesForReviewer selects glob rules when scopePaths match (0.61475ms)
✔ selectRulesForReviewer appends standards without duplicates (0.226791ms)
✔ selectRulesForReviewer respects neverLoad (0.132667ms)
✔ selectRulesForReviewer uses profile.reviewer.maxRules cap (12.69525ms)
✔ context path helpers round-trip under .cursor/rules (0.593291ms)
✔ selectRulesForWorker includes alwaysInclude and always-class rules (1.673667ms)
✔ selectRulesForWorker selects JS globs and excludes Swift for JS-only scope (17.910333ms)
✔ selectRulesForWorker matches OWASP for bin/*.mjs scope via scope glob (0.273042ms)
✔ selectRulesForWorker appends standards without duplicates (0.227708ms)
✔ selectRulesForWorker respects neverLoad and neverInclude (0.127625ms)
✔ selectRulesForWorker exports journal-friendly entries shape (0.0965ms)
✔ normalizeTasksRootFromEnv accepts relative and rejects parent traversal (0.659042ms)
✔ applyEnvOverrides: SPINE_MAX_LANES overrides file value (0.385292ms)
✔ applyEnvOverrides: SPINE_TASKS_ROOT overrides paths.tasksRoot (0.106542ms)
✔ applyEnvOverrides rejects invalid SPINE_MAX_LANES (0.160041ms)
✔ loadSpineConfig applies env overrides after file load (845.669125ms)
✔ SPINE_TASKS_ROOT env discovers tasks under alternate root in plan (1142.745167ms)
✔ spine settings show reports env source for overridden lanes.maxParallel (1141.898417ms)
✔ runDoctorChecks lists effective config with env source (12070.083416ms)
✔ DEFAULT_REVIEWER_CONTEXT_BYTE_CAP is 16KiB (0.553791ms)
✔ buildReviewerContext skips when .cursor/rules is missing (20.188208ms)
✔ buildReviewerContext does not inject referenceDocs (41.498208ms)
✔ buildReviewerContext truncates at byte cap (47.297125ms)
✔ buildReviewerContext emits reviewer.rules_selected journal event (60.482333ms)
✔ buildReviewerContext degrades gracefully on invalid rules profile (74.802875ms)
✔ buildReviewerContext selects rules for scoped plan review (13.75375ms)
✔ emitReviewerRulesSelected is no-op without journal context (0.162333ms)
✔ SETTINGS_FIELDS lists editable paths including reviewer per-type pins (1.079292ms)
✔ listEditableFields returns shallow copies (0.131958ms)
✔ parseSettingPath rejects unknown path (0.126917ms)
✔ parseSettingPath accepts registered path (0.070917ms)
✔ lanes.maxParallel accepts valid integer and coerces string (0.133ms)
✔ lanes.maxParallel rejects below min and above max (0.073ms)
✔ gates.requireBeforeIntegrate accepts booleans and CLI strings (0.125208ms)
✔ agents.worker.model accepts inherit and optional empty (0.080375ms)
✔ agents.worker.thinking accepts enum values case-insensitively (0.143208ms)
✔ agents.reviewer.model accepts inherit and optional empty (0.133625ms)
✔ agents.reviewer.thinking accepts inherit and enum values (0.076542ms)
✔ agents.reviewer.plan.model accepts per-type override values (0.055792ms)
✔ agents.reviewer.code.thinking accepts per-type inherit (0.04975ms)
✔ dashboard.port accepts valid port range (0.064417ms)
✔ lanes.workerBackend accepts registered enum values (0.054709ms)
✔ validateSettingValue rejects unknown path (0.055459ms)
✔ src/cli and src/migrate do not import from bin/ (57.905042ms)
✔ src/** has no bin/ imports (99.919417ms)
✔ spine-config template defaults mirror package.json script patterns (0.851833ms)
✔ init applies testing defaults including coverage command (16.309833ms)
✔ dogfood spine-config has non-empty testing fields (0.894083ms)
✔ buildTestingEvidenceDoctorChecks warns on empty build when collectBuildEvidence (0.139333ms)
✔ buildTestingEvidenceDoctorChecks warns on empty test when collectTestEvidence (0.092375ms)
✔ buildTestingEvidenceDoctorChecks passes when commands configured (0.436708ms)
✔ buildTestingEvidenceDoctorChecks treats collectTestEvidence default as enabled (0.069125ms)
✔ SPINE_GITIGNORE_ENTRIES includes run-metrics.jsonl (0.485375ms)
✔ ensureGitignoreEntries adds run-metrics path on fresh init (20.441666ms)
✔ isMergeOriginMainTask detects merge-origin-main packet shapes (0.590542ms)
✔ checkOrchMergeConflictWarn passes without pending merge-origin-main tasks (3859.871375ms)
✔ checkOrchMergeConflictWarn warns on PRD + manifest divergence with merge-origin-main pending (6227.893875ms)
✔ runBatchPreflight and plan check surface orch merge conflict warning (12135.760709ms)
✔ checkPrelandedFileScopeWarn passes when no stale pending tasks (1988.344959ms)
✔ checkPrelandedFileScopeWarn warns for prelanded fileScopeMustChange (2764.760458ms)
✔ listPrelandedFileScopeStaleTasks reports multiple stale pending tasks (4035.331084ms)
✔ runBatchPreflight and plan check surface prelanded file-scope warning (7117.136209ms)
✔ checkGitClean passes when only metrics file has append-only drift (1437.344541ms)
✔ checkGitClean fails when metrics file content is truncated (2299.566875ms)
✔ checkGitClean passes when metrics file is gitignored and not tracked (1772.221125ms)
✔ runDoctorChecks warns when metrics file is git-tracked (13859.920125ms)
✔ tsconfig.batch.json scopes checkJs hot paths (4.212ms)
✔ npm run typecheck validates extensions and batch hot paths (7515.175ms)
✔ normalizeContextPathList rejects non-arrays (0.939333ms)
✔ buildWorkerContext honors neverLoad and byte cap (16.442375ms)
✔ buildWorkerTailPrompt injects configured standards (12.564042ms)
✔ buildWorkerContextAsync uses auto selection when cursor rules exist (63.140125ms)
✔ spine init defaults standards to [] for auto-discovery (SP-093) (108.326167ms)
✔ validateSpineConfig rejects invalid referenceDocs (0.209041ms)
✔ loadContextDocEntries stops at byte cap (13.292083ms)
✔ DEFAULT_WORKER_CONTEXT_BYTE_CAP is 32KiB (0.353834ms)
✔ validateWorkerLaunchScriptPath accepts ./scripts/ prefix when file exists (21.752417ms)
✔ validateWorkerLaunchScriptPath rejects ./scripts/../ traversal (4.358834ms)
✔ COVERAGE_THRESHOLD is 77 (0.575292ms)
✔ COVERAGE_INCLUDES scopes src, bin, and extensions (0.47875ms)
✔ FILE_COVERAGE_THRESHOLDS enforces slash-commands.ts floor (0.062917ms)
✔ TEST_GLOBS has bidirectional parity with package.json test script (0.328375ms)
✔ parseAggregateLineCoverage reads all files line percent (0.186375ms)
✔ parseAggregateLineCoverage returns null when summary missing (0.165333ms)
✔ parseAggregateLineCoverage reads coverage:check summary line (0.102792ms)
✔ parsePerFileLineCoverage reads per-file rows (0.327583ms)
✔ findFileCoverageFailures reports missing and below-threshold files (0.16175ms)
✔ formatDashboardStartupMessage includes URL, port, and operator hints (0.636625ms)
✔ formatDashboardStartupMessage notes --port source (0.092292ms)
✔ resolveDashboardPortWithSource prefers CLI over config (1987.378959ms)

pi-spine dashboard

  Open in browser: http://127.0.0.1:52531/
  Listen:          127.0.0.1:0 (--port)

  While running:   keep this terminal open; dashboard updates via SSE (~2s)

  In another terminal:
    spine status
    spine batch start <task-id>

  → Open http://127.0.0.1:52531/ in your browser

  API:  http://127.0.0.1:52531/api/snapshot
        http://127.0.0.1:52531/api/events

  Stop: Ctrl+C

✔ runSpineDashboard writes startup to stdout before shutdown (1629.905ms)
✔ spine dashboard CLI prints URL before process exits (4584.327667ms)
✔ emptyLaneThroughputStats returns zeroed task-based fields (7.713208ms)
✔ computeThroughputTasksPerHour is task-based and guards zero elapsed (0.127875ms)
✔ deriveLaneThroughputStats counts completed and failed journal events per lane (4.491167ms)
✔ deriveLaneThroughputStats includes open running task elapsed through now (0.118458ms)
✔ deriveLaneThroughputStats prefers run-metrics duration when present (0.111917ms)
✔ deriveLaneThroughputStats falls back to journal when metrics missing (0.086417ms)
✔ deriveLaneThroughputStats maps tasks by laneNumber when lane metadata is sparse (0.092666ms)
✔ deriveLanesThroughput returns isolated stats per lane (0.155208ms)
✔ summarizeLaneThroughput aggregates counts and recomputes rate from totals (0.144875ms)
✔ NFR-OBS-02: dashboard SSE poll interval defaults to 2s (1.223625ms)
✔ parity: idle — no batch (1629.244584ms)
✔ parity: running batch (6599.745667ms)
✔ parity: needs_retry (7016.1215ms)
✔ parity: limbo_stale (7579.024792ms)
✔ parity: completed_manual after manual merge (5090.331542ms)
✔ parity: needs_integrate (4456.945291ms)
✔ parity: completed after integrate (3837.25625ms)
✔ parity: failed phase still reconciles consistently (3027.785209ms)
✔ assertLoopbackHost throws for 0.0.0.0 (0.683667ms)
✔ formatSseDataFrame valid data: line (0.20425ms)
✔ dashboard server serves browser view-model dependency graph (1849.297ms)
✔ dashboard server serves snapshot and one SSE frame (1418.385875ms)
✔ resolveLaneActivityPhase: heartbeat pi → worker (0.696333ms)
✔ resolveLaneActivityPhase: open code review.started → code review (0.115875ms)
✔ resolveLaneActivityPhase: open final review.started → final review (0.072083ms)
✔ resolveLaneActivityPhase: closed review.started falls through to worker heartbeat (0.081708ms)
✔ resolveLaneActivityPhase: lane.completed code_rework → rework (0.070458ms)
✔ resolveLaneActivityPhase: no active tasks → em dash (0.057916ms)
✔ buildLaneRows exposes activityPhase fields (0.825084ms)
✔ computeActiveTaskIdsForLane returns running/pending tasks in current wave only (0.96725ms)
✔ computeRunningTaskIdForLane returns at most one running task in current wave (0.126042ms)
✔ computeQueuedTaskIdsForLane returns pending tasks in lane.taskIds order (0.086708ms)
✔ buildLaneRows exposes runningTaskId, queuedTaskIds, and deprecated activeTaskIds union (0.739958ms)
✔ buildLaneRows exposes activeTaskIds separate from batch assignment (0.177958ms)
✔ buildLaneRows attaches per-lane throughput stats from journal (3.593916ms)
✔ resolveLaneHeartbeatMeta reads latest lane heartbeat kind and phase (0.9695ms)
✔ formatLaneHeartbeatDisplay shows launching instead of age (2.943ms)
✔ dashboard snapshot exposes launching heartbeat display from journal (4477.144167ms)
✔ buildDefaultViewStatus exposes gate missing affordance for needs_integrate (0.247875ms)
✔ idle snapshot diagnosis null matches reconcile (1390.653417ms)
✔ running batch fixture has lanes and waves (3775.79075ms)
✔ truncateWorktreePath keeps trailing segments (0.146791ms)
✔ classifyLaneStatus stale when heartbeat old (0.100292ms)
✔ classifyLaneStatus does not mark lane completed when doneInLane but cache pending under engine_orphaned (0.133292ms)
✔ buildWaveProgress marks prior waves completed (0.111833ms)
✔ buildWaveProgress marks last wave completed when all tasks terminal-success (0.077417ms)
✔ buildWaveProgress keeps in-flight current wave active (0.057417ms)
✔ resolveTailActivityFromJournal reads latest matching journal event (0.055791ms)
✔ diagnosisBadgeClass maps needs_integrate separately from running (0.776917ms)
✔ idle snapshot uses reconcile headline (0.568209ms)
✔ buildActionChips exposes copyable primary and alternatives (0.234667ms)
✔ needs_integrate banner ignores completed phase for badge color (0.700666ms)
✔ needs_integrate without gate record shows default gate affordance (0.298041ms)
✔ buildDashboardViewModel includes all §16.1 panels (0.420708ms)
✔ buildLaneTableModel exposes throughput columns for lanes (0.09475ms)
✔ buildLaneTableSummaryModel aggregates when multiple lanes present (0.084417ms)
✔ buildLaneTableSummaryModel is null for single lane (0.071542ms)
✔ lane-throughput-multi-lane fixture drives throughput column values (3.145667ms)
✔ lane-throughput-multi-lane fixture documents SP-327 throughput field contract (2.10175ms)
✔ buildLaneTableModel exposes heartbeatDisplay for launching lanes (0.115166ms)
✔ dashboard.js uses heartbeatDisplay without double-formatting (1.346416ms)
✔ buildBannerModel uses finalizing badge and macro phase during tail state (0.155875ms)
✔ buildBannerModel reflects gating macro phase during post-merge tail (0.122083ms)
✔ buildBannerModel keeps running badge when workers are active (0.0805ms)
✔ resolveTailActivityLabel prefers recent journal over macro phase during tail (0.17425ms)
✔ buildTailActivityModel exposes lane table subline when lanes are idle during tail (0.109166ms)
✔ resolveTailActivityLabel returns null when running task is active (0.047625ms)
✔ dashboard.js renders lane table tail activity footer row (0.177708ms)
✔ banner uses diagnosis badge class, not macro phase (0.054208ms)
✔ resolveStaticAsset serves dashboard public files and view.mjs (0.547625ms)
✔ dashboard server GET / returns HTML shell (1783.169583ms)
✔ running batch view model exposes journal for bottom panel (0.230292ms)
✔ idle snapshot has empty journal via idle flag (0.062833ms)
✔ buildLaneDetailModel exposes recent events and log tail (0.056167ms)
✔ buildLaneTableModel includes lane detail on each row (0.062625ms)
✔ buildLaneRecentEvents returns last five lane-scoped journal entries (0.093875ms)
✔ buildJournalModel filters by lane id (0.388625ms)
✔ buildJournalLaneFilterOptions lists lane ids (0.490125ms)
✔ buildLaneRows attaches recentEvents and logTail from snapshot inputs (1706.186166ms)
✔ resolveLaneWorkerLog prefers live log over terminal output (1193.013666ms)
✔ dashboard.js builds gate status without innerHTML (0.475916ms)
✔ dashboard.js uses textContent for gate status badge and kind label (0.144625ms)
✔ dashboard HTML exposes lane detail and journal lane filter hooks (5.157125ms)
✔ dashboard server HTML includes journal lane filter (1254.576375ms)
✔ spineAgentsUseInherit is true when worker or reviewer effective pin inherits (0.606625ms)
✔ formatReviewerEffectivePins shows resolved per-type model and thinking (0.227083ms)
✔ buildReviewerPerTypePinsDoctorCheck reports effective per-type pins (0.106208ms)
✔ resolvePiDefaultProvider prefers project settings over global (38.4485ms)
✔ buildAgentModelInheritDoctorCheck warns on inherit + lmstudio (0.386167ms)
✔ buildAgentModelInheritDoctorCheck passes when models pinned (0.08275ms)
✔ buildAgentModelInheritDoctorCheck passes when inherit but pi not lmstudio (0.091ms)
✔ readPiSettingsFile returns null for missing or invalid JSON (0.112042ms)
✔ countMediumLargeTasks counts only M and L sizes with per-size breakdown (13.822542ms)
✔ buildBatchSizeGuidanceWarning returns null below threshold (7.191333ms)
✔ buildBatchSizeGuidanceWarning M-only batch does not mention L (5.71625ms)
✔ formatPlanHuman appends batch size guidance warning (8.291125ms)
✔ buildBatchSizeGuidanceWarning mixed batch shows both M and L counts (5.855209ms)
✔ appendBatchSizeGuidanceToPlanOutput skips warning in stub mode (9.265167ms)
✔ isPiWebAccessPackageSource matches npm and path entries (0.64925ms)
✔ detectPiWebAccessExtensionConflict flags npm plus local checkout (2.310708ms)
✔ detectPiWebAccessExtensionConflict ok with single source (0.783ms)
✔ buildPiExtensionConflictDoctorCheck warns with actionable command (1.690083ms)
✔ shouldWorkerUsePiNoExtensions mirrors conflict assessment (2.310334ms)
✔ isPiExtensionConflictOutput detects worker spawn conflict text (0.212208ms)
✔ resolvePiPackageSourcePath resolves npm and relative entries (0.094208ms)
✔ readPiPackageSources returns empty for missing settings (0.470458ms)
✔ isAuthErrorText detects authentication failures (0.765292ms)
✔ parsePiListModelsRows and listModelsForProvider filter by provider (0.866083ms)
✔ resolveModelIdForProvider prefers defaultModel when provider matches (0.094292ms)
✔ buildInheritProviderAuthDoctorCheck passes when agents pinned to cursor/auto (0.206833ms)
✔ buildInheritProviderAuthDoctorCheck passes when inherit resolves to cursor (0.110333ms)
✔ buildInheritProviderAuthDoctorCheck fails when probe reports 401 (150.637875ms)
✔ buildInheritProviderAuthDoctorCheck fails when provider has no authenticated models (135.155125ms)
✔ probeInheritProviderAuth succeeds when list and probe pass (195.160917ms)
✔ INTEGRATE_DEFAULTS match issue #91 config sketch (0.853ms)
✔ applyConfigDefaults merges integrate section (0.195333ms)
✔ buildConcurrentDevDoctorCheck passes with no active batch (1512.849375ms)
✔ buildConcurrentDevDoctorCheck passes when human is on a feature branch (6515.35975ms)
✔ buildConcurrentDevDoctorCheck warns on active batch + dirty main (warn mode) (7426.329708ms)
✔ buildConcurrentDevDoctorCheck fails on active batch + dirty main (block mode) (5787.517583ms)
✔ buildConcurrentDevDoctorCheck passes when allowHumanOnBaseBranch=allow (402.667917ms)
✔ runDoctorChecks surfaces concurrent-dev warning when configured (14690.333834ms)
✔ isDisplayLabel matches pi TUI display labels (0.96075ms)
✔ isDisplayLabel rejects canonical ids and invalid strings (0.084792ms)
✔ displayLabelToCanonical converts to provider/model (0.081209ms)
✔ displayLabelToCanonical returns null for non-labels (0.073458ms)
✔ isCanonicalModelId validates provider/model format (0.153375ms)
✔ isCanonicalModelId rejects non-canonical strings (0.051708ms)
✔ normalizeModelId passes canonical ids through (0.073916ms)
✔ normalizeModelId converts display labels to canonical (0.053666ms)
✔ normalizeModelId passes special values through (0.563958ms)
✔ normalizeModelId rejects unrecognized formats (0.167917ms)
✔ normalizeModelId rejects non-string input (0.069375ms)
✔ validateModelIdFormat accepts canonical ids (0.104125ms)
✔ validateModelIdFormat accepts special values and non-strings (0.056625ms)
✔ validateModelIdFormat flags display labels with canonical hint (0.058333ms)
✔ validateModelIdFormat flags unrecognized formats (0.044292ms)
✔ buildAgentModelIdsDoctorCheck passes when all pins are canonical (0.138125ms)
✔ buildAgentModelIdsDoctorCheck fails when display label is in config (0.13225ms)
✔ buildAgentModelIdsDoctorCheck fails on invalid format (0.061334ms)
✔ buildAgentModelIdsDoctorCheck passes when no models configured (0.065958ms)
✔ buildAgentModelIdsDoctorCheck skips inherit and empty values (0.048708ms)
✔ settings set normalizes display label to canonical id (1.344ms)
✔ settings set passes canonical id through unchanged (0.086167ms)
✔ settings set rejects invalid model id format (0.056541ms)
✔ settings set allows inherit for model fields (0.067291ms)
✔ settings set rejects invalid model id in JSON mode (0.071333ms)
✔ settings set normalizes worker model display label (0.074458ms)
✔ settings set normalizes per-type reviewer model display label (0.095417ms)
✔ fingerprintRulesManifest ignores generatedAt (0.5465ms)
✔ buildRulesManifestDoctorCheck warns when manifest missing (7.456208ms)
✔ buildRulesManifestDoctorCheck warns when manifest stale (19.160417ms)
✔ resolveSpineOnPath uses which by default (0.583542ms)
✔ readPackageVersion reads package.json version (0.46125ms)
✔ buildStalePathDoctorCheck warns when spine not on PATH (0.192167ms)
✔ buildStalePathDoctorCheck ok when PATH matches package bin (0.131792ms)
✔ buildStalePathDoctorCheck warns on version mismatch (1.0795ms)
✔ buildStalePathDoctorCheck warns on mtime mismatch only (0.96075ms)
✔ isStalePathSpineBlocking true only for stale PATH label (0.083667ms)
✔ isStalePathSpinePreflightBlocking requires version mismatch detail (0.06575ms)
✔ readSpineCliVersion parses spine --version output (1726.569166ms)
✔ resolveInProgressSpineBatchId returns batchId for running batch (1513.828833ms)
✔ resolveInProgressSpineBatchId returns null for completed batch (1493.394417ms)
✔ listStaleSpineWorktreeBatchIds flags dirs without matching active batch (1366.884375ms)
✔ buildStaleWorktreesDoctorCheck warns on stale worktree dirs (1408.175417ms)
✔ buildStaleWorktreesDoctorCheck passes when only active batch dir exists (1161.50025ms)
✔ runDoctorChecks includes stale worktrees warning (20976.334959ms)
✔ buildStallConfigDoctorCheck warns when stall timeout unset for real pi (1.426625ms)
✔ buildStallConfigDoctorCheck passes when stall timeout configured high (0.100125ms)
✔ isStubWorkerMode respects SPINE_WORKER_STUB (0.062791ms)
✔ resolveConfiguredStallMinutes returns null when missing (0.061542ms)
✔ suggestMaxParallel(4) → 2 (0.5505ms)
✔ suggestMaxParallel(8) → 4 (0.074625ms)
✔ suggestMaxParallel(1) → 1 (3.429792ms)
✔ suggestMaxParallel(2) → 1 (0.0655ms)
✔ buildMaxParallelDoctorCheck warns when configured exceeds suggested + 1 (0.242167ms)
✔ buildMaxParallelDoctorCheck no warning when configured matches suggested (0.071541ms)
✔ buildMaxParallelDoctorCheck no warning at default 3 when suggested is 2 (4-core) (0.060958ms)
✔ supervisor settings paths are registered (0.563834ms)
✔ agents.supervisor.enabled accepts booleans and CLI strings (0.153417ms)
✔ agents.supervisor.pollIntervalMs enforces minimum 1000ms (0.156375ms)
✔ agents.supervisor.model accepts inherit and optional empty (0.082708ms)
✔ agents.supervisor.autoNudge accepts booleans (0.066042ms)
✔ buildSupervisorConfigDoctorCheck passes when disabled (0.120292ms)
✔ buildSupervisorConfigDoctorCheck fails when enabled and template missing (20.432208ms)
✔ buildSupervisorConfigDoctorCheck fails when enabled and model invalid (17.270292ms)
✔ buildSupervisorConfigDoctorCheck passes when enabled with template and valid model (19.2275ms)
✔ collectTaskPacketSizeIssues flags XL and too many steps on pending packet (2.643417ms)
✔ collectTaskPacketSizeIssues ignores tasks with .DONE (1.490708ms)
✔ classifyBatchStateSource uses path and content markers (0.599417ms)
✔ assessOrchestratorCoexistence passes when no batch-state files (1630.967583ms)
✔ assessOrchestratorCoexistence fails on active Taskplane batch in .pi (6740.0215ms)
✔ assessOrchestratorCoexistence fails when spine and Taskplane batches both active (11582.641167ms)
✔ buildCoexistencePreflightCheck blocks spine start when Taskplane batch active (4255.165458ms)
✔ runBatchPreflight fails with orchestrator-coexistence when Taskplane batch active (6769.436125ms)
✔ runDoctorChecks reports mutual exclusion failure for Taskplane batch (9075.204708ms)
✔ buildCoexistenceDoctorCheck passes when only pi-spine batch is active (1633.695208ms)
✔ buildWorktreeHealthDoctorCheck passes with no worktrees (1316.146958ms)
✔ buildWorktreeHealthDoctorCheck flags absolute gitdir (1645.722166ms)
✔ /spine-status reports idle reconciliation on clean repo (1804.818167ms)
✔ /spine-deps delegates to CLI and notifies graph output (1362.780708ms)
✔ /spine-plan succeeds after preflight passes (17416.694708ms)
✔ /spine-dismiss archives limbo batch state (2469.711209ms)
✔ /spine-pause pauses a running spine batch (530.916542ms)
✔ /spine-resume resumes a paused spine batch (2433.667042ms)
✔ /spine-retry-task resets a failed task (582.521833ms)
✔ /spine-skip-task skips a failed task (501.923458ms)
✔ /spine-abort archives an active spine batch (523.972667ms)
✔ /spine-next prints reconciliation suggestion (439.8185ms)
✔ /spine-validate checks pending task packets (675.8455ms)
✔ /spine-handoff writes operator note and notifies (2929.068583ms)
✔ /spine-gate inspects integrate gate state (467.567666ms)
✔ /spine-integrate dry-run reports merge preview (795.78925ms)
✔ /spine-settings shows interactive configuration menu (187.6965ms)
✔ /spine-dashboard notifies listen URL and port source (222.474333ms)
✔ /spine entry warns on limbo_stale diagnosis (1255.79925ms)
✔ /spine entry warns on needs_retry diagnosis (1196.469542ms)
✔ /spine entry reports running batch headline (1125.083291ms)
✔ /spine entry starts batch when scope provided after preflight (9762.045084ms)
✔ /spine-deps truncates very large dependency output (1164.947083ms)
✔ parseSpineOrchestrateArgs defaults to pending scope and wave 0 (1.050625ms)
✔ formatOrchestratePrompt includes wave tasks, outer loop, and skill link (1.05075ms)
✔ formatOrchestratePrompt states no auto gate approve or integrate (0.208916ms)
✔ formatOrchestratePrompt respects --from-wave filter (0.096583ms)
✔ formatOrchestratePrompt reports empty plan guidance (0.085833ms)
✔ /spine-orchestrate emits structured prompt from spine plan (18345.50525ms)
✔ /spine-orchestrate does not invoke gate or integrate CLI (11072.594791ms)
✔ /spine-orchestrate fails when preflight fails (6583.528292ms)
✔ spine-config template documents commented worktreeSetupHook example (0.987209ms)
✔ stripTemplateOnlyKeys removes _examples from init output (0.119625ms)
✔ extractPubspecAssetPaths parses flutter asset entries (0.5835ms)
✔ runInit copies Flutter worktree setup hook template to scripts/ (57.832834ms)
✔ copyFlutterWorktreeSetupHookTemplate skips existing hook without force (20.496375ms)
✔ findGitignoredPubspecAssetsOnMain detects gitignored assets present on main (1437.512833ms)
✔ buildGitignoredPubspecAssetsDoctorCheck warns when hook not configured (1338.595042ms)
✔ buildGitignoredPubspecAssetsDoctorCheck warns when lane missing gitignored assets (1397.418875ms)
✔ parseMigrateArgs rejects --source without value (0.656833ms)
✔ runMigrateFromTaskplane fails when source file is missing (7.499708ms)
✔ runMigrateFromTaskplane refuses overwrite without force (13.4655ms)
✔ runMigrateFromTaskplane dry-run does not write config (4.641916ms)
✔ loadTaskplaneConfig reads repo fixture (0.744917ms)
✔ mapTaskplaneToSpine maps repo fixture to valid spine config (1.99375ms)
✔ mapTaskplaneToSpine honors tasksRootOverride (2.073334ms)
✔ mapTaskplaneToSpine ignores unknown keys (0.4325ms)
✔ mapMaxParallel clamps invalid and excessive values (0.077917ms)
✔ loadTaskplaneConfig fails loud on missing file (0.29225ms)
✔ DEFAULT_TASKPLANE_SOURCE_PATH matches repo layout (0.1225ms)
✔ normalizeFileScopePath strips trailing globs and normalizes separators (0.770708ms)
✔ pathsOverlap detects parent/child and rejects unrelated prefixes (0.10475ms)
✔ fileScopesOverlap detects parent/child directory overlap (1.994916ms)
✔ fileScopesOverlap detects exact file overlap in same wave scenario (0.095125ms)
✔ fileScopePatternsOverlap handles wildcard file globs (0.30975ms)
✔ fileScopePatternsOverlap does not treat dotted sibling paths as overlapping (0.665917ms)
✔ fileScopePatternsOverlap handles literal paths with regex metacharacters (1.942625ms)
✔ expandFileScopeProbes produces nested paths for directory globs (0.196125ms)
✔ findWaveFileScopeOverlaps returns pairs within the same wave only (0.678208ms)
✔ findWaveFileScopeOverlaps matches issue #31 parent/child safety paths (0.132667ms)
✔ findWaveFileScopeOverlaps ignores single-task waves (0.274334ms)
✔ planWaves serializes two tasks with the same file to one virtual lane (0.284791ms)
✔ assignLanesToWaves uses glob-aware overlap for wildcard scopes (0.123375ms)
✔ formatFileScopeOverlapWarnings lists wave and task pairs (0.119375ms)
✔ buildPlan reports file-scope overlaps and serializes conflicting tasks (32.029667ms)
✔ formatPlanHuman shows serial lane as bullet list with titles (0.729916ms)
✔ formatPlanHuman shows parallel lanes and omits tick jargon (0.111708ms)
✔ formatPlanHuman includes start hints for multi-wave plans (0.100959ms)
✔ topoWaves groups tasks into deterministic dependency waves (1.013792ms)
✔ buildGraph includes nodes that only appear as dependencies (0.101625ms)
✔ findCyclePath returns a closed cycle path (4.54475ms)
✔ repo spine-tasks plan has wave0 TP-006||TP-007 and wave1 TP-008 (45.279291ms)
✔ TP-034/038/041 disjoint scopes get three virtual lanes in tick 0 (1.250208ms)
✔ overlapping file scopes share one virtual lane (serialized) (0.135375ms)
✔ buildPlan for TP-034 TP-038 TP-041 lists three lanes in human output (76.413167ms)
✔ spine plan CLI shows three lanes for TP-034 TP-038 TP-041 (264.87775ms)
✔ assignLanesToWaves assigns disjoint file scopes to separate virtual lanes (0.709584ms)
✔ assignLanesToWaves packs overlapping file scopes into same virtual lane (0.125ms)
✔ assignLanesToWaves respects maxParallel by queueing excess virtual lanes into ticks (0.116125ms)
✔ filterPendingTaskIds excludes tasks with .DONE marker (47.09825ms)
✔ parseScope pending mode returns pending IDs and excluded count (30.024125ms)
✔ parseScope pending throws when all tasks are done (17.476958ms)
✔ buildPlan pending scope preserves dependency waves (42.722583ms)
✔ filterPendingTaskIds excludes tasks with .SUPERSEDED marker (74.098417ms)
✔ summarizePendingScope counts excluded tasks (140.924417ms)
✔ runSpinePlan pending with all .DONE returns exit 0 informational output (161.965834ms)
✔ runSpinePlan pending JSON with all .DONE returns synthetic plan (39.905125ms)
✔ runSpinePlan pending with all .DONE does not throw (23.45675ms)
✔ parseScope pending empty error carries structured metadata (39.245875ms)
✔ runSpinePlan pending output includes maxParallel from config (53.823167ms)
✔ buildPlan rejects invalid heading separator (21.975875ms)
✔ buildPlan rejects missing testing coverage (17.31975ms)
✔ buildPlan rejects missing File Scope section (18.579625ms)
✔ runSpinePlan exits with validation errors for invalid PROMPT (16.555042ms)
✔ buildPlan accepts valid PROMPT packets (20.2735ms)
✔ parseScope glob escapes literal dots in path patterns (12.315334ms)
✔ parseScope glob escapes literal parentheses in path patterns (6.882583ms)
✔ parseScope glob with plus in path pattern matches literally (7.83925ms)
✔ parseScope TP-* glob scopes remain unchanged (13.649125ms)
✔ parseScope('all') selects all discovered tasks (68.935459ms)
✔ parseScope('TP-002') selects explicit task IDs (46.870208ms)
✔ parseScope supports glob path patterns (43.141292ms)
✔ resolveWaveTaskIds returns wave task IDs (0.837625ms)
✔ resolveWaveTaskIds rejects out-of-range and empty waves (0.13ms)
✔ filterPlanToWave narrows plan to one wave (0.1285ms)
✔ parseBatchStartWaveFilter accepts --wave and --through-wave (0.163042ms)
✔ parseBatchStartWaveFilter rejects conflicting and invalid flags (0.081916ms)
✔ registerSpineSlashCommands registers all PRD §15.1 command names (0.7245ms)
✔ /spine-retry-task without task id notifies usage error (0.152084ms)
✔ /spine-skip-task without task id notifies usage error (0.121875ms)
✔ /spine-plan notifies error when preflight fails (16720.534417ms)
✔ /spine handler runs preflight before batch guidance (10565.005542ms)
✔ buildDepsReport returns empty graph for isolated task with no deps (1533.83825ms)
✔ buildDepsReport detects synthetic dependency cycle (1398.716333ms)
✔ cycleNodesFromPath deduplicates closing node (0.213791ms)
✔ depsToEdges and formatDepsHuman render dependency flow (0.181667ms)
✔ repo fixture TP-031 scope shows TP-030 dependency edge (25.759542ms)
✔ spine deps CLI emits JSON shape with nodes, edges, cycles, waves (1412.577792ms)
✔ spine deps CLI exits 1 when cycle detected (1932.073875ms)
✔ findCyclePath returns path for cyclic graph (0.635125ms)
✔ init --preset taskplane-compat --tasks-root taskplane-tasks --dry-run produces expected keys (21.709125ms)
✔ init --preset taskplane-compat defaults tasksRoot to taskplane-tasks (9.505583ms)
✔ plain init applies spine defaults without preset flag (16.001917ms)
✔ init rejects unknown preset (13.087333ms)
✔ fresh init creates config, agents, tasks root, and gitignore entries (29.138042ms)
✔ init skips constitution.md when it already exists without --force (29.8315ms)
✔ buildConstitutionMd substitutes project title from directory name (0.581791ms)
✔ init without --force refuses when spine-config.json exists (48.460083ms)
✔ --tasks-root taskplane-tasks sets paths.tasksRoot correctly (51.964833ms)
✔ --dry-run makes no filesystem changes (8.785917ms)
✔ init skips CONTEXT.md when it already exists without --force (33.774417ms)
✔ init --force overwrites existing CONTEXT.md (23.168333ms)
✔ buildContextMd substitutes project title from directory name (0.618625ms)
✔ --dry-run plans CONTEXT.md create without writing files (6.87275ms)
✔ ensureGitignoreEntries appends only missing entries (1.193917ms)
✔ runPreflightPlanCheck builds wave plan during preflight (5364.382875ms)
✔ runReconciliationCheck returns real diagnosis for running batch (3598.008958ms)
✔ checkDoctor fails when doctor reports issues (0.255666ms)
✔ checkStalePathSpine fails when PATH spine version is stale (4.725125ms)
✔ checkGitClean lists up to 20 dirty paths (192.741041ms)
✔ checkNoActiveBatch passes when no batch-state file exists (692.621333ms)
✔ checkNoActiveBatch calls reconciliation when batch-state exists (601.36725ms)
✔ checkTasksRoot validates discoverable task folders (522.912208ms)
✔ checkDependenciesJson validates version and task IDs (596.524125ms)
✔ runBatchPreflight passes on initialized clean fixture (3107.183709ms)
✔ runBatchPreflight fails when git working tree is dirty (2585.03975ms)
✔ runPreflightPlanCheck validates pending scope only (SP-122) (757.8345ms)
✔ checkTasksValidate exposes distinct tasks-validate check id (645.641458ms)
✔ checkTasksValidate validates multiple pending PROMPT packets in one batch (715.06325ms)
✔ runBatchPreflight includes tasks-validate check distinct from plan (2300.973417ms)
✔ runBatchPreflight fails on limbo fixture with dismiss suggestion (6128.566709ms)
✔ runBatchPreflight passes when all tasks have .DONE (zero pending) (1395.016625ms)
✔ checkGitClean passes when only rules-manifest generatedAt drifted (322.093917ms)
✔ checkGitClean still fails when rules-manifest rules[] differ (315.585208ms)
✔ spine run pending is alias for batch start pending (2115.6345ms)
✔ spine run all dry-run matches pending-filtered batch start (1477.330083ms)
✔ applySetting merges nested dotted paths (0.6455ms)
✔ runSettingsSetOperation rejects unknown path (0.218208ms)
✔ runSettingsSetOperation rejects invalid value (0.127083ms)
✔ runSettingsSetOperation returns merged config on success (0.3105ms)
✔ writeSpineConfigAtomic writes valid JSON atomically (1120.665625ms)
✔ spine settings set updates maxParallel on disk (1801.11825ms)
✔ spine settings set rejects bad value (1935.086375ms)
✔ spine settings set --dry-run leaves config unchanged (1096.2595ms)
✔ spine settings set --json reports write metadata (1205.137625ms)
✔ spine settings set exits 1 with suggestedCommand when config missing (1223.865417ms)
✔ getValueAtPath reads nested config values (0.609667ms)
✔ formatSettingsShow lists all editable fields in human mode (0.3955ms)
✔ formatSettingsShow returns JSON fields array for all settings (0.583292ms)
✔ formatSettingsShow single path mode prints one value (0.1125ms)
✔ formatSettingsShow rejects unknown path (0.085875ms)
✔ buildSettingsShowFields mirrors registry order (0.263ms)
✔ spine settings show CLI prints editable fields from temp config (1967.710792ms)
✔ spine settings show CLI single path and JSON modes (1822.764333ms)
✔ spine settings show CLI exits 1 with suggestedCommand when config missing (1303.508834ms)
✔ formatSettingsSlashMenu lists at least five editable fields with set hints (0.801167ms)
✔ runSpineSettingsSlash notifies menu with live config fields (1704.858875ms)
✔ runSpineSettingsSlash set subcommand persists a valid change (969.546292ms)
✔ runSpineSettingsSlash set reports usage error without path and value (863.493709ms)
✔ runSpineSettingsSlash reports missing config with suggested init (970.524667ms)
✔ fileScopesOverlap detects parent/child path overlap (0.7575ms)
✔ extractExploreSlugsFromContext finds explore findings paths (0.565084ms)
✔ collectWaveMCountFindings warns when a wave has more than four M tasks (0.11175ms)
✔ collectPromptJsonDepsDriftFindings reports missing JSON entry (0.10875ms)
✔ runSpineTasksAnalyze exits 0 for clean scope (1581.398125ms)
✔ runSpineTasksAnalyze reports parallel file-scope overlap as blocking (826.1995ms)
✔ runSpineTasksAnalyze reports dependency cycle as blocking (987.79575ms)
✔ runSpineTasksAnalyze exits 0 when only warnings are present (874.112459ms)
✔ runSpineTasksAnalyze warns for missing explore findings referenced in CONTEXT (716.352166ms)
✔ runSpineTasksAnalyze --json emits AnalyzeTasksResult (581.102959ms)
✔ spine tasks analyze CLI exits 1 for blocking overlap (915.662792ms)
✔ spine tasks analyze CLI exits 0 for warnings-only scope (836.407833ms)
✔ spine help tasks documents analyze subcommand (233.714708ms)
✔ parseContract extracts all five contract fields from a valid table (4.418625ms)
✔ validateContract passes for a valid contract table (1.975959ms)
✔ parseContract and validateContract handle an empty contract table (0.1855ms)
✔ validateContract warns on unknown contract fields (0.118958ms)
✔ parseContract reports duplicate field rows as errors (0.109084ms)
✔ parseContract accepts plain-text testCommand values (0.067833ms)
✔ parseContract returns hasSection false when Contract heading is absent (0.078416ms)
✔ CONTRACT_FIELD_NAMES lists all normative contract fields (0.059625ms)
✔ parseContract resolves see File Scope to File Scope bullet paths (0.12ms)
✔ parseContract excludes optional File Scope bullets from see File Scope expansion (0.126792ms)
✔ validateContract errors on em-dash placeholders in required mode (0.126166ms)
✔ validateContract errors on see File Scope with empty File Scope section in required mode (0.199917ms)
✔ validateContract warns on placeholders in optional mode (0.070542ms)
✔ parseContract treats em dash contract cells as empty path lists (0.063417ms)
✔ parseContract splits comma-separated paths inside a single backtick wrapper (SP-396) (0.068791ms)
✔ parseContract splits comma-separated artifacts inside a single backtick wrapper (0.085042ms)
✔ validateContract warns on comma-in-single-backtick path lists in optional mode (0.137209ms)
✔ validateContract errors on comma-in-single-backtick path lists in required mode (0.118209ms)
✔ mergeDeps unions identical sets from PROMPT and JSON (0.971ms)
✔ mergeDeps JSON wins when PROMPT and JSON disagree (0.0785ms)
✔ mergeTaskDeps uses golden fixtures end-to-end (7.025334ms)
✔ mergeDeps returns PROMPT deps when JSON has no entry (0.079125ms)
✔ TASK_HEADING_RE requires em dash (U+2014) (0.595333ms)
✔ parsePrompt extracts required sections and steps from golden S fixture (1.59175ms)
✔ validatePrompt rejects hyphen separator in heading (0.662417ms)
✔ discoverTasks finds three golden fixtures (8.830208ms)
✔ parsePromptDependencies parses list and Requires forms (0.441834ms)
✔ parseStatus mirrors step numbers and checkbox state (2.784ms)
✔ getStepProgress aggregates checkbox completion (0.789375ms)
✔ listIncompleteSteps returns unchecked items per step (0.290958ms)
✔ FX-invalid-no-testing fails validatePrompt for missing Testing step (6.163417ms)
✔ FX-missing-contract fails validatePrompt in required contract mode (0.697666ms)
✔ FX-valid-contract passes validatePrompt in required contract mode (14.651167ms)
✔ FX-final-replan has Review Level >= 1 for REPLAN integration path (0.811208ms)
✔ formatTasksValidateHuman prefixes summary before failure details (0.733417ms)
✔ runSpineTasksValidate exits 0 for valid PROMPT packets (957.099917ms)
✔ runSpineTasksValidate reports same failure message as planner for invalid PROMPT (1018.574958ms)
✔ runSpineTasksValidate returns exit 2 for missing config (677.125333ms)
✔ runSpineTasksValidate returns exit 2 for unresolved scope (676.051ms)
✔ spine tasks validate CLI exits 0 for valid scope (846.118667ms)
✔ spine tasks validate CLI exits 1 for invalid PROMPT (831.263291ms)
✔ buildTasksValidateResult matches TasksValidateResult schema (0.298208ms)
✔ collectTaskAdvisoryWarnings reports folder, STATUS, and deps mismatches (0.296041ms)
✔ runSpineTasksValidate --json emits TasksValidateResult (525.324708ms)
✔ runSpineTasksValidate --warnings-only keeps exit 0 for advisory issues (543.584125ms)
✔ spine tasks validate CLI --json exits 0 for valid scope (687.232584ms)
✔ spine help tasks documents validate subcommand (254.609625ms)
✔ spine tasks validate CLI exits 2 for config error (655.199833ms)
✔ validateContract warns when fileScopeMustNotChange includes spine-tasks/** (8.174375ms)
✔ validateContract warns when pattern matches current task folder only (4.692792ms)
✔ validateContract is quiet for parallel product-path guards (0.589042ms)
✔ collectFileScopeMustNotChangeWarnings dedupes broad spine-tasks ban over task folder (0.1525ms)
✔ collectFileScopeMustNotChangeWarnings ignores other task folders (0.177166ms)
✔ collectFileScopeMustNotChangeWarnings respects custom tasksRoot (0.138416ms)
✔ collectFileScopeMustNotChangeWarnings skips current-task check without taskId (0.191667ms)
✔ collectStaleFileScopeMustChangeWarnings is quiet when scope paths unchanged since task intro (1300.357709ms)
✔ collectStaleFileScopeMustChangeWarnings warns when scope paths changed on main after task intro (1638.294125ms)
✔ collectStaleFileScopeMustChangeWarnings ignores tasks without fileScopeMustChange (881.247625ms)
✔ parseReportProgressArgs reads step and checkbox flags (0.594ms)
✔ reportTaskProgress appends task.step_completed with metadata (10.327959ms)
✔ reportTaskProgress writes journal line on disk (19.277375ms)
✔ reportTaskProgress fails closed without batch context (0.189459ms)
✔ runSpineReportProgress returns non-zero when batchId missing (0.224375ms)
✔ runSpineReportProgress does not write with attach env when attach suppressed (0.609875ms)
✔ requestWorkerGate fails closed without batch context (4.183875ms)
✔ requestWorkerGate returns not_supported for integrate gate (10.250708ms)
✔ requestWorkerGate returns not_supported when no gate record (manual deferred) (2.865708ms)
✔ buildReviewStepCliArgs maps params and adds --stub when SPINE_WORKER_STUB=1 (0.941292ms)
✔ executeSpineReviewStep fails closed without SPINE_TASK_FOLDER (0.242458ms)
✔ spine_review_step handler returns APPROVE via stub review (99.076791ms)
✔ spine_review_step handler marks stub spawn failure as tool error (33.424917ms)
✔ spine_review_step skips nested reviewer spawn inside worker session (141.160292ms)
✔ registerSpineWorkerTools registers all three PRD worker tools (1.546709ms)
✔ executeSpineReportProgress appends task.step_completed via tool handler (46.109125ms)
✔ executeSpineReportProgress fails closed without batch context (0.339042ms)
✔ spine_request_gate tool returns structured not_supported shape (26.450209ms)
✔ executeSpineRequestGate fails closed without batch context (0.271667ms)
ℹ tests 1736
ℹ suites 0
ℹ pass 1734
ℹ fail 2
ℹ cancelled 0
ℹ skipped 0
ℹ todo 0
ℹ duration_ms 210064.743042

✖ failing tests:

test at tests/cli/phase23-exit-verify.test.mjs:96:1
✖ runPhase23ExitVerify --skip-test passes structural checks in repo (32.633292ms)
  AssertionError [ERR_ASSERTION]: unexpected >500 LOC modules: src/batch/heartbeat.mjs (542)
      at TestContext.<anonymous> (file:///Users/cdelgado/Documents/github/pi-spine/.worktrees/spine-20260707T005651/lane-2/tests/cli/phase23-exit-verify.test.mjs:104:9)
      at async Test.run (node:internal/test_runner/test:1389:7)
      at async Test.processPendingSubtests (node:internal/test_runner/test:960:7) {
    generatedMessage: false,
    code: 'ERR_ASSERTION',
    actual: false,
    expected: true,
    operator: '==',
    diff: 'simple'
  }

test at tests/cli/phase23-exit-verify.test.mjs:107:1
✖ spine verify phase23-exit CLI is wired (13.117792ms)
  AssertionError [ERR_ASSERTION]: Expected values to be strictly equal:
  
  1 !== 0
  
      at TestContext.<anonymous> (file:///Users/cdelgado/Documents/github/pi-spine/.worktrees/spine-20260707T005651/lane-2/tests/cli/phase23-exit-verify.test.mjs:113:9)
      at async Test.run (node:internal/test_runner/test:1389:7)
      at async Test.processPendingSubtests (node:internal/test_runner/test:960:7) {
    generatedMessage: true,
    code: 'ERR_ASSERTION',
    actual: 1,
    expected: 0,
    operator: 'strictEqual',
    diff: 'simple'
  }

