Contract testCommand failure log
Command: npm run typecheck && SPINE_WORKER_STUB=1 npm test -- tests/batch/integrate-base-snapshot.test.mjs && npm run coverage:check
Exit code: 1
Attempt: 1 of 2
Timestamp: 2026-07-05T11:11:14.740Z
Buffer overflow: no
---

> pi-spine@1.5.0 typecheck
> tsc --project tsconfig.json --noEmit && tsc --project tsconfig.batch.json --noEmit


> pi-spine@1.5.0 test
> SPINE_SUPPRESS_JOURNAL_ATTACH=1 node --experimental-strip-types --test tests/*.test.mjs tests/cli/*.test.mjs tests/compat/*.test.mjs tests/tasks/*.test.mjs tests/config/*.test.mjs tests/config/cursor-rules/*.test.mjs tests/planner/*.test.mjs tests/batch/*.test.mjs tests/agents/*.test.mjs tests/adoption/*.test.mjs tests/dashboard/*.test.mjs tests/doctor/*.test.mjs tests/migrate/*.test.mjs tests/worker-tools/*.test.mjs tests/coverage/*.test.mjs tests/extensions/*.test.mjs tests/batch/integrate-base-snapshot.test.mjs

✔ adoption fixture: init, plan, stub batch AD-001 creates .DONE (13822.695458ms)
✔ adoption integration: REPLAN final verdict surfaces needs_replan diagnosis (12978.121542ms)
✔ worker.md documents spine tools, stall checkpoint, and coverage policy (0.749542ms)
✔ worker.md documents engine-owned code and final review after .DONE (0.315542ms)
✔ reviewer.md documents final PASS REVISE REPLAN verdicts (0.253667ms)
✔ worker-prompt tail aligns with worker.md commit and review conventions (0.134334ms)
✔ buildWorkerTailPrompt does not contradict worker.md on commit format (13.735541ms)
✔ buildAgentSessionWorkerPrompt includes review hint when level > 0 (3.453625ms)
✔ buildWorkerPiArgs omits -ne when no pi-web-access conflict (20.464166ms)
✔ buildWorkerPiArgs includes -ne before -p when extension conflict detected (14.914042ms)
✔ formatPiExtensionConflictHint surfaces pi-web-access remediation (0.344458ms)
✔ abortBatch archives batch-state before clearing active file (1042.117833ms)
✔ abortBatch journals batch.aborted and preserves prior journal tail (1166.899708ms)
✔ abortBatch writes abort signal without killing on graceful abort (1010.560916ms)
✔ hard abort removes lane worktree when cleanup enabled (1240.661958ms)
✔ hard abort keeps worktree when cleanupOnHardAbort is false (569.538584ms)
✔ abortBatch fails when no active batch (371.958541ms)
✔ mergeLaneToOrch auto-resolves disjoint adoption doc edits without force-merge (3904.32775ms)
✔ mergeLaneToOrch fails adoption doc merge with recovery commands when hunks overlap (2488.455583ms)
✔ formatAdoptionDocMergeFailure names file and wave recovery (0.212ms)
✔ agent session abort failure journals lane.worker_abort_failed (1418.86675ms)
✔ formatAttachedMilestoneLine renders land-loop journal types (0.529833ms)
[spine] batch.started
[spine] task.started SP-343
[spine] task.completed SP-343
[spine] batch.merge_started wave=0
[spine] batch.merge_completed wave=0
[spine] gate.opened
[spine] gate.evidence_collecting
[spine] gate.evidence_completed
[spine] batch.completed
[spine] batch.land_loop_finalized

Batch started

Batch 20260705T110908 completed: SP-343 succeeded; merged to orch/spine-20260705T110908.
  → spine gate status
  → spine gate approve
  → spine integrate
  → spine batch complete

Batch 20260705T110908 ready to integrate orch branch to main

  → spine integrate

  Alternatives:
    • /spine-integrate
    • /spine-gate
    • spine status --diagnose

  Batch: 20260705T110908
  Task: SP-343
✔ runSpineBatch attached start returns integrate handoff without process.exit in tests (13303.368ms)
✔ attached batch CLI subprocess exits after completed with stdout milestones (9267.9115ms)
✔ formatAttachedBatchCliResult includes diagnosis suggested command (0.283042ms)
✔ enforceAttachedEngineSingleOwner fails fast when engine PID is alive (1360.816458ms)
✔ enforceAttachedEngineSingleOwner orphans prior engine with --force (1040.251125ms)
✔ resumeBatch rejects second attached resume when engine PID is alive (882.6605ms)
✔ resumeBatchDetached rejects spawn when attached engine PID is alive (886.871833ms)
✔ runAttachedBatchEngine blocks attached start when engine PID is alive (558.020583ms)
✔ isLastWaveIndex matches batch 20260618T000943 wave plan (0.534833ms)
✔ maybeFinalizeAfterWaveMerge opens gate for last-wave post-merge limbo (3744.00275ms)
✔ resumeMultiTaskBatch finalizes post-merge limbo even with stale engine pid (2473.196417ms)
✔ terminateStaleDetachedEngine still clears stale engine during post-merge limbo resume handoff (657.456917ms)
✔ startBatch multi-wave attached path opens gate after wave 1 without resume (15860.697083ms)
✔ attached milestone types include batch.merge_blocked (0.514708ms)
✔ formatAttachedBatchCliResult prints merge failure headline and exits non-zero for merge_blocked (3377.352833ms)
✔ runAttachedBatchEngine streams merge_blocked milestone before merge failure CLI output (2363.460416ms)
✔ mergeEngineStateWithDiskPause adopts operator pause from disk (1194.340083ms)
✔ saveEngineBatchState does not clobber phase paused during heartbeat-style saves (1099.288625ms)
✔ enforceOperatorPauseOnDisk re-asserts paused after engine overwrite (1430.622166ms)
✔ pauseBatch confirms when attached engine heartbeat saves honor pause (2436.78475ms)
✔ batch 20260620T194352 fixture is post-merge limbo without gate (1358.33325ms)
✔ attemptPostMergeLandLoopHandoff finalizes in-process after SIGTERM-shaped limbo (3243.106125ms)
✔ finalizeAttachedPostMergeLimbo is idempotent when gate already open (1928.950292ms)
✔ resume after orphan_terminated journal opens gate for batch 20260620T194352 pattern (2635.978625ms)
✔ installAttachedEngineShutdownHandlers finalizes on SIGTERM without manual resume (2355.121542ms)
✔ terminateStaleDetachedEngine during post-merge limbo still allows resume finalize (2384.856834ms)
✔ shouldAutoIntegrateAfterWave is false by default (0.500875ms)
✔ shouldAutoIntegrateAfterWave is true when configured and not last wave (0.0795ms)
✔ shouldAutoIntegrateAfterWave is false on last wave (0.062792ms)
✔ issue #25: retry unblocks failed phase when only pending tasks remain (6505.615541ms)
✔ issue #25: failed phase with pending-only limbo resumes without --force (2470.704416ms)
✔ retry keeps failed phase when other failed tasks remain (1080.976167ms)
✔ diagnosis suggests resume --force for failed-phase pending-only limbo (0.891625ms)
✔ parseSupersededReplacementIds extracts child task IDs (1.1235ms)
✔ assertBatchStartTasksNotSuperseded rejects superseded IDs (1774.811375ms)
✔ assertBatchStartTasksNotSuperseded allows pending IDs (1214.766458ms)
✔ assertBatchStartTasksNotSuperseded honors --force-superseded (1105.304375ms)
✔ resolveBatchStartScope rejects explicit superseded task IDs (781.930875ms)
✔ resolveBatchStartScope allows superseded IDs with forceSuperseded (579.245208ms)
✔ startBatch dry-run rejects superseded explicit scope (426.691ms)
✔ startBatch dry-run allows superseded scope with forceSuperseded (773.725875ms)
✔ parseBatchArgs maps --wave on start to waveFilter (0.711792ms)
✔ parseBatchArgs strips --wave value from scope for wave 0 (0.094042ms)
✔ buildAttachedBatchStartArgv forwards waveFilter to detached engine (0.503166ms)
✔ startBatch dry-run with pending scope and --wave 0 selects planner wave 0 (1729.007291ms)
✔ startBatch dry-run with --wave selects planner wave task IDs (1350.830166ms)
✔ wave-filtered dry-run matches explicit wave task scope dry-run (1214.034916ms)
✔ complete handoff preserves newer active batch (073511 vs 073937 race) (6.310958ms)
✔ clearStaleTerminalBatchStateForStart removes completed batch-state pointer (3.637084ms)
✔ assertNoActiveBatch clears stale completed pointer before start handoff (3.094291ms)
✔ runBatchComplete clears active batch-state when no newer batch took over (3737.944417ms)
✔ new batch save replaces terminal completed cache with different batchId (34.172458ms)
✔ evaluateBatchStateWriteGuard rejects writes from non-owner live engine (14.97525ms)
✔ saveSpineBatchState rejects resurrecting archived batch cache (17.951875ms)
✔ resolveStallConfig defaults checkpoint warning and no file-scope grace extension (0.566708ms)
✔ file-scope mtime is activity only — does not extend stall deadline by default (0.181083ms)
✔ checkpoint signals extend grace; STATUS update moves deadline (0.071833ms)
✔ shouldEmitCheckpointWarning after activity without checkpoint threshold (0.1305ms)
✔ resolveScopedDirtyPaths limits porcelain to file scope and task folder (582.529125ms)
✔ lane.checkpoint_warning journal event and diagnose hints (38.421667ms)
✔ extractJournalDiagnosisHints omits stale checkpoint_warning older than 30 minutes (0.208333ms)
✔ collectProgressSignals includes dirtyPaths for scoped changes (865.229291ms)
✔ runFinalReviewPhase fails fast with contract_failed and does not consume finalAttempts (7573.20225ms)
✔ reconcileBatch surfaces contract_failed headline for failed task (2077.475916ms)
✔ verifyContract satisfies pre-landed fileScopeMustChange when testCommand and artifacts pass (2593.967792ms)
✔ verifyContract still fails pre-landed scope when testCommand fails (6965.92675ms)
✔ verifyStubFileScopeMustChange passes delivery-only STATUS when source scope pre-landed (1099.118375ms)
✔ verifyContract passes delivery-only STATUS.md fileScopeMustChange contract (1448.610959ms)
✔ resolvePromptRelPath derives task PROMPT from spine-tasks delivery changes (415.587959ms)
✔ isFileScopePatternPrelanded detects scope changed on main after task intro (825.88725ms)
✔ testCommand fails once then succeeds on retry — contract passes (161.751958ms)
✔ testCommand fails all retries — contract_failed as before (122.576916ms)
✔ retry count configurable via spine-config contract.testRetries (188.230583ms)
✔ failed output captured to .reviews/ directory (142.83475ms)
✔ no retry when testCommand succeeds first time (no performance cost) (95.218375ms)
✔ writeContractFailureLog creates log file with header (20.756459ms)
✔ writeContractFailureLog returns null when taskFolder is undefined (0.430542ms)
✔ CONTRACT_TEST_DEFAULT_RETRIES is 1 (0.131833ms)
✔ CONTRACT_TEST_RETRY_DELAY_MS is 5000 (0.158709ms)
✔ multiple failure logs captured across retry attempts (159.68925ms)
✔ parseContract extracts stallTimeoutMinutes and extendGraceOnFileScope (1.123875ms)
✔ resolveTaskStallMinutes uses max of global, size floor, and contract override (0.114125ms)
✔ resolveStallConfigForTask applies contract stallTimeoutMinutes to stallTimeoutMs (0.115625ms)
✔ resolveStallConfigForTask honors contract extendGraceOnFileScope (0.069125ms)
✔ resolveWorkerPiTimeoutMs aligns with contract stall budget (0.095167ms)
✔ runWorker with contract stall override survives beyond global stall budget (scaled) (5238.221125ms)
✔ runWorker without contract override stalls at scaled global budget (5175.487792ms)
✔ isDeliveryArtifactPath accepts STATUS.md-only patterns (0.683125ms)
✔ isDeliveryArtifactPath accepts .DONE-only patterns (0.184125ms)
✔ isDeliveryArtifactPath accepts task-folder delivery globs (0.115ms)
✔ isDeliveryArtifactPath rejects implementation and tasks-root paths (0.104084ms)
✔ isImplementationScopePattern detects source and tooling roots (0.081792ms)
✔ isStubDeliveryOnlyScope is true for delivery-only pattern sets (0.110666ms)
✔ isStubDeliveryOnlyScope rejects mixed implementation and delivery patterns (0.056084ms)
✔ isStubDeliveryOnlyScope rejects empty pattern lists (0.057916ms)
✔ isDeliveryArtifactPath honors custom tasksRoot (0.167041ms)
✔ resolveTaskStartCommit returns distinct start commits for serialized lane tasks (0.638917ms)
✔ resolveTaskStartCommit prefers task.started payload commit over prior lane.committed (0.090542ms)
✔ resolveTaskStartCommit returns null when task.started is missing (main...HEAD fallback) (0.071ms)
✔ resolveTaskStartCommit resolves git HEAD at task.started timestamp when journal lacks commit (1366.761208ms)
✔ CONTRACT_TEST_COMMAND_MAX_BUFFER exceeds legacy 256KB limit (0.480708ms)
✔ runContractTestCommand captures large stdout without killing child (140.802791ms)
✔ runContractTestCommand surfaces ENOBUFS with scoped testCommand guidance (129.822ms)
✔ verifyContract reports buffer overflow with scoped testCommand guidance (5384.785ms)
✔ buildContractTestEnv moves SPINE_BATCH_ID to SPINE_PARENT_BATCH_ID (0.53375ms)
✔ detectNestedWorkerContext blocks parent batch in lane worktree (0.223792ms)
✔ startBatch blocks nested spawn when SPINE_PARENT_BATCH_ID set in lane worktree (60.7295ms)
✔ buildContractTestEnv allows isolated fixture batch start without parent batch id (8.105958ms)
✔ listChangedFiles with sinceCommit scopes diff to commits after anchor (1436.123333ms)
✔ listChangedFiles without sinceCommit preserves baseBranch...HEAD (649.890042ms)
✔ verifyContract with sinceCommit ignores prior same-lane task fileScopeMustNotChange violations (1219.87475ms)
✔ verifyContract without sinceCommit preserves cumulative lane branch behavior (505.928917ms)
✔ buildContractTestEnv removes worker-only keys (0.506542ms)
✔ runContractTestCommand subprocess does not inherit SPINE_IS_WORKER (64.283333ms)
✔ verifyContract testCommand passes under worker env when subprocess is sanitized (115.363959ms)
✔ verifyContract passes when testCommand exits 0 (56.178041ms)
✔ verifyContract fails when testCommand exits non-zero (100.255417ms)
✔ verifyContract checks artifactsMustExist paths in worktree (44.098833ms)
✔ verifyContract expands glob patterns in artifactsMustExist (86.262458ms)
✔ verifyContract returns ok with empty checks when contract has no verify fields (39.517333ms)
✔ verifyContract enforces fileScopeMustChange and fileScopeMustNotChange (783.110875ms)
✔ verifyContract checks minLineCoverage from command output (58.442125ms)
✔ shouldRunContractVerify skips legacy TP-* tasks and absent contract sections (0.26825ms)
✔ matchesContractPattern supports glob paths (0.200625ms)
✔ parseAggregateLineCoverage parses coverage table rows (0.178167ms)
✔ SP-193-shaped placeholder contract fails validateContract in required mode (1.330209ms)
✔ verifyContract passes SP-193-shaped contract when scoped files changed (1139.596625ms)
✔ fileScopeMustChange trailing-slash pattern matches files under directory prefix (951.244417ms)
✔ fileScopeMustChange trailing-slash pattern fails when no files under prefix changed (827.956083ms)
✔ fileScopeMustChange exact-path and glob behavior preserved alongside trailing-slash (1253.615958ms)
✔ waitForDetachedBatchResume waits for integrate gate after batch completes (725.813833ms)
✔ waitForDetachedBatchResume completes without gate when integrate gate not required (392.394125ms)
✔ prepareDetachedResumeEngineHandoff terminates stale engine before resume spawn (24.501ms)
✔ resolveDefaultResumeWaitTerminal returns true for engine_orphaned without flags (0.484833ms)
✔ resolveDefaultResumeWaitTerminal respects explicit flags (0.090667ms)
✔ detectPostMergeLimboForResume matches journal-only limbo for batch 20260629T210738 (1450.865417ms)
✔ postMergeLimbo diagnosis suggests spine batch resume --force (0.357042ms)
✔ resumeBatchDetached --force finalizes journal-only limbo without spawning engine (3906.558458ms)
✔ detached batch start opens integrate gate after stub engine completes (9253.147625ms)
✔ timeout_waiting_for_batch with dead enginePid reconciles as engine_orphaned not running (2050.083583ms)
✔ startBatchDetached persists spawn enginePid before wait on timeout failure path (31490.749333ms)
✔ parseBatchArgs defaults to detached start (attached flag off) (0.701084ms)
✔ parseBatchArgs --attached opts into foreground engine (0.080625ms)
✔ buildAttachedBatchStartArgv forwards scope and skip-preflight (0.499ms)
✔ formatDetachedBatchStartOutput includes monitor hints (0.268333ms)
✔ batch start returns quickly and runs engine in background (9267.846667ms)
✔ parseBatchArgs resume defaults to detached (attached flag off) (0.16575ms)
✔ buildAttachedBatchResumeArgv forwards force (0.07525ms)
✔ formatDetachedEngineOutput includes resume wording (0.100417ms)
✔ waitForDetachedBatchResume returns engine_started by default (731.586167ms)
✔ waitForDetachedBatchResume with waitTerminal returns resume_completed (807.88675ms)
✔ collectDetachedFailureDiagnostics includes task.failed summary and log tails (159.408125ms)
✔ parseBatchArgs accepts --wait-terminal (0.196042ms)
✔ batch resume returns quickly and runs engine in background (9220.16175ms)
✔ inferLaunchFailureKind ignores DirtyWorktree exitReason (0.56025ms)
✔ buildHeadline prefers DirtyWorktree over worker launch (0.293708ms)
✔ buildSuggestedCommand for DirtyWorktree suggests coverage cleanup and retry (0.146917ms)
✔ buildHeadline surfaces review_exhausted primary failure (0.120333ms)
✔ buildSuggestedCommand for review_exhausted suggests batch retry (0.061459ms)
✔ buildHeadline surfaces contract_failed primary failure (0.095708ms)
✔ buildSuggestedCommand for contract_failed suggests PROMPT edit and retry (0.060958ms)
✔ buildDiagnosisOutput bundles primary failure class without launch headline (0.119583ms)
✔ reconcileBatch aligns hasFailedTasks with segment drift and DirtyWorktree headline (1935.973667ms)
✔ reconcileBatch diagnoses review_exhausted from failed task exitReason (2270.910292ms)
✔ buildHeadline surfaces PI_SPINE_ROOT launch failure (0.708041ms)
✔ buildHeadline surfaces lane commit failures after worker completion (0.111167ms)
✔ buildSuggestedCommand prefers spine doctor for launch failures (0.2705ms)
✔ inferLaunchFailureKind reads worker output hints from journal (0.26175ms)
✔ extractJournalDiagnosisHints prioritizes setup hook and merge blocked events (1.818458ms)
✔ formatMixedOutcomeMessage lists succeeded tasks and spine batch retry guidance (0.1525ms)
✔ reconcileBatch diagnoses launch failure wave from fixture (2094.738ms)
✔ buildDiagnosisOutput bundles launch failure headline and command (0.196834ms)
✔ DIAGNOSIS_TAXONOMY includes worker_orphaned distinct from needs_retry (0.603875ms)
✔ inferLaunchFailureFromWorkerOutputTail reads PI_SPINE_ROOT hints from log tail (0.133083ms)
✔ buildSuggestedCommand prefers abort for ghost running cluster (0.128166ms)
✔ buildHeadline surfaces worker_orphaned launch failure from worker output context (0.224666ms)
✔ worker_orphaned after plan review nested_spawn_blocked suggests batch retry (0.105416ms)
✔ dead lane workerPid diagnoses worker_orphaned not needs_retry (2156.227958ms)
✔ dead workerPid after lane.completed does not diagnose worker_orphaned (2277.467667ms)
✔ worker_orphaned enriches launch headline from worker output log without task.failed (1832.64275ms)
✔ multiple ghost running tasks on one lane prefer spine batch abort (1642.014333ms)
✔ segment drift still diagnoses needs_retry (1222.410542ms)
✔ buildDiagnosisOutput bundles worker_orphaned headline and command (0.226166ms)
✔ isRunningWithoutActiveWorkers is false when workers are active (0.667792ms)
✔ isRunningWithoutActiveWorkers detects all-terminal tail state (0.079875ms)
✔ buildRunningTailHeadline maps macroPhase merging to operator text (0.193542ms)
✔ buildRunningTailHeadline maps gating / post-merge limbo (0.114458ms)
✔ buildHeadline preserves generic running when workers are active (0.179333ms)
✔ deriveMacroPhase uses journal merge tail when diagnosis is running without workers (0.218583ms)
✔ deriveMacroPhase stays executing when workers are active (0.062334ms)
✔ tail-state fixture reconciles without bare is running headline (1937.675792ms)
✔ tail-state headline matches batch 20260701T031142 shape via buildHeadline (0.197584ms)
✔ isCoverageArtifactPath matches extension/coverage and root coverage dirs (0.574334ms)
✔ isPathInFileScope matches exact paths and directory prefixes (0.128542ms)
✔ filterOutOfScopeCoveragePorcelain drops modified coverage outside file scope (0.138208ms)
✔ filterOutOfScopeCoveragePorcelain keeps in-scope coverage modifications (0.07275ms)
✔ restoreOutOfScopeCoverageArtifacts resets tracked coverage files (872.13075ms)
✔ resolvePostLaneCommitPorcelain restores and filters out-of-scope coverage (992.704042ms)
✔ commitLaneAndValidateWorktree succeeds when only out-of-scope coverage is dirty (1739.925ms)
✔ commitLaneAndValidateWorktree fails when dirty without .DONE (817.546416ms)
✔ isWorktreeDeletionPorcelainLine matches unstaged deletions (0.518375ms)
✔ isSymlinkOnlyDriftPorcelain is true only for deletion-only porcelain (0.104542ms)
✔ filterSetupHookSymlinkDriftPorcelain clears deletion-only drift (0.070625ms)
✔ parseLaneWorktreeIdentity extracts batch and lane from worktree path (0.508542ms)
✔ resolvePostLaneCommitPorcelain repairs hook symlink drift (1978.950125ms)
✔ commitLaneAndValidateWorktree succeeds when hook symlink drifts after PASS (2306.6865ms)
✔ dismissBatch kills live stub worker PID and journals lane.worker_terminated (2166.109125ms)
✔ shouldRunCodeReview requires review level 2 or higher (0.546791ms)
✔ findCodeReviewStepNumber prefers step with code review checkpoint (1.809375ms)
✔ findCompletedCodeReview honors journal review.completed code APPROVE (1.969333ms)
✔ findCompletedCodeReview honors step artifact APPROVE for code review step (7.383333ms)
✔ runTaskOnLane runs engine code review for RL2 without worker nested spawn (6974.494584ms)
✔ runTaskOnLane skips engine code review when review level is 0 (6055.992416ms)
✔ runTaskOnLane skips engine code review when review level is 1 (6102.050375ms)
✔ runTaskOnLane honors journal review.completed code APPROVE without duplicate spawn (6074.930625ms)
✔ runTaskOnLane re-invokes worker after code REVISE and succeeds on APPROVE (10919.763125ms)
✔ resolveReviewSpawnTimeoutMs aligns with stall budget for M tasks (0.579708ms)
✔ runStepReview journals review.failed with review_timeout on hung spawn (273.753792ms)
✔ async reviewer spawn does not block the event loop while waiting for timeout (317.198083ms)
✔ startBatch opens integrate gate before batch.completed journal event (8702.923166ms)
✔ startBatch serializes multiple tasks on one physical lane (14863.439541ms)
✔ startBatch runs disjoint-scope tasks on separate lanes in parallel (8812.712708ms)
✔ startBatch records lane commit before task.completed (8692.201042ms)
✔ runTaskOnLane emits task.failed not task.completed when lane commit fails (5720.020083ms)
✔ validateSpineConfig accepts worktreeSetupIgnorePaths (0.238042ms)
✔ engine_orphaned diagnosis suggests retry when task id known, attached resume otherwise (0.564209ms)
✔ dead engine with phase running passes validateMultiTaskResume without pause (1137.585541ms)
✔ running phase with live engine pid rejects resume without force (906.083583ms)
✔ reconcile engine_orphaned recommends attached resume for batch 20260618T191236 pattern (1680.601625ms)
✔ engine_orphaned with failedTaskId suggests retry (SP-315) (0.547208ms)
✔ reconcileOrphanRunningState transitions running task to failed with journal events (1152.5445ms)
✔ retryTask succeeds on orphan without manual pause (issue #20 trap) (711.017708ms)
✔ diagnose then retry: suggestedCommand matches working recovery path (1733.46025ms)
✔ resume --force allowed after orphan reconcile when phase was running (507.287583ms)
✔ terminateStaleDetachedEngine SIGTERM stale pid on failed resume (26.346042ms)
✔ runStepReview honors existing final PASS without re-spawn (9.301291ms)
✔ runStepReview skips review.failed journal when batch already completed (41.975ms)
✔ startBatch lane branch has commit before merge when stub touches files (8759.13775ms)
✔ startBatch completes single task with stub worker (7795.433ms)
✔ isExplicitBatchScope treats pending as explicit (0.231334ms)
✔ startBatch all dry-run allows multi-wave pending backlog (312.910958ms)
✔ startBatch pending dry-run excludes done tasks (239.8205ms)
✔ startBatch all fails when every task has .DONE (218.560459ms)
✔ startBatch skips worker when .DONE exists on disk (1917.881375ms)
✔ resolveBatchStartScope normalizes all to pending IDs (223.7175ms)
✔ startBatch explicit IDs still allow multi-wave when scope is not bare all (360.397417ms)
✔ startBatch completes two-lane wave with stub workers (8545.474209ms)
✔ startBatch blocks merge on mixed outcomes (6151.918042ms)
✔ assessWaveMergeEligibility blocks failed and pending tasks (0.243667ms)
✔ collectCoreEvidenceBundle writes summary without complete marker (1705.194125ms)
✔ openIntegrateGate persists gate before extended evidence and journals milestones (1631.625542ms)
✔ openIntegrateGate keeps gate when extended evidence command fails (1355.809417ms)
✔ collectExtendedEvidenceBundle appends to existing refs (852.908958ms)
✔ parseEvidenceCommandArgv accepts npm run test (1.739542ms)
✔ parseEvidenceCommandArgv preserves quoted arguments (0.15075ms)
✔ parseEvidenceCommandArgv rejects shell command chaining (0.243667ms)
✔ parseEvidenceCommandArgv rejects unknown binary (0.096292ms)
✔ runEvidenceCommand executes allowlisted argv without shell (49.196959ms)
✔ runEvidenceCommand rejects malicious config strings (0.192625ms)
✔ runEvidenceCommand skips empty command (0.077417ms)
✔ runEvidenceCommand rejects disallowed build binary (0.121166ms)
✔ parseEvidenceCommandArgv rejects subshell injection (0.108208ms)
✔ collectEvidenceBundle writes summary and .complete marker atomically (1430.645542ms)
✔ collectEvidenceBundle writes rejected output for unsafe testing.test (1175.660166ms)
✔ findCompletedFinalReview honors journal review.completed final PASS (1.387292ms)
✔ findCompletedFinalReview honors latest final artifact PASS (2.378292ms)
✔ runTaskOnLane honors pre-existing worker final review without spawn failure (6049.896ms)
✔ runTaskOnLane honors journal review.completed final PASS without duplicate spawn (6014.017292ms)
✔ parseFinalReviewVerdict accepts PASS, REVISE, and REPLAN (0.8865ms)
✔ shouldRunFinalReview skips when review level is 0 (0.095334ms)
✔ runTaskOnLane skips final review when review level is 0 (5978.891916ms)
✔ runTaskOnLane journals task.verdict_recorded on PASS final review (6027.385958ms)
✔ runTaskOnLane re-invokes worker after REVISE and succeeds on PASS (11258.314291ms)
✔ runTaskOnLane caps REVISE at maxFinalAttempts with review_exhausted (15693.53875ms)
✔ runTaskOnLane fails with needs_replan and does not keep .DONE (5334.909875ms)
✔ mergeWaveLanesToOrch blocks when a wave task has exitReason needs_replan (150.685291ms)
✔ runEngineFinalReview stub writes final artifact path (1.341542ms)
✔ buildTaskScorecard lists task rows (0.667959ms)
✔ openIntegrateGate persists pending gate and journals gate.opened (1687.762833ms)
✔ collectEvidenceBundle writes summary and diff-stat (1250.313875ms)
✔ approve and reject enforce gate FSM (1045.273208ms)
✔ rejectIntegrateGate journals gate.rejected (1120.842583ms)
✔ checkIntegrateGate blocks until approved (exit 2) (1197.732458ms)
✔ integrateOrchToBase fails with exit 2 when gate pending (1708.983916ms)
✔ integrateOrchToBase succeeds after gate approval (2437.730875ms)
✔ force integrate requires SPINE_ALLOW_FORCE=1 (487.179875ms)
✔ openIntegrateGateAfterBatchComplete skips non-completed batches (349.063292ms)
✔ runSpineGate CLI approve updates gate record (1305.805709ms)
✔ isGitignoredArtifactPath matches extension/coverage and node_modules (0.655917ms)
✔ listGitignoredArtifactRoots deduplicates nested artifact dirs (0.51925ms)
✔ sanitizeGitignoredArtifactsBeforeLaneCommit removes worktree-only coverage (372.724875ms)
✔ sanitizeGitignoredArtifactsBeforeLaneCommit skips when disabled (373.802666ms)
✔ commitLaneAndValidateWorktree succeeds when only extension/coverage is gitignored dirty (830.241833ms)
✔ commitLaneAndValidateWorktree succeeds when only node_modules is gitignored dirty (497.124042ms)
✔ sanitizeGitignoredArtifactsBeforeLaneCommit does not clean index-tracked gitignored paths (323.496667ms)
✔ commitLaneWorktree still fails for index-tracked gitignored coverage (576.541333ms)
✔ classifyGitignoredPaths returns empty arrays for empty input (360.024458ms)
✔ classifyGitignoredPaths detects index-tracked gitignored paths (518.508959ms)
✔ classifyGitignoredPaths detects worktree-only gitignored paths (295.155417ms)
✔ classifyGitignoredPaths handles mixed index-tracked and worktree-only (282.361459ms)
✔ formatGitignoredRemediationMessage: worktree-only does not suggest git rm --cached (0.276291ms)
✔ formatGitignoredRemediationMessage: index-tracked suggests git rm --cached (0.063875ms)
✔ formatGitignoredRemediationMessage: mixed suggests both remediation paths (0.059166ms)
✔ commitLaneWorktree: worktree-only gitignored does not suggest git rm --cached (354.935583ms)
✔ commitLaneWorktree: index-tracked gitignored still suggests git rm --cached (569.7275ms)
✔ regression: SP-011 worktree-only coverage after npm test does not suggest git rm --cached (464.175208ms)
✔ resolveHeartbeatKind marks launching as worker_alive only (0.605375ms)
✔ shouldEmitCheckpointWarning skips launching phase (0.1625ms)
✔ buildHeartbeatPayloadFields omits stale checkpoint signals during launching (0.086333ms)
✔ recordLaneHeartbeat journals kind and phase (200.730167ms)
✔ runWorker launching heartbeat does not journal stale STATUS mtime on fast-fail retry (5192.936834ms)
✔ resolveStallConfig applies lane overrides (0.170459ms)
✔ progressSignalsChanged detects STATUS mtime updates (185.55975ms)
✔ computeStallDeadline extends past hard timeout after progress (0.111667ms)
✔ stall false positive avoided when STATUS updates extend deadline (I-01) (0.10725ms)
✔ findLatestStepCompletedMs returns newest matching task.step_completed (0.138792ms)
✔ progressSignalsChanged detects journal task.step_completed (silent tools) (220.876792ms)
✔ activitySignalsChanged detects file-scope mtime updates (FR-WORK-10 / FR-STALL-02) (222.818416ms)
✔ startBatch records lane.heartbeat during stub worker delay (8070.976541ms)
✔ startBatch persists baseBranchHeadAtStart and journals batch.base_snapshot (7965.962167ms)
✔ isFastForwardCapableIntegrate detects orch ahead of main (#93) (604.417209ms)
✔ integrateOrchToBase fast-forwards when orch is strictly ahead (#93 batch 20260702T071449) (2931.434458ms)
✔ integrateOrchToBase fast-forwards with generatedAt-only rules-manifest drift on main (#93) (3043.762833ms)
✔ recordBatchBaseSnapshot stores head sha and journals batch.base_snapshot (264.189042ms)
✔ integrateOrchToBase succeeds with uncommitted edits on main (2347.961833ms)
✔ integrateOrchToBase conflict path leaves human checkout and files unchanged (2804.111875ms)
✔ integrateOrchToBase dry-run advertises isolated merge plan (687.20475ms)
✔ resolveRulesManifestIntegrateDrift restores main when worker manifest matches orch (#22) (600.693208ms)
✔ integrateOrchToBase succeeds with worker manifest drift on main matching orch (#22) (2926.985708ms)
✔ resolveRulesManifestIntegrateDrift blocks unrelated dirty files on main (707.861334ms)
✔ resolveRulesManifestIntegrateDrift blocks substantive manifest drift not matching orch (670.879042ms)
✔ resolveRulesManifestIntegrateDrift still clears generatedAt-only drift on main (599.463292ms)
✔ resolveRulesManifestIntegrateDrift clears generatedAt-only dirty manifest on main (667.958541ms)
✔ integrateOrchToBase succeeds with dirty generatedAt-only rules-manifest on main (3328.617416ms)
✔ DEFAULT_SYNC_TIMEOUT_MS is 60 seconds (0.492458ms)
✔ syncPlumbingMergePathsToWorktree returns ok: true on successful sync (676.382334ms)
✔ syncPlumbingMergePathsToWorktree returns ok: false with timedOut on timeout (482.94225ms)
✔ integrateOrchToBase emits integrate.failed with IntegrateTimeout on sync timeout (2481.609542ms)
✔ successful integrate still emits integrate.completed (regression) (2428.135541ms)
✔ partial sync failure returns ok: false with correct failureClass from integrateOrchToBase (2241.18975ms)
✔ assertOrchIntegratable refuses empty orch when mergeResults claim success (301.302583ms)
✔ assertOrchIntegratable requires integrate when orch is ahead of base (558.530458ms)
✔ reconcileBatch reports needs_integrate when batch completed but orch not on main (1592.155792ms)
✔ completeBatch refuses when orch is ahead but not integrated (1402.076417ms)
✔ integrateOrchToBase merges orch into main and journals events (2186.568167ms)
✔ integrateOrchToBase dry-run does not change main HEAD (643.069042ms)
✔ completeBatch succeeds after integrate lands orch on main (3030.174458ms)
✔ integrateOrchToBase aborts merge on conflict and restores checkout (2141.62125ms)
✔ integrateOrchToBase fails when batch state is missing (0.271042ms)
✔ runSpineIntegrate CLI succeeds when orch tip already matches main (360.994084ms)
✔ PRD §20.2 planner yields wave0 {A,C} and wave1 {B} (502.56675ms)
✔ PRD §20.2 two-lane stub batch completes ABC waves (14851.969ms)
✔ PRD §20.2 mixed-outcome blocks merge; retry resets wave B for resume (12314.023083ms)
✔ runStepReview with worker attach env does not journal when attach suppressed (26.541209ms)
✔ runSpineReviewStep with worker attach env does not journal when attach suppressed (4.7575ms)
✔ runSpineReportProgress with worker attach env does not journal when attach suppressed (1.096834ms)
✔ readJournalEventsCached returns same events as readJournalEvents (23.748208ms)
✔ readJournalEventsCached returns cached copy on second call without file change (14.410458ms)
✔ readJournalEventsCached invalidates when file mtime changes (14.517ms)
✔ readJournalEventsCached returns empty array for missing file (1.084209ms)
✔ clearJournalCache forces re-read on next call (10.059667ms)
✔ invalidateJournalCache with matching path clears cache (9.414916ms)
✔ invalidateJournalCache with non-matching path preserves cache (7.389875ms)
✔ readJournalEventsCached handles transition from missing to existing file (8.670708ms)
✔ readJournalEventsCached handles switch between different batch IDs (15.735834ms)
✔ runSpineJournal replay exits non-zero when journal missing (5.912667ms)
✔ runSpineJournal replay prints human table (48.133625ms)
✔ runSpineJournal replay --json returns events array (17.085292ms)
✔ exportJournalJsonl returns null when journal missing (3.353125ms)
✔ runSpineJournal export exits non-zero when journal missing (0.910833ms)
✔ runSpineJournal export writes jsonl to stdout (22.934042ms)
✔ runSpineJournal export --output writes file (28.267459ms)
✔ exportJournalMarkdown returns null when journal missing (7.831209ms)
✔ formatJournalMarkdownTimeline produces stable table shape (1.482125ms)
✔ formatJournalMarkdownTimeline escapes pipe characters in summary (0.09875ms)
✔ runSpineJournal export markdown exits non-zero when journal missing (3.840833ms)
✔ runSpineJournal export writes markdown to stdout (21.997458ms)
✔ runSpineJournal export markdown --output writes file (19.40825ms)
✔ detectBatchStateDrift flags running cache when reconcile sees doneInLane without journal terminal (0.711167ms)
✔ deriveStructuralBatchStateFromJournal rebuilds multi-lane skeleton without cache seed (1.907125ms)
✔ resume-parallel-lane-orphan fixture: journal-only rebuild marks resumed tasks running (0.708833ms)
✔ orphan-running-resume fixture: structural + lifecycle rebuild without seed (0.442125ms)
✔ pidless-ghost-running fixture: post-resume task.started wins over historical failure (0.441875ms)
✔ resume-orphan-historical-failure fixture: rebuild ignores pre-resume failure for active task (0.359167ms)
✔ retry-clears-failed-classification fixture: rebuild fixes stale failed cache (0.490458ms)
✔ retry-clears-failed-classification fixture: detectBatchStateDrift flags cache vs journal (0.557ms)
✔ incident fixtures rebuild from disk matches in-memory journal rebuild (445.473375ms)
✔ readJournalTimeline filters task and batch lifecycle events (0.540833ms)
✔ rebuildBatchStateFromJournal applies task.completed over stale failed cache (0.837959ms)
✔ detectBatchStateDrift flags journal completed vs cache failed (0.26475ms)
✔ detectBatchStateDrift ignores incomplete journal when cache failed (0.138ms)
✔ incident orphan-running fixture: journal timeline is readable (461.882292ms)
✔ appendJournalEvent writes schema v1 with ISO timestamp and payload (28.649208ms)
✔ readLastTaskFailedEvent returns most recent task.failed (45.416417ms)
✔ redactSecrets masks sensitive keys (0.245542ms)
✔ capPayloadSize truncates oversized payloads (0.17625ms)
✔ normalizeJournalEvent upgrades legacy lines (0.091125ms)
✔ readJournalEvents reads mixed legacy and v1 lines (34.947542ms)
✔ extractJournalDiagnosisHints surfaces failure events from tail (0.418667ms)
✔ commitLaneWorktree commits dirty worktree when .DONE exists (963.993958ms)
✔ commitLaneWorktree fails loud when dirty without .DONE (505.725417ms)
✔ filterPorcelain drops lines matching ignore patterns by full path (0.24775ms)
✔ filterPorcelain drops lines matching ignore patterns by basename (0.08675ms)
✔ filterPorcelain keeps rename targets when only source matches ignore (0.077375ms)
✔ filterPorcelain returns empty for empty input (0.063334ms)
✔ mergeLaneToOrch rejects empty merge when lane commits were required (525.5835ms)
✔ mergeLaneToOrch prefers orch for conflicts outside lane file scope (1554.111583ms)
✔ mergeLaneToOrch does not auto-resolve in-scope lane conflicts (990.124917ms)
✔ dismiss archives batch-state before clearing active file (1398.290542ms)
✔ complete with --detect-manual-merge succeeds when orch merged to main (1157.615209ms)
✔ complete refused when mergeResults succeeded but orch not on main (3924.62925ms)
✔ dismiss refused when diagnosis is running without --force (1054.184167ms)
✔ isPostMergeLimbo is true when tasks and merges succeeded with open orch branch (0.521833ms)
✔ isPostMergeLimbo rejects non-running or ended batches (0.085584ms)
✔ isPostMergeLimbo rejects empty or partial task/merge state (0.079125ms)
✔ isPostMergeLimbo respects git orch branch signals (0.639292ms)
✔ isPostMergeLimbo rejects null or non-object state (0.087958ms)
✔ resolveWorkerOutputConfig defaults live log streaming off (0.583167ms)
✔ workerLiveLogPath matches runtime layout (0.092958ms)
✔ truncateLiveLogBytes applies truncation marker when over cap (0.161125ms)
✔ appendWorkerLiveLogChunk redacts secrets and enforces byte cap (15.932292ms)
✔ createWorkerLiveLogWriter returns null when streaming disabled (0.244625ms)
✔ runWorker streams subprocess stub output to live log when enabled (5095.7735ms)
✔ runWorker skips live log when streamWorkerOutputLive is false (5084.316584ms)
✔ runWorker still writes terminal failure log when live streaming enabled (5104.841417ms)
✔ startAgentSessionWorker flushes transcript chunks to live log (12.068333ms)
✔ appendWorkerLiveLogChunk rolls file with truncation marker when over max bytes (1.298416ms)
✔ MACRO_PHASES exports all eleven lifecycle values (1.050958ms)
✔ deriveMacroPhase: idle when no batch signals (0.109333ms)
✔ deriveMacroPhase: planning from batch phase (0.121875ms)
✔ deriveMacroPhase: executing for active running batch (0.097875ms)
✔ deriveMacroPhase: merging phase and needs_merge diagnosis (0.063833ms)
✔ deriveMacroPhase: reviewing when review.started is open (0.104958ms)
✔ deriveMacroPhase: gating for pending gate or post-merge limbo (0.07ms)
✔ deriveMacroPhase: integrating for needs_integrate and open integrate.started (0.093875ms)
✔ deriveMacroPhase: completed, failed, aborted, paused terminal phases (0.09075ms)
✔ fixture running-batch.json reconciles to executing macro-phase (1005.46925ms)
✔ fixture taskplane-executing.json maps to executing (0.431625ms)
✔ fixture needs-retry-batch.json maps to failed macro-phase (1143.7075ms)
✔ fixture limbo-stale maps to completed macro-phase (952.23425ms)
✔ all macro-phase enum values are reachable via deriveMacroPhase (0.253791ms)
✔ recordMergeBlocked sets terminal merge_blocked phase and clears enginePid (161.170708ms)
✔ reconcileBatch diagnoses merge_blocked as failed merge, not needs_merge (1098.400875ms)
✔ legacy merging phase with endedAt and failed mergeResults reconciles as failed (1066.232541ms)
✔ findResumableWave skips succeeded merged waves when later wave has pending tasks (0.577709ms)
✔ validateMultiTaskResume allows force resume from merge_blocked (781.639666ms)
✔ buildSuggestedCommand recommends resume --force for merge_blocked phase (0.24725ms)
✔ summarizeMergeFailures extracts failed wave and lane from mergeResults (0.586959ms)
✔ buildMergeFailureHeadline uses 1-based wave number and lane label (0.23225ms)
✔ buildHeadline for failed diagnosis surfaces merge conflict instead of zero failed tasks (0.404833ms)
✔ buildSuggestedCommand for merge failure suggests resume --force (0.158959ms)
✔ buildDiagnosisOutput bundles merge failure headline and command (0.174333ms)
✔ reconcileBatch surfaces merge failure fields distinct from failedTasks (1037.129459ms)
✔ spine status --json includes merge failure fields for monitors (1017.003125ms)
✔ spine status --diagnose prints merge failure details in text output (1094.522334ms)
✔ filterGitignoredPaths separates ignored and stageable paths (296.128708ms)
✔ gitAddFilteredPaths skips gitignored paths without failing (342.800542ms)
✔ mergeLaneToOrch succeeds when task branch committed gitignored coverage (1572.846708ms)
✔ commitLaneWorktree refuses gitignored-only dirty paths (575.678833ms)
✔ commitLaneWorktree commits tracked files while skipping gitignored dirty paths (631.839875ms)
✔ inferMergeGitignoredFailure detects gitignored merge and lane commit failures (0.251167ms)
✔ buildSuggestedCommand returns git rm --cached repair for gitignored merge failures (0.19275ms)
✔ reconcileBatch surfaces gitignored merge repair command from journal (1088.027542ms)
✔ filterPorcelain remains unchanged for SP-104 ignore patterns (0.325458ms)
✔ mergeLaneToOrch auto-resolves additive docs/PRD.md after origin/main merge task (1371.756333ms)
✔ mergeLaneToOrch fails PRD merge with recovery commands when hunks overlap (1275.430417ms)
✔ formatPrdDocMergeFailure names file and wave recovery (0.203833ms)
✔ isActiveWorkerSession true when SPINE_WORKER_RUNNER is set (1.018875ms)
✔ isActiveWorkerSession false outside worker context (0.096833ms)
✔ runStepReview skips nested reviewer spawn when worker env is set (46.467792ms)
✔ runStepReview skips nested plan review spawn when worker env is set (23.417959ms)
✔ runStepReview stub path still works inside worker session (3.61975ms)
✔ runStepReview reaches pi availability check when worker env absent (2.968458ms)
✔ engine parent with leaked worker runner reaches reviewer spawn (3.416583ms)
✔ batch 20260619T020951 SP-306 plan step 0 journals review.skipped not review.failed (20.977208ms)
✔ detectNestedWorkerContext returns reason when SPINE_IS_WORKER=1 (0.579917ms)
✔ detectNestedWorkerContext returns reason when projectRoot is inside .worktrees/spine-* (0.118584ms)
✔ detectNestedWorkerContext returns null for normal projectRoot without worker env (0.133291ms)
✔ startBatch returns error when SPINE_IS_WORKER=1 (7.377625ms)
✔ startBatch returns error when projectRoot is inside .worktrees/spine-* (15.160709ms)
✔ startBatch succeeds normally (no env, normal CWD) — regression (7846.521125ms)
✔ buildWorkerChildEnv includes SPINE_IS_WORKER=1 (0.865833ms)
✔ journalEventsSinceResume excludes pre-resume terminal events (1.212333ms)
✔ detectOrphanRunning: historical task.failed + post-resume silence + dead engine (0.466958ms)
✔ resume orphan with historical failure fixture is not diagnosed as running (980.458417ms)
✔ terminal event within scoped window still suppresses engine orphan (0.5425ms)
✔ journalIndicatesStalledSession: post-resume start without terminal (0.688166ms)
✔ detectOrphanRunning: PID-less ghost running with post-resume journal stall (0.345333ms)
✔ pidless ghost fixture reconcile is engine_orphaned, not running (980.518667ms)
✔ terminal event within scoped window suppresses PID-less ghost signal (0.381667ms)
✔ isProcessAlive returns false for absent pid (0.605458ms)
✔ resume parallel lane orphan fixture: multiple running on lane 1 (0.983834ms)
✔ resume parallel lane orphan fixture: reconcile is actionable after scoped orphan detect (972.424791ms)
✔ searchATon orphan incident fixture: dead workerPid is not diagnosed as running (1056.220041ms)
✔ dead workerPid with running task is not diagnosed as running (921.78675ms)
✔ dead enginePid mid-resume without terminal journal is engine_orphaned (992.262417ms)
✔ running batch without recorded pids still reports running (1242.6005ms)
✔ detectOrphanRunning ignores dead engine when terminal journal exists (0.244667ms)
✔ recordBatchEnginePid persists under resilience and clears on terminal save (200.588292ms)
✔ confirmed pause records batch.paused only after engine persists phase (223.738125ms)
✔ unconfirmed pause does not leave orphan batch.paused journal entry (508.179209ms)
✔ pauseBatch succeeds immediately when no attached engine is alive (255.717666ms)
✔ pauseBatch fails loud when attached engine keeps phase running (450.020833ms)
✔ waitForPauseConfirmation returns true when phase stays paused (309.064167ms)
✔ retryTask succeeds when batch phase is paused (339.459ms)
✔ retryTask rejects when batch phase is running (165.359041ms)
✔ batch 20260630T212050 orphan-after-merge fixture describes GitHub #59 incident (0.654375ms)
✔ batch 20260630T212050 journal fixture is limbo via resume detect but not bare state (403.842708ms)
✔ hydrateMergeResultsFromJournal enables state limbo detection for batch 20260630T212050 (304.547292ms)
✔ finalizeAttachedLandLoopBeforeExit opens gate for batch 20260630T212050 journal limbo (1397.637875ms)
✔ installAttachedExitFinalizeHandlers finalizes journal limbo on SIGTERM without manual resume (1343.13825ms)
✔ batch 20260629T021550 fixture is post-merge limbo without gate (195.121209ms)
✔ attemptPostMergeLandLoopHandoff finalizes batch 20260629T021550 limbo after SIGTERM (1297.896333ms)
✔ resumeBatchDetached --force finalizes post-merge limbo without spawning engine (1294.387458ms)
✔ resumeBatch attached path finalizes batch 20260629T021550 limbo immediately (1580.670916ms)
✔ resumeMultiTaskBatch still finalizes batch 20260629T021550 after orphan_terminated (1291.962625ms)
✔ finalizeResumePostMergeLimbo clears stale engine pid during post-merge limbo (1283.533ms)
✔ isPostMergeLimbo detects running phase with successful merges (0.513292ms)
✔ deriveDiagnosis returns needs_integrate for post-merge limbo (0.406958ms)
✔ finalizeBatchForIntegrate opens gate from post-merge limbo without resume (1137.314916ms)
✔ resumeMultiTaskBatch opens gate from post-merge limbo without re-running tasks (1253.765709ms)
✔ mixed-outcome post-mortem lists failed IDs and retry hint, not smooth success (905.468584ms)
✔ false-success reconciliation headline is overridden when failures exist (0.344209ms)
✔ listFailedTaskIds prefers classified terminal-failure tasks (0.550541ms)
✔ collectEvidenceBundle summary.md is honest post-mortem markdown (924.588084ms)
✔ dismissBatch writes post-mortem path into batch history (1233.743958ms)
✔ writeBatchPostMortem persists markdown under runtime batch dir (1020.444ms)
✔ spine status --verbose includes post-mortem section for active batch (998.406917ms)
✔ resolveStallConfig defaults progressSnapshotIntervalMinutes to 2 (0.543667ms)
✔ resolveStallConfig applies progressSnapshotIntervalMinutes override (0.07425ms)
✔ buildProgressSnapshotPayload is bounded and omits dirty path lists (0.499208ms)
✔ progressSnapshotPayloadChanged detects field deltas (0.089958ms)
✔ shouldEmitProgressSnapshot respects interval (0.070792ms)
✔ recordLaneProgressSnapshot journals bounded payload (69.875167ms)
✔ runWorker emits lane.progress_snapshot on interval and dedupes unchanged signals (10090.712584ms)
✔ startBatch fails closed on invalid PROMPT before batch starts (215.388625ms)
fatal: malformed object name missing-base-branch
✔ inspectGitState records gitInspectionError when merged-branch scan fails (241.794083ms)
✔ deriveDiagnosis returns git_unavailable when git inspection failed (0.410333ms)
✔ reconcileBatch surfaces git_unavailable instead of limbo_stale on git failure (1032.560542ms)
fatal: malformed object name missing-base-branch
✔ reconcileBatch records count_commits_ahead git errors from real git refs (1257.07225ms)
✔ idle-no-batch returns healthy idle state (267.10125ms)
✔ limbo_stale detected from incident fixture (1183.36075ms)
✔ completed_manual when orch branch merged to main (1128.027959ms)
✔ needs_retry when a task failed (1046.393625ms)
✔ running diagnosis for active batch (892.656125ms)
✔ runReconciliationCheck matches reconcileBatch output shape (839.142792ms)
✔ reconcileBatch includes journal hints when journal exists (788.62875ms)
✔ reconcileBatch exposes macroPhase for running batch (898.5365ms)
✔ reconcileBatch exposes macroPhase for limbo_stale (823.435417ms)
✔ failBatchFromEngineError writes batch.failed and clears enginePid (251.264709ms)
✔ reconcileGhostRunningTasks marks running tasks failed without worker (0.231ms)
✔ resumeMultiTaskBatch fail-closed when post-commit gitPorcelain throws (6492.406583ms)
✔ resumeBatch opens integrate gate before batch.completed journal event (7303.542583ms)
✔ refreshLaneHeartbeatsOnResume aligns lane heartbeats to engineStartedAt (0.538958ms)
✔ taskAlreadyComplete returns false for failed task with stale .DONE on disk (0.497042ms)
✔ resumeBatch after failed retry runs contract verification before succeed (2509.336041ms)
✔ resumeBatch continues paused 2-task 2-lane batch with stub workers (8265.96ms)
✔ resumeBatch multi path requires existing lane worktrees (304.742083ms)
✔ multi-task batch start → pause → resume completes both tasks (8664.627166ms)
✔ paused multi-task batch diagnose suggests multi-task resume (1058.979584ms)
✔ multi-task startBatch completes two-lane stub batch (start path) (7422.324208ms)
✔ resumeBatch serializes four tasks on one lane (23337.229833ms)
✔ resumeBatch runs two lanes with two tasks each in parallel (14002.384416ms)
✔ validateMultiTaskResume accepts paused 2-task 2-lane batch (513.462042ms)
✔ validateMultiTaskResume rejects batch with zero tasks (300.02325ms)
✔ validateMultiTaskResume rejects missing worktree per lane (451.209458ms)
✔ validateMultiTaskResume allows force resume when wave merge is pending (507.241792ms)
✔ validateResumeBatch delegates to multi validator for single-task batch (331.64625ms)
✔ resolveDetachedWaitTimeoutMs uses long default for wait-terminal orphan resume (0.451542ms)
✔ prepareOrphanResumeHandoff clears stale workerPid before orphan resume (203.056375ms)
✔ clearStaleLaneWorkerPids preserves live worker pid (236.068458ms)
✔ dual-dead lane+engine orphan reconciles as engine_orphaned with attached resume (979.08225ms)
✔ attached resume --force completes stuck task after plan review orphan stall (7746.307959ms)
✔ detached resume with wait-terminal uses extended timeout constant (0.179959ms)
✔ taskTerminalSuccessInBatch requires succeeded status and journal task.completed (0.542625ms)
✔ resume --force after partial retry does not review.start succeeded task IDs (8483.563791ms)
✔ pauseBatch sets phase paused and journals batch.paused (187.139792ms)
✔ resumeBatch continues paused single-lane batch (7341.62175ms)
✔ paused spine batch reconciliation suggests spine batch resume (911.363916ms)
✔ validateBatchState requires segments aligned with tasks (0.269125ms)
✔ retryTask clears stale failure metadata before re-run (156.7295ms)
✔ retry then task.completed updates counters and reconcile diagnosis (826.955208ms)
✔ retry-clears-failed-classification fixture reconciles after success state (893.025333ms)
✔ retryTask atomically resets task and segment records (192.171ms)
✔ retryTask fixes segment drift (GAP-RETRY-01) (154.893292ms)
✔ resumeBatch refuses segment drift without retry (239.528084ms)
✔ skipTask marks task skipped and updates counters (165.803917ms)
✔ retryTask rejects when batch is running (132.833125ms)
✔ defaultSegmentId used in segment records (0.154875ms)
✔ detectOrphanedReviewStarted finds orphaned review.started with no matching review.completed (0.615417ms)
✔ detectOrphanedReviewStarted returns empty when review.completed exists (0.078916ms)
✔ detectOrphanedReviewStarted distinguishes code and final review types (0.070584ms)
✔ reconcileOrphanedReviewEvents synthesizes completion when APPROVE artifact on disk (28.03325ms)
✔ reconcileOrphanedReviewEvents does NOT synthesize when no artifact on disk (2.349542ms)
✔ reconcileOrphanedReviewEvents does NOT synthesize for REVISE verdict (2.209625ms)
✔ findCompletedCodeReview honors artifact at attempt > 0 (1.585208ms)
✔ normal review flow (no crash) still works correctly (0.137584ms)
✔ reconcileOrphanedReviewEvents handles final review with PASS verdict (15.792084ms)
✔ buildReviewerSystemPrompt includes project standards when rules manifest exists (17.94425ms)
✔ buildReviewerSystemPrompt emits reviewer.rules_selected journal event (13.437416ms)
✔ buildReviewRequest user prompt does not include injected standards block (0.278958ms)
✔ runStepReview stub path does not emit reviewer.rules_selected (13.926666ms)
✔ isNoiseReviewScopePath matches runtime artifact paths (0.6235ms)
✔ filterReviewScopeNoise dedupes and drops noise (0.457917ms)
✔ resolvePlanReviewScopePaths returns PROMPT File Scope minus noise (5.500625ms)
✔ resolveReviewScopePaths plan uses task PROMPT file scope (1.313208ms)
✔ resolveReviewScopePaths final returns empty scope (0.089875ms)
✔ resolveCodeReviewScopePaths uses baseline..HEAD when baseline provided (250.639167ms)
✔ resolveCodeReviewScopePaths falls back to git diff --name-only without baseline (207.997875ms)
✔ resolveReviewScopePaths code honors injectable git runner (0.236375ms)
✔ resolveCodeReviewScopePaths returns empty array when git fails (0.098291ms)
✔ parseReviewLevel reads PROMPT heading (0.617875ms)
✔ isReviewTypeRequired follows Taskplane rubric (0.086542ms)
✔ formatReviewTimestamp strips separators from ISO time (0.918333ms)
✔ buildReviewArtifactPath uses step-timestamp pattern (0.19925ms)
✔ buildFinalReviewArtifactPath uses final-timestamp pattern (0.1075ms)
✔ normalizeVerdict maps enums by review type (0.077375ms)
✔ normalizeFinalVerdict and normalizeCodeVerdict are type-specific aliases (0.070916ms)
✔ parseReviewVerdict reads JSON and markdown verdicts (0.428167ms)
✔ parseReviewVerdict accepts PASS REVISE REPLAN when reviewType is final (0.089125ms)
✔ parseReviewVerdict step mode rejects final-only verdict enums (0.15625ms)
✔ parseFinalReviewVerdict accepts PASS, REVISE, and REPLAN (0.115125ms)
✔ parseFinalReviewVerdict omits heading summary unlike parseReviewVerdict (0.090916ms)
✔ shouldRunCodeReview requires review level 2 or higher (0.061792ms)
✔ shouldRunFinalReview skips when review level is 0 (0.061917ms)
✔ DEFAULT_REVIEW_SPAWN_TIMEOUT_MS is 90 minutes (0.464458ms)
✔ honorReviewSpawnFailureWhenEligible honors final review when contract passed (2.135041ms)
✔ honorReviewSpawnFailureWhenEligible skips when contract failed (0.528209ms)
✔ honorReviewSpawnFailureWhenEligible honors code review with .DONE (0.848333ms)
✔ buildReviewerPiArgs includes --model when config pins reviewer (6.547458ms)
✔ buildReviewerPiArgs omits --model when reviewer model is inherit (4.901125ms)
✔ buildReviewerPiArgs uses per-type model override for matching reviewType (1.7285ms)
✔ buildReviewerPiArgs falls back to top-level reviewer pin when per-type block missing (2.590375ms)
✔ buildReviewerPiArgs cascades per-type inherit to top-level reviewer pin (2.816042ms)
✔ spawnReviewerPi fails closed when pi unavailable via SPINE_REVIEW_TEST_NO_PI (2.022208ms)
✔ buildReviewerChildEnv strips SPINE_WORKER_RUNNER from reviewer child env (0.294916ms)
✔ shouldBlockNestedReviewerSpawn false when only worker runner leaked on engine (0.099042ms)
✔ spawnReviewerPi allows engine spawn when worker runner leaked without journal attach (2.717833ms)
✔ shouldBlockNestedReviewerSpawn true inside live worker child session (0.169167ms)
✔ parseReviewLevel reads PROMPT heading (0.581875ms)
✔ isReviewTypeRequired follows Taskplane rubric (0.074833ms)
✔ buildReviewArtifactPath uses step-timestamp pattern (1.124584ms)
✔ buildFinalReviewArtifactPath uses final-timestamp pattern (0.149417ms)
✔ parseReviewVerdict reads JSON and markdown verdicts (0.546125ms)
✔ parseReviewVerdict accepts PASS REVISE REPLAN when reviewType is final (0.142416ms)
✔ parseReviewVerdict step mode rejects final-only verdict enums (0.092166ms)
✔ parseReviewVerdict accepts PASS REVISE REPLAN for final review type (0.073834ms)
✔ resolveBatchJournalContext ignores SPINE_BATCH_ID without SPINE_JOURNAL_ATTACH (0.184667ms)
✔ isJournalAttachBlocked honors SPINE_SUPPRESS_JOURNAL_ATTACH (0.121125ms)
✔ resolveBatchJournalContext blocked when attach suppressed (0.094708ms)
✔ runStepReview ignores SPINE_REVIEW_STUB_FAIL without stub mode (6.826416ms)
✔ runStepReview stub APPROVE writes artifact and journal events (20.642541ms)
✔ runStepReview stub REVISE returns exitCode 2 (1.879792ms)
✔ runStepReview fail-closed on stub spawn failure (18.046083ms)
✔ runStepReview skips when review level does not require type (1.974916ms)
✔ runStepReview final stub PASS writes final artifact path (1.830083ms)
✔ runStepReview final spawn failure exits non-zero at review level >= 1 (1.52425ms)
✔ runSpineReviewStep CLI --type final emits JSON verdict (2.6765ms)
✔ runSpineReviewStep CLI emits JSON verdict (15.720958ms)
✔ assertReviewToolAvailable fails closed without pi at review level > 0 (1.551958ms)
✔ runWorker fails closed when review tool unavailable at level > 0 (9.138708ms)
✔ stub worker stops when enforced review spawn fails (64.666042ms)
✔ DEFAULT_REVIEW_SPAWN_TIMEOUT_MS remains 90 minutes (backstop unchanged) (0.438625ms)
✔ runStepReview honors on-disk APPROVE while pi hangs — seconds not stall timeout (265.950083ms)
✔ resolveReviewerModelPin returns per-type override when set (0.572958ms)
✔ resolveReviewerModelPin falls back to top-level when per-type block missing (0.108667ms)
✔ resolveReviewerModelPin cascades per-type inherit to top-level pin (0.062792ms)
✔ resolveReviewerModelPin returns null for top-level inherit (0.058458ms)
✔ resolveReviewerModelPin returns null when reviewer block absent (0.069084ms)
✔ resolveReviewerThinkingPin returns per-type override when set (0.072708ms)
✔ resolveReviewerThinkingPin falls back to top-level when per-type block missing (0.055ms)
✔ resolveReviewerThinkingPin cascades per-type inherit to top-level pin (0.049875ms)
✔ resolveReviewerThinkingPin returns null for off at any level (0.076125ms)
✔ resolveReviewerThinkingPin returns null when reviewer block absent (0.148709ms)
✔ resolveRulesManifestGeneratedAtMerge keeps newest generatedAt (0.60225ms)
✔ resolveRulesManifestGeneratedAtMerge fails when rules differ (0.087834ms)
✔ fingerprintRulesManifest ignores generatedAt (0.065958ms)
✔ mergeLaneToOrch clears generatedAt-only dirty rules-manifest before merge (1237.133ms)
✔ mergeLaneToOrch auto-resolves generatedAt-only rules-manifest conflict (1261.642417ms)
✔ mergeLaneToOrch fails loud when rules[] differ (1142.919584ms)
✔ mergeLaneToOrch does not auto-resolve when other paths conflict (1050.941084ms)
✔ tryAutoResolveRulesManifestMergeConflict resolves in-progress merge (716.799166ms)
✔ appendTaskMetric writes TaskMetricRecord JSONL line (4.998167ms)
✔ buildTaskMetricRecord includes laneNumber and durationMs when available (0.201083ms)
✔ buildTaskMetricRecord omits laneNumber when not a positive lane (0.107708ms)
✔ metrics.enabled false skips append without error (1.014916ms)
✔ resolveTaskMetricOutcome maps skipped_done_on_disk to skipped (0.110042ms)
✔ appendTaskMetric redacts secret-like fields and omits prompt text (2.644042ms)
✔ skipTaskDoneOnDisk records skipped task metric (25.340083ms)
✔ appendBatchMetric writes BatchMetricRecord JSONL line (5.287125ms)
✔ recordBatchTerminalMetric skips when metrics disabled (0.763625ms)
✔ dismissBatch appends batch metric line (661.245416ms)
✔ spine metrics show filters by batch and formats table output (9.513042ms)
✔ spine metrics show CLI filters by batch id (117.584583ms)
✔ resolveSalvageConfig defaults autoCommitOnStall to false (0.496125ms)
✔ validateSpineConfig rejects non-boolean autoCommitOnStall (0.409375ms)
✔ recordTaskFailureSalvage with autoCommitOnStall commits scoped paths on lane branch (599.264666ms)
✔ recordTaskFailureSalvage without autoCommitOnStall does not commit (410.209583ms)
✔ salvage commit refuses merge_in_progress and index_conflicts (538.973375ms)
✔ salvage commit refuses pre-commit hook failure (496.622292ms)
✔ atomic retry retains salvage WIP commit on lane branch (762.690666ms)
✔ inspectLaneSalvage scopes porcelain to file scope and task folder (249.84875ms)
✔ recordTaskFailureSalvage journals inspection and writes evidence without committing (470.603875ms)
✔ writeSalvageEvidence writes pretty JSON atomically without temp files (158.888459ms)
✔ startBatch worker failure with dirty scoped file emits salvage and diagnose hint (7230.002ms)
✔ parseSequenceArgs honors --auto-approve-gate and --force (0.492875ms)
✔ spine run sequence --auto-approve-gate dry-run succeeds under stub (487.236792ms)
✔ spine run sequence --auto-approve-gate refused for real pi without --force (372.092166ms)
✔ spine run sequence --auto-approve-gate --force dry-run succeeds for real pi (412.35825ms)
✔ validateSequenceAutoApproveGate allows stub mode without force (0.55125ms)
✔ validateSequenceAutoApproveGate blocks real pi without force (0.138333ms)
✔ validateSequenceAutoApproveGate allows real pi with force (0.071ms)
✔ validateSequenceAutoApproveGate skips check when flag is false (0.069875ms)
✔ buildSequenceAutoApproveDoctorCheck warns for real pi (0.087292ms)
✔ buildSequenceAutoApproveDoctorCheck passes for stub mode (0.063375ms)
✔ runSequence refuses auto-approve on dry-run for real pi (0.394083ms)
✔ runSequence allows auto-approve dry-run with force on real pi (0.171416ms)
✔ readCurrentBatchLogTail returns null for missing file (0.510416ms)
✔ readCurrentBatchLogTail filters to last batch session header (4.560292ms)
✔ readCurrentBatchLogTail returns full content when no header exists (4.45925ms)
✔ readCurrentBatchLogTail respects lineCount limit (0.494583ms)
✔ waitForSequenceBatchTerminal returns settled when batch completes before timeout (1014.066833ms)
✔ waitForSequenceBatchTerminal does not exit while engine PID is alive (2319.750291ms)
✔ waitForSequenceBatchTerminal returns failure diagnosis even with alive engine (814.665541ms)
✔ isMergeBlockedBatchOutcome detects mixed-outcome and merge_blocked phases (0.665917ms)
✔ evaluateWaveTaskDependencies filters runnable tasks by satisfied deps (0.635958ms)
✔ formatSequenceWaveSkipMessage names blocked dependencies per §17.4 (0.207334ms)
✔ resolveWaveAfterMergeBlocked continues wave 1 and skips wave 2 tasks (0.169042ms)
✔ planSequenceWaveTasks skips wave when no deps are satisfied (0.101583ms)
✔ 3-wave sequence continues wave 1 after wave 0 merge_blocked and skips wave 2 (16792.8325ms)
✔ isPiSessionMetadataPath matches .pi session roots and children (0.922459ms)
✔ checkGitClean ignores untracked .pi/ session metadata (199.565417ms)
✔ checkGitClean still fails when non-.pi paths are dirty (193.506583ms)
✔ runSequence with only .pi/ dirty passes preflight (14435.702334ms)
✔ runSequence surfaces preflight failure on stderr-equivalent output (5759.005ms)
✔ resolveResumeFromWave continues after last completed wave (0.449042ms)
✔ sequence persists fromWave, completedWaves, and lastBatchId after wave 0 (10108.478709ms)
✔ resume after interrupted wave 0 integrate completes remaining waves (22945.480542ms)
✔ sequence halts on wave failure with --stop-on-failure and preserves completed waves (10938.264166ms)
✔ resolveWaveTaskIds and resolveSequenceWaves honor planner waves (0.929958ms)
✔ diagnosis helpers classify settled, waiting, and failure states (0.089292ms)
✔ dry-run prints operator-equivalent land loop commands per wave (0.219458ms)
✔ 2-wave stub sequence completes with auto-approve land loop (20971.960167ms)
✔ buildSequencePlan resolves pending scope for dry-run integration (253.158708ms)
✔ skipTask leaves phase paused when all tasks terminal without merge (1516.507375ms)
✔ skipTask clears failed segment drift for reconcile (1488.671792ms)
✔ resolveWorkerOutputConfig applies lane defaults and overrides (0.530459ms)
✔ captureWorkerOutputTail keeps last lines and marks byte truncation (0.237ms)
✔ redactWorkerOutput applies built-in and config deny patterns (0.353917ms)
✔ runWorker stall_timeout captures stderr, persists log, journals stall_killed (5064.383875ms)
✔ collectEvidenceBundle references persisted worker output logs (4.488375ms)
✔ successful worker skips log unless retainWorkerOutputOnSuccess (5027.201583ms)
✔ SAT-020 replay: checkpoint_warning → stall_killed → salvage_inspection → task.failed (61673.958792ms)
✔ regression: stub worker still requires .DONE for batch success (6778.026083ms)

Interrupted while running:

⚠ tests/batch/stall-sat020-integration.test.mjs (tests/batch/stall-sat020-integration.test.mjs:1:1)
⚠ tests/batch/state-transition.test.mjs (tests/batch/state-transition.test.mjs:1:1)
⚠ tests/batch/state-validate.test.mjs (tests/batch/state-validate.test.mjs:1:1)
⚠ tests/batch/status-json-progress.test.mjs (tests/batch/status-json-progress.test.mjs:1:1)
⚠ tests/batch/stub-contract-enforcement.test.mjs (tests/batch/stub-contract-enforcement.test.mjs:1:1)
⚠ tests/batch/stub-release-task-guard.test.mjs (tests/batch/stub-release-task-guard.test.mjs:1:1)
⚠ tests/batch/stub-runner-delivery.test.mjs (tests/batch/stub-runner-delivery.test.mjs:1:1)
⚠ tests/batch/task-stall-budget.test.mjs (tests/batch/task-stall-budget.test.mjs:1:1)
⚠ tests/batch/transient-orphan-debounce.test.mjs (tests/batch/transient-orphan-debounce.test.mjs:1:1)
⚠ tests/batch/wave-merge-state.test.mjs (tests/batch/wave-merge-state.test.mjs:1:1)
⚠ tests/batch/worker-backend.test.mjs (tests/batch/worker-backend.test.mjs:1:1)
⚠ tests/batch/worker-exit-no-done.test.mjs (tests/batch/worker-exit-no-done.test.mjs:1:1)
⚠ tests/batch/worker-host-env.test.mjs (tests/batch/worker-host-env.test.mjs:1:1)
⚠ tests/batch/worker-host.test.mjs (tests/batch/worker-host.test.mjs:1:1)
⚠ tests/batch/worker-model-pin.test.mjs (tests/batch/worker-model-pin.test.mjs:1:1)
⚠ tests/batch/worker-output.test.mjs (tests/batch/worker-output.test.mjs:1:1)
⚠ tests/batch/worker-pi-timeout.test.mjs (tests/batch/worker-pi-timeout.test.mjs:1:1)
⚠ tests/batch/worker-post-done-grace.test.mjs (tests/batch/worker-post-done-grace.test.mjs:1:1)
⚠ tests/batch/worker-prompt-rules.test.mjs (tests/batch/worker-prompt-rules.test.mjs:1:1)
⚠ tests/batch/worker-prompt.test.mjs (tests/batch/worker-prompt.test.mjs:1:1)
⚠ tests/batch/worker-timeout-heartbeat-slide.test.mjs (tests/batch/worker-timeout-heartbeat-slide.test.mjs:1:1)
⚠ tests/batch/worker-wedge-incident.test.mjs (tests/batch/worker-wedge-incident.test.mjs:1:1)
⚠ tests/batch/worktree-cleanup-on-complete.test.mjs (tests/batch/worktree-cleanup-on-complete.test.mjs:1:1)
⚠ tests/batch/worktree-git-paths.test.mjs (tests/batch/worktree-git-paths.test.mjs:1:1)
⚠ tests/batch/worktree-setup-hook.test.mjs (tests/batch/worktree-setup-hook.test.mjs:1:1)
⚠ tests/cli/batch-help.test.mjs (tests/cli/batch-help.test.mjs:1:1)
⚠ tests/cli/cli-entrypoint-symlink.test.mjs (tests/cli/cli-entrypoint-symlink.test.mjs:1:1)
⚠ tests/cli/handoff-autowrite.test.mjs (tests/cli/handoff-autowrite.test.mjs:1:1)
⚠ tests/cli/issue-draft.test.mjs (tests/cli/issue-draft.test.mjs:1:1)
⚠ tests/cli/journal-follow.test.mjs (tests/cli/journal-follow.test.mjs:1:1)
⚠ tests/cli/lane-logs.test.mjs (tests/cli/lane-logs.test.mjs:1:1)
⚠ tests/cli/phase23-exit-verify.test.mjs (tests/cli/phase23-exit-verify.test.mjs:1:1)
⚠ tests/cli/scenarios.test.mjs (tests/cli/scenarios.test.mjs:1:1)
⚠ tests/cli/sequence.test.mjs (tests/cli/sequence.test.mjs:1:1)
⚠ tests/cli/spine-diagnosis-state-drift.test.mjs (tests/cli/spine-diagnosis-state-drift.test.mjs:1:1)
⚠ tests/cli/spine-handoff.test.mjs (tests/cli/spine-handoff.test.mjs:1:1)
⚠ tests/cli/spine-init-rules.test.mjs (tests/cli/spine-init-rules.test.mjs:1:1)
⚠ tests/cli/spine-issue.test.mjs (tests/cli/spine-issue.test.mjs:1:1)
⚠ tests/cli/spine-router.test.mjs (tests/cli/spine-router.test.mjs:1:1)
⚠ tests/cli/spine-rules.test.mjs (tests/cli/spine-rules.test.mjs:1:1)
⚠ tests/cli/status.test.mjs (tests/cli/status.test.mjs:1:1)
⚠ tests/cli/wait.test.mjs (tests/cli/wait.test.mjs:1:1)
⚠ tests/cli/watch.test.mjs (tests/cli/watch.test.mjs:1:1)
⚠ tests/compat/final-verdict-reconcile.test.mjs (tests/compat/final-verdict-reconcile.test.mjs:1:1)
⚠ tests/compat/incidents.test.mjs (tests/compat/incidents.test.mjs:1:1)
⚠ tests/config/config-defaults-v2.test.mjs (tests/config/config-defaults-v2.test.mjs:1:1)
⚠ tests/config/contract-mode.test.mjs (tests/config/contract-mode.test.mjs:1:1)
⚠ tests/config/cursor-rules/discover.test.mjs (tests/config/cursor-rules/discover.test.mjs:1:1)
⚠ tests/config/cursor-rules/match-globs.test.mjs (tests/config/cursor-rules/match-globs.test.mjs:1:1)
⚠ tests/config/cursor-rules/parse-frontmatter.test.mjs (tests/config/cursor-rules/parse-frontmatter.test.mjs:1:1)
⚠ tests/config/cursor-rules/profile.test.mjs (tests/config/cursor-rules/profile.test.mjs:1:1)
⚠ tests/config/cursor-rules/select-reviewer.test.mjs (tests/config/cursor-rules/select-reviewer.test.mjs:1:1)
⚠ tests/config/cursor-rules/select.test.mjs (tests/config/cursor-rules/select.test.mjs:1:1)
⚠ tests/config/env-overrides.test.mjs (tests/config/env-overrides.test.mjs:1:1)
⚠ tests/config/reviewer-context.test.mjs (tests/config/reviewer-context.test.mjs:1:1)
⚠ tests/config/settings-fields.test.mjs (tests/config/settings-fields.test.mjs:1:1)
⚠ tests/config/spine-config-layer.test.mjs (tests/config/spine-config-layer.test.mjs:1:1)
⚠ tests/config/spine-config-testing.test.mjs (tests/config/spine-config-testing.test.mjs:1:1)
⚠ tests/config/spine-init-gitignore.test.mjs (tests/config/spine-init-gitignore.test.mjs:1:1)
⚠ tests/config/spine-preflight-orch-conflict.test.mjs (tests/config/spine-preflight-orch-conflict.test.mjs:1:1)
⚠ tests/config/spine-preflight-prelanded.test.mjs (tests/config/spine-preflight-prelanded.test.mjs:1:1)
⚠ tests/config/spine-preflight.test.mjs (tests/config/spine-preflight.test.mjs:1:1)
⚠ tests/config/typecheck-batch.test.mjs (tests/config/typecheck-batch.test.mjs:1:1)
⚠ tests/config/worker-context.test.mjs (tests/config/worker-context.test.mjs:1:1)
⚠ tests/config/worker-launch-script.test.mjs (tests/config/worker-launch-script.test.mjs:1:1)
⚠ tests/coverage/policy.test.mjs (tests/coverage/policy.test.mjs:1:1)
⚠ tests/dashboard/cli-startup.test.mjs (tests/dashboard/cli-startup.test.mjs:1:1)
⚠ tests/dashboard/lane-throughput.test.mjs (tests/dashboard/lane-throughput.test.mjs:1:1)
⚠ tests/dashboard/parity.test.mjs (tests/dashboard/parity.test.mjs:1:1)
⚠ tests/dashboard/server.test.mjs (tests/dashboard/server.test.mjs:1:1)
⚠ tests/dashboard/snapshot-lane-phase.test.mjs (tests/dashboard/snapshot-lane-phase.test.mjs:1:1)
⚠ tests/dashboard/snapshot-lanes.test.mjs (tests/dashboard/snapshot-lanes.test.mjs:1:1)
⚠ tests/dashboard/snapshot.test.mjs (tests/dashboard/snapshot.test.mjs:1:1)
⚠ tests/dashboard/ui-contract.test.mjs (tests/dashboard/ui-contract.test.mjs:1:1)
⚠ tests/doctor/agent-model-inherit.test.mjs (tests/doctor/agent-model-inherit.test.mjs:1:1)
⚠ tests/doctor/batch-size-guidance.test.mjs (tests/doctor/batch-size-guidance.test.mjs:1:1)
⚠ tests/doctor/extension-conflict.test.mjs (tests/doctor/extension-conflict.test.mjs:1:1)
⚠ tests/doctor/model-id-validation.test.mjs (tests/doctor/model-id-validation.test.mjs:1:1)
⚠ tests/doctor/rules-manifest.test.mjs (tests/doctor/rules-manifest.test.mjs:1:1)
⚠ tests/doctor/stale-path.test.mjs (tests/doctor/stale-path.test.mjs:1:1)
⚠ tests/doctor/stale-worktrees.test.mjs (tests/doctor/stale-worktrees.test.mjs:1:1)
⚠ tests/doctor/stall-config.test.mjs (tests/doctor/stall-config.test.mjs:1:1)
⚠ tests/doctor/suggest-max-parallel.test.mjs (tests/doctor/suggest-max-parallel.test.mjs:1:1)
⚠ tests/doctor/task-packet-size.test.mjs (tests/doctor/task-packet-size.test.mjs:1:1)
⚠ tests/doctor/taskplane-coexistence.test.mjs (tests/doctor/taskplane-coexistence.test.mjs:1:1)
⚠ tests/doctor/worktree-health.test.mjs (tests/doctor/worktree-health.test.mjs:1:1)
⚠ tests/extensions/slash-commands-handlers.test.mjs (tests/extensions/slash-commands-handlers.test.mjs:1:1)
⚠ tests/migrate/spine-migrate.test.mjs (tests/migrate/spine-migrate.test.mjs:1:1)
⚠ tests/migrate/taskplane-config.test.mjs (tests/migrate/taskplane-config.test.mjs:1:1)
⚠ tests/planner/file-scope-overlap.test.mjs (tests/planner/file-scope-overlap.test.mjs:1:1)
⚠ tests/planner/format-plan.test.mjs (tests/planner/format-plan.test.mjs:1:1)
⚠ tests/planner/graph.test.mjs (tests/planner/graph.test.mjs:1:1)
⚠ tests/planner/integration.test.mjs (tests/planner/integration.test.mjs:1:1)
⚠ tests/planner/lanes-parallel.test.mjs (tests/planner/lanes-parallel.test.mjs:1:1)
⚠ tests/planner/lanes.test.mjs (tests/planner/lanes.test.mjs:1:1)
⚠ tests/planner/pending-scope.test.mjs (tests/planner/pending-scope.test.mjs:1:1)
⚠ tests/planner/plan-pending-empty.test.mjs (tests/planner/plan-pending-empty.test.mjs:1:1)
⚠ tests/planner/prompt-validation.test.mjs (tests/planner/prompt-validation.test.mjs:1:1)
⚠ tests/planner/scope-glob-escape.test.mjs (tests/planner/scope-glob-escape.test.mjs:1:1)
⚠ tests/planner/scope.test.mjs (tests/planner/scope.test.mjs:1:1)
⚠ tests/planner/wave-scope.test.mjs (tests/planner/wave-scope.test.mjs:1:1)
⚠ tests/slash-commands.test.mjs (tests/slash-commands.test.mjs:1:1)
⚠ tests/spine-deps.test.mjs (tests/spine-deps.test.mjs:1:1)
⚠ tests/spine-init-preset.test.mjs (tests/spine-init-preset.test.mjs:1:1)
⚠ tests/spine-init.test.mjs (tests/spine-init.test.mjs:1:1)
⚠ tests/spine-preflight.test.mjs (tests/spine-preflight.test.mjs:1:1)
⚠ tests/spine-run.test.mjs (tests/spine-run.test.mjs:1:1)
⚠ tests/spine-settings-set.test.mjs (tests/spine-settings-set.test.mjs:1:1)
⚠ tests/spine-settings-show.test.mjs (tests/spine-settings-show.test.mjs:1:1)
⚠ tests/spine-settings-slash.test.mjs (tests/spine-settings-slash.test.mjs:1:1)
⚠ tests/tasks/analyze-cli.test.mjs (tests/tasks/analyze-cli.test.mjs:1:1)
⚠ tests/tasks/contract-parse.test.mjs (tests/tasks/contract-parse.test.mjs:1:1)
⚠ tests/tasks/packet-deps.test.mjs (tests/tasks/packet-deps.test.mjs:1:1)
⚠ tests/tasks/packet-prompt.test.mjs (tests/tasks/packet-prompt.test.mjs:1:1)
⚠ tests/tasks/packet-status.test.mjs (tests/tasks/packet-status.test.mjs:1:1)
⚠ tests/tasks/phase20-fixtures.test.mjs (tests/tasks/phase20-fixtures.test.mjs:1:1)
⚠ tests/tasks/validate-cli.test.mjs (tests/tasks/validate-cli.test.mjs:1:1)
⚠ tests/tasks/validate-contract-warn.test.mjs (tests/tasks/validate-contract-warn.test.mjs:1:1)
⚠ tests/tasks/validate-prelanded-contract.test.mjs (tests/tasks/validate-prelanded-contract.test.mjs:1:1)
⚠ tests/worker-tools/report-progress.test.mjs (tests/worker-tools/report-progress.test.mjs:1:1)
⚠ tests/worker-tools/request-gate.test.mjs (tests/worker-tools/request-gate.test.mjs:1:1)
⚠ tests/worker-tools/review-step-tool.test.mjs (tests/worker-tools/review-step-tool.test.mjs:1:1)
⚠ tests/worker-tools/worker-tools-registration.test.mjs (tests/worker-tools/worker-tools-registration.test.mjs:1:1)
✖ tests/batch/stall-sat020-integration.test.mjs (73301.034667ms)
✔ recordTaskTransition writes batch-state then journal in order (144.142458ms)
✔ saveSpineBatchState leaves prior JSON intact when atomic write fails (142.209333ms)
✔ saveGateRecord leaves prior JSON intact when atomic write fails (136.148ms)
✔ validateBatchState accepts healthy schema v1 state (0.770625ms)
✔ validateBatchState rejects counter drift (0.143208ms)
✔ runSpineState validate passes on archived batch-state (4.575208ms)
✔ runSpineState validate fails loud on corrupt active state (11.443167ms)
✔ computeStatusProgress derives wave and task counts from batch raw (0.884917ms)
✔ computeStatusProgress returns null without batch raw (0.07675ms)
✔ formatStatusJson includes documented progress field names (0.124291ms)
✔ spine status --json includes task and wave progress for active batch (871.839542ms)
✔ spine status --json omits progress counts when no batch is active (130.566542ms)
✔ reconcileBatch exposes progress fields for spine watch consumers (833.258459ms)
✔ classifyTaskDoneSemantics distinguishes lane vs main .DONE (issue #35) (168.055959ms)
✔ spine status --diagnose --json exposes explicit done flags mid-batch (985.484959ms)
✔ verifyStubFileScopeMustChange fails when contract paths are unchanged (256.968875ms)
✔ verifyStubFileScopeMustChange passes when contract path changed (272.813542ms)
✔ verifyStubFileScopeMustChange passes for comma-in-single-backtick fileScopeMustChange (SP-396) (278.372042ms)
✔ commitLaneWorktree rejects stub completion without fileScopeMustChange diffs (266.58025ms)
✔ commitLaneWorktree allows stub completion when fileScopeMustChange is satisfied (474.937375ms)
✔ stub contract helpers detect release-critical contracts and legacy markers (0.314791ms)
✔ shouldEnforceStubContractAtLaneCommit uses env or legacy .DONE marker (150.112875ms)
✔ stub cannot succeed merge/version task without file-scope changes (443.898292ms)
✔ checkStubReleaseCritical warns when stub mode has pending fileScopeMustChange tasks (236.656708ms)
✔ diagnosis surfaces exitReason stub for M/L legacy stub .DONE markers (1.023459ms)
✔ reconcileBatch surfaces exitReason stub for succeeded M/L tasks with legacy stub .DONE (1073.277834ms)
✔ applyStubDeliveryStatusBlock updates existing header lines (0.700709ms)
✔ applyStubDeliveryStatusBlock appends block when header lines are missing (0.129541ms)
✔ writeStubDeliveryStatusIfNeeded updates STATUS for delivery-only contracts (2.217833ms)
✔ writeStubDeliveryStatusIfNeeded skips implementation scopes (1.120709ms)
✔ stub worker auto-writes STATUS for delivery-only fileScopeMustChange (74.164334ms)
✔ stub worker does not auto-write STATUS for implementation fileScopeMustChange (68.350125ms)
✔ stub worker STATUS delivery satisfies verifyStubFileScopeMustChange (404.345375ms)
✔ parseTaskSizeFromMarkdown reads Size line (1.052792ms)
✔ resolveTaskStallMinutes uses max of config and size floor (0.127875ms)
✔ resolveStallConfigForTask applies minutes to stallTimeoutMs (0.12375ms)
✔ journalTaskAwaitingFirstHeartbeat: true after task.started before lane.heartbeat (0.549875ms)
✔ journalTaskAwaitingFirstHeartbeat: false after matching lane.heartbeat (0.076ms)
✔ detectOrphanRunning suppresses lane orphan during first-heartbeat debounce when engine alive (0.316583ms)
✔ detectOrphanRunning still reports lane orphan before heartbeat when engine is dead (0.140917ms)
✔ detectOrphanRunning still reports lane orphan after first heartbeat (0.107042ms)
✔ reconcileBatch: transient dead workerPid mid-start diagnoses running not worker_orphaned (1009.978375ms)
✔ reconcileOrphanRunningState does not fail running task during debounce window (198.465917ms)
✔ post-heartbeat dead pid still worker_orphaned with retry (997.090542ms)
✔ hasPendingWaveMerge is true when an intermediate wave lacks mergeResults (0.633375ms)
✔ hasPendingWaveMerge is false when every terminal wave is recorded (0.453834ms)
✔ recordWaveMergeResult records forceMerged flag and updates existing wave row (0.125458ms)
✔ resolveWorkerBackend defaults to subprocess (0.595917ms)
✔ resolveWorkerBackend honors agentSession flag (0.075ms)
✔ validateWorkerBackendConfig rejects invalid values (0.109333ms)
✔ validateSpineConfig accepts optional workerBackend (0.249583ms)
✔ settings registry validates workerBackend enum case-sensitively (0.145166ms)
✔ buildAgentSessionWorkerPrompt includes PROMPT reference and review hint (2.15775ms)
✔ createStubAgentSession writes .DONE (3.682958ms)
✔ startAgentSessionWorker completes with injected mock session (2.993083ms)
✔ runWorker uses agentSession backend with mock factory (5028.741542ms)
✔ runWorker keeps subprocess default when workerBackend unset (5029.796542ms)
✔ WORKER_BACKENDS lists supported values (0.619625ms)
✔ buildWorkerBackendDoctorCheck reports subprocess as production default (0.136ms)
✔ buildWorkerBackendDoctorCheck warns or fails on opt-in agentSession (0.235ms)
✔ buildWorkerBackendDoctorCheck falls back to subprocess for invalid config (0.042958ms)
✔ DIAGNOSIS_TAXONOMY includes worker_done_missing distinct from worker_orphaned and needs_retry (0.537042ms)
✔ outputIndicatesWorkerDoneMissing matches runner stderr message (0.112584ms)
✔ inferWorkerDoneMissingFailure reads task.failed payload from journal (0.188292ms)
✔ buildHeadline and buildSuggestedCommand for worker_done_missing cite worker log (0.320375ms)
✔ reconcileBatch diagnoses worker_done_missing for issue #18 journal pattern (1058.613083ms)
✔ buildDiagnosisOutput bundles worker_done_missing headline and retry command (0.224ms)
✔ resolvePiSpineRoot defaults to pi-spine package root (0.595542ms)
✔ resolvePiSpineRoot honors development.piSpineRoot override (3.676541ms)
✔ buildWorkerChildEnv sets PI_SPINE_ROOT for worker spawn (4.193666ms)
✔ validateWorkerLaunchScriptPath requires scripts/ prefix (2.851083ms)
✔ validateWorkerLaunchScriptPath rejects traversal (0.806125ms)
✔ validateWorkerLaunchScriptPath rejects symlink escape (2.158875ms)
✔ resolveSafeWorkerLaunchScript returns default when present (1.58075ms)
✔ validateSpineConfig rejects unsafe development.workerLaunchScript (0.57225ms)
✔ DEFAULT_WORKER_LAUNCH_SCRIPT matches conventional path (0.0965ms)
✔ runWorker classifies launch script fast-fail as launch_failed (5061.411708ms)
✔ appendWorkerAgentModelArgs adds --model when configured and not inherit (0.49375ms)
✔ appendWorkerAgentModelArgs omits --model for inherit and empty (0.075875ms)
✔ appendWorkerAgentModelArgs adds --thinking when set and not off (0.0575ms)
✔ buildWorkerPiArgs includes --model cursor/auto from spine-config (10.156541ms)
✔ buildWorkerPiArgs omits --model when agents.worker.model is inherit (5.5105ms)
✔ parseWorkerDoneMarker accepts legacy empty and text markers (1.489541ms)
✔ parseWorkerDoneMarker accepts structured JSON markers (0.141458ms)
✔ parseWorkerDoneMarker rejects partial JSON markers (0.079958ms)
✔ isWorkerDoneMarkerValid mirrors parseWorkerDoneMarker (0.076208ms)
✔ writeWorkerDoneMarker writes atomic structured JSON (10.005542ms)
✔ readWorkerDoneMarker reports absent marker (1.084542ms)
✔ persistWorkerOutputLog writes atomically without temp leftovers (4.666791ms)
✔ resolveWorkerPiTimeoutMs uses per-size stall floor (0.526208ms)
✔ resolveWorkerPiTimeoutMs honors SPINE_WORKER_PI_TIMEOUT_MS override (0.091792ms)
✔ buildWorkerChildEnv sets SPINE_WORKER_PI_TIMEOUT_MS from stall budget (0.352ms)
✔ buildPiWorkerTimeoutDoctorCheck reports stall-aligned timeout for M floor (0.176709ms)
✔ runWorker terminates hung child after .DONE and returns ok: true (10074.783083ms)
✔ runWorker pre-.DONE stall_timeout still works (5081.196208ms)
✔ buildWorkerTailPrompt includes critical-rules for JS-scoped task (21.06025ms)
✔ buildWorkerContextAsync appends config.standards end-to-end (1.732833ms)
✔ buildWorkerContextAsync emits worker.rules_selected journal event (13.834125ms)
✔ buildWorkerContextAsync falls back to static context without .cursor/rules (1.835209ms)
✔ buildReviewLevelHint delegates code and final review to engine (0.727292ms)
✔ buildCommitBoundaryHint uses SP-064 feat(taskId) convention (0.090458ms)
✔ buildDoneCheckpointHint references done path and uncommitted failure (0.16275ms)
✔ buildWorkerTailPrompt includes tools hint and task id from folder (0.5155ms)
✔ buildWorkerTailPrompt appends worker agent and PROMPT when present (5.1755ms)
✔ shouldSlideStallAnchorOnHeartbeat only slides worker_alive in pi phase (0.440917ms)
✔ computeStallDeadline slides silent stall window when lastAliveAt advances (0.158208ms)
✔ nextStallAnchorAt advances only on pi worker_alive (0.068875ms)
✔ runWorker worker_alive heartbeats extend stall deadline past initial window (10087.095ms)
✔ runWorker silent stall still fails without heartbeats (5140.013875ms)
✔ SP-190 wedge fixture describes hung-child-after-.DONE incident (0.624959ms)
✔ SP-190 wedge class: engine completes within post-done grace (SP-193) (10052.98775ms)
✔ completeBatch removes lane worktrees and journals batch.worktrees_cleaned (1114.785459ms)
✔ dismissBatch removes lane worktrees and journals batch.worktrees_cleaned (1000.021917ms)
✔ completeBatch keeps worktree when cleanupWorktreesOnComplete is false (1072.44575ms)
✔ provisionLaneWorktree normalizes git metadata to relative posix paths (260.540083ms)
✔ repairLaneWorktreeGitMetadata fixes broken absolute gitdir pointers (308.760042ms)
✔ normalizeLaneWorktreeGitPaths is idempotent (242.710125ms)
✔ validateMultiTaskResume repairs unhealthy lane worktree git metadata (404.207417ms)
✔ validateWorktreeSetupHookPath accepts ./scripts/ prefix when file exists (4.414958ms)
✔ validateWorktreeSetupHookPath rejects ./scripts/../ traversal (0.5565ms)
✔ validateSpineConfig rejects unsafe worktreeSetupHook (0.442708ms)
✔ checkWorktreeSetupHook fails preflight for unsafe hook path (0.633167ms)
✔ runWorktreeSetupHook succeeds with JSON stdout (271.975333ms)
✔ runWorktreeSetupHook throws when hook returns ok false (251.166ms)
✔ runWorktreeSetupHook throws on malformed JSON stdout (256.326541ms)
✔ runWorktreeSetupHook is no-op when hook not configured (1.001708ms)
✔ batch help helpers detect help invocations (0.461042ms)
✔ printBatchHelp returns usage text (0.112583ms)
✔ runSpineBatch exits 0 for help without starting a batch (193.517542ms)
✔ spine batch start --help does not create batch state (267.322791ms)
✔ isCliEntrypoint returns true when argv[1] is a symlink to the module (1.1265ms)
✔ isCliEntrypoint returns false for an unrelated script path (0.188375ms)
✔ isCliEntrypoint returns false when argv[1] is missing (0.159375ms)
✔ spine help via symlink produces stdout and exit 0 (93.731667ms)
✔ spine version via symlink produces stdout and exit 0 (625.072625ms)
✔ HANDOFF_DEFAULTS autoWriteOn includes session_start (0.859958ms)
✔ /spine auto-writes handoff on session_start when batch needs attention (1759.158708ms)
✔ /spine skips auto-write when autoWriteOn excludes session_start (915.833583ms)
✔ /spine skips auto-write for idle diagnosis even with session_start enabled (5342.523875ms)
✔ /spine merges default autoWriteOn when config omits handoff.autoWriteOn (2004.887084ms)
✔ formatIssueDraftMarkdown renders all issue checklist sections (0.827791ms)
✔ formatIssueDraftMarkdown applies redaction to section content (0.125042ms)
✔ buildIssueDraftBody returns title, body, and labels for idle repo (3954.702084ms)
✔ buildIssueDraftBody includes batch context and journal tail (7695.221375ms)
✔ buildIssueDraftBody maps issueType to GitHub labels (14623.372334ms)
✔ buildIssueDraftBody rejects invalid issueType (176.73325ms)
✔ buildIssueDraftBody redacts sk- token patterns in title and body (4030.757333ms)
✔ parseJournalFollowArgs reads batch, lane, and json flags (0.914708ms)
✔ resolveFollowBatchId uses reconcile then batch-state (621.026834ms)
✔ formatJournalFollowLine uses summarizeJournalEvent (1.172625ms)
✔ formatJournalFollowOutputLine filters by lane and supports json passthrough (0.167083ms)
✔ readJournalFollowSnapshot prints header once in human mode (12.603208ms)
✔ runJournalFollow exits non-zero when journal missing (0.714666ms)
✔ runJournalFollow exits non-zero when no batch can be resolved (0.564417ms)
✔ runJournalFollow prints existing events without following (12.604625ms)
✔ runJournalFollow defaults batch from batch-state (654.169ms)
✔ spine journal follow exits non-zero when journal missing (95.8935ms)
✔ parseLaneNumber accepts positive integers (0.606334ms)
✔ parseLaneLogsArgs reads lane, task, batch, and follow flags (0.483792ms)
✔ extractTaskIdFromLogFilename parses worker log names (0.080375ms)
✔ resolveLaneLogPath prefers live log when present (6.205625ms)
✔ resolveLaneLogPath falls back to worker-output log (2.942417ms)
✔ findMostRecentLogTaskId picks newest log in lane directory (3.139458ms)
✔ resolveLaneLogTaskId uses explicit task id (0.562208ms)
✔ resolveLaneLogTaskId infers running task from batch state (2.013791ms)
✔ runLaneLogs exits non-zero when lane is missing (0.6165ms)
✔ runLaneLogs exits non-zero when no batch can be resolved (0.862625ms)
✔ runLaneLogs prints existing log without following (657.533166ms)
✔ runLaneLogs prefers live log content (742.705625ms)
✔ spine lane logs exits non-zero when log file missing (830.255666ms)
✔ isExitVerificationTask detects exit verification headings (0.668959ms)
✔ shouldRunContractVerifyForWorker skips stub for normal tasks (0.926ms)
✔ shouldRunContractVerifyForWorker runs stub contract for exit tasks (0.228667ms)
✔ runPhase23ExitVerify --skip-test passes structural checks in repo (16.262291ms)
✔ spine verify phase23-exit CLI is wired (4.428125ms)
✔ runScenariosList prints empty registry message (1.450458ms)
✔ runScenariosList returns sorted scenarios as JSON (13.710625ms)
✔ runScenariosShow returns scenario details (3.177959ms)
✔ runScenariosShow rejects unknown scenario (1.12375ms)
✔ loadScenarioFixture reads incident fixture from registry entry (1.050125ms)
✔ loadScenarioFixture rejects recipe kind (0.262458ms)
✔ materializeFixtureToProject writes batch-state and journal tail (167.772334ms)
✔ assertMaterializeAllowed blocks when batch-state exists (175.21675ms)
✔ runScenariosMaterialize blocks active batch without --force (172.214458ms)
✔ runScenariosMaterialize writes fixture with --force (168.430167ms)
✔ runScenariosMaterialize rejects recipe scenarios (1.460084ms)
✔ spine scenarios CLI routes list and materialize (385.518833ms)
✔ parseSequenceArgs defaults scope to pending and stopOnFailure to true (0.584709ms)
✔ parseSequenceArgs honors wave and attached flags (0.087291ms)
✔ formatSequenceResult emits JSON when requested (0.465834ms)
✔ spine run sequence pending --dry-run prints per-wave land loop commands (397.100583ms)
✔ spine run sequence pending --dry-run --json returns structured payload (345.803375ms)
✔ spine run sequence pending --from-wave 1 limits dry-run to later waves (335.57325ms)
✔ runSpineSequence rejects invalid through-wave with non-zero exit (321.14725ms)
✔ spine run pending still aliases batch start (284.785375ms)
✔ buildSuggestedCommand for state_drift uses retry with task id (0.560542ms)
✔ buildSuggestedCommand for state_drift while running suggests pause then retry (0.068958ms)
✔ buildSuggestedCommand for state_drift without task id falls back to diagnose (0.059209ms)
✔ assembleHandoffData returns idle shape when no active batch (238.835292ms)
✔ assembleHandoffData includes reconciliation fields for active batch (1065.676459ms)
✔ assembleHandoffData redacts secret-like payload fields in journal tail (995.045375ms)
✔ paused batch handoff lists pending tasks and spine batch resume (1032.526291ms)
✔ renderHandoffMarkdown matches golden snapshot structure (1033.371958ms)
✔ redactHandoffText removes KEY TOKEN and SECRET value patterns (0.196417ms)
✔ recordHandoffWritten appends handoff.written journal event (150.7185ms)
✔ handleNext appends handoff path hint when handoff file exists (920.691125ms)
✔ runSpineHandoff --json writes handoff file and returns structured output (958.468666ms)
✔ runInit copies rules profile, discovers manifest, standards default [] (12.976917ms)
✔ runInit dry-run plans rules files without writing (2.059958ms)
✔ rules-manifest.json is not listed in .gitignore (0.187584ms)
✔ parseIssueDraftArgs applies defaults and flags (0.602292ms)
✔ buildIssueDraftBody works in idle repo without batch context (4380.971333ms)
✔ runSpineIssueDraft writes draft file and prints human output by default (4527.455459ms)
✔ runSpineIssueDraft --json returns structured payload without writing file (4822.951042ms)
✔ runSpineIssueDraft --create fails clearly when gh is missing (320.070584ms)
✔ runSpineIssue rejects unknown subcommands (332.521833ms)
✔ spine issue draft routes through spine.mjs help and dispatch (5665.595375ms)
✔ buildIssueDraftBody redacts secret-like values (4297.465167ms)
✔ get-version helpers use spawnSync without shell (9.646ms)
✔ spine help and version route through thin CLI entry (823.048083ms)
✔ spine rejects unknown commands (105.030375ms)
✔ router dispatches plan, status, batch, gate, and integrate (763.207375ms)
✔ spine rules --help lists subcommands (114.58625ms)
✔ runSpineRules discover writes manifest in initialized project (167.835417ms)
✔ runSpineRules select rejects invalid PROMPT before manifest check (200.010291ms)
✔ runSpineRules select uses validated file scope (183.134958ms)
✔ runSpineRules select requires manifest (173.5475ms)
✔ spine rules sync via CLI exits zero in pi-spine repo (126.004583ms)
✔ parseRulesArgv defaults role to worker (0.10025ms)
✔ parseRulesArgv requires review-type for reviewer role (0.297875ms)
✔ runSpineRules select worker default unchanged (174.932209ms)
✔ runSpineRules select reviewer plan uses PROMPT file scope (173.47025ms)
✔ runSpineRules select reviewer final returns empty scope (186.459875ms)
✔ runSpineRules select reviewer code honors baseline (409.754291ms)
✔ spine status prints macro phase for idle repo (177.65725ms)
✔ spine status prints macro phase for active batch (1010.252583ms)
✔ spine status --diagnose verbose signals include macroPhase (980.674625ms)
✔ spine status --json includes macroPhase fields (926.693417ms)
✔ parseDurationMs accepts plain seconds and suffix forms (0.778166ms)
✔ parseDurationMs rejects invalid values (0.248542ms)
✔ parseUntilDiagnoses parses comma-separated diagnoses (0.456541ms)
✔ parseUntilDiagnoses rejects unknown diagnoses (0.087708ms)
✔ parseWaitArgs requires --until and applies defaults (0.115791ms)
✔ parseWaitArgs accepts timeout interval and json (0.079792ms)
✔ parseWaitArgs rejects unknown flags (0.073084ms)
✔ diagnosisMatchesUntil matches only non-null diagnoses in set (0.0765ms)
✔ runSpineWait exits 0 when diagnosis matches (0.292666ms)
✔ runSpineWait exits 1 on timeout and emits final json snapshot (0.191708ms)
✔ runSpineWait polls until diagnosis changes (0.156417ms)
✔ spine wait --json exits 0 when diagnosis matches fixture (1049.039958ms)
✔ spine wait times out with exit 1 (3061.90025ms)
✔ spine wait rejects missing --until (109.039875ms)
✔ spine help lists wait command (103.463792ms)
✔ parseWatchArgs defaults (0.63225ms)
✔ parseWatchArgs accepts interval json and once (0.090375ms)
✔ parseWatchArgs rejects invalid interval (0.236792ms)
✔ parseWatchArgs rejects unknown flags (0.067166ms)
✔ formatWatchHumanLine renders compact reconcile summary (0.082875ms)
✔ formatWatchHumanLine uses idle placeholders when batch absent (0.119709ms)
✔ buildWatchSnapshot includes core fields and progress block when present (0.483375ms)
✔ buildWatchSnapshot prefers explicit progress object (0.080708ms)
✔ runSpineWatch --once human mode prints one line (0.199ms)
✔ runSpineWatch --once json mode prints NDJSON snapshot (0.174958ms)
✔ runSpineWatch polls until once breaks loop without extra reconcile calls (0.108875ms)
✔ spine watch --once integrates with reconcileBatch in idle repo (256.480541ms)
✔ spine watch --json --once emits reconcile snapshot for active batch (1046.49175ms)
✔ spine watch rejects invalid interval (96.466583ms)
✔ spine help lists watch command (97.966291ms)
✔ DIAGNOSIS_TAXONOMY includes needs_replan (0.485042ms)
✔ needs_replan diagnosis messaging matches handoff §9.1 shape (0.633833ms)
✔ buildDiagnosisOutput bundles needs_replan operator fields (0.128042ms)
✔ deriveDiagnosis prefers needs_replan over needs_retry for replan failures (0.287416ms)
✔ needs_replan blocks needs_merge diagnosis when replan task remains (0.074042ms)
✔ reconcileBatch surfaces needs_replan with edit-PROMPT suggestion (964.291292ms)
✔ I-01 progress signals extend stall deadline past hard timeout (0.595375ms)
✔ I-02 spine batch retry resets task and segment with pendingSegments > 0 (174.145167ms)
✔ I-03 spine state validate rejects corrupt batch-state (2.195417ms)
✔ I-04 spine batch abort archives batch-state before clearing active file (169.162333ms)
✔ I-05 wave merge blocked on failed/pending tasks; force-merge override exists (161.547416ms)
✔ I-06 retry refused while batch phase is executing or merging (140.028625ms)
✔ I-07 stall logic uses STATUS, lane commit, and file-scope mtime signals (138.369667ms)
✔ I-08 post-mortem does not claim success when failures exist (1089.2685ms)
✔ I-09 CONTEXT documents serial bootstrap and preflight execution policy (0.608542ms)
✔ I-10 runStepReview fail-closed when review tool unavailable at level > 0 (4.336833ms)
✔ CONFIG_V2_SECTION_DEFAULTS match handoff §6.2 (0.783542ms)
✔ applyConfigDefaults merges missing v2 sections without overwriting existing keys (0.196292ms)
✔ loadSpineConfig merges defaults for legacy config missing v2 keys (5.439708ms)
✔ init scaffold includes v2 config sections from template (3.006334ms)
✔ CONTRACT_DEFAULTS match handoff §3.1 (0.782708ms)
✔ applyConfigDefaults merges contract section (0.223291ms)
✔ validateContractConfig rejects invalid mode (0.142458ms)
✔ validateContractConfig rejects non-array legacyTaskIdPrefixes (0.065958ms)
✔ validateSpineConfig accepts valid contract block (0.187ms)
✔ validateSpineConfig rejects invalid contract.mode via validateSpineConfig (0.065375ms)
✔ discoverCursorRules returns empty manifest when rules root is missing (4.061833ms)
✔ discoverCursorRules excludes brutal-audit rules via profile patterns (13.858959ms)
✔ discoverCursorRules records parse warn entries in manifest rules (1.984125ms)
✔ discoverCursorRules manifest round-trip via atomic write (3.805292ms)
✔ classifyCursorRuleSpineClass prefers always over globs (0.210416ms)
✔ getCursorRuleExclusionReason matches excludeRelPaths exactly (0.198875ms)
✔ expandFileScopeProbes returns empty for empty scope (0.854167ms)
✔ expandFileScopeProbes adds synthetic probes for dir/* and dir/** (0.178416ms)
✔ expandFileScopeProbes keeps literal file paths (0.2575ms)
✔ expandFileScopeProbes expands in-path wildcards (0.082875ms)
✔ ruleGlobsMatchFileScope is false for empty file scope (0.12825ms)
✔ ruleGlobsMatchFileScope matches **/* when file scope is non-empty (0.093917ms)
✔ ruleGlobsMatchFileScope matches JS globs against mjs scope (0.567916ms)
✔ ruleGlobsMatchFileScope matches scope glob entries against rule globs (0.861792ms)
✔ parseCursorRuleFrontmatter returns skip when frontmatter missing (0.9875ms)
✔ parseCursorRuleFrontmatter parses array globs fixture (0.450666ms)
✔ parseCursorRuleFrontmatter splits comma-separated globs (0.144167ms)
✔ parseCursorRuleFrontmatter treats empty globs array as no patterns (0.324542ms)
✔ parseCursorRuleFrontmatter defaults missing globs key to empty array (0.216167ms)
✔ parseCursorRuleFrontmatter coerces alwaysApply booleans (0.160292ms)
✔ parseCursorRuleFrontmatter matches repo comma-separated task authoring layout (0.142166ms)
✔ parseCursorRuleFrontmatter matches general-llm alwaysApply true layout (0.077959ms)
✔ parseCursorRuleFrontmatter matches audit-workflow empty globs layout (0.178166ms)
✔ parseCursorRuleFrontmatter warns on invalid alwaysApply and bad globs (0.198458ms)
✔ DEFAULT_RULES_PROFILE seeds worker include and discovery excludes (0.621541ms)
✔ loadRulesProfile returns built-in defaults when file missing (3.09775ms)
✔ mergeRulesProfile applies neverInclude over alwaysInclude (0.151792ms)
✔ mergeRulesProfile applies reviewer defaults when file omits reviewer (0.071625ms)
✔ mergeRulesProfile applies reviewer neverInclude over alwaysInclude (0.08525ms)
✔ loadRulesProfile rejects invalid JSON with RULES_PROFILE_INVALID (2.161833ms)
✔ validateRulesProfile rejects unsupported profileVersion (0.147584ms)
✔ loadRulesProfile merges partial file overrides (2.50625ms)
✔ validateRulesProfile rejects schema and path traversal errors (0.378084ms)
✔ loadRulesProfile rejects validated file errors (1.715916ms)
✔ selectRulesForReviewer returns empty when reviewer.enabled is false (2.068875ms)
✔ selectRulesForReviewer never selects taskplane-worker-cursor.mdc (0.342292ms)
✔ selectRulesForReviewer selects glob rules when scopePaths match (0.579166ms)
✔ selectRulesForReviewer appends standards without duplicates (0.214459ms)
✔ selectRulesForReviewer respects neverLoad (0.124ms)
✔ selectRulesForReviewer uses profile.reviewer.maxRules cap (8.524958ms)
✔ context path helpers round-trip under .cursor/rules (0.570958ms)
✔ selectRulesForWorker includes alwaysInclude and always-class rules (1.401042ms)
✔ selectRulesForWorker selects JS globs and excludes Swift for JS-only scope (14.039291ms)
✔ selectRulesForWorker matches OWASP for bin/*.mjs scope via scope glob (0.215666ms)
✔ selectRulesForWorker appends standards without duplicates (0.193583ms)
✔ selectRulesForWorker respects neverLoad and neverInclude (0.122334ms)
✔ selectRulesForWorker exports journal-friendly entries shape (0.089792ms)
✔ normalizeTasksRootFromEnv accepts relative and rejects parent traversal (0.6525ms)
✔ applyEnvOverrides: SPINE_MAX_LANES overrides file value (0.449125ms)
✔ applyEnvOverrides: SPINE_TASKS_ROOT overrides paths.tasksRoot (0.118083ms)
✔ applyEnvOverrides rejects invalid SPINE_MAX_LANES (0.147167ms)
✔ loadSpineConfig applies env overrides after file load (178.690083ms)
✔ SPINE_TASKS_ROOT env discovers tasks under alternate root in plan (265.902667ms)
✔ spine settings show reports env source for overridden lanes.maxParallel (404.184542ms)
✔ runDoctorChecks lists effective config with env source (4878.427833ms)
✔ DEFAULT_REVIEWER_CONTEXT_BYTE_CAP is 16KiB (0.539042ms)
✔ buildReviewerContext skips when .cursor/rules is missing (2.816084ms)
✔ buildReviewerContext does not inject referenceDocs (6.009792ms)
✔ buildReviewerContext truncates at byte cap (11.387916ms)
✔ buildReviewerContext emits reviewer.rules_selected journal event (16.185584ms)
✔ buildReviewerContext degrades gracefully on invalid rules profile (9.847417ms)
✔ buildReviewerContext selects rules for scoped plan review (3.218666ms)
✔ emitReviewerRulesSelected is no-op without journal context (0.151916ms)
✔ SETTINGS_FIELDS lists editable paths including reviewer per-type pins (1.01075ms)
✔ listEditableFields returns shallow copies (0.126333ms)
✔ parseSettingPath rejects unknown path (0.137417ms)
✔ parseSettingPath accepts registered path (0.065375ms)
✔ lanes.maxParallel accepts valid integer and coerces string (0.135292ms)
✔ lanes.maxParallel rejects below min and above max (0.108541ms)
✔ gates.requireBeforeIntegrate accepts booleans and CLI strings (0.137458ms)
✔ agents.worker.model accepts inherit and optional empty (0.10275ms)
✔ agents.worker.thinking accepts enum values case-insensitively (0.12275ms)
✔ agents.reviewer.model accepts inherit and optional empty (0.109958ms)
✔ agents.reviewer.thinking accepts inherit and enum values (0.075875ms)
✔ agents.reviewer.plan.model accepts per-type override values (0.055708ms)
✔ agents.reviewer.code.thinking accepts per-type inherit (0.050958ms)
✔ dashboard.port accepts valid port range (0.066583ms)
✔ lanes.workerBackend accepts registered enum values (0.05825ms)
✔ validateSettingValue rejects unknown path (0.0565ms)
✔ src/cli and src/migrate do not import from bin/ (20.164167ms)
✔ src/** has no bin/ imports (16.757875ms)
✔ spine-config template defaults mirror package.json script patterns (0.677542ms)
✔ init applies testing defaults including coverage command (5.160541ms)
✔ dogfood spine-config has non-empty testing fields (0.313084ms)
✔ buildTestingEvidenceDoctorChecks warns on empty build when collectBuildEvidence (0.118625ms)
✔ buildTestingEvidenceDoctorChecks warns on empty test when collectTestEvidence (0.085375ms)
✔ buildTestingEvidenceDoctorChecks passes when commands configured (0.451084ms)
✔ buildTestingEvidenceDoctorChecks treats collectTestEvidence default as enabled (0.060208ms)
✔ SPINE_GITIGNORE_ENTRIES includes run-metrics.jsonl (0.4665ms)
✔ ensureGitignoreEntries adds run-metrics path on fresh init (3.245167ms)
✔ isMergeOriginMainTask detects merge-origin-main packet shapes (0.595625ms)
✔ checkOrchMergeConflictWarn passes without pending merge-origin-main tasks (954.587458ms)
✔ checkOrchMergeConflictWarn warns on PRD + manifest divergence with merge-origin-main pending (842.622916ms)
✔ runBatchPreflight and plan check surface orch merge conflict warning (2061.832875ms)
✔ checkPrelandedFileScopeWarn passes when no stale pending tasks (426.6345ms)
✔ checkPrelandedFileScopeWarn warns for prelanded fileScopeMustChange (587.258625ms)
✔ runBatchPreflight and plan check surface prelanded file-scope warning (1458.900083ms)
✔ checkGitClean passes when only metrics file has append-only drift (431.504959ms)
✔ checkGitClean fails when metrics file content is truncated (372.150792ms)
✔ checkGitClean passes when metrics file is gitignored and not tracked (284.90375ms)
✔ runDoctorChecks warns when metrics file is git-tracked (4874.438458ms)
✔ tsconfig.batch.json scopes checkJs hot paths (1.944708ms)
✔ npm run typecheck validates extensions and batch hot paths (3999.056959ms)
✔ normalizeContextPathList rejects non-arrays (0.927666ms)
✔ buildWorkerContext honors neverLoad and byte cap (28.199417ms)
✔ buildWorkerTailPrompt injects configured standards (6.483167ms)
✔ buildWorkerContextAsync uses auto selection when cursor rules exist (18.456084ms)
✔ spine init defaults standards to [] for auto-discovery (SP-093) (19.041125ms)
✔ validateSpineConfig rejects invalid referenceDocs (0.194958ms)
✔ loadContextDocEntries stops at byte cap (2.065625ms)
✔ DEFAULT_WORKER_CONTEXT_BYTE_CAP is 32KiB (0.163417ms)
✔ validateWorkerLaunchScriptPath accepts ./scripts/ prefix when file exists (11.661084ms)
✔ validateWorkerLaunchScriptPath rejects ./scripts/../ traversal (3.617958ms)
✔ COVERAGE_THRESHOLD is 77 (0.583208ms)
✔ COVERAGE_INCLUDES scopes src, bin, and extensions (0.471125ms)
✔ FILE_COVERAGE_THRESHOLDS enforces slash-commands.ts floor (0.062125ms)
✔ TEST_GLOBS has bidirectional parity with package.json test script (0.3055ms)
✔ parseAggregateLineCoverage reads all files line percent (0.190167ms)
✔ parseAggregateLineCoverage returns null when summary missing (0.167875ms)
✔ parseAggregateLineCoverage reads coverage:check summary line (0.087ms)
✔ parsePerFileLineCoverage reads per-file rows (0.323459ms)
✔ findFileCoverageFailures reports missing and below-threshold files (0.212875ms)
✔ formatDashboardStartupMessage includes URL, port, and operator hints (0.651625ms)
✔ formatDashboardStartupMessage notes --port source (0.0875ms)
✔ resolveDashboardPortWithSource prefers CLI over config (211.101875ms)

pi-spine dashboard

  Open in browser: http://127.0.0.1:62155/
  Listen:          127.0.0.1:0 (--port)

  While running:   keep this terminal open; dashboard updates via SSE (~2s)

  In another terminal:
    spine status
    spine batch start <task-id>

  → Open http://127.0.0.1:62155/ in your browser

  API:  http://127.0.0.1:62155/api/snapshot
        http://127.0.0.1:62155/api/events

  Stop: Ctrl+C

✔ runSpineDashboard writes startup to stdout before shutdown (445.167458ms)
✔ spine dashboard CLI prints URL before process exits (3227.101208ms)
✔ emptyLaneThroughputStats returns zeroed task-based fields (1.482ms)
✔ computeThroughputTasksPerHour is task-based and guards zero elapsed (0.106292ms)
✔ deriveLaneThroughputStats counts completed and failed journal events per lane (1.422666ms)
✔ deriveLaneThroughputStats includes open running task elapsed through now (0.114083ms)
✔ deriveLaneThroughputStats prefers run-metrics duration when present (0.110083ms)
✔ deriveLaneThroughputStats falls back to journal when metrics missing (0.0945ms)
✔ deriveLaneThroughputStats maps tasks by laneNumber when lane metadata is sparse (0.096708ms)
✔ deriveLanesThroughput returns isolated stats per lane (0.154458ms)
✔ summarizeLaneThroughput aggregates counts and recomputes rate from totals (0.139667ms)
✔ NFR-OBS-02: dashboard SSE poll interval defaults to 2s (0.526375ms)
✔ parity: idle — no batch (325.760584ms)
✔ parity: running batch (1951.1185ms)
✔ parity: needs_retry (2067.53575ms)
✔ parity: limbo_stale (2494.260792ms)
✔ parity: completed_manual after manual merge (2917.918834ms)
✔ parity: needs_integrate (2094.286917ms)
✔ parity: completed after integrate (1874.799958ms)
✔ parity: failed phase still reconciles consistently (1830.752959ms)
✔ assertLoopbackHost throws for 0.0.0.0 (0.648041ms)
✔ formatSseDataFrame valid data: line (0.215167ms)
✔ dashboard server serves browser view-model dependency graph (184.861375ms)
✔ dashboard server serves snapshot and one SSE frame (199.954375ms)
✔ resolveLaneActivityPhase: heartbeat pi → worker (0.663042ms)
✔ resolveLaneActivityPhase: open code review.started → code review (0.116208ms)
✔ resolveLaneActivityPhase: open final review.started → final review (0.071042ms)
✔ resolveLaneActivityPhase: closed review.started falls through to worker heartbeat (0.079292ms)
✔ resolveLaneActivityPhase: lane.completed code_rework → rework (0.071125ms)
✔ resolveLaneActivityPhase: no active tasks → em dash (0.059583ms)
✔ buildLaneRows exposes activityPhase fields (0.828708ms)
✔ computeActiveTaskIdsForLane returns running/pending tasks in current wave only (0.995792ms)
✔ computeRunningTaskIdForLane returns at most one running task in current wave (0.116125ms)
✔ computeQueuedTaskIdsForLane returns pending tasks in lane.taskIds order (0.105917ms)
✔ buildLaneRows exposes runningTaskId, queuedTaskIds, and deprecated activeTaskIds union (0.770083ms)
✔ buildLaneRows exposes activeTaskIds separate from batch assignment (0.192875ms)
✔ buildLaneRows attaches per-lane throughput stats from journal (1.356166ms)
✔ resolveLaneHeartbeatMeta reads latest lane heartbeat kind and phase (0.955625ms)
✔ formatLaneHeartbeatDisplay shows launching instead of age (0.139708ms)
✔ dashboard snapshot exposes launching heartbeat display from journal (1133.789375ms)
✔ buildDefaultViewStatus exposes gate missing affordance for needs_integrate (0.233459ms)
✔ idle snapshot diagnosis null matches reconcile (213.826792ms)
✔ running batch fixture has lanes and waves (1116.67675ms)
✔ truncateWorktreePath keeps trailing segments (0.175125ms)
✔ classifyLaneStatus stale when heartbeat old (0.102166ms)
✔ classifyLaneStatus does not mark lane completed when doneInLane but cache pending under engine_orphaned (0.135083ms)
✔ buildWaveProgress marks prior waves completed (0.120041ms)
✔ buildWaveProgress marks last wave completed when all tasks terminal-success (0.077ms)
✔ buildWaveProgress keeps in-flight current wave active (0.056541ms)
✔ diagnosisBadgeClass maps needs_integrate separately from running (0.670292ms)
✔ idle snapshot uses reconcile headline (0.509791ms)
✔ buildActionChips exposes copyable primary and alternatives (0.24225ms)
✔ needs_integrate banner ignores completed phase for badge color (0.10125ms)
✔ needs_integrate without gate record shows default gate affordance (0.167917ms)
✔ buildDashboardViewModel includes all §16.1 panels (0.352834ms)
✔ buildLaneTableModel exposes throughput columns for lanes (0.097541ms)
✔ buildLaneTableSummaryModel aggregates when multiple lanes present (0.092667ms)
✔ buildLaneTableSummaryModel is null for single lane (0.070583ms)
✔ lane-throughput-multi-lane fixture drives throughput column values (2.473917ms)
✔ lane-throughput-multi-lane fixture documents SP-327 throughput field contract (0.433417ms)
✔ buildLaneTableModel exposes heartbeatDisplay for launching lanes (0.124083ms)
✔ dashboard.js uses heartbeatDisplay without double-formatting (0.273625ms)
✔ buildBannerModel uses finalizing badge and macro phase during tail state (0.143625ms)
✔ buildBannerModel reflects gating macro phase during post-merge tail (0.12875ms)
✔ buildBannerModel keeps running badge when workers are active (0.073125ms)
✔ resolveTailActivityLabel prefers recent journal over macro phase during tail (0.183166ms)
✔ buildTailActivityModel exposes lane table subline when lanes are idle during tail (0.106959ms)
✔ resolveTailActivityLabel returns null when running task is active (0.049416ms)
✔ dashboard.js renders lane table tail activity footer row (0.153709ms)
✔ banner uses diagnosis badge class, not macro phase (0.052417ms)
✔ resolveStaticAsset serves dashboard public files and view.mjs (0.40575ms)
✔ dashboard server GET / returns HTML shell (199.034209ms)
✔ running batch view model exposes journal for bottom panel (0.21375ms)
✔ idle snapshot has empty journal via idle flag (0.06175ms)
✔ buildLaneDetailModel exposes recent events and log tail (0.055291ms)
✔ buildLaneTableModel includes lane detail on each row (0.056959ms)
✔ buildLaneRecentEvents returns last five lane-scoped journal entries (0.092166ms)
✔ buildJournalModel filters by lane id (0.050042ms)
✔ buildJournalLaneFilterOptions lists lane ids (0.450375ms)
✔ buildLaneRows attaches recentEvents and logTail from snapshot inputs (183.91075ms)
✔ resolveLaneWorkerLog prefers live log over terminal output (176.32025ms)
✔ dashboard HTML exposes lane detail and journal lane filter hooks (0.518542ms)
✔ dashboard server HTML includes journal lane filter (175.881ms)
✔ spineAgentsUseInherit is true when worker or reviewer effective pin inherits (0.59125ms)
✔ formatReviewerEffectivePins shows resolved per-type model and thinking (0.162875ms)
✔ buildReviewerPerTypePinsDoctorCheck reports effective per-type pins (0.083875ms)
✔ resolvePiDefaultProvider prefers project settings over global (6.150542ms)
✔ buildAgentModelInheritDoctorCheck warns on inherit + lmstudio (0.269667ms)
✔ buildAgentModelInheritDoctorCheck passes when models pinned (0.082875ms)
✔ buildAgentModelInheritDoctorCheck passes when inherit but pi not lmstudio (0.076542ms)
✔ readPiSettingsFile returns null for missing or invalid JSON (0.08675ms)
✔ countMediumLargeTasks counts only M and L sizes with per-size breakdown (12.969375ms)
✔ buildBatchSizeGuidanceWarning returns null below threshold (2.612375ms)
✔ buildBatchSizeGuidanceWarning M-only batch does not mention L (3.203167ms)
✔ formatPlanHuman appends batch size guidance warning (3.528ms)
✔ buildBatchSizeGuidanceWarning mixed batch shows both M and L counts (3.202333ms)
✔ appendBatchSizeGuidanceToPlanOutput skips warning in stub mode (2.851416ms)
✔ isPiWebAccessPackageSource matches npm and path entries (0.648833ms)
✔ detectPiWebAccessExtensionConflict flags npm plus local checkout (1.677459ms)
✔ detectPiWebAccessExtensionConflict ok with single source (0.588709ms)
✔ buildPiExtensionConflictDoctorCheck warns with actionable command (1.060958ms)
✔ shouldWorkerUsePiNoExtensions mirrors conflict assessment (1.242875ms)
✔ isPiExtensionConflictOutput detects worker spawn conflict text (0.139834ms)
✔ resolvePiPackageSourcePath resolves npm and relative entries (0.074167ms)
✔ readPiPackageSources returns empty for missing settings (0.432875ms)
✔ isDisplayLabel matches pi TUI display labels (0.8905ms)
✔ isDisplayLabel rejects canonical ids and invalid strings (0.082333ms)
✔ displayLabelToCanonical converts to provider/model (0.080708ms)
✔ displayLabelToCanonical returns null for non-labels (0.071833ms)
✔ isCanonicalModelId validates provider/model format (0.192209ms)
✔ isCanonicalModelId rejects non-canonical strings (0.05875ms)
✔ normalizeModelId passes canonical ids through (0.230333ms)
✔ normalizeModelId converts display labels to canonical (0.072084ms)
✔ normalizeModelId passes special values through (0.508667ms)
✔ normalizeModelId rejects unrecognized formats (0.1735ms)
✔ normalizeModelId rejects non-string input (0.070416ms)
✔ validateModelIdFormat accepts canonical ids (0.117375ms)
✔ validateModelIdFormat accepts special values and non-strings (0.060459ms)
✔ validateModelIdFormat flags display labels with canonical hint (0.059917ms)
✔ validateModelIdFormat flags unrecognized formats (0.0415ms)
✔ buildAgentModelIdsDoctorCheck passes when all pins are canonical (0.125875ms)
✔ buildAgentModelIdsDoctorCheck fails when display label is in config (0.12225ms)
✔ buildAgentModelIdsDoctorCheck fails on invalid format (0.072375ms)
✔ buildAgentModelIdsDoctorCheck passes when no models configured (0.046ms)
✔ buildAgentModelIdsDoctorCheck skips inherit and empty values (0.04675ms)
✔ settings set normalizes display label to canonical id (0.438667ms)
✔ settings set passes canonical id through unchanged (0.061ms)
✔ settings set rejects invalid model id format (0.041041ms)
✔ settings set allows inherit for model fields (0.57075ms)
✔ settings set rejects invalid model id in JSON mode (0.146917ms)
✔ settings set normalizes worker model display label (0.085875ms)
✔ settings set normalizes per-type reviewer model display label (0.106583ms)
✔ fingerprintRulesManifest ignores generatedAt (0.606292ms)
✔ buildRulesManifestDoctorCheck warns when manifest missing (3.168542ms)
✔ buildRulesManifestDoctorCheck warns when manifest stale (7.7035ms)
✔ resolveSpineOnPath uses which by default (0.567584ms)
✔ readPackageVersion reads package.json version (0.447792ms)
✔ buildStalePathDoctorCheck warns when spine not on PATH (0.177875ms)
✔ buildStalePathDoctorCheck ok when PATH matches package bin (0.127708ms)
✔ buildStalePathDoctorCheck warns on version mismatch (0.855417ms)
✔ buildStalePathDoctorCheck warns on mtime mismatch only (1.593042ms)
✔ isStalePathSpineBlocking true only for stale PATH label (0.083792ms)
✔ isStalePathSpinePreflightBlocking requires version mismatch detail (0.071083ms)
✔ readSpineCliVersion parses spine --version output (797.282375ms)
✔ resolveInProgressSpineBatchId returns batchId for running batch (180.770667ms)
✔ resolveInProgressSpineBatchId returns null for completed batch (197.852625ms)
✔ listStaleSpineWorktreeBatchIds flags dirs without matching active batch (202.336083ms)
✔ buildStaleWorktreesDoctorCheck warns on stale worktree dirs (177.22725ms)
✔ buildStaleWorktreesDoctorCheck passes when only active batch dir exists (213.338083ms)
✔ runDoctorChecks includes stale worktrees warning (7787.260416ms)
✔ buildStallConfigDoctorCheck warns when stall timeout unset for real pi (0.582917ms)
✔ buildStallConfigDoctorCheck passes when stall timeout configured high (0.087542ms)
✔ isStubWorkerMode respects SPINE_WORKER_STUB (0.064875ms)
✔ resolveConfiguredStallMinutes returns null when missing (0.05275ms)
✔ suggestMaxParallel(4) → 2 (0.495208ms)
✔ suggestMaxParallel(8) → 4 (0.057875ms)
✔ suggestMaxParallel(1) → 1 (0.109333ms)
✔ suggestMaxParallel(2) → 1 (0.0665ms)
✔ buildMaxParallelDoctorCheck warns when configured exceeds suggested + 1 (0.202958ms)
✔ buildMaxParallelDoctorCheck no warning when configured matches suggested (0.077541ms)
✔ buildMaxParallelDoctorCheck no warning at default 3 when suggested is 2 (4-core) (0.07625ms)
✔ collectTaskPacketSizeIssues flags XL and too many steps on pending packet (2.852292ms)
✔ collectTaskPacketSizeIssues ignores tasks with .DONE (2.3415ms)
✔ classifyBatchStateSource uses path and content markers (0.587584ms)
✔ assessOrchestratorCoexistence passes when no batch-state files (200.049084ms)
✔ assessOrchestratorCoexistence fails on active Taskplane batch in .pi (2070.978208ms)
✔ assessOrchestratorCoexistence fails when spine and Taskplane batches both active (4956.074625ms)
✔ buildCoexistencePreflightCheck blocks spine start when Taskplane batch active (1837.638208ms)
✔ runBatchPreflight fails with orchestrator-coexistence when Taskplane batch active (3390.663792ms)
✔ runDoctorChecks reports mutual exclusion failure for Taskplane batch (5034.592584ms)
✔ buildCoexistenceDoctorCheck passes when only pi-spine batch is active (1432.604042ms)
✔ buildWorktreeHealthDoctorCheck passes with no worktrees (208.418334ms)
✔ buildWorktreeHealthDoctorCheck flags absolute gitdir (210.685625ms)
✔ /spine-status reports idle reconciliation on clean repo (288.003917ms)
✔ /spine-deps delegates to CLI and notifies graph output (244.814375ms)
✔ /spine-plan succeeds after preflight passes (7205.456292ms)
✔ /spine-dismiss archives limbo batch state (1077.501167ms)
✔ /spine-pause pauses a running spine batch (274.837584ms)
✔ /spine-resume resumes a paused spine batch (1216.436792ms)
✔ /spine-retry-task resets a failed task (294.541792ms)
✔ /spine-skip-task skips a failed task (287.737041ms)
✔ /spine-abort archives an active spine batch (299.239042ms)
✔ /spine-next prints reconciliation suggestion (281.935167ms)
✔ /spine-validate checks pending task packets (320.588833ms)
✔ /spine-handoff writes operator note and notifies (1850.270833ms)
✔ /spine-gate inspects integrate gate state (333.517083ms)
✔ /spine-integrate dry-run reports merge preview (559.690542ms)
✔ /spine-settings shows interactive configuration menu (122.14525ms)
✔ /spine-dashboard notifies listen URL and port source (161.94525ms)
✔ /spine entry warns on limbo_stale diagnosis (861.12ms)
✔ /spine entry warns on needs_retry diagnosis (855.592417ms)
✔ /spine entry reports running batch headline (864.459375ms)
✔ /spine entry starts batch when scope provided after preflight (8142.023917ms)
✔ /spine-deps truncates very large dependency output (1162.039833ms)
✔ parseMigrateArgs rejects --source without value (0.634958ms)
✔ runMigrateFromTaskplane fails when source file is missing (2.224958ms)
✔ runMigrateFromTaskplane refuses overwrite without force (2.908084ms)
✔ runMigrateFromTaskplane dry-run does not write config (1.126875ms)
✔ loadTaskplaneConfig reads repo fixture (0.627333ms)
✔ mapTaskplaneToSpine maps repo fixture to valid spine config (1.048917ms)
✔ mapTaskplaneToSpine honors tasksRootOverride (0.3675ms)
✔ mapTaskplaneToSpine ignores unknown keys (0.330791ms)
✔ mapMaxParallel clamps invalid and excessive values (0.07225ms)
✔ loadTaskplaneConfig fails loud on missing file (0.288792ms)
✔ DEFAULT_TASKPLANE_SOURCE_PATH matches repo layout (0.184667ms)
✔ normalizeFileScopePath strips trailing globs and normalizes separators (0.611875ms)
✔ pathsOverlap detects parent/child and rejects unrelated prefixes (0.073875ms)
✔ fileScopesOverlap detects parent/child directory overlap (1.72625ms)
✔ fileScopesOverlap detects exact file overlap in same wave scenario (0.07825ms)
✔ fileScopePatternsOverlap handles wildcard file globs (0.306625ms)
✔ fileScopePatternsOverlap does not treat dotted sibling paths as overlapping (0.551208ms)
✔ fileScopePatternsOverlap handles literal paths with regex metacharacters (0.42625ms)
✔ expandFileScopeProbes produces nested paths for directory globs (0.139958ms)
✔ findWaveFileScopeOverlaps returns pairs within the same wave only (1.191ms)
✔ findWaveFileScopeOverlaps matches issue #31 parent/child safety paths (0.154417ms)
✔ findWaveFileScopeOverlaps ignores single-task waves (0.278375ms)
✔ planWaves serializes two tasks with the same file to one virtual lane (0.299125ms)
✔ assignLanesToWaves uses glob-aware overlap for wildcard scopes (0.109ms)
✔ formatFileScopeOverlapWarnings lists wave and task pairs (0.115ms)
✔ buildPlan reports file-scope overlaps and serializes conflicting tasks (17.734709ms)
✔ formatPlanHuman shows serial lane as bullet list with titles (0.753125ms)
✔ formatPlanHuman shows parallel lanes and omits tick jargon (0.113375ms)
✔ formatPlanHuman includes start hints for multi-wave plans (0.109375ms)
✔ topoWaves groups tasks into deterministic dependency waves (1.020417ms)
✔ buildGraph includes nodes that only appear as dependencies (0.099834ms)
✔ findCyclePath returns a closed cycle path (0.782875ms)
✔ repo spine-tasks plan has wave0 TP-006||TP-007 and wave1 TP-008 (27.845416ms)
✔ TP-034/038/041 disjoint scopes get three virtual lanes in tick 0 (1.204042ms)
✔ overlapping file scopes share one virtual lane (serialized) (0.116167ms)
✔ buildPlan for TP-034 TP-038 TP-041 lists three lanes in human output (23.6675ms)
✔ spine plan CLI shows three lanes for TP-034 TP-038 TP-041 (148.218292ms)
✔ assignLanesToWaves assigns disjoint file scopes to separate virtual lanes (0.747375ms)
✔ assignLanesToWaves packs overlapping file scopes into same virtual lane (0.132958ms)
✔ assignLanesToWaves respects maxParallel by queueing excess virtual lanes into ticks (0.120417ms)
✔ filterPendingTaskIds excludes tasks with .DONE marker (14.577709ms)
✔ parseScope pending mode returns pending IDs and excluded count (3.613958ms)
✔ parseScope pending throws when all tasks are done (5.408958ms)
✔ buildPlan pending scope preserves dependency waves (23.18675ms)
✔ filterPendingTaskIds excludes tasks with .SUPERSEDED marker (3.557ms)
✔ summarizePendingScope counts excluded tasks (3.082333ms)
✔ runSpinePlan pending with all .DONE returns exit 0 informational output (48.018292ms)
✔ runSpinePlan pending JSON with all .DONE returns synthetic plan (8.647834ms)
✔ runSpinePlan pending with all .DONE does not throw (4.089291ms)
✔ parseScope pending empty error carries structured metadata (6.247791ms)
✔ runSpinePlan pending output includes maxParallel from config (4.629167ms)
✔ buildPlan rejects invalid heading separator (6.498791ms)
✔ buildPlan rejects missing testing coverage (8.244541ms)
✔ buildPlan rejects missing File Scope section (3.167584ms)
✔ runSpinePlan exits with validation errors for invalid PROMPT (5.735292ms)
✔ buildPlan accepts valid PROMPT packets (5.098375ms)
✔ parseScope glob escapes literal dots in path patterns (4.10925ms)
✔ parseScope glob escapes literal parentheses in path patterns (1.214042ms)
✔ parseScope glob with plus in path pattern matches literally (1.394958ms)
✔ parseScope TP-* glob scopes remain unchanged (2.653958ms)
✔ parseScope('all') selects all discovered tasks (14.488791ms)
✔ parseScope('TP-002') selects explicit task IDs (3.136542ms)
✔ parseScope supports glob path patterns (3.024458ms)
✔ resolveWaveTaskIds returns wave task IDs (0.846875ms)
✔ resolveWaveTaskIds rejects out-of-range and empty waves (0.133542ms)
✔ filterPlanToWave narrows plan to one wave (0.682125ms)
✔ parseBatchStartWaveFilter accepts --wave and --through-wave (0.195ms)
✔ parseBatchStartWaveFilter rejects conflicting and invalid flags (0.095791ms)
✔ registerSpineSlashCommands registers all PRD §15.1 command names (0.783583ms)
✔ /spine-retry-task without task id notifies usage error (0.153083ms)
✔ /spine-skip-task without task id notifies usage error (0.122417ms)
✔ /spine-plan notifies error when preflight fails (6805.633541ms)
✔ /spine handler runs preflight before batch guidance (5270.835667ms)
✔ buildDepsReport returns empty graph for isolated task with no deps (242.864ms)
✔ buildDepsReport detects synthetic dependency cycle (282.915542ms)
✔ cycleNodesFromPath deduplicates closing node (0.203625ms)
✔ depsToEdges and formatDepsHuman render dependency flow (0.175208ms)
✔ repo fixture TP-031 scope shows TP-030 dependency edge (12.487834ms)
✔ spine deps CLI emits JSON shape with nodes, edges, cycles, waves (399.870833ms)
✔ spine deps CLI exits 1 when cycle detected (440.496458ms)
✔ findCyclePath returns path for cyclic graph (0.234541ms)
✔ init --preset taskplane-compat --tasks-root taskplane-tasks --dry-run produces expected keys (5.32ms)
✔ init --preset taskplane-compat defaults tasksRoot to taskplane-tasks (2.408417ms)
✔ plain init applies spine defaults without preset flag (1.784625ms)
✔ init rejects unknown preset (0.869167ms)
✔ fresh init creates config, agents, tasks root, and gitignore entries (15.473584ms)
✔ init skips constitution.md when it already exists without --force (8.0325ms)
✔ buildConstitutionMd substitutes project title from directory name (0.381583ms)
✔ init without --force refuses when spine-config.json exists (8.100083ms)
✔ --tasks-root taskplane-tasks sets paths.tasksRoot correctly (6.825459ms)
✔ --dry-run makes no filesystem changes (2.048917ms)
✔ init skips CONTEXT.md when it already exists without --force (6.499458ms)
✔ init --force overwrites existing CONTEXT.md (8.018042ms)
✔ buildContextMd substitutes project title from directory name (0.331833ms)
✔ --dry-run plans CONTEXT.md create without writing files (1.708334ms)
✔ ensureGitignoreEntries appends only missing entries (0.9295ms)
✔ runPreflightPlanCheck builds wave plan during preflight (1598.641916ms)
✔ runReconciliationCheck returns real diagnosis for running batch (1671.922375ms)
✔ checkDoctor fails when doctor reports issues (0.288792ms)
✔ checkStalePathSpine fails when PATH spine version is stale (1.307125ms)
✔ checkGitClean lists up to 20 dirty paths (156.138542ms)
✔ checkNoActiveBatch passes when no batch-state file exists (270.733042ms)
✔ checkNoActiveBatch calls reconciliation when batch-state exists (259.142458ms)
✔ checkTasksRoot validates discoverable task folders (265.402959ms)
✔ checkDependenciesJson validates version and task IDs (274.044ms)
✔ runBatchPreflight passes on initialized clean fixture (1134.587667ms)
✔ runBatchPreflight fails when git working tree is dirty (1010.504792ms)
✔ runPreflightPlanCheck validates pending scope only (SP-122) (271.925084ms)
✔ checkTasksValidate exposes distinct tasks-validate check id (202.143875ms)
✔ runBatchPreflight includes tasks-validate check distinct from plan (1005.419ms)
✔ runBatchPreflight fails on limbo fixture with dismiss suggestion (3373.737584ms)
✔ runBatchPreflight passes when all tasks have .DONE (zero pending) (968.559334ms)
✔ checkGitClean passes when only rules-manifest generatedAt drifted (245.695583ms)
✔ checkGitClean still fails when rules-manifest rules[] differ (231.096083ms)
✔ spine run pending is alias for batch start pending (580.314042ms)
✔ spine run all dry-run matches pending-filtered batch start (438.065833ms)
✔ applySetting merges nested dotted paths (0.653792ms)
✔ runSettingsSetOperation rejects unknown path (0.220375ms)
✔ runSettingsSetOperation rejects invalid value (0.139709ms)
✔ runSettingsSetOperation returns merged config on success (0.30625ms)
✔ writeSpineConfigAtomic writes valid JSON atomically (254.138875ms)
✔ spine settings set updates maxParallel on disk (543.377791ms)
✔ spine settings set rejects bad value (407.086416ms)
✔ spine settings set --dry-run leaves config unchanged (572.419709ms)
✔ spine settings set --json reports write metadata (596.422666ms)
✔ spine settings set exits 1 with suggestedCommand when config missing (671.698583ms)
✔ getValueAtPath reads nested config values (0.578541ms)
✔ formatSettingsShow lists all editable fields in human mode (0.3985ms)
✔ formatSettingsShow returns JSON fields array for all settings (0.576209ms)
✔ formatSettingsShow single path mode prints one value (0.108208ms)
✔ formatSettingsShow rejects unknown path (0.082583ms)
✔ buildSettingsShowFields mirrors registry order (0.247959ms)
✔ spine settings show CLI prints editable fields from temp config (404.1645ms)
✔ spine settings show CLI single path and JSON modes (610.285208ms)
✔ spine settings show CLI exits 1 with suggestedCommand when config missing (697.920333ms)
✔ formatSettingsSlashMenu lists at least five editable fields with set hints (0.7115ms)
✔ runSpineSettingsSlash notifies menu with live config fields (382.282083ms)
✔ runSpineSettingsSlash set subcommand persists a valid change (376.701416ms)
✔ runSpineSettingsSlash set reports usage error without path and value (318.225667ms)
✔ runSpineSettingsSlash reports missing config with suggested init (506.605959ms)
✔ fileScopesOverlap detects parent/child path overlap (0.719209ms)
✔ extractExploreSlugsFromContext finds explore findings paths (0.51075ms)
✔ collectWaveMCountFindings warns when a wave has more than four M tasks (0.112875ms)
✔ collectPromptJsonDepsDriftFindings reports missing JSON entry (0.101833ms)
✔ runSpineTasksAnalyze exits 0 for clean scope (388.157875ms)
✔ runSpineTasksAnalyze reports parallel file-scope overlap as blocking (458.654708ms)
✔ runSpineTasksAnalyze reports dependency cycle as blocking (467.906666ms)
✔ runSpineTasksAnalyze exits 0 when only warnings are present (246.435458ms)
✔ runSpineTasksAnalyze warns for missing explore findings referenced in CONTEXT (292.553542ms)
✔ runSpineTasksAnalyze --json emits AnalyzeTasksResult (344.448917ms)
✔ spine tasks analyze CLI exits 1 for blocking overlap (471.965583ms)
✔ spine tasks analyze CLI exits 0 for warnings-only scope (417.836625ms)
✔ spine help tasks documents analyze subcommand (144.69775ms)
✔ parseContract extracts all five contract fields from a valid table (1.807167ms)
✔ validateContract passes for a valid contract table (1.915042ms)
✔ parseContract and validateContract handle an empty contract table (0.193042ms)
✔ validateContract warns on unknown contract fields (0.117375ms)
✔ parseContract reports duplicate field rows as errors (0.105542ms)
✔ parseContract accepts plain-text testCommand values (0.068875ms)
✔ parseContract returns hasSection false when Contract heading is absent (0.081125ms)
✔ CONTRACT_FIELD_NAMES lists all normative contract fields (0.065416ms)
✔ parseContract resolves see File Scope to File Scope bullet paths (0.869625ms)
✔ parseContract excludes optional File Scope bullets from see File Scope expansion (0.229791ms)
✔ validateContract errors on em-dash placeholders in required mode (0.136042ms)
✔ validateContract errors on see File Scope with empty File Scope section in required mode (0.2495ms)
✔ validateContract warns on placeholders in optional mode (0.086083ms)
✔ parseContract treats em dash contract cells as empty path lists (0.077541ms)
✔ parseContract splits comma-separated paths inside a single backtick wrapper (SP-396) (0.08ms)
✔ parseContract splits comma-separated artifacts inside a single backtick wrapper (0.064834ms)
✔ validateContract warns on comma-in-single-backtick path lists in optional mode (0.181792ms)
✔ validateContract errors on comma-in-single-backtick path lists in required mode (0.1835ms)
✔ mergeDeps unions identical sets from PROMPT and JSON (0.919583ms)
✔ mergeDeps JSON wins when PROMPT and JSON disagree (0.07725ms)
✔ mergeTaskDeps uses golden fixtures end-to-end (2.909042ms)
✔ mergeDeps returns PROMPT deps when JSON has no entry (0.0725ms)
✔ TASK_HEADING_RE requires em dash (U+2014) (0.606625ms)
✔ parsePrompt extracts required sections and steps from golden S fixture (1.374ms)
✔ validatePrompt rejects hyphen separator in heading (0.576916ms)
✔ discoverTasks finds three golden fixtures (8.831416ms)
✔ parsePromptDependencies parses list and Requires forms (0.466166ms)
✔ parseStatus mirrors step numbers and checkbox state (1.852833ms)
✔ getStepProgress aggregates checkbox completion (1.426375ms)
✔ listIncompleteSteps returns unchecked items per step (0.35ms)
✔ FX-invalid-no-testing fails validatePrompt for missing Testing step (1.557166ms)
✔ FX-missing-contract fails validatePrompt in required contract mode (0.377458ms)
✔ FX-valid-contract passes validatePrompt in required contract mode (0.905042ms)
✔ FX-final-replan has Review Level >= 1 for REPLAN integration path (0.26225ms)
✔ formatTasksValidateHuman prefixes summary before failure details (0.731542ms)
✔ runSpineTasksValidate exits 0 for valid PROMPT packets (252.716917ms)
✔ runSpineTasksValidate reports same failure message as planner for invalid PROMPT (340.371875ms)
✔ runSpineTasksValidate returns exit 2 for missing config (280.725208ms)
✔ runSpineTasksValidate returns exit 2 for unresolved scope (230.193542ms)
✔ spine tasks validate CLI exits 0 for valid scope (484.86675ms)
✔ spine tasks validate CLI exits 1 for invalid PROMPT (384.674917ms)
✔ buildTasksValidateResult matches TasksValidateResult schema (0.259875ms)
✔ collectTaskAdvisoryWarnings reports folder, STATUS, and deps mismatches (0.276417ms)
✔ runSpineTasksValidate --json emits TasksValidateResult (175.803208ms)
✔ runSpineTasksValidate --warnings-only keeps exit 0 for advisory issues (198.510625ms)
✔ spine tasks validate CLI --json exits 0 for valid scope (287.542208ms)
✔ spine help tasks documents validate subcommand (111.323917ms)
✔ spine tasks validate CLI exits 2 for config error (286.7555ms)
✔ validateContract warns when fileScopeMustNotChange includes spine-tasks/** (3.271291ms)
✔ validateContract warns when pattern matches current task folder only (0.554958ms)
✔ validateContract is quiet for parallel product-path guards (0.558958ms)
✔ collectFileScopeMustNotChangeWarnings dedupes broad spine-tasks ban over task folder (0.138375ms)
✔ collectFileScopeMustNotChangeWarnings ignores other task folders (0.171458ms)
✔ collectFileScopeMustNotChangeWarnings respects custom tasksRoot (0.142417ms)
✔ collectFileScopeMustNotChangeWarnings skips current-task check without taskId (0.159416ms)
✔ collectStaleFileScopeMustChangeWarnings is quiet when scope paths unchanged since task intro (523.055583ms)
✔ collectStaleFileScopeMustChangeWarnings warns when scope paths changed on main after task intro (533.9985ms)
✔ collectStaleFileScopeMustChangeWarnings ignores tasks without fileScopeMustChange (473.678292ms)
✔ parseReportProgressArgs reads step and checkbox flags (0.533708ms)
✔ reportTaskProgress appends task.step_completed with metadata (1.741625ms)
✔ reportTaskProgress writes journal line on disk (13.634583ms)
✔ reportTaskProgress fails closed without batch context (0.195709ms)
✔ runSpineReportProgress returns non-zero when batchId missing (0.20675ms)
✔ runSpineReportProgress does not write with attach env when attach suppressed (0.906667ms)
✔ requestWorkerGate fails closed without batch context (0.572542ms)
✔ requestWorkerGate returns not_supported for integrate gate (19.382625ms)
✔ requestWorkerGate returns not_supported when no gate record (manual deferred) (0.988375ms)
✔ buildReviewStepCliArgs maps params and adds --stub when SPINE_WORKER_STUB=1 (0.840167ms)
✔ executeSpineReviewStep fails closed without SPINE_TASK_FOLDER (0.219ms)
✔ spine_review_step handler returns APPROVE via stub review (22.701958ms)
✔ spine_review_step handler marks stub spawn failure as tool error (16.718708ms)
✔ spine_review_step skips nested reviewer spawn inside worker session (37.114041ms)
✔ registerSpineWorkerTools registers all three PRD worker tools (0.872666ms)
✔ executeSpineReportProgress appends task.step_completed via tool handler (22.700083ms)
✔ executeSpineReportProgress fails closed without batch context (0.384959ms)
✔ spine_request_gate tool returns structured not_supported shape (3.693834ms)
✔ executeSpineRequestGate fails closed without batch context (0.24025ms)
ℹ tests 1620
ℹ suites 0
ℹ pass 1619
ℹ fail 0
ℹ cancelled 1
ℹ skipped 0
ℹ todo 0
ℹ duration_ms 128026.554042

✖ failing tests:

test at tests/batch/stall-sat020-integration.test.mjs:1:1
✖ tests/batch/stall-sat020-integration.test.mjs (73301.034667ms)
  'Promise resolution is still pending but the event loop has already resolved'

