Contract testCommand failure log
Command: npm run typecheck && SPINE_WORKER_STUB=1 npm test -- tests/batch/sequence-merge-blocked-continue.test.mjs && npm run coverage:check && stet run --strictness lenient --auto-finish-zero --quiet
Exit code: 1
Attempt: 1 of 2
Timestamp: 2026-07-04T19:51:01.068Z
Buffer overflow: no
---

> pi-spine@1.4.0 typecheck
> tsc --project tsconfig.json --noEmit && tsc --project tsconfig.batch.json --noEmit


> pi-spine@1.4.0 test
> SPINE_SUPPRESS_JOURNAL_ATTACH=1 node --experimental-strip-types --test tests/*.test.mjs tests/cli/*.test.mjs tests/compat/*.test.mjs tests/tasks/*.test.mjs tests/config/*.test.mjs tests/config/cursor-rules/*.test.mjs tests/planner/*.test.mjs tests/batch/*.test.mjs tests/agents/*.test.mjs tests/adoption/*.test.mjs tests/dashboard/*.test.mjs tests/doctor/*.test.mjs tests/migrate/*.test.mjs tests/worker-tools/*.test.mjs tests/coverage/*.test.mjs tests/extensions/*.test.mjs tests/batch/sequence-merge-blocked-continue.test.mjs

✔ adoption fixture: init, plan, stub batch AD-001 creates .DONE (12959.418708ms)
✔ adoption integration: REPLAN final verdict surfaces needs_replan diagnosis (11953.978708ms)
✔ worker.md documents spine tools, stall checkpoint, and coverage policy (1.618041ms)
✔ worker.md documents engine-owned code and final review after .DONE (0.415333ms)
✔ reviewer.md documents final PASS REVISE REPLAN verdicts (0.453834ms)
✔ worker-prompt tail aligns with worker.md commit and review conventions (0.2185ms)
✔ buildWorkerTailPrompt does not contradict worker.md on commit format (13.187459ms)
✔ buildAgentSessionWorkerPrompt includes review hint when level > 0 (3.180375ms)
✔ buildWorkerPiArgs omits -ne when no pi-web-access conflict (18.897417ms)
✔ buildWorkerPiArgs includes -ne before -p when extension conflict detected (10.679791ms)
✔ formatPiExtensionConflictHint surfaces pi-web-access remediation (0.343166ms)
✔ abortBatch archives batch-state before clearing active file (1003.106583ms)
✔ abortBatch journals batch.aborted and preserves prior journal tail (1168.044583ms)
✔ abortBatch writes abort signal without killing on graceful abort (1071.16ms)
✔ hard abort removes lane worktree when cleanup enabled (1117.799792ms)
✔ hard abort keeps worktree when cleanupOnHardAbort is false (648.033834ms)
✔ abortBatch fails when no active batch (307.380084ms)
✔ mergeLaneToOrch auto-resolves disjoint adoption doc edits without force-merge (3580.650916ms)
✔ mergeLaneToOrch fails adoption doc merge with recovery commands when hunks overlap (3031.437833ms)
✔ formatAdoptionDocMergeFailure names file and wave recovery (0.217875ms)
✔ agent session abort failure journals lane.worker_abort_failed (1285.208333ms)
✔ formatAttachedMilestoneLine renders land-loop journal types (0.54475ms)
[spine] batch.started
[spine] task.started SP-343
[spine] task.completed SP-343
[spine] batch.merge_started wave=0
[spine] batch.merge_completed wave=0
[spine] gate.opened
[spine] gate.evidence_collecting
[spine] gate.evidence_completed
[spine] batch.completed
[spine] batch.land_loop_finalized

Batch started

Batch 20260704T194625 completed: SP-343 succeeded; merged to orch/spine-20260704T194625.
  → spine gate status
  → spine gate approve
  → spine integrate
  → spine batch complete

Batch 20260704T194625 ready to integrate orch branch to main

  → spine integrate

  Alternatives:
    • /spine-integrate
    • /spine-gate
    • spine status --diagnose

  Batch: 20260704T194625
  Task: SP-343
✔ runSpineBatch attached start returns integrate handoff without process.exit in tests (12120.821583ms)
✔ attached batch CLI subprocess exits after completed with stdout milestones (9881.542875ms)
✔ formatAttachedBatchCliResult includes diagnosis suggested command (0.26775ms)
✔ enforceAttachedEngineSingleOwner fails fast when engine PID is alive (1131.399208ms)
✔ enforceAttachedEngineSingleOwner orphans prior engine with --force (952.759917ms)
✔ resumeBatch rejects second attached resume when engine PID is alive (914.388042ms)
✔ resumeBatchDetached rejects spawn when attached engine PID is alive (842.225583ms)
✔ runAttachedBatchEngine blocks attached start when engine PID is alive (785.882334ms)
✔ isLastWaveIndex matches batch 20260618T000943 wave plan (0.519667ms)
✔ maybeFinalizeAfterWaveMerge opens gate for last-wave post-merge limbo (3385.8665ms)
✔ resumeMultiTaskBatch finalizes post-merge limbo even with stale engine pid (2670.363625ms)
✔ terminateStaleDetachedEngine still clears stale engine during post-merge limbo resume handoff (702.302083ms)
✔ startBatch multi-wave attached path opens gate after wave 1 without resume (15669.568042ms)
✔ attached milestone types include batch.merge_blocked (0.676417ms)
✔ formatAttachedBatchCliResult prints merge failure headline and exits non-zero for merge_blocked (3023.466042ms)
✔ runAttachedBatchEngine streams merge_blocked milestone before merge failure CLI output (2480.977208ms)
✔ mergeEngineStateWithDiskPause adopts operator pause from disk (1336.672709ms)
✔ saveEngineBatchState does not clobber phase paused during heartbeat-style saves (825.964708ms)
✔ enforceOperatorPauseOnDisk re-asserts paused after engine overwrite (1428.699666ms)
✔ pauseBatch confirms when attached engine heartbeat saves honor pause (2307.125292ms)
✔ batch 20260620T194352 fixture is post-merge limbo without gate (990.189166ms)
✔ attemptPostMergeLandLoopHandoff finalizes in-process after SIGTERM-shaped limbo (3241.497ms)
✔ finalizeAttachedPostMergeLimbo is idempotent when gate already open (2078.559333ms)
✔ resume after orphan_terminated journal opens gate for batch 20260620T194352 pattern (2277.410792ms)
✔ installAttachedEngineShutdownHandlers finalizes on SIGTERM without manual resume (2279.786792ms)
✔ terminateStaleDetachedEngine during post-merge limbo still allows resume finalize (1815.952667ms)
✔ shouldAutoIntegrateAfterWave is false by default (0.478708ms)
✔ shouldAutoIntegrateAfterWave is true when configured and not last wave (0.073875ms)
✔ shouldAutoIntegrateAfterWave is false on last wave (0.057458ms)
✔ issue #25: retry unblocks failed phase when only pending tasks remain (6517.630417ms)
✔ issue #25: failed phase with pending-only limbo resumes without --force (2119.76675ms)
✔ retry keeps failed phase when other failed tasks remain (794.969541ms)
✔ diagnosis suggests resume --force for failed-phase pending-only limbo (0.211042ms)
✔ parseSupersededReplacementIds extracts child task IDs (1.099292ms)
✔ assertBatchStartTasksNotSuperseded rejects superseded IDs (1685.224667ms)
✔ assertBatchStartTasksNotSuperseded allows pending IDs (1154.632958ms)
✔ assertBatchStartTasksNotSuperseded honors --force-superseded (1160.722125ms)
✔ resolveBatchStartScope rejects explicit superseded task IDs (828.715167ms)
✔ resolveBatchStartScope allows superseded IDs with forceSuperseded (404.265375ms)
✔ startBatch dry-run rejects superseded explicit scope (498.361209ms)
✔ startBatch dry-run allows superseded scope with forceSuperseded (636.323334ms)
✔ parseBatchArgs maps --wave on start to waveFilter (0.67475ms)
✔ parseBatchArgs strips --wave value from scope for wave 0 (0.10075ms)
✔ buildAttachedBatchStartArgv forwards waveFilter to detached engine (0.49275ms)
✔ startBatch dry-run with pending scope and --wave 0 selects planner wave 0 (1550.370166ms)
✔ startBatch dry-run with --wave selects planner wave task IDs (1168.627792ms)
✔ wave-filtered dry-run matches explicit wave task scope dry-run (1156.899458ms)
✔ evaluateBatchStateWriteGuard rejects writes from non-owner live engine (11.859125ms)
✔ saveSpineBatchState rejects resurrecting archived batch cache (18.869958ms)
✔ resolveStallConfig defaults checkpoint warning and no file-scope grace extension (0.55175ms)
✔ file-scope mtime is activity only — does not extend stall deadline by default (0.187083ms)
✔ checkpoint signals extend grace; STATUS update moves deadline (0.079541ms)
✔ shouldEmitCheckpointWarning after activity without checkpoint threshold (0.111875ms)
✔ resolveScopedDirtyPaths limits porcelain to file scope and task folder (459.379458ms)
✔ lane.checkpoint_warning journal event and diagnose hints (24.200458ms)
✔ extractJournalDiagnosisHints omits stale checkpoint_warning older than 30 minutes (0.1875ms)
✔ collectProgressSignals includes dirtyPaths for scoped changes (718.089625ms)
✔ runFinalReviewPhase fails fast with contract_failed and does not consume finalAttempts (7285.663333ms)
✔ reconcileBatch surfaces contract_failed headline for failed task (1711.465417ms)
✔ verifyContract satisfies pre-landed fileScopeMustChange when testCommand and artifacts pass (2381.479666ms)
✔ verifyContract still fails pre-landed scope when testCommand fails (6934.362708ms)
✔ verifyStubFileScopeMustChange passes delivery-only STATUS when source scope pre-landed (1158.029375ms)
✔ verifyContract passes delivery-only STATUS.md fileScopeMustChange contract (1018.266333ms)
✔ resolvePromptRelPath derives task PROMPT from spine-tasks delivery changes (466.918417ms)
✔ isFileScopePatternPrelanded detects scope changed on main after task intro (507.154708ms)
✔ testCommand fails once then succeeds on retry — contract passes (166.004917ms)
✔ testCommand fails all retries — contract_failed as before (127.426708ms)
✔ retry count configurable via spine-config contract.testRetries (271.044375ms)
✔ failed output captured to .reviews/ directory (97.167166ms)
✔ no retry when testCommand succeeds first time (no performance cost) (74.242958ms)
✔ writeContractFailureLog creates log file with header (28.547375ms)
✔ writeContractFailureLog returns null when taskFolder is undefined (0.43325ms)
✔ CONTRACT_TEST_DEFAULT_RETRIES is 1 (0.133084ms)
✔ CONTRACT_TEST_RETRY_DELAY_MS is 5000 (0.242292ms)
✔ multiple failure logs captured across retry attempts (216.674208ms)
✔ parseContract extracts stallTimeoutMinutes and extendGraceOnFileScope (1.140792ms)
✔ resolveTaskStallMinutes uses max of global, size floor, and contract override (0.113ms)
✔ resolveStallConfigForTask applies contract stallTimeoutMinutes to stallTimeoutMs (0.120084ms)
✔ resolveStallConfigForTask honors contract extendGraceOnFileScope (0.066833ms)
✔ resolveWorkerPiTimeoutMs aligns with contract stall budget (0.093625ms)
✔ runWorker with contract stall override survives beyond global stall budget (scaled) (5148.833958ms)
✔ runWorker without contract override stalls at scaled global budget (5172.391459ms)
✔ isDeliveryArtifactPath accepts STATUS.md-only patterns (0.709375ms)
✔ isDeliveryArtifactPath accepts .DONE-only patterns (0.176541ms)
✔ isDeliveryArtifactPath accepts task-folder delivery globs (0.114542ms)
✔ isDeliveryArtifactPath rejects implementation and tasks-root paths (0.088291ms)
✔ isImplementationScopePattern detects source and tooling roots (0.065792ms)
✔ isStubDeliveryOnlyScope is true for delivery-only pattern sets (0.098042ms)
✔ isStubDeliveryOnlyScope rejects mixed implementation and delivery patterns (0.056709ms)
✔ isStubDeliveryOnlyScope rejects empty pattern lists (0.067584ms)
✔ isDeliveryArtifactPath honors custom tasksRoot (0.17025ms)
✔ resolveTaskStartCommit returns distinct start commits for serialized lane tasks (0.653958ms)
✔ resolveTaskStartCommit prefers task.started payload commit over prior lane.committed (0.096333ms)
✔ resolveTaskStartCommit returns null when task.started is missing (main...HEAD fallback) (0.07475ms)
✔ resolveTaskStartCommit resolves git HEAD at task.started timestamp when journal lacks commit (1205.084833ms)
✔ CONTRACT_TEST_COMMAND_MAX_BUFFER exceeds legacy 256KB limit (0.489625ms)
✔ runContractTestCommand captures large stdout without killing child (96.424667ms)
✔ runContractTestCommand surfaces ENOBUFS with scoped testCommand guidance (157.928083ms)
✔ verifyContract reports buffer overflow with scoped testCommand guidance (5282.967917ms)
✔ listChangedFiles with sinceCommit scopes diff to commits after anchor (1979.659875ms)
✔ listChangedFiles without sinceCommit preserves baseBranch...HEAD (1146.425709ms)
✔ verifyContract with sinceCommit ignores prior same-lane task fileScopeMustNotChange violations (1872.118208ms)
✔ verifyContract without sinceCommit preserves cumulative lane branch behavior (539.390084ms)
✔ verifyContract passes when testCommand exits 0 (59.220792ms)
✔ verifyContract fails when testCommand exits non-zero (59.068292ms)
✔ verifyContract checks artifactsMustExist paths in worktree (103.895792ms)
✔ verifyContract expands glob patterns in artifactsMustExist (134.408625ms)
✔ verifyContract returns ok with empty checks when contract has no verify fields (45.433917ms)
✔ verifyContract enforces fileScopeMustChange and fileScopeMustNotChange (874.8035ms)
✔ verifyContract checks minLineCoverage from command output (62.600833ms)
✔ shouldRunContractVerify skips legacy TP-* tasks and absent contract sections (0.257083ms)
✔ matchesContractPattern supports glob paths (0.217208ms)
✔ parseAggregateLineCoverage parses coverage table rows (0.160291ms)
✔ SP-193-shaped placeholder contract fails validateContract in required mode (1.401583ms)
✔ verifyContract passes SP-193-shaped contract when scoped files changed (755.535333ms)
✔ fileScopeMustChange trailing-slash pattern matches files under directory prefix (1026.497458ms)
✔ fileScopeMustChange trailing-slash pattern fails when no files under prefix changed (685.16175ms)
✔ fileScopeMustChange exact-path and glob behavior preserved alongside trailing-slash (692.575083ms)
✔ waitForDetachedBatchResume waits for integrate gate after batch completes (707.217916ms)
✔ waitForDetachedBatchResume completes without gate when integrate gate not required (403.769166ms)
✔ prepareDetachedResumeEngineHandoff terminates stale engine before resume spawn (63.907084ms)
✔ resolveDefaultResumeWaitTerminal returns true for engine_orphaned without flags (0.474542ms)
✔ resolveDefaultResumeWaitTerminal respects explicit flags (0.085833ms)
✔ detectPostMergeLimboForResume matches journal-only limbo for batch 20260629T210738 (1172.085583ms)
✔ postMergeLimbo diagnosis suggests spine batch resume --force (0.268667ms)
✔ resumeBatchDetached --force finalizes journal-only limbo without spawning engine (3700.703167ms)
✔ detached batch start opens integrate gate after stub engine completes (9350.625208ms)
✔ timeout_waiting_for_batch with dead enginePid reconciles as engine_orphaned not running (1774.391417ms)
✔ startBatchDetached persists spawn enginePid before wait on timeout failure path (31473.780125ms)
✔ parseBatchArgs defaults to detached start (attached flag off) (0.733208ms)
✔ parseBatchArgs --attached opts into foreground engine (0.082667ms)
✔ buildAttachedBatchStartArgv forwards scope and skip-preflight (0.538375ms)
✔ formatDetachedBatchStartOutput includes monitor hints (0.232416ms)
✔ batch start returns quickly and runs engine in background (8956.3ms)
✔ parseBatchArgs resume defaults to detached (attached flag off) (0.196625ms)
✔ buildAttachedBatchResumeArgv forwards force (0.081542ms)
✔ formatDetachedEngineOutput includes resume wording (0.107ms)
✔ waitForDetachedBatchResume returns engine_started by default (668.500333ms)
✔ waitForDetachedBatchResume with waitTerminal returns resume_completed (893.360875ms)
✔ collectDetachedFailureDiagnostics includes task.failed summary and log tails (318.574833ms)
✔ parseBatchArgs accepts --wait-terminal (0.182166ms)
✔ batch resume returns quickly and runs engine in background (9481.2225ms)
✔ inferLaunchFailureKind ignores DirtyWorktree exitReason (0.598041ms)
✔ buildHeadline prefers DirtyWorktree over worker launch (0.298375ms)
✔ buildSuggestedCommand for DirtyWorktree suggests coverage cleanup and retry (0.147292ms)
✔ buildHeadline surfaces review_exhausted primary failure (0.120709ms)
✔ buildSuggestedCommand for review_exhausted suggests batch retry (0.070209ms)
✔ buildHeadline surfaces contract_failed primary failure (0.071208ms)
✔ buildSuggestedCommand for contract_failed suggests PROMPT edit and retry (0.083708ms)
✔ buildDiagnosisOutput bundles primary failure class without launch headline (0.117542ms)
✔ reconcileBatch aligns hasFailedTasks with segment drift and DirtyWorktree headline (1870.218917ms)
✔ reconcileBatch diagnoses review_exhausted from failed task exitReason (1637.92225ms)
✔ buildHeadline surfaces PI_SPINE_ROOT launch failure (0.710875ms)
✔ buildHeadline surfaces lane commit failures after worker completion (0.196083ms)
✔ buildSuggestedCommand prefers spine doctor for launch failures (0.293208ms)
✔ inferLaunchFailureKind reads worker output hints from journal (0.20525ms)
✔ extractJournalDiagnosisHints prioritizes setup hook and merge blocked events (1.495ms)
✔ formatMixedOutcomeMessage lists succeeded tasks and spine batch retry guidance (0.159959ms)
✔ reconcileBatch diagnoses launch failure wave from fixture (1892.343292ms)
✔ buildDiagnosisOutput bundles launch failure headline and command (0.200417ms)
✔ DIAGNOSIS_TAXONOMY includes worker_orphaned distinct from needs_retry (0.61275ms)
✔ inferLaunchFailureFromWorkerOutputTail reads PI_SPINE_ROOT hints from log tail (0.115167ms)
✔ buildSuggestedCommand prefers abort for ghost running cluster (0.125375ms)
✔ buildHeadline surfaces worker_orphaned launch failure from worker output context (0.235083ms)
✔ worker_orphaned after plan review nested_spawn_blocked suggests batch retry (0.115625ms)
✔ dead lane workerPid diagnoses worker_orphaned not needs_retry (1895.75025ms)
✔ dead workerPid after lane.completed does not diagnose worker_orphaned (1730.580458ms)
✔ worker_orphaned enriches launch headline from worker output log without task.failed (1859.082375ms)
✔ multiple ghost running tasks on one lane prefer spine batch abort (1447.352666ms)
✔ segment drift still diagnoses needs_retry (1263.68525ms)
✔ buildDiagnosisOutput bundles worker_orphaned headline and command (0.213875ms)
✔ isRunningWithoutActiveWorkers is false when workers are active (0.724167ms)
✔ isRunningWithoutActiveWorkers detects all-terminal tail state (0.089417ms)
✔ buildRunningTailHeadline maps macroPhase merging to operator text (0.462833ms)
✔ buildRunningTailHeadline maps gating / post-merge limbo (0.157917ms)
✔ buildHeadline preserves generic running when workers are active (0.195167ms)
✔ deriveMacroPhase uses journal merge tail when diagnosis is running without workers (0.24425ms)
✔ deriveMacroPhase stays executing when workers are active (0.069667ms)
✔ tail-state fixture reconciles without bare is running headline (1669.923375ms)
✔ tail-state headline matches batch 20260701T031142 shape via buildHeadline (0.2385ms)
✔ isCoverageArtifactPath matches extension/coverage and root coverage dirs (0.515417ms)
✔ isPathInFileScope matches exact paths and directory prefixes (0.106667ms)
✔ filterOutOfScopeCoveragePorcelain drops modified coverage outside file scope (0.126625ms)
✔ filterOutOfScopeCoveragePorcelain keeps in-scope coverage modifications (0.065583ms)
✔ restoreOutOfScopeCoverageArtifacts resets tracked coverage files (745.542625ms)
✔ resolvePostLaneCommitPorcelain restores and filters out-of-scope coverage (650.655875ms)
✔ commitLaneAndValidateWorktree succeeds when only out-of-scope coverage is dirty (1151.639792ms)
✔ commitLaneAndValidateWorktree fails when dirty without .DONE (878.783375ms)
✔ isWorktreeDeletionPorcelainLine matches unstaged deletions (0.513208ms)
✔ isSymlinkOnlyDriftPorcelain is true only for deletion-only porcelain (0.097958ms)
✔ filterSetupHookSymlinkDriftPorcelain clears deletion-only drift (0.07475ms)
✔ parseLaneWorktreeIdentity extracts batch and lane from worktree path (0.513667ms)
✔ resolvePostLaneCommitPorcelain repairs hook symlink drift (1689.226084ms)
✔ commitLaneAndValidateWorktree succeeds when hook symlink drifts after PASS (1738.723959ms)
✔ dismissBatch kills live stub worker PID and journals lane.worker_terminated (1820.893417ms)
✔ shouldRunCodeReview requires review level 2 or higher (0.554292ms)
✔ findCodeReviewStepNumber prefers step with code review checkpoint (3.570667ms)
✔ findCompletedCodeReview honors journal review.completed code APPROVE (1.735916ms)
✔ findCompletedCodeReview honors step artifact APPROVE for code review step (4.783792ms)
✔ runTaskOnLane runs engine code review for RL2 without worker nested spawn (6519.616083ms)
✔ runTaskOnLane skips engine code review when review level is 0 (6209.273542ms)
✔ runTaskOnLane skips engine code review when review level is 1 (6300.007625ms)
✔ runTaskOnLane honors journal review.completed code APPROVE without duplicate spawn (6304.441875ms)
✔ runTaskOnLane re-invokes worker after code REVISE and succeeds on APPROVE (11010.725667ms)
✔ resolveReviewSpawnTimeoutMs aligns with stall budget for M tasks (0.954125ms)
✔ runStepReview journals review.failed with review_timeout on hung spawn (274.078125ms)
✔ async reviewer spawn does not block the event loop while waiting for timeout (338.5465ms)
✔ startBatch opens integrate gate before batch.completed journal event (8709.791875ms)
✔ startBatch serializes multiple tasks on one physical lane (14554.674708ms)
✔ startBatch runs disjoint-scope tasks on separate lanes in parallel (9008.47925ms)
✔ startBatch records lane commit before task.completed (8673.000666ms)
✔ runTaskOnLane emits task.failed not task.completed when lane commit fails (5609.991375ms)
✔ validateSpineConfig accepts worktreeSetupIgnorePaths (0.295584ms)
✔ engine_orphaned diagnosis suggests retry when task id known, attached resume otherwise (0.561708ms)
✔ dead engine with phase running passes validateMultiTaskResume without pause (1096.5225ms)
✔ running phase with live engine pid rejects resume without force (751.704625ms)
✔ reconcile engine_orphaned recommends attached resume for batch 20260618T191236 pattern (1679.117208ms)
✔ engine_orphaned with failedTaskId suggests retry (SP-315) (0.550041ms)
✔ reconcileOrphanRunningState transitions running task to failed with journal events (1030.048333ms)
✔ retryTask succeeds on orphan without manual pause (issue #20 trap) (655.28075ms)
✔ diagnose then retry: suggestedCommand matches working recovery path (1611.183625ms)
✔ resume --force allowed after orphan reconcile when phase was running (610.756042ms)
✔ terminateStaleDetachedEngine SIGTERM stale pid on failed resume (26.890375ms)
✔ runStepReview honors existing final PASS without re-spawn (20.781ms)
✔ runStepReview skips review.failed journal when batch already completed (34.573ms)
✔ startBatch lane branch has commit before merge when stub touches files (8804.760292ms)
✔ startBatch completes single task with stub worker (8418.655958ms)
✔ isExplicitBatchScope treats pending as explicit (0.283584ms)
✔ startBatch all dry-run allows multi-wave pending backlog (465.658625ms)
✔ startBatch pending dry-run excludes done tasks (563.428458ms)
✔ startBatch all fails when every task has .DONE (973.027416ms)
✔ startBatch skips worker when .DONE exists on disk (2332.202667ms)
✔ resolveBatchStartScope normalizes all to pending IDs (478.432041ms)
✔ startBatch explicit IDs still allow multi-wave when scope is not bare all (443.240417ms)
✔ startBatch completes two-lane wave with stub workers (8317.973375ms)
✔ startBatch blocks merge on mixed outcomes (6039.834708ms)
✔ assessWaveMergeEligibility blocks failed and pending tasks (0.545334ms)
✔ collectCoreEvidenceBundle writes summary without complete marker (1556.717208ms)
✔ openIntegrateGate persists gate before extended evidence and journals milestones (1563.7145ms)
✔ openIntegrateGate keeps gate when extended evidence command fails (1359.797708ms)
✔ collectExtendedEvidenceBundle appends to existing refs (1043.691209ms)
✔ parseEvidenceCommandArgv accepts npm run test (1.784083ms)
✔ parseEvidenceCommandArgv preserves quoted arguments (0.155916ms)
✔ parseEvidenceCommandArgv rejects shell command chaining (0.2355ms)
✔ parseEvidenceCommandArgv rejects unknown binary (0.096792ms)
✔ runEvidenceCommand executes allowlisted argv without shell (50.694583ms)
✔ runEvidenceCommand rejects malicious config strings (0.15675ms)
✔ runEvidenceCommand skips empty command (0.0785ms)
✔ runEvidenceCommand rejects disallowed build binary (0.114833ms)
✔ parseEvidenceCommandArgv rejects subshell injection (0.117667ms)
✔ collectEvidenceBundle writes summary and .complete marker atomically (1418.462ms)
✔ collectEvidenceBundle writes rejected output for unsafe testing.test (1057.099916ms)
✔ findCompletedFinalReview honors journal review.completed final PASS (5.790917ms)
✔ findCompletedFinalReview honors latest final artifact PASS (7.240167ms)
✔ runTaskOnLane honors pre-existing worker final review without spawn failure (6144.330125ms)
✔ runTaskOnLane honors journal review.completed final PASS without duplicate spawn (6328.683042ms)
✔ parseFinalReviewVerdict accepts PASS, REVISE, and REPLAN (0.941042ms)
✔ shouldRunFinalReview skips when review level is 0 (0.170916ms)
✔ runTaskOnLane skips final review when review level is 0 (6315.00225ms)
✔ runTaskOnLane journals task.verdict_recorded on PASS final review (6261.033667ms)
✔ runTaskOnLane re-invokes worker after REVISE and succeeds on PASS (11312.106791ms)
✔ runTaskOnLane caps REVISE at maxFinalAttempts with review_exhausted (15785.011167ms)
✔ runTaskOnLane fails with needs_replan and does not keep .DONE (5389.027708ms)
✔ mergeWaveLanesToOrch blocks when a wave task has exitReason needs_replan (159.152083ms)
✔ runEngineFinalReview stub writes final artifact path (1.624542ms)
✔ buildTaskScorecard lists task rows (0.664ms)
✔ openIntegrateGate persists pending gate and journals gate.opened (1694.301084ms)
✔ collectEvidenceBundle writes summary and diff-stat (1474.810458ms)
✔ approve and reject enforce gate FSM (1211.845ms)
✔ rejectIntegrateGate journals gate.rejected (1351.492417ms)
✔ checkIntegrateGate blocks until approved (exit 2) (1548.908417ms)
✔ integrateOrchToBase fails with exit 2 when gate pending (2036.518125ms)
✔ integrateOrchToBase succeeds after gate approval (2317.462084ms)
✔ force integrate requires SPINE_ALLOW_FORCE=1 (431.784125ms)
✔ openIntegrateGateAfterBatchComplete skips non-completed batches (306.901167ms)
✔ runSpineGate CLI approve updates gate record (1448.571542ms)
✔ classifyGitignoredPaths returns empty arrays for empty input (337.172125ms)
✔ classifyGitignoredPaths detects index-tracked gitignored paths (364.704875ms)
✔ classifyGitignoredPaths detects worktree-only gitignored paths (288.400875ms)
✔ classifyGitignoredPaths handles mixed index-tracked and worktree-only (438.557209ms)
✔ formatGitignoredRemediationMessage: worktree-only does not suggest git rm --cached (0.494625ms)
✔ formatGitignoredRemediationMessage: index-tracked suggests git rm --cached (0.078834ms)
✔ formatGitignoredRemediationMessage: mixed suggests both remediation paths (0.063709ms)
✔ commitLaneWorktree: worktree-only gitignored does not suggest git rm --cached (661.828583ms)
✔ commitLaneWorktree: index-tracked gitignored still suggests git rm --cached (491.798875ms)
✔ regression: SP-011 worktree-only coverage after npm test does not suggest git rm --cached (559.424292ms)
✔ resolveHeartbeatKind marks launching as worker_alive only (0.57425ms)
✔ shouldEmitCheckpointWarning skips launching phase (0.155791ms)
✔ buildHeartbeatPayloadFields omits stale checkpoint signals during launching (0.087625ms)
✔ recordLaneHeartbeat journals kind and phase (84.578042ms)
✔ runWorker launching heartbeat does not journal stale STATUS mtime on fast-fail retry (5308.113459ms)
✔ resolveStallConfig applies lane overrides (0.1635ms)
✔ progressSignalsChanged detects STATUS mtime updates (197.982167ms)
✔ computeStallDeadline extends past hard timeout after progress (0.124208ms)
✔ stall false positive avoided when STATUS updates extend deadline (I-01) (0.100125ms)
✔ findLatestStepCompletedMs returns newest matching task.step_completed (0.128417ms)
✔ progressSignalsChanged detects journal task.step_completed (silent tools) (205.79425ms)
✔ activitySignalsChanged detects file-scope mtime updates (FR-WORK-10 / FR-STALL-02) (175.196792ms)
✔ startBatch records lane.heartbeat during stub worker delay (8711.276208ms)
✔ isFastForwardCapableIntegrate detects orch ahead of main (#93) (790.199834ms)
✔ integrateOrchToBase fast-forwards when orch is strictly ahead (#93 batch 20260702T071449) (3103.900583ms)
✔ integrateOrchToBase fast-forwards with generatedAt-only rules-manifest drift on main (#93) (3594.903875ms)
✔ recordBatchBaseSnapshot stores head sha and journals batch.base_snapshot (354.59775ms)
✔ integrateOrchToBase succeeds with uncommitted edits on main (2508.248958ms)
✔ integrateOrchToBase conflict path leaves human checkout and files unchanged (2918.108625ms)
✔ integrateOrchToBase dry-run advertises isolated merge plan (1132.769375ms)
✔ resolveRulesManifestIntegrateDrift restores main when worker manifest matches orch (#22) (731.766625ms)
✔ integrateOrchToBase succeeds with worker manifest drift on main matching orch (#22) (3482.753125ms)
✔ resolveRulesManifestIntegrateDrift blocks unrelated dirty files on main (887.048ms)
✔ resolveRulesManifestIntegrateDrift blocks substantive manifest drift not matching orch (772.735166ms)
✔ resolveRulesManifestIntegrateDrift still clears generatedAt-only drift on main (723.905166ms)
✔ resolveRulesManifestIntegrateDrift clears generatedAt-only dirty manifest on main (721.376958ms)
✔ integrateOrchToBase succeeds with dirty generatedAt-only rules-manifest on main (3559.275666ms)
✔ DEFAULT_SYNC_TIMEOUT_MS is 60 seconds (0.505875ms)
✔ syncPlumbingMergePathsToWorktree returns ok: true on successful sync (682.931583ms)
✔ syncPlumbingMergePathsToWorktree returns ok: false with timedOut on timeout (649.289459ms)
✔ integrateOrchToBase emits integrate.failed with IntegrateTimeout on sync timeout (2599.640291ms)
✔ successful integrate still emits integrate.completed (regression) (2641.832041ms)
✔ partial sync failure returns ok: false with correct failureClass from integrateOrchToBase (3064.418625ms)
✔ assertOrchIntegratable refuses empty orch when mergeResults claim success (640.305125ms)
✔ assertOrchIntegratable requires integrate when orch is ahead of base (534.68925ms)
✔ reconcileBatch reports needs_integrate when batch completed but orch not on main (1480.089875ms)
✔ completeBatch refuses when orch is ahead but not integrated (1258.229875ms)
✔ integrateOrchToBase merges orch into main and journals events (2623.489792ms)
✔ integrateOrchToBase dry-run does not change main HEAD (1163.486667ms)
✔ completeBatch succeeds after integrate lands orch on main (4334.599541ms)
✔ integrateOrchToBase aborts merge on conflict and restores checkout (2668.006166ms)
✔ integrateOrchToBase fails when batch state is missing (0.272583ms)
✔ runSpineIntegrate CLI succeeds when orch tip already matches main (393.479541ms)
✔ PRD §20.2 planner yields wave0 {A,C} and wave1 {B} (495.056125ms)
✔ PRD §20.2 two-lane stub batch completes ABC waves (16296.403666ms)
✔ PRD §20.2 mixed-outcome blocks merge; retry resets wave B for resume (12301.521625ms)
✔ runStepReview with worker attach env does not journal when attach suppressed (10.104958ms)
✔ runSpineReviewStep with worker attach env does not journal when attach suppressed (11.373417ms)
✔ runSpineReportProgress with worker attach env does not journal when attach suppressed (2.241958ms)
✔ readJournalEventsCached returns same events as readJournalEvents (19.734416ms)
✔ readJournalEventsCached returns cached copy on second call without file change (9.666541ms)
✔ readJournalEventsCached invalidates when file mtime changes (24.302625ms)
✔ readJournalEventsCached returns empty array for missing file (1.201708ms)
✔ clearJournalCache forces re-read on next call (12.181125ms)
✔ invalidateJournalCache with matching path clears cache (15.690541ms)
✔ invalidateJournalCache with non-matching path preserves cache (21.846791ms)
✔ readJournalEventsCached handles transition from missing to existing file (15.096625ms)
✔ readJournalEventsCached handles switch between different batch IDs (23.590791ms)
✔ runSpineJournal replay exits non-zero when journal missing (5.093042ms)
✔ runSpineJournal replay prints human table (33.091667ms)
✔ runSpineJournal replay --json returns events array (10.994791ms)
✔ exportJournalJsonl returns null when journal missing (6.756333ms)
✔ runSpineJournal export exits non-zero when journal missing (1.005708ms)
✔ runSpineJournal export writes jsonl to stdout (21.803417ms)
✔ runSpineJournal export --output writes file (12.280292ms)
✔ exportJournalMarkdown returns null when journal missing (3.672084ms)
✔ formatJournalMarkdownTimeline produces stable table shape (1.495958ms)
✔ formatJournalMarkdownTimeline escapes pipe characters in summary (0.110083ms)
✔ runSpineJournal export markdown exits non-zero when journal missing (1.33025ms)
✔ runSpineJournal export writes markdown to stdout (23.720667ms)
✔ runSpineJournal export markdown --output writes file (8.749791ms)
✔ detectBatchStateDrift flags running cache when reconcile sees doneInLane without journal terminal (0.719791ms)
✔ deriveStructuralBatchStateFromJournal rebuilds multi-lane skeleton without cache seed (2.793875ms)
✔ resume-parallel-lane-orphan fixture: journal-only rebuild marks resumed tasks running (0.9875ms)
✔ orphan-running-resume fixture: structural + lifecycle rebuild without seed (1.251667ms)
✔ pidless-ghost-running fixture: post-resume task.started wins over historical failure (1.082291ms)
✔ resume-orphan-historical-failure fixture: rebuild ignores pre-resume failure for active task (0.655542ms)
✔ retry-clears-failed-classification fixture: rebuild fixes stale failed cache (0.911208ms)
✔ retry-clears-failed-classification fixture: detectBatchStateDrift flags cache vs journal (0.535167ms)
✔ incident fixtures rebuild from disk matches in-memory journal rebuild (345.148084ms)
✔ readJournalTimeline filters task and batch lifecycle events (0.540875ms)
✔ rebuildBatchStateFromJournal applies task.completed over stale failed cache (0.829292ms)
✔ detectBatchStateDrift flags journal completed vs cache failed (0.264625ms)
✔ detectBatchStateDrift ignores incomplete journal when cache failed (0.120958ms)
✔ incident orphan-running fixture: journal timeline is readable (334.314625ms)
✔ appendJournalEvent writes schema v1 with ISO timestamp and payload (17.351459ms)
✔ readLastTaskFailedEvent returns most recent task.failed (26.100708ms)
✔ redactSecrets masks sensitive keys (0.321084ms)
✔ capPayloadSize truncates oversized payloads (0.21075ms)
✔ normalizeJournalEvent upgrades legacy lines (0.098959ms)
✔ readJournalEvents reads mixed legacy and v1 lines (22.997459ms)
✔ extractJournalDiagnosisHints surfaces failure events from tail (0.533542ms)
✔ commitLaneWorktree commits dirty worktree when .DONE exists (680.975708ms)
✔ commitLaneWorktree fails loud when dirty without .DONE (293.292042ms)
✔ filterPorcelain drops lines matching ignore patterns by full path (0.28625ms)
✔ filterPorcelain drops lines matching ignore patterns by basename (0.084125ms)
✔ filterPorcelain keeps rename targets when only source matches ignore (0.074333ms)
✔ filterPorcelain returns empty for empty input (0.059125ms)
✔ mergeLaneToOrch rejects empty merge when lane commits were required (613.704667ms)
✔ mergeLaneToOrch prefers orch for conflicts outside lane file scope (1110.838792ms)
✔ mergeLaneToOrch does not auto-resolve in-scope lane conflicts (1236.828375ms)
✔ dismiss archives batch-state before clearing active file (1076.00375ms)
✔ complete with --detect-manual-merge succeeds when orch merged to main (1418.37425ms)
✔ complete refused when mergeResults succeeded but orch not on main (5527.87725ms)
✔ dismiss refused when diagnosis is running without --force (1201.904041ms)
✔ isPostMergeLimbo is true when tasks and merges succeeded with open orch branch (0.526833ms)
✔ isPostMergeLimbo rejects non-running or ended batches (0.087459ms)
✔ isPostMergeLimbo rejects empty or partial task/merge state (0.085583ms)
✔ isPostMergeLimbo respects git orch branch signals (0.573583ms)
✔ isPostMergeLimbo rejects null or non-object state (0.061916ms)
✔ resolveWorkerOutputConfig defaults live log streaming off (0.604625ms)
✔ workerLiveLogPath matches runtime layout (0.090959ms)
✔ truncateLiveLogBytes applies truncation marker when over cap (0.168041ms)
✔ appendWorkerLiveLogChunk redacts secrets and enforces byte cap (5.189125ms)
✔ createWorkerLiveLogWriter returns null when streaming disabled (0.2635ms)
✔ runWorker streams subprocess stub output to live log when enabled (5063.382417ms)
✔ runWorker skips live log when streamWorkerOutputLive is false (5051.179833ms)
✔ runWorker still writes terminal failure log when live streaming enabled (5068.682ms)
✔ startAgentSessionWorker flushes transcript chunks to live log (14.192542ms)
✔ appendWorkerLiveLogChunk rolls file with truncation marker when over max bytes (2.393666ms)
✔ MACRO_PHASES exports all eleven lifecycle values (1.019166ms)
✔ deriveMacroPhase: idle when no batch signals (0.107542ms)
✔ deriveMacroPhase: planning from batch phase (0.123375ms)
✔ deriveMacroPhase: executing for active running batch (0.097708ms)
✔ deriveMacroPhase: merging phase and needs_merge diagnosis (0.065792ms)
✔ deriveMacroPhase: reviewing when review.started is open (0.118875ms)
✔ deriveMacroPhase: gating for pending gate or post-merge limbo (0.081292ms)
✔ deriveMacroPhase: integrating for needs_integrate and open integrate.started (0.089417ms)
✔ deriveMacroPhase: completed, failed, aborted, paused terminal phases (0.096458ms)
✔ fixture running-batch.json reconciles to executing macro-phase (1261.967ms)
✔ fixture taskplane-executing.json maps to executing (0.568875ms)
✔ fixture needs-retry-batch.json maps to failed macro-phase (1392.864709ms)
✔ fixture limbo-stale maps to completed macro-phase (1521.641ms)
✔ all macro-phase enum values are reachable via deriveMacroPhase (0.418667ms)
✔ recordMergeBlocked sets terminal merge_blocked phase and clears enginePid (353.64525ms)
✔ reconcileBatch diagnoses merge_blocked as failed merge, not needs_merge (1453.759792ms)
✔ legacy merging phase with endedAt and failed mergeResults reconciles as failed (1601.177958ms)
✔ findResumableWave skips succeeded merged waves when later wave has pending tasks (0.58625ms)
✔ validateMultiTaskResume allows force resume from merge_blocked (837.181042ms)
✔ buildSuggestedCommand recommends resume --force for merge_blocked phase (0.365375ms)
✔ summarizeMergeFailures extracts failed wave and lane from mergeResults (0.635584ms)
✔ buildMergeFailureHeadline uses 1-based wave number and lane label (0.22325ms)
✔ buildHeadline for failed diagnosis surfaces merge conflict instead of zero failed tasks (0.218125ms)
✔ buildSuggestedCommand for merge failure suggests resume --force (0.129042ms)
✔ buildDiagnosisOutput bundles merge failure headline and command (0.15025ms)
✔ reconcileBatch surfaces merge failure fields distinct from failedTasks (1611.085709ms)
✔ spine status --json includes merge failure fields for monitors (1832.801958ms)
✔ spine status --diagnose prints merge failure details in text output (1210.719416ms)
✔ filterGitignoredPaths separates ignored and stageable paths (619.922833ms)
✔ gitAddFilteredPaths skips gitignored paths without failing (604.225334ms)
✔ mergeLaneToOrch succeeds when task branch committed gitignored coverage (2516.27375ms)
✔ commitLaneWorktree refuses gitignored-only dirty paths (727.115916ms)
✔ commitLaneWorktree commits tracked files while skipping gitignored dirty paths (801.806583ms)
✔ inferMergeGitignoredFailure detects gitignored merge and lane commit failures (0.34025ms)
✔ buildSuggestedCommand returns git rm --cached repair for gitignored merge failures (0.269042ms)
✔ reconcileBatch surfaces gitignored merge repair command from journal (1437.246208ms)
✔ filterPorcelain remains unchanged for SP-104 ignore patterns (0.314458ms)
✔ mergeLaneToOrch auto-resolves additive docs/PRD.md after origin/main merge task (2320.814334ms)
✔ mergeLaneToOrch fails PRD merge with recovery commands when hunks overlap (1495.55075ms)
✔ formatPrdDocMergeFailure names file and wave recovery (0.265667ms)
✔ isActiveWorkerSession true when SPINE_WORKER_RUNNER is set (0.5335ms)
✔ isActiveWorkerSession false outside worker context (0.078458ms)
✔ runStepReview skips nested reviewer spawn when worker env is set (108.264125ms)
✔ runStepReview skips nested plan review spawn when worker env is set (53.506667ms)
✔ runStepReview stub path still works inside worker session (38.554541ms)
✔ runStepReview reaches pi availability check when worker env absent (19.932333ms)
✔ engine parent with leaked worker runner reaches reviewer spawn (19.237208ms)
✔ batch 20260619T020951 SP-306 plan step 0 journals review.skipped not review.failed (52.893333ms)
✔ detectNestedWorkerContext returns reason when SPINE_IS_WORKER=1 (0.587375ms)
✔ detectNestedWorkerContext returns reason when projectRoot is inside .worktrees/spine-* (0.12875ms)
✔ detectNestedWorkerContext returns null for normal projectRoot without worker env (0.116292ms)
✔ startBatch returns error when SPINE_IS_WORKER=1 (15.21825ms)
✔ startBatch returns error when projectRoot is inside .worktrees/spine-* (45.385583ms)
✔ startBatch succeeds normally (no env, normal CWD) — regression (8426.063ms)
✔ buildWorkerChildEnv includes SPINE_IS_WORKER=1 (2.165417ms)
✔ journalEventsSinceResume excludes pre-resume terminal events (4.443792ms)
✔ detectOrphanRunning: historical task.failed + post-resume silence + dead engine (2.0435ms)
✔ resume orphan with historical failure fixture is not diagnosed as running (1458.569208ms)
✔ terminal event within scoped window still suppresses engine orphan (1.393541ms)
✔ journalIndicatesStalledSession: post-resume start without terminal (0.751542ms)
✔ detectOrphanRunning: PID-less ghost running with post-resume journal stall (0.353625ms)
✔ pidless ghost fixture reconcile is engine_orphaned, not running (1274.30825ms)
✔ terminal event within scoped window suppresses PID-less ghost signal (0.369583ms)
✔ isProcessAlive returns false for absent pid (0.549125ms)
✔ resume parallel lane orphan fixture: multiple running on lane 1 (0.959083ms)
✔ resume parallel lane orphan fixture: reconcile is actionable after scoped orphan detect (1270.591042ms)
✔ searchATon orphan incident fixture: dead workerPid is not diagnosed as running (1383.63ms)
✔ dead workerPid with running task is not diagnosed as running (1153.123125ms)
✔ dead enginePid mid-resume without terminal journal is engine_orphaned (1204.912375ms)
✔ running batch without recorded pids still reports running (1365.716667ms)
✔ detectOrphanRunning ignores dead engine when terminal journal exists (0.25125ms)
✔ recordBatchEnginePid persists under resilience and clears on terminal save (501.469084ms)
✔ confirmed pause records batch.paused only after engine persists phase (213.652333ms)
✔ unconfirmed pause does not leave orphan batch.paused journal entry (536.312167ms)
✔ pauseBatch succeeds immediately when no attached engine is alive (374.021709ms)
✔ pauseBatch fails loud when attached engine keeps phase running (596.923917ms)
✔ waitForPauseConfirmation returns true when phase stays paused (316.576333ms)
✔ retryTask succeeds when batch phase is paused (356.383958ms)
✔ retryTask rejects when batch phase is running (212.19ms)
✔ batch 20260630T212050 orphan-after-merge fixture describes GitHub #59 incident (2.722166ms)
✔ batch 20260630T212050 journal fixture is limbo via resume detect but not bare state (818.076458ms)
✔ hydrateMergeResultsFromJournal enables state limbo detection for batch 20260630T212050 (325.414542ms)
✔ finalizeAttachedLandLoopBeforeExit opens gate for batch 20260630T212050 journal limbo (1498.341041ms)
✔ installAttachedExitFinalizeHandlers finalizes journal limbo on SIGTERM without manual resume (1518.938333ms)
✔ batch 20260629T021550 fixture is post-merge limbo without gate (359.088875ms)
✔ attemptPostMergeLandLoopHandoff finalizes batch 20260629T021550 limbo after SIGTERM (1424.831875ms)
✔ resumeBatchDetached --force finalizes post-merge limbo without spawning engine (1325.20975ms)
✔ resumeBatch attached path finalizes batch 20260629T021550 limbo immediately (1863.424791ms)
✔ resumeMultiTaskBatch still finalizes batch 20260629T021550 after orphan_terminated (1518.9095ms)
✔ finalizeResumePostMergeLimbo clears stale engine pid during post-merge limbo (1206.873042ms)
✔ isPostMergeLimbo detects running phase with successful merges (0.495417ms)
✔ deriveDiagnosis returns needs_integrate for post-merge limbo (0.39575ms)
✔ finalizeBatchForIntegrate opens gate from post-merge limbo without resume (1502.13625ms)
✔ resumeMultiTaskBatch opens gate from post-merge limbo without re-running tasks (1271.777417ms)
✔ mixed-outcome post-mortem lists failed IDs and retry hint, not smooth success (977.80625ms)
✔ false-success reconciliation headline is overridden when failures exist (0.345583ms)
✔ listFailedTaskIds prefers classified terminal-failure tasks (0.606541ms)
✔ collectEvidenceBundle summary.md is honest post-mortem markdown (1186.549375ms)
✔ dismissBatch writes post-mortem path into batch history (1329.703291ms)
✔ writeBatchPostMortem persists markdown under runtime batch dir (1283.0265ms)
✔ spine status --verbose includes post-mortem section for active batch (987.780667ms)
✔ resolveStallConfig defaults progressSnapshotIntervalMinutes to 2 (0.547125ms)
✔ resolveStallConfig applies progressSnapshotIntervalMinutes override (0.073167ms)
✔ buildProgressSnapshotPayload is bounded and omits dirty path lists (0.491958ms)
✔ progressSnapshotPayloadChanged detects field deltas (0.100667ms)
✔ shouldEmitProgressSnapshot respects interval (0.07775ms)
✔ recordLaneProgressSnapshot journals bounded payload (84.692958ms)
✔ runWorker emits lane.progress_snapshot on interval and dedupes unchanged signals (10111.071458ms)
✔ startBatch fails closed on invalid PROMPT before batch starts (274.185458ms)
fatal: malformed object name missing-base-branch
✔ inspectGitState records gitInspectionError when merged-branch scan fails (346.033416ms)
✔ deriveDiagnosis returns git_unavailable when git inspection failed (0.421542ms)
✔ reconcileBatch surfaces git_unavailable instead of limbo_stale on git failure (1112.13325ms)
fatal: malformed object name missing-base-branch
✔ reconcileBatch records count_commits_ahead git errors from real git refs (1450.012292ms)
✔ idle-no-batch returns healthy idle state (316.849334ms)
✔ limbo_stale detected from incident fixture (1334.815667ms)
✔ completed_manual when orch branch merged to main (1506.4735ms)
✔ needs_retry when a task failed (995.208125ms)
✔ running diagnosis for active batch (990.270084ms)
✔ runReconciliationCheck matches reconcileBatch output shape (957.364ms)
✔ reconcileBatch includes journal hints when journal exists (955.354042ms)
✔ reconcileBatch exposes macroPhase for running batch (933.811958ms)
✔ reconcileBatch exposes macroPhase for limbo_stale (980.511708ms)
✔ failBatchFromEngineError writes batch.failed and clears enginePid (342.907709ms)
✔ reconcileGhostRunningTasks marks running tasks failed without worker (0.224125ms)
✔ resumeMultiTaskBatch fail-closed when post-commit gitPorcelain throws (6511.028792ms)
✔ resumeBatch opens integrate gate before batch.completed journal event (7488.1605ms)
✔ refreshLaneHeartbeatsOnResume aligns lane heartbeats to engineStartedAt (0.626667ms)
✔ taskAlreadyComplete returns false for failed task with stale .DONE on disk (0.477375ms)
✔ resumeBatch after failed retry runs contract verification before succeed (2433.943958ms)
✔ resumeBatch continues paused 2-task 2-lane batch with stub workers (8278.774ms)
✔ resumeBatch multi path requires existing lane worktrees (358.839ms)
✔ multi-task batch start → pause → resume completes both tasks (8812.957458ms)
✔ paused multi-task batch diagnose suggests multi-task resume (1144.905625ms)
✔ multi-task startBatch completes two-lane stub batch (start path) (7565.222375ms)
✔ resumeBatch serializes four tasks on one lane (23494.554292ms)
✔ resumeBatch runs two lanes with two tasks each in parallel (14133.363417ms)
✔ validateMultiTaskResume accepts paused 2-task 2-lane batch (483.638625ms)
✔ validateMultiTaskResume rejects batch with zero tasks (321.469417ms)
✔ validateMultiTaskResume rejects missing worktree per lane (432.76225ms)
✔ validateMultiTaskResume allows force resume when wave merge is pending (642.906833ms)
✔ validateResumeBatch delegates to multi validator for single-task batch (365.082ms)
✔ resolveDetachedWaitTimeoutMs uses long default for wait-terminal orphan resume (0.510083ms)
✔ prepareOrphanResumeHandoff clears stale workerPid before orphan resume (183.74475ms)
✔ clearStaleLaneWorkerPids preserves live worker pid (149.668583ms)
✔ dual-dead lane+engine orphan reconciles as engine_orphaned with attached resume (1149.259166ms)
✔ attached resume --force completes stuck task after plan review orphan stall (8106.632417ms)
✔ detached resume with wait-terminal uses extended timeout constant (0.22225ms)
✔ taskTerminalSuccessInBatch requires succeeded status and journal task.completed (0.502708ms)
✔ resume --force after partial retry does not review.start succeeded task IDs (8900.782625ms)
✔ pauseBatch sets phase paused and journals batch.paused (225.263167ms)
✔ resumeBatch continues paused single-lane batch (7495.852792ms)
✔ paused spine batch reconciliation suggests spine batch resume (1019.255583ms)
✔ validateBatchState requires segments aligned with tasks (0.265ms)
✔ retryTask clears stale failure metadata before re-run (244.090291ms)
✔ retry then task.completed updates counters and reconcile diagnosis (970.542375ms)
✔ retry-clears-failed-classification fixture reconciles after success state (1011.00525ms)
✔ retryTask atomically resets task and segment records (171.948792ms)
✔ retryTask fixes segment drift (GAP-RETRY-01) (236.531583ms)
✔ resumeBatch refuses segment drift without retry (277.168625ms)
✔ skipTask marks task skipped and updates counters (159.705375ms)
✔ retryTask rejects when batch is running (148.9275ms)
✔ defaultSegmentId used in segment records (0.177375ms)
✔ detectOrphanedReviewStarted finds orphaned review.started with no matching review.completed (0.619667ms)
✔ detectOrphanedReviewStarted returns empty when review.completed exists (0.086292ms)
✔ detectOrphanedReviewStarted distinguishes code and final review types (0.067375ms)
✔ reconcileOrphanedReviewEvents synthesizes completion when APPROVE artifact on disk (22.228041ms)
✔ reconcileOrphanedReviewEvents does NOT synthesize when no artifact on disk (2.663625ms)
✔ reconcileOrphanedReviewEvents does NOT synthesize for REVISE verdict (2.613792ms)
✔ findCompletedCodeReview honors artifact at attempt > 0 (2.149125ms)
✔ normal review flow (no crash) still works correctly (0.150666ms)
✔ reconcileOrphanedReviewEvents handles final review with PASS verdict (13.929ms)
✔ buildReviewerSystemPrompt includes project standards when rules manifest exists (19.815541ms)
✔ buildReviewerSystemPrompt emits reviewer.rules_selected journal event (16.64525ms)
✔ buildReviewRequest user prompt does not include injected standards block (0.321667ms)
✔ runStepReview stub path does not emit reviewer.rules_selected (16.840125ms)
✔ isNoiseReviewScopePath matches runtime artifact paths (0.593625ms)
✔ filterReviewScopeNoise dedupes and drops noise (0.442ms)
✔ resolvePlanReviewScopePaths returns PROMPT File Scope minus noise (4.003542ms)
✔ resolveReviewScopePaths plan uses task PROMPT file scope (3.973ms)
✔ resolveReviewScopePaths final returns empty scope (0.101583ms)
✔ resolveCodeReviewScopePaths uses baseline..HEAD when baseline provided (267.677375ms)
✔ resolveCodeReviewScopePaths falls back to git diff --name-only without baseline (278.40025ms)
✔ resolveReviewScopePaths code honors injectable git runner (0.290958ms)
✔ resolveCodeReviewScopePaths returns empty array when git fails (0.115708ms)
✔ parseReviewLevel reads PROMPT heading (0.687042ms)
✔ isReviewTypeRequired follows Taskplane rubric (0.118958ms)
✔ formatReviewTimestamp strips separators from ISO time (0.978625ms)
✔ buildReviewArtifactPath uses step-timestamp pattern (0.188667ms)
✔ buildFinalReviewArtifactPath uses final-timestamp pattern (0.103708ms)
✔ normalizeVerdict maps enums by review type (0.079ms)
✔ normalizeFinalVerdict and normalizeCodeVerdict are type-specific aliases (0.069833ms)
✔ parseReviewVerdict reads JSON and markdown verdicts (0.484583ms)
✔ parseReviewVerdict accepts PASS REVISE REPLAN when reviewType is final (0.088917ms)
✔ parseReviewVerdict step mode rejects final-only verdict enums (0.171917ms)
✔ parseFinalReviewVerdict accepts PASS, REVISE, and REPLAN (0.120208ms)
✔ parseFinalReviewVerdict omits heading summary unlike parseReviewVerdict (0.089292ms)
✔ shouldRunCodeReview requires review level 2 or higher (0.063041ms)
✔ shouldRunFinalReview skips when review level is 0 (0.054583ms)
✔ DEFAULT_REVIEW_SPAWN_TIMEOUT_MS is 90 minutes (0.47025ms)
✔ honorReviewSpawnFailureWhenEligible honors final review when contract passed (2.11175ms)
✔ honorReviewSpawnFailureWhenEligible skips when contract failed (0.762166ms)
✔ honorReviewSpawnFailureWhenEligible honors code review with .DONE (1.022792ms)
✔ buildReviewerPiArgs includes --model when config pins reviewer (3.853125ms)
✔ buildReviewerPiArgs omits --model when reviewer model is inherit (1.695208ms)
✔ buildReviewerPiArgs uses per-type model override for matching reviewType (1.691041ms)
✔ buildReviewerPiArgs falls back to top-level reviewer pin when per-type block missing (2.600292ms)
✔ buildReviewerPiArgs cascades per-type inherit to top-level reviewer pin (1.183ms)
✔ spawnReviewerPi fails closed when pi unavailable via SPINE_REVIEW_TEST_NO_PI (9.285583ms)
✔ buildReviewerChildEnv strips SPINE_WORKER_RUNNER from reviewer child env (0.337042ms)
✔ shouldBlockNestedReviewerSpawn false when only worker runner leaked on engine (0.099833ms)
✔ spawnReviewerPi allows engine spawn when worker runner leaked without journal attach (3.864875ms)
✔ shouldBlockNestedReviewerSpawn true inside live worker child session (0.267083ms)
✔ parseReviewLevel reads PROMPT heading (0.653333ms)
✔ isReviewTypeRequired follows Taskplane rubric (0.086833ms)
✔ buildReviewArtifactPath uses step-timestamp pattern (1.183833ms)
✔ buildFinalReviewArtifactPath uses final-timestamp pattern (0.126083ms)
✔ parseReviewVerdict reads JSON and markdown verdicts (0.538625ms)
✔ parseReviewVerdict accepts PASS REVISE REPLAN when reviewType is final (0.147667ms)
✔ parseReviewVerdict step mode rejects final-only verdict enums (0.098125ms)
✔ parseReviewVerdict accepts PASS REVISE REPLAN for final review type (0.064791ms)
✔ resolveBatchJournalContext ignores SPINE_BATCH_ID without SPINE_JOURNAL_ATTACH (0.173666ms)
✔ isJournalAttachBlocked honors SPINE_SUPPRESS_JOURNAL_ATTACH (0.128541ms)
✔ resolveBatchJournalContext blocked when attach suppressed (0.101291ms)
✔ runStepReview ignores SPINE_REVIEW_STUB_FAIL without stub mode (7.941667ms)
✔ runStepReview stub APPROVE writes artifact and journal events (19.397792ms)
✔ runStepReview stub REVISE returns exitCode 2 (3.413458ms)
✔ runStepReview fail-closed on stub spawn failure (16.681334ms)
✔ runStepReview skips when review level does not require type (2.270916ms)
✔ runStepReview final stub PASS writes final artifact path (3.736667ms)
✔ runStepReview final spawn failure exits non-zero at review level >= 1 (2.287292ms)
✔ runSpineReviewStep CLI --type final emits JSON verdict (2.898875ms)
✔ runSpineReviewStep CLI emits JSON verdict (15.090541ms)
✔ assertReviewToolAvailable fails closed without pi at review level > 0 (2.546584ms)
✔ runWorker fails closed when review tool unavailable at level > 0 (10.23475ms)
✔ stub worker stops when enforced review spawn fails (70.894375ms)
✔ DEFAULT_REVIEW_SPAWN_TIMEOUT_MS remains 90 minutes (backstop unchanged) (0.433709ms)
✔ runStepReview honors on-disk APPROVE while pi hangs — seconds not stall timeout (264.715333ms)
✔ resolveReviewerModelPin returns per-type override when set (0.548667ms)
✔ resolveReviewerModelPin falls back to top-level when per-type block missing (0.152583ms)
✔ resolveReviewerModelPin cascades per-type inherit to top-level pin (0.069542ms)
✔ resolveReviewerModelPin returns null for top-level inherit (0.13075ms)
✔ resolveReviewerModelPin returns null when reviewer block absent (0.072666ms)
✔ resolveReviewerThinkingPin returns per-type override when set (0.073584ms)
✔ resolveReviewerThinkingPin falls back to top-level when per-type block missing (0.056542ms)
✔ resolveReviewerThinkingPin cascades per-type inherit to top-level pin (0.0905ms)
✔ resolveReviewerThinkingPin returns null for off at any level (0.09975ms)
✔ resolveReviewerThinkingPin returns null when reviewer block absent (0.120917ms)
✔ resolveRulesManifestGeneratedAtMerge keeps newest generatedAt (0.596ms)
✔ resolveRulesManifestGeneratedAtMerge fails when rules differ (0.086833ms)
✔ fingerprintRulesManifest ignores generatedAt (0.069792ms)
✔ mergeLaneToOrch clears generatedAt-only dirty rules-manifest before merge (1338.946208ms)
✔ mergeLaneToOrch auto-resolves generatedAt-only rules-manifest conflict (1213.767541ms)
✔ mergeLaneToOrch fails loud when rules[] differ (1317.852417ms)
✔ mergeLaneToOrch does not auto-resolve when other paths conflict (1068.625542ms)
✔ tryAutoResolveRulesManifestMergeConflict resolves in-progress merge (791.826542ms)
✔ appendTaskMetric writes TaskMetricRecord JSONL line (8.593792ms)
✔ buildTaskMetricRecord includes laneNumber and durationMs when available (0.252584ms)
✔ buildTaskMetricRecord omits laneNumber when not a positive lane (0.12ms)
✔ metrics.enabled false skips append without error (1.646042ms)
✔ resolveTaskMetricOutcome maps skipped_done_on_disk to skipped (0.147459ms)
✔ appendTaskMetric redacts secret-like fields and omits prompt text (1.572292ms)
✔ skipTaskDoneOnDisk records skipped task metric (14.856375ms)
✔ appendBatchMetric writes BatchMetricRecord JSONL line (10.231625ms)
✔ recordBatchTerminalMetric skips when metrics disabled (0.514209ms)
✔ dismissBatch appends batch metric line (735.399542ms)
✔ spine metrics show filters by batch and formats table output (2.091208ms)
✔ spine metrics show CLI filters by batch id (92.322625ms)
✔ resolveSalvageConfig defaults autoCommitOnStall to false (0.525ms)
✔ validateSpineConfig rejects non-boolean autoCommitOnStall (0.442375ms)
✔ recordTaskFailureSalvage with autoCommitOnStall commits scoped paths on lane branch (644.267708ms)
✔ recordTaskFailureSalvage without autoCommitOnStall does not commit (389.060708ms)
✔ salvage commit refuses merge_in_progress and index_conflicts (495.572459ms)
✔ salvage commit refuses pre-commit hook failure (490.562667ms)
✔ atomic retry retains salvage WIP commit on lane branch (802.380667ms)
✔ inspectLaneSalvage scopes porcelain to file scope and task folder (229.76425ms)
✔ recordTaskFailureSalvage journals inspection and writes evidence without committing (406.812625ms)
✔ writeSalvageEvidence writes pretty JSON atomically without temp files (165.305208ms)
✔ startBatch worker failure with dirty scoped file emits salvage and diagnose hint (7246.082542ms)
✔ parseSequenceArgs honors --auto-approve-gate and --force (0.527333ms)
✔ spine run sequence --auto-approve-gate dry-run succeeds under stub (374.159625ms)
✔ spine run sequence --auto-approve-gate refused for real pi without --force (370.534209ms)
✔ spine run sequence --auto-approve-gate --force dry-run succeeds for real pi (348.846916ms)
✔ validateSequenceAutoApproveGate allows stub mode without force (0.56125ms)
✔ validateSequenceAutoApproveGate blocks real pi without force (0.13725ms)
✔ validateSequenceAutoApproveGate allows real pi with force (0.075459ms)
✔ validateSequenceAutoApproveGate skips check when flag is false (0.081042ms)
✔ buildSequenceAutoApproveDoctorCheck warns for real pi (0.087625ms)
✔ buildSequenceAutoApproveDoctorCheck passes for stub mode (0.088ms)
✔ runSequence refuses auto-approve on dry-run for real pi (0.409792ms)
✔ runSequence allows auto-approve dry-run with force on real pi (0.175791ms)
✔ readCurrentBatchLogTail returns null for missing file (0.553708ms)
✔ readCurrentBatchLogTail filters to last batch session header (3.16375ms)
✔ readCurrentBatchLogTail returns full content when no header exists (3.613375ms)
✔ readCurrentBatchLogTail respects lineCount limit (4.195209ms)
✔ waitForSequenceBatchTerminal returns settled when batch completes before timeout (1174.979166ms)
✔ waitForSequenceBatchTerminal does not exit while engine PID is alive (2628.236709ms)
✔ waitForSequenceBatchTerminal returns failure diagnosis even with alive engine (887.328125ms)
✔ isMergeBlockedBatchOutcome detects mixed-outcome and merge_blocked phases (0.738625ms)
✔ evaluateWaveTaskDependencies filters runnable tasks by satisfied deps (0.599333ms)
✔ formatSequenceWaveSkipMessage names blocked dependencies per §17.4 (0.190208ms)
✔ resolveWaveAfterMergeBlocked continues wave 1 and skips wave 2 tasks (0.161959ms)
✔ planSequenceWaveTasks skips wave when no deps are satisfied (0.105959ms)
✔ 3-wave sequence continues wave 1 after wave 0 merge_blocked and skips wave 2 (16611.768166ms)
✔ isPiSessionMetadataPath matches .pi session roots and children (0.954709ms)
✔ checkGitClean ignores untracked .pi/ session metadata (290.135ms)
✔ checkGitClean still fails when non-.pi paths are dirty (267.976667ms)
✔ runSequence with only .pi/ dirty passes preflight (14772.190292ms)
✔ runSequence surfaces preflight failure on stderr-equivalent output (5862.29775ms)
✔ resolveResumeFromWave continues after last completed wave (0.501084ms)
✔ sequence persists fromWave, completedWaves, and lastBatchId after wave 0 (9929.136459ms)
✔ resume after interrupted wave 0 integrate completes remaining waves (22438.252959ms)
✔ sequence halts on wave failure with --stop-on-failure and preserves completed waves (11140.633666ms)
✔ resolveWaveTaskIds and resolveSequenceWaves honor planner waves (0.976292ms)
✔ diagnosis helpers classify settled, waiting, and failure states (0.092958ms)
✔ dry-run prints operator-equivalent land loop commands per wave (0.210541ms)
✔ 2-wave stub sequence completes with auto-approve land loop (20766.614667ms)
✔ buildSequencePlan resolves pending scope for dry-run integration (280.12525ms)
✔ skipTask leaves phase paused when all tasks terminal without merge (1612.300916ms)
✔ skipTask clears failed segment drift for reconcile (1619.787917ms)
✔ resolveWorkerOutputConfig applies lane defaults and overrides (0.5385ms)
✔ captureWorkerOutputTail keeps last lines and marks byte truncation (0.272125ms)
✔ redactWorkerOutput applies built-in and config deny patterns (0.365625ms)
✔ runWorker stall_timeout captures stderr, persists log, journals stall_killed (5063.649833ms)
✔ collectEvidenceBundle references persisted worker output logs (4.113958ms)
✔ successful worker skips log unless retainWorkerOutputOnSuccess (5039.772ms)
✔ SAT-020 replay: checkpoint_warning → stall_killed → salvage_inspection → task.failed (61623.415459ms)
✔ regression: stub worker still requires .DONE for batch success (6700.923583ms)
✔ recordTaskTransition writes batch-state then journal in order (151.086875ms)
✔ saveSpineBatchState leaves prior JSON intact when atomic write fails (150.665667ms)
✔ saveGateRecord leaves prior JSON intact when atomic write fails (133.465541ms)
✔ validateBatchState accepts healthy schema v1 state (0.736625ms)
✔ validateBatchState rejects counter drift (0.134041ms)
✔ runSpineState validate passes on archived batch-state (4.533375ms)
✔ runSpineState validate fails loud on corrupt active state (1.961ms)
✔ computeStatusProgress derives wave and task counts from batch raw (1.186708ms)
✔ computeStatusProgress returns null without batch raw (0.101916ms)
✔ formatStatusJson includes documented progress field names (0.152166ms)
✔ spine status --json includes task and wave progress for active batch (885.874291ms)
✔ spine status --json omits progress counts when no batch is active (128.304959ms)
✔ reconcileBatch exposes progress fields for spine watch consumers (872.490333ms)
✔ classifyTaskDoneSemantics distinguishes lane vs main .DONE (issue #35) (193.317791ms)
✔ spine status --diagnose --json exposes explicit done flags mid-batch (963.9365ms)
✔ verifyStubFileScopeMustChange fails when contract paths are unchanged (252.101791ms)
✔ verifyStubFileScopeMustChange passes when contract path changed (333.503167ms)
✔ verifyStubFileScopeMustChange passes for comma-in-single-backtick fileScopeMustChange (SP-396) (290.940833ms)
✔ commitLaneWorktree rejects stub completion without fileScopeMustChange diffs (274.729542ms)
✔ commitLaneWorktree allows stub completion when fileScopeMustChange is satisfied (510.075542ms)
✔ stub contract helpers detect release-critical contracts and legacy markers (0.337166ms)
✔ shouldEnforceStubContractAtLaneCommit uses env or legacy .DONE marker (143.670125ms)
✔ stub cannot succeed merge/version task without file-scope changes (480.549ms)
✔ checkStubReleaseCritical warns when stub mode has pending fileScopeMustChange tasks (240.104916ms)
✔ diagnosis surfaces exitReason stub for M/L legacy stub .DONE markers (0.94175ms)
✔ reconcileBatch surfaces exitReason stub for succeeded M/L tasks with legacy stub .DONE (991.4065ms)
✔ applyStubDeliveryStatusBlock updates existing header lines (0.700875ms)
✔ applyStubDeliveryStatusBlock appends block when header lines are missing (0.106334ms)
✔ writeStubDeliveryStatusIfNeeded updates STATUS for delivery-only contracts (19.547209ms)
✔ writeStubDeliveryStatusIfNeeded skips implementation scopes (1.589833ms)
✔ stub worker auto-writes STATUS for delivery-only fileScopeMustChange (72.853667ms)
✔ stub worker does not auto-write STATUS for implementation fileScopeMustChange (69.640708ms)
✔ stub worker STATUS delivery satisfies verifyStubFileScopeMustChange (418.741ms)
✔ parseTaskSizeFromMarkdown reads Size line (1.120917ms)
✔ resolveTaskStallMinutes uses max of config and size floor (0.1155ms)
✔ resolveStallConfigForTask applies minutes to stallTimeoutMs (0.119583ms)
✔ journalTaskAwaitingFirstHeartbeat: true after task.started before lane.heartbeat (0.560958ms)
✔ journalTaskAwaitingFirstHeartbeat: false after matching lane.heartbeat (0.079875ms)
✔ detectOrphanRunning suppresses lane orphan during first-heartbeat debounce when engine alive (0.315083ms)
✔ detectOrphanRunning still reports lane orphan before heartbeat when engine is dead (0.130375ms)
✔ detectOrphanRunning still reports lane orphan after first heartbeat (0.099083ms)
✔ reconcileBatch: transient dead workerPid mid-start diagnoses running not worker_orphaned (1025.353792ms)
✔ reconcileOrphanRunningState does not fail running task during debounce window (184.936958ms)
✔ post-heartbeat dead pid still worker_orphaned with retry (920.771542ms)
✔ hasPendingWaveMerge is true when an intermediate wave lacks mergeResults (0.779792ms)
✔ hasPendingWaveMerge is false when every terminal wave is recorded (0.532584ms)
✔ recordWaveMergeResult records forceMerged flag and updates existing wave row (0.144083ms)
✔ resolveWorkerBackend defaults to subprocess (0.580625ms)
✔ resolveWorkerBackend honors agentSession flag (0.072708ms)
✔ validateWorkerBackendConfig rejects invalid values (0.099292ms)
✔ validateSpineConfig accepts optional workerBackend (0.234709ms)
✔ settings registry validates workerBackend enum case-sensitively (0.150375ms)
✔ buildAgentSessionWorkerPrompt includes PROMPT reference and review hint (2.048583ms)
✔ createStubAgentSession writes .DONE (2.923791ms)
✔ startAgentSessionWorker completes with injected mock session (2.30925ms)
✔ runWorker uses agentSession backend with mock factory (5028.720125ms)
✔ runWorker keeps subprocess default when workerBackend unset (5023.123625ms)
✔ WORKER_BACKENDS lists supported values (0.637584ms)
✔ buildWorkerBackendDoctorCheck reports subprocess as production default (0.131042ms)
✔ buildWorkerBackendDoctorCheck warns or fails on opt-in agentSession (0.26675ms)
✔ buildWorkerBackendDoctorCheck falls back to subprocess for invalid config (0.043833ms)
✔ DIAGNOSIS_TAXONOMY includes worker_done_missing distinct from worker_orphaned and needs_retry (0.511625ms)
✔ outputIndicatesWorkerDoneMissing matches runner stderr message (0.106584ms)
✔ inferWorkerDoneMissingFailure reads task.failed payload from journal (0.179333ms)
✔ buildHeadline and buildSuggestedCommand for worker_done_missing cite worker log (0.311875ms)
✔ reconcileBatch diagnoses worker_done_missing for issue #18 journal pattern (996.202583ms)
✔ buildDiagnosisOutput bundles worker_done_missing headline and retry command (0.226ms)
✔ resolvePiSpineRoot defaults to pi-spine package root (0.614709ms)
✔ resolvePiSpineRoot honors development.piSpineRoot override (3.931667ms)
✔ buildWorkerChildEnv sets PI_SPINE_ROOT for worker spawn (0.924459ms)
✔ validateWorkerLaunchScriptPath requires scripts/ prefix (2.617417ms)
✔ validateWorkerLaunchScriptPath rejects traversal (0.595583ms)
✔ validateWorkerLaunchScriptPath rejects symlink escape (2.009334ms)
✔ resolveSafeWorkerLaunchScript returns default when present (1.693708ms)
✔ validateSpineConfig rejects unsafe development.workerLaunchScript (0.6405ms)
✔ DEFAULT_WORKER_LAUNCH_SCRIPT matches conventional path (0.091375ms)
✔ runWorker classifies launch script fast-fail as launch_failed (5056.924542ms)
✔ appendWorkerAgentModelArgs adds --model when configured and not inherit (0.555792ms)
✔ appendWorkerAgentModelArgs omits --model for inherit and empty (0.095667ms)
✔ appendWorkerAgentModelArgs adds --thinking when set and not off (0.063417ms)
✔ buildWorkerPiArgs includes --model cursor/auto from spine-config (6.022125ms)
✔ buildWorkerPiArgs omits --model when agents.worker.model is inherit (2.178333ms)
✔ parseWorkerDoneMarker accepts legacy empty and text markers (1.335292ms)
✔ parseWorkerDoneMarker accepts structured JSON markers (0.130875ms)
✔ parseWorkerDoneMarker rejects partial JSON markers (0.083792ms)
✔ isWorkerDoneMarkerValid mirrors parseWorkerDoneMarker (0.072ms)
✔ writeWorkerDoneMarker writes atomic structured JSON (6.149ms)
✔ readWorkerDoneMarker reports absent marker (0.734291ms)
✔ persistWorkerOutputLog writes atomically without temp leftovers (4.458625ms)
✔ resolveWorkerPiTimeoutMs uses per-size stall floor (0.525416ms)
✔ resolveWorkerPiTimeoutMs honors SPINE_WORKER_PI_TIMEOUT_MS override (0.090959ms)
✔ buildWorkerChildEnv sets SPINE_WORKER_PI_TIMEOUT_MS from stall budget (0.361125ms)
✔ buildPiWorkerTimeoutDoctorCheck reports stall-aligned timeout for M floor (0.16875ms)
✔ runWorker terminates hung child after .DONE and returns ok: true (10054.549541ms)
✔ runWorker pre-.DONE stall_timeout still works (5073.776917ms)
✔ buildWorkerTailPrompt includes critical-rules for JS-scoped task (20.251292ms)
✔ buildWorkerContextAsync appends config.standards end-to-end (1.958792ms)
✔ buildWorkerContextAsync emits worker.rules_selected journal event (17.943375ms)
✔ buildWorkerContextAsync falls back to static context without .cursor/rules (5.250875ms)
✔ buildReviewLevelHint delegates code and final review to engine (0.624ms)
✔ buildCommitBoundaryHint uses SP-064 feat(taskId) convention (0.085958ms)
✔ buildDoneCheckpointHint references done path and uncommitted failure (0.159917ms)
✔ buildWorkerTailPrompt includes tools hint and task id from folder (0.515417ms)
✔ buildWorkerTailPrompt appends worker agent and PROMPT when present (8.731042ms)
✔ shouldSlideStallAnchorOnHeartbeat only slides worker_alive in pi phase (0.500541ms)
✔ computeStallDeadline slides silent stall window when lastAliveAt advances (0.185333ms)
✔ nextStallAnchorAt advances only on pi worker_alive (0.083667ms)
✔ runWorker worker_alive heartbeats extend stall deadline past initial window (10088.259334ms)
✔ runWorker silent stall still fails without heartbeats (5101.081167ms)
✔ SP-190 wedge fixture describes hung-child-after-.DONE incident (0.781667ms)
✔ SP-190 wedge class: engine completes within post-done grace (SP-193) (10061.172375ms)
✔ completeBatch removes lane worktrees and journals batch.worktrees_cleaned (1135.759958ms)
✔ dismissBatch removes lane worktrees and journals batch.worktrees_cleaned (952.480708ms)
✔ completeBatch keeps worktree when cleanupWorktreesOnComplete is false (1084.09125ms)
✔ provisionLaneWorktree normalizes git metadata to relative posix paths (253.470916ms)
✔ repairLaneWorktreeGitMetadata fixes broken absolute gitdir pointers (374.262958ms)
✔ normalizeLaneWorktreeGitPaths is idempotent (237.058333ms)
✔ validateMultiTaskResume repairs unhealthy lane worktree git metadata (397.3715ms)
✔ validateWorktreeSetupHookPath accepts ./scripts/ prefix when file exists (4.22225ms)
✔ validateWorktreeSetupHookPath rejects ./scripts/../ traversal (0.607791ms)
✔ validateSpineConfig rejects unsafe worktreeSetupHook (0.445625ms)
✔ checkWorktreeSetupHook fails preflight for unsafe hook path (0.664875ms)
✔ runWorktreeSetupHook succeeds with JSON stdout (194.278042ms)
✔ runWorktreeSetupHook throws when hook returns ok false (179.061333ms)
✔ runWorktreeSetupHook throws on malformed JSON stdout (177.380709ms)
✔ runWorktreeSetupHook is no-op when hook not configured (1.109834ms)
✔ batch help helpers detect help invocations (0.476791ms)
✔ printBatchHelp returns usage text (0.11525ms)
✔ runSpineBatch exits 0 for help without starting a batch (143.605792ms)
✔ spine batch start --help does not create batch state (230.105041ms)
✔ isCliEntrypoint returns true when argv[1] is a symlink to the module (0.975541ms)
✔ isCliEntrypoint returns false for an unrelated script path (0.178667ms)
✔ isCliEntrypoint returns false when argv[1] is missing (0.156709ms)
✔ spine help via symlink produces stdout and exit 0 (94.227208ms)
✔ spine version via symlink produces stdout and exit 0 (630.35825ms)
✔ HANDOFF_DEFAULTS autoWriteOn includes session_start (0.838416ms)
✔ /spine auto-writes handoff on session_start when batch needs attention (1827.91925ms)
✔ /spine skips auto-write when autoWriteOn excludes session_start (1037.276333ms)
✔ /spine skips auto-write for idle diagnosis even with session_start enabled (5377.389584ms)
✔ /spine merges default autoWriteOn when config omits handoff.autoWriteOn (1927.751917ms)
✔ formatIssueDraftMarkdown renders all issue checklist sections (0.833583ms)
✔ formatIssueDraftMarkdown applies redaction to section content (0.122792ms)
✔ buildIssueDraftBody returns title, body, and labels for idle repo (4181.874083ms)
✔ buildIssueDraftBody includes batch context and journal tail (7685.325458ms)
✔ buildIssueDraftBody maps issueType to GitHub labels (14757.450958ms)
✔ buildIssueDraftBody rejects invalid issueType (169.95375ms)
✔ buildIssueDraftBody redacts sk- token patterns in title and body (3829.656833ms)
✔ parseJournalFollowArgs reads batch, lane, and json flags (0.923375ms)
✔ resolveFollowBatchId uses reconcile then batch-state (710.468459ms)
✔ formatJournalFollowLine uses summarizeJournalEvent (1.297542ms)
✔ formatJournalFollowOutputLine filters by lane and supports json passthrough (0.197041ms)
✔ readJournalFollowSnapshot prints header once in human mode (8.2035ms)
✔ runJournalFollow exits non-zero when journal missing (0.713625ms)
✔ runJournalFollow exits non-zero when no batch can be resolved (0.683458ms)
✔ runJournalFollow prints existing events without following (12.668417ms)
✔ runJournalFollow defaults batch from batch-state (714.224ms)
✔ spine journal follow exits non-zero when journal missing (108.590584ms)
✔ parseLaneNumber accepts positive integers (0.60975ms)
✔ parseLaneLogsArgs reads lane, task, batch, and follow flags (0.482917ms)
✔ extractTaskIdFromLogFilename parses worker log names (0.080042ms)
✔ resolveLaneLogPath prefers live log when present (6.534375ms)
✔ resolveLaneLogPath falls back to worker-output log (3.219792ms)
✔ findMostRecentLogTaskId picks newest log in lane directory (3.649ms)
✔ resolveLaneLogTaskId uses explicit task id (0.4895ms)
✔ resolveLaneLogTaskId infers running task from batch state (1.746459ms)
✔ runLaneLogs exits non-zero when lane is missing (0.655208ms)
✔ runLaneLogs exits non-zero when no batch can be resolved (1.029292ms)
✔ runLaneLogs prints existing log without following (702.576625ms)
✔ runLaneLogs prefers live log content (700.832209ms)
✔ spine lane logs exits non-zero when log file missing (847.272875ms)
✔ isExitVerificationTask detects exit verification headings (0.705125ms)
✔ shouldRunContractVerifyForWorker skips stub for normal tasks (0.938958ms)
✔ shouldRunContractVerifyForWorker runs stub contract for exit tasks (0.230834ms)
✔ runPhase23ExitVerify --skip-test passes structural checks in repo (18.379875ms)
✔ spine verify phase23-exit CLI is wired (4.869542ms)
✔ runScenariosList prints empty registry message (1.696541ms)
✔ runScenariosList returns sorted scenarios as JSON (10.272084ms)
✔ runScenariosShow returns scenario details (1.049416ms)
✔ runScenariosShow rejects unknown scenario (1.038417ms)
✔ loadScenarioFixture reads incident fixture from registry entry (1.23025ms)
✔ loadScenarioFixture rejects recipe kind (0.245459ms)
✔ materializeFixtureToProject writes batch-state and journal tail (172.686292ms)
✔ assertMaterializeAllowed blocks when batch-state exists (193.614709ms)
✔ runScenariosMaterialize blocks active batch without --force (169.53ms)
✔ runScenariosMaterialize writes fixture with --force (162.604583ms)
✔ runScenariosMaterialize rejects recipe scenarios (1.186417ms)
✔ spine scenarios CLI routes list and materialize (401.955417ms)
✔ parseSequenceArgs defaults scope to pending and stopOnFailure to true (0.776833ms)
✔ parseSequenceArgs honors wave and attached flags (0.098917ms)
✔ formatSequenceResult emits JSON when requested (0.488125ms)
✔ spine run sequence pending --dry-run prints per-wave land loop commands (386.152542ms)
✔ spine run sequence pending --dry-run --json returns structured payload (352.874875ms)
✔ spine run sequence pending --from-wave 1 limits dry-run to later waves (367.881333ms)
✔ runSpineSequence rejects invalid through-wave with non-zero exit (233.311541ms)
✔ spine run pending still aliases batch start (358.568292ms)
✔ assembleHandoffData returns idle shape when no active batch (177.569666ms)
✔ assembleHandoffData includes reconciliation fields for active batch (1099.05525ms)
✔ assembleHandoffData redacts secret-like payload fields in journal tail (984.841583ms)
✔ paused batch handoff lists pending tasks and spine batch resume (1018.903291ms)
✔ renderHandoffMarkdown matches golden snapshot structure (962.291167ms)
✔ redactHandoffText removes KEY TOKEN and SECRET value patterns (0.214667ms)
✔ recordHandoffWritten appends handoff.written journal event (172.92475ms)
✔ handleNext appends handoff path hint when handoff file exists (901.383916ms)
✔ runSpineHandoff --json writes handoff file and returns structured output (942.871209ms)
✔ runInit copies rules profile, discovers manifest, standards default [] (12.73675ms)
✔ runInit dry-run plans rules files without writing (1.4215ms)
✔ rules-manifest.json is not listed in .gitignore (0.212125ms)
✔ parseIssueDraftArgs applies defaults and flags (0.586125ms)
✔ buildIssueDraftBody works in idle repo without batch context (4257.433833ms)
✔ runSpineIssueDraft writes draft file and prints human output by default (4460.755875ms)
✔ runSpineIssueDraft --json returns structured payload without writing file (4952.659167ms)
✔ runSpineIssueDraft --create fails clearly when gh is missing (304.741125ms)
✔ runSpineIssue rejects unknown subcommands (330.924709ms)
✔ spine issue draft routes through spine.mjs help and dispatch (5627.086792ms)
✔ buildIssueDraftBody redacts secret-like values (4332.81575ms)
✔ get-version helpers use spawnSync without shell (9.899042ms)
✔ spine help and version route through thin CLI entry (825.617625ms)
✔ spine rejects unknown commands (103.39175ms)
✔ router dispatches plan, status, batch, gate, and integrate (751.708209ms)
✔ spine rules --help lists subcommands (105.959042ms)
✔ runSpineRules discover writes manifest in initialized project (192.122916ms)
✔ runSpineRules select rejects invalid PROMPT before manifest check (168.130792ms)
✔ runSpineRules select uses validated file scope (169.894292ms)
✔ runSpineRules select requires manifest (192.616ms)
✔ spine rules sync via CLI exits zero in pi-spine repo (128.236791ms)
✔ parseRulesArgv defaults role to worker (0.11425ms)
✔ parseRulesArgv requires review-type for reviewer role (0.311667ms)
✔ runSpineRules select worker default unchanged (171.894708ms)
✔ runSpineRules select reviewer plan uses PROMPT file scope (209.146083ms)
✔ runSpineRules select reviewer final returns empty scope (182.947458ms)
✔ runSpineRules select reviewer code honors baseline (290.586209ms)
✔ spine status prints macro phase for idle repo (161.709291ms)
✔ spine status prints macro phase for active batch (989.1255ms)
✔ spine status --diagnose verbose signals include macroPhase (922.52675ms)
✔ spine status --json includes macroPhase fields (920.38475ms)
✔ parseDurationMs accepts plain seconds and suffix forms (0.787917ms)
✔ parseDurationMs rejects invalid values (0.251083ms)
✔ parseUntilDiagnoses parses comma-separated diagnoses (0.449791ms)
✔ parseUntilDiagnoses rejects unknown diagnoses (0.091791ms)
✔ parseWaitArgs requires --until and applies defaults (0.115708ms)
✔ parseWaitArgs accepts timeout interval and json (0.0815ms)
✔ parseWaitArgs rejects unknown flags (0.075542ms)
✔ diagnosisMatchesUntil matches only non-null diagnoses in set (0.089833ms)
✔ runSpineWait exits 0 when diagnosis matches (0.291583ms)
✔ runSpineWait exits 1 on timeout and emits final json snapshot (0.215125ms)
✔ runSpineWait polls until diagnosis changes (0.146125ms)
✔ spine wait --json exits 0 when diagnosis matches fixture (1036.557167ms)
✔ spine wait times out with exit 1 (3021.811417ms)
✔ spine wait rejects missing --until (153.065958ms)
✔ spine help lists wait command (123.913708ms)
✔ parseWatchArgs defaults (0.604625ms)
✔ parseWatchArgs accepts interval json and once (0.074958ms)
✔ parseWatchArgs rejects invalid interval (0.228792ms)
✔ parseWatchArgs rejects unknown flags (0.083583ms)
✔ formatWatchHumanLine renders compact reconcile summary (0.082792ms)
✔ formatWatchHumanLine uses idle placeholders when batch absent (0.117ms)
✔ buildWatchSnapshot includes core fields and progress block when present (0.490625ms)
✔ buildWatchSnapshot prefers explicit progress object (0.09ms)
✔ runSpineWatch --once human mode prints one line (0.234792ms)
✔ runSpineWatch --once json mode prints NDJSON snapshot (0.192041ms)
✔ runSpineWatch polls until once breaks loop without extra reconcile calls (0.115666ms)
✔ spine watch --once integrates with reconcileBatch in idle repo (262.891791ms)
✔ spine watch --json --once emits reconcile snapshot for active batch (1065.7925ms)
✔ spine watch rejects invalid interval (106.91125ms)
✔ spine help lists watch command (135.579333ms)
✔ DIAGNOSIS_TAXONOMY includes needs_replan (0.478334ms)
✔ needs_replan diagnosis messaging matches handoff §9.1 shape (0.661542ms)
✔ buildDiagnosisOutput bundles needs_replan operator fields (0.13825ms)
✔ deriveDiagnosis prefers needs_replan over needs_retry for replan failures (0.292458ms)
✔ needs_replan blocks needs_merge diagnosis when replan task remains (0.100083ms)
✔ reconcileBatch surfaces needs_replan with edit-PROMPT suggestion (1019.172125ms)
✔ I-01 progress signals extend stall deadline past hard timeout (0.620625ms)
✔ I-02 spine batch retry resets task and segment with pendingSegments > 0 (190.986875ms)
✔ I-03 spine state validate rejects corrupt batch-state (2.774584ms)
✔ I-04 spine batch abort archives batch-state before clearing active file (177.671708ms)
✔ I-05 wave merge blocked on failed/pending tasks; force-merge override exists (180.879125ms)
✔ I-06 retry refused while batch phase is executing or merging (214.715958ms)
✔ I-07 stall logic uses STATUS, lane commit, and file-scope mtime signals (210.53125ms)
✔ I-08 post-mortem does not claim success when failures exist (1255.87125ms)
✔ I-09 CONTEXT documents serial bootstrap and preflight execution policy (0.693459ms)
✔ I-10 runStepReview fail-closed when review tool unavailable at level > 0 (4.779791ms)
✔ CONFIG_V2_SECTION_DEFAULTS match handoff §6.2 (0.818083ms)
✔ applyConfigDefaults merges missing v2 sections without overwriting existing keys (0.187833ms)
✔ loadSpineConfig merges defaults for legacy config missing v2 keys (4.815625ms)
✔ init scaffold includes v2 config sections from template (3.3195ms)
✔ CONTRACT_DEFAULTS match handoff §3.1 (0.891125ms)
✔ applyConfigDefaults merges contract section (0.221917ms)
✔ validateContractConfig rejects invalid mode (0.151125ms)
✔ validateContractConfig rejects non-array legacyTaskIdPrefixes (0.0665ms)
✔ validateSpineConfig accepts valid contract block (0.197375ms)
✔ validateSpineConfig rejects invalid contract.mode via validateSpineConfig (0.068625ms)
✔ discoverCursorRules returns empty manifest when rules root is missing (5.331375ms)
✔ discoverCursorRules excludes brutal-audit rules via profile patterns (23.906ms)
✔ discoverCursorRules records parse warn entries in manifest rules (5.070041ms)
✔ discoverCursorRules manifest round-trip via atomic write (4.447125ms)
✔ classifyCursorRuleSpineClass prefers always over globs (0.181667ms)
✔ getCursorRuleExclusionReason matches excludeRelPaths exactly (0.169583ms)
✔ expandFileScopeProbes returns empty for empty scope (0.91225ms)
✔ expandFileScopeProbes adds synthetic probes for dir/* and dir/** (0.234833ms)
✔ expandFileScopeProbes keeps literal file paths (0.148209ms)
✔ expandFileScopeProbes expands in-path wildcards (0.076084ms)
✔ ruleGlobsMatchFileScope is false for empty file scope (0.118667ms)
✔ ruleGlobsMatchFileScope matches **/* when file scope is non-empty (0.091542ms)
✔ ruleGlobsMatchFileScope matches JS globs against mjs scope (0.557ms)
✔ ruleGlobsMatchFileScope matches scope glob entries against rule globs (1.030291ms)
✔ parseCursorRuleFrontmatter returns skip when frontmatter missing (1.344ms)
✔ parseCursorRuleFrontmatter parses array globs fixture (0.611875ms)
✔ parseCursorRuleFrontmatter splits comma-separated globs (0.227667ms)
✔ parseCursorRuleFrontmatter treats empty globs array as no patterns (0.2155ms)
✔ parseCursorRuleFrontmatter defaults missing globs key to empty array (0.229792ms)
✔ parseCursorRuleFrontmatter coerces alwaysApply booleans (0.221625ms)
✔ parseCursorRuleFrontmatter matches repo comma-separated task authoring layout (0.133541ms)
✔ parseCursorRuleFrontmatter matches general-llm alwaysApply true layout (0.092708ms)
✔ parseCursorRuleFrontmatter matches audit-workflow empty globs layout (0.087458ms)
✔ parseCursorRuleFrontmatter warns on invalid alwaysApply and bad globs (0.207584ms)
✔ DEFAULT_RULES_PROFILE seeds worker include and discovery excludes (0.635708ms)
✔ loadRulesProfile returns built-in defaults when file missing (3.159333ms)
✔ mergeRulesProfile applies neverInclude over alwaysInclude (0.200542ms)
✔ mergeRulesProfile applies reviewer defaults when file omits reviewer (0.078ms)
✔ mergeRulesProfile applies reviewer neverInclude over alwaysInclude (0.106334ms)
✔ loadRulesProfile rejects invalid JSON with RULES_PROFILE_INVALID (2.589291ms)
✔ validateRulesProfile rejects unsupported profileVersion (0.122416ms)
✔ loadRulesProfile merges partial file overrides (2.475667ms)
✔ validateRulesProfile rejects schema and path traversal errors (0.344ms)
✔ loadRulesProfile rejects validated file errors (3.044209ms)
✔ selectRulesForReviewer returns empty when reviewer.enabled is false (1.964959ms)
✔ selectRulesForReviewer never selects taskplane-worker-cursor.mdc (0.304291ms)
✔ selectRulesForReviewer selects glob rules when scopePaths match (0.556458ms)
✔ selectRulesForReviewer appends standards without duplicates (0.223459ms)
✔ selectRulesForReviewer respects neverLoad (0.120333ms)
✔ selectRulesForReviewer uses profile.reviewer.maxRules cap (8.416542ms)
✔ context path helpers round-trip under .cursor/rules (0.547334ms)
✔ selectRulesForWorker includes alwaysInclude and always-class rules (1.333791ms)
✔ selectRulesForWorker selects JS globs and excludes Swift for JS-only scope (14.099834ms)
✔ selectRulesForWorker matches OWASP for bin/*.mjs scope via scope glob (0.240375ms)
✔ selectRulesForWorker appends standards without duplicates (0.210916ms)
✔ selectRulesForWorker respects neverLoad and neverInclude (0.125958ms)
✔ selectRulesForWorker exports journal-friendly entries shape (0.095958ms)
✔ normalizeTasksRootFromEnv accepts relative and rejects parent traversal (0.790375ms)
✔ applyEnvOverrides: SPINE_MAX_LANES overrides file value (0.31125ms)
✔ applyEnvOverrides: SPINE_TASKS_ROOT overrides paths.tasksRoot (0.106709ms)
✔ applyEnvOverrides rejects invalid SPINE_MAX_LANES (0.25775ms)
✔ loadSpineConfig applies env overrides after file load (192.307375ms)
✔ SPINE_TASKS_ROOT env discovers tasks under alternate root in plan (253.235875ms)
✔ spine settings show reports env source for overridden lanes.maxParallel (458.514792ms)
✔ runDoctorChecks lists effective config with env source (4912.4555ms)
✔ DEFAULT_REVIEWER_CONTEXT_BYTE_CAP is 16KiB (0.524291ms)
✔ buildReviewerContext skips when .cursor/rules is missing (2.614375ms)
✔ buildReviewerContext does not inject referenceDocs (6.109125ms)
✔ buildReviewerContext truncates at byte cap (11.887417ms)
✔ buildReviewerContext emits reviewer.rules_selected journal event (14.182084ms)
✔ buildReviewerContext degrades gracefully on invalid rules profile (9.167ms)
✔ buildReviewerContext selects rules for scoped plan review (3.286667ms)
✔ emitReviewerRulesSelected is no-op without journal context (0.14825ms)
✔ SETTINGS_FIELDS lists editable paths including reviewer per-type pins (1.039625ms)
✔ listEditableFields returns shallow copies (0.119125ms)
✔ parseSettingPath rejects unknown path (0.126167ms)
✔ parseSettingPath accepts registered path (0.062417ms)
✔ lanes.maxParallel accepts valid integer and coerces string (0.132583ms)
✔ lanes.maxParallel rejects below min and above max (0.073334ms)
✔ gates.requireBeforeIntegrate accepts booleans and CLI strings (0.140292ms)
✔ agents.worker.model accepts inherit and optional empty (0.084ms)
✔ agents.worker.thinking accepts enum values case-insensitively (0.108917ms)
✔ agents.reviewer.model accepts inherit and optional empty (0.105708ms)
✔ agents.reviewer.thinking accepts inherit and enum values (0.06625ms)
✔ agents.reviewer.plan.model accepts per-type override values (0.050125ms)
✔ agents.reviewer.code.thinking accepts per-type inherit (0.045167ms)
✔ dashboard.port accepts valid port range (0.06225ms)
✔ lanes.workerBackend accepts registered enum values (0.054958ms)
✔ validateSettingValue rejects unknown path (0.0875ms)
✔ src/cli and src/migrate do not import from bin/ (22.913583ms)
✔ src/** has no bin/ imports (18.417833ms)
✔ spine-config template defaults mirror package.json script patterns (0.671041ms)
✔ init applies testing defaults including coverage command (4.806334ms)
✔ dogfood spine-config has non-empty testing fields (0.298167ms)
✔ buildTestingEvidenceDoctorChecks warns on empty build when collectBuildEvidence (0.114125ms)
✔ buildTestingEvidenceDoctorChecks warns on empty test when collectTestEvidence (0.083042ms)
✔ buildTestingEvidenceDoctorChecks passes when commands configured (0.438417ms)
✔ buildTestingEvidenceDoctorChecks treats collectTestEvidence default as enabled (0.062042ms)
✔ SPINE_GITIGNORE_ENTRIES includes run-metrics.jsonl (0.491167ms)
✔ ensureGitignoreEntries adds run-metrics path on fresh init (3.27875ms)
✔ isMergeOriginMainTask detects merge-origin-main packet shapes (0.525ms)
✔ checkOrchMergeConflictWarn passes without pending merge-origin-main tasks (950.4105ms)
✔ checkOrchMergeConflictWarn warns on PRD + manifest divergence with merge-origin-main pending (926.072417ms)
✔ runBatchPreflight and plan check surface orch merge conflict warning (2119.37125ms)
✔ checkPrelandedFileScopeWarn passes when no stale pending tasks (470.425583ms)
✔ checkPrelandedFileScopeWarn warns for prelanded fileScopeMustChange (565.07875ms)
✔ runBatchPreflight and plan check surface prelanded file-scope warning (1597.005459ms)
✔ checkGitClean passes when only metrics file has append-only drift (475.640042ms)
✔ checkGitClean fails when metrics file content is truncated (343.364458ms)
✔ checkGitClean passes when metrics file is gitignored and not tracked (280.064792ms)
✔ runDoctorChecks warns when metrics file is git-tracked (5007.070416ms)
✔ tsconfig.batch.json scopes checkJs hot paths (3.579791ms)
✔ npm run typecheck validates extensions and batch hot paths (4044.968458ms)
✔ normalizeContextPathList rejects non-arrays (0.87175ms)
✔ buildWorkerContext honors neverLoad and byte cap (5.815209ms)
✔ buildWorkerTailPrompt injects configured standards (3.541333ms)
✔ buildWorkerContextAsync uses auto selection when cursor rules exist (16.901833ms)
✔ spine init defaults standards to [] for auto-discovery (SP-093) (12.085584ms)
✔ validateSpineConfig rejects invalid referenceDocs (0.200917ms)
✔ loadContextDocEntries stops at byte cap (2.546375ms)
✔ DEFAULT_WORKER_CONTEXT_BYTE_CAP is 32KiB (0.148167ms)
✔ validateWorkerLaunchScriptPath accepts ./scripts/ prefix when file exists (6.349084ms)
✔ validateWorkerLaunchScriptPath rejects ./scripts/../ traversal (9.990125ms)
✔ COVERAGE_THRESHOLD is 77 (0.526542ms)
✔ COVERAGE_INCLUDES scopes src, bin, and extensions (0.437083ms)
✔ FILE_COVERAGE_THRESHOLDS enforces slash-commands.ts floor (0.062084ms)
✔ TEST_GLOBS has bidirectional parity with package.json test script (0.307667ms)
✔ parseAggregateLineCoverage reads all files line percent (0.181916ms)
✔ parseAggregateLineCoverage returns null when summary missing (0.168334ms)
✔ parseAggregateLineCoverage reads coverage:check summary line (0.079834ms)
✔ parsePerFileLineCoverage reads per-file rows (0.332166ms)
✔ findFileCoverageFailures reports missing and below-threshold files (0.416084ms)
✔ formatDashboardStartupMessage includes URL, port, and operator hints (0.61925ms)
✔ formatDashboardStartupMessage notes --port source (0.083666ms)
✔ resolveDashboardPortWithSource prefers CLI over config (282.10875ms)

pi-spine dashboard

  Open in browser: http://127.0.0.1:54265/
  Listen:          127.0.0.1:0 (--port)

  While running:   keep this terminal open; dashboard updates via SSE (~2s)

  In another terminal:
    spine status
    spine batch start <task-id>

  → Open http://127.0.0.1:54265/ in your browser

  API:  http://127.0.0.1:54265/api/snapshot
        http://127.0.0.1:54265/api/events

  Stop: Ctrl+C

✔ runSpineDashboard writes startup to stdout before shutdown (483.528208ms)
✔ spine dashboard CLI prints URL before process exits (3219.51475ms)
✔ emptyLaneThroughputStats returns zeroed task-based fields (1.532458ms)
✔ computeThroughputTasksPerHour is task-based and guards zero elapsed (0.113833ms)
✔ deriveLaneThroughputStats counts completed and failed journal events per lane (1.444875ms)
✔ deriveLaneThroughputStats includes open running task elapsed through now (0.120583ms)
✔ deriveLaneThroughputStats prefers run-metrics duration when present (0.115791ms)
✔ deriveLaneThroughputStats falls back to journal when metrics missing (0.098334ms)
✔ deriveLaneThroughputStats maps tasks by laneNumber when lane metadata is sparse (0.103834ms)
✔ deriveLanesThroughput returns isolated stats per lane (0.157083ms)
✔ summarizeLaneThroughput aggregates counts and recomputes rate from totals (0.144375ms)
✔ NFR-OBS-02: dashboard SSE poll interval defaults to 2s (0.510417ms)
✔ parity: idle — no batch (337.714542ms)
✔ parity: running batch (2034.109375ms)
✔ parity: needs_retry (2008.87725ms)
✔ parity: limbo_stale (2670.882625ms)
✔ parity: completed_manual after manual merge (2695.466958ms)
✔ parity: needs_integrate (2071.632791ms)
✔ parity: completed after integrate (1986.268209ms)
✔ parity: failed phase still reconciles consistently (1799.189792ms)
✔ assertLoopbackHost throws for 0.0.0.0 (0.676958ms)
✔ formatSseDataFrame valid data: line (0.208625ms)
✔ dashboard server serves browser view-model dependency graph (234.956083ms)
✔ dashboard server serves snapshot and one SSE frame (225.890541ms)
✔ resolveLaneActivityPhase: heartbeat pi → worker (0.700333ms)
✔ resolveLaneActivityPhase: open code review.started → code review (0.113333ms)
✔ resolveLaneActivityPhase: open final review.started → final review (0.070208ms)
✔ resolveLaneActivityPhase: closed review.started falls through to worker heartbeat (0.08625ms)
✔ resolveLaneActivityPhase: lane.completed code_rework → rework (0.073667ms)
✔ resolveLaneActivityPhase: no active tasks → em dash (0.067416ms)
✔ buildLaneRows exposes activityPhase fields (0.814458ms)
✔ computeActiveTaskIdsForLane returns running/pending tasks in current wave only (0.919042ms)
✔ computeRunningTaskIdForLane returns at most one running task in current wave (0.103166ms)
✔ computeQueuedTaskIdsForLane returns pending tasks in lane.taskIds order (0.078584ms)
✔ buildLaneRows exposes runningTaskId, queuedTaskIds, and deprecated activeTaskIds union (0.7065ms)
✔ buildLaneRows exposes activeTaskIds separate from batch assignment (0.164417ms)
✔ buildLaneRows attaches per-lane throughput stats from journal (1.395459ms)
✔ resolveLaneHeartbeatMeta reads latest lane heartbeat kind and phase (0.980042ms)
✔ formatLaneHeartbeatDisplay shows launching instead of age (0.11025ms)
✔ dashboard snapshot exposes launching heartbeat display from journal (1147.383792ms)
✔ buildDefaultViewStatus exposes gate missing affordance for needs_integrate (0.353834ms)
✔ idle snapshot diagnosis null matches reconcile (185.7435ms)
✔ running batch fixture has lanes and waves (1077.747583ms)
✔ truncateWorktreePath keeps trailing segments (0.172417ms)
✔ classifyLaneStatus stale when heartbeat old (0.098458ms)
✔ classifyLaneStatus does not mark lane completed when doneInLane but cache pending under engine_orphaned (0.134458ms)
✔ buildWaveProgress marks prior waves completed (0.114958ms)
✔ buildWaveProgress marks last wave completed when all tasks terminal-success (0.079834ms)
✔ buildWaveProgress keeps in-flight current wave active (0.06ms)
✔ diagnosisBadgeClass maps needs_integrate separately from running (0.688459ms)
✔ idle snapshot uses reconcile headline (1.011875ms)
✔ buildActionChips exposes copyable primary and alternatives (0.280959ms)
✔ needs_integrate banner ignores completed phase for badge color (0.11025ms)
✔ needs_integrate without gate record shows default gate affordance (0.173791ms)
✔ buildDashboardViewModel includes all §16.1 panels (0.372292ms)
✔ buildLaneTableModel exposes throughput columns for lanes (0.097333ms)
✔ buildLaneTableSummaryModel aggregates when multiple lanes present (0.0975ms)
✔ buildLaneTableSummaryModel is null for single lane (0.070583ms)
✔ lane-throughput-multi-lane fixture drives throughput column values (2.506833ms)
✔ lane-throughput-multi-lane fixture documents SP-327 throughput field contract (0.712541ms)
✔ buildLaneTableModel exposes heartbeatDisplay for launching lanes (0.109334ms)
✔ dashboard.js uses heartbeatDisplay without double-formatting (0.6045ms)
✔ buildBannerModel uses finalizing badge and macro phase during tail state (0.322584ms)
✔ buildBannerModel reflects gating macro phase during post-merge tail (0.190042ms)
✔ buildBannerModel keeps running badge when workers are active (0.101042ms)
✔ resolveTailActivityLabel prefers recent journal over macro phase during tail (0.177917ms)
✔ buildTailActivityModel exposes lane table subline when lanes are idle during tail (0.114333ms)
✔ resolveTailActivityLabel returns null when running task is active (0.048708ms)
✔ dashboard.js renders lane table tail activity footer row (0.15775ms)
✔ banner uses diagnosis badge class, not macro phase (0.052958ms)
✔ resolveStaticAsset serves dashboard public files and view.mjs (0.434958ms)
✔ dashboard server GET / returns HTML shell (245.616042ms)
✔ running batch view model exposes journal for bottom panel (0.2205ms)
✔ idle snapshot has empty journal via idle flag (0.060375ms)
✔ buildLaneDetailModel exposes recent events and log tail (0.052833ms)
✔ buildLaneTableModel includes lane detail on each row (0.057916ms)
✔ buildLaneRecentEvents returns last five lane-scoped journal entries (0.094625ms)
✔ buildJournalModel filters by lane id (0.049791ms)
✔ buildJournalLaneFilterOptions lists lane ids (0.468875ms)
✔ buildLaneRows attaches recentEvents and logTail from snapshot inputs (179.009041ms)
✔ resolveLaneWorkerLog prefers live log over terminal output (190.989583ms)
✔ dashboard HTML exposes lane detail and journal lane filter hooks (0.871167ms)
✔ dashboard server HTML includes journal lane filter (183.222916ms)
✔ spineAgentsUseInherit is true when worker or reviewer effective pin inherits (0.577416ms)
✔ formatReviewerEffectivePins shows resolved per-type model and thinking (0.164917ms)
✔ buildReviewerPerTypePinsDoctorCheck reports effective per-type pins (0.082833ms)
✔ resolvePiDefaultProvider prefers project settings over global (6.680666ms)
✔ buildAgentModelInheritDoctorCheck warns on inherit + lmstudio (0.313667ms)
✔ buildAgentModelInheritDoctorCheck passes when models pinned (0.089625ms)
✔ buildAgentModelInheritDoctorCheck passes when inherit but pi not lmstudio (0.081875ms)
✔ readPiSettingsFile returns null for missing or invalid JSON (0.102167ms)
✔ countMediumLargeTasks counts only M and L sizes with per-size breakdown (12.348042ms)
✔ buildBatchSizeGuidanceWarning returns null below threshold (2.358709ms)
✔ buildBatchSizeGuidanceWarning M-only batch does not mention L (2.526708ms)
✔ formatPlanHuman appends batch size guidance warning (3.116416ms)
✔ buildBatchSizeGuidanceWarning mixed batch shows both M and L counts (2.755042ms)
✔ appendBatchSizeGuidanceToPlanOutput skips warning in stub mode (1.533125ms)
✔ isPiWebAccessPackageSource matches npm and path entries (0.600125ms)
✔ detectPiWebAccessExtensionConflict flags npm plus local checkout (1.309625ms)
✔ detectPiWebAccessExtensionConflict ok with single source (0.508208ms)
✔ buildPiExtensionConflictDoctorCheck warns with actionable command (0.966167ms)
✔ shouldWorkerUsePiNoExtensions mirrors conflict assessment (1.116875ms)
✔ isPiExtensionConflictOutput detects worker spawn conflict text (0.154792ms)
✔ resolvePiPackageSourcePath resolves npm and relative entries (0.075375ms)
✔ readPiPackageSources returns empty for missing settings (0.434ms)
✔ isDisplayLabel matches pi TUI display labels (0.954042ms)
✔ isDisplayLabel rejects canonical ids and invalid strings (0.083209ms)
✔ displayLabelToCanonical converts to provider/model (0.080292ms)
✔ displayLabelToCanonical returns null for non-labels (0.069084ms)
✔ isCanonicalModelId validates provider/model format (0.169625ms)
✔ isCanonicalModelId rejects non-canonical strings (0.059167ms)
✔ normalizeModelId passes canonical ids through (0.077333ms)
✔ normalizeModelId converts display labels to canonical (0.052ms)
✔ normalizeModelId passes special values through (0.513792ms)
✔ normalizeModelId rejects unrecognized formats (0.1865ms)
✔ normalizeModelId rejects non-string input (0.070417ms)
✔ validateModelIdFormat accepts canonical ids (0.113125ms)
✔ validateModelIdFormat accepts special values and non-strings (0.063084ms)
✔ validateModelIdFormat flags display labels with canonical hint (0.072792ms)
✔ validateModelIdFormat flags unrecognized formats (0.047584ms)
✔ buildAgentModelIdsDoctorCheck passes when all pins are canonical (0.152125ms)
✔ buildAgentModelIdsDoctorCheck fails when display label is in config (0.119833ms)
✔ buildAgentModelIdsDoctorCheck fails on invalid format (0.057458ms)
✔ buildAgentModelIdsDoctorCheck passes when no models configured (0.039125ms)
✔ buildAgentModelIdsDoctorCheck skips inherit and empty values (0.040083ms)
✔ settings set normalizes display label to canonical id (0.505792ms)
✔ settings set passes canonical id through unchanged (0.068ms)
✔ settings set rejects invalid model id format (1.098958ms)
✔ settings set allows inherit for model fields (0.122875ms)
✔ settings set rejects invalid model id in JSON mode (0.088708ms)
✔ settings set normalizes worker model display label (0.083917ms)
✔ settings set normalizes per-type reviewer model display label (0.095917ms)
✔ fingerprintRulesManifest ignores generatedAt (0.5525ms)
✔ buildRulesManifestDoctorCheck warns when manifest missing (4.559584ms)
✔ buildRulesManifestDoctorCheck warns when manifest stale (6.978791ms)
✔ resolveSpineOnPath uses which by default (0.55675ms)
✔ readPackageVersion reads package.json version (0.42325ms)
✔ buildStalePathDoctorCheck warns when spine not on PATH (0.177167ms)
✔ buildStalePathDoctorCheck ok when PATH matches package bin (0.119792ms)
✔ buildStalePathDoctorCheck warns on version mismatch (1.117917ms)
✔ buildStalePathDoctorCheck warns on mtime mismatch only (1.015792ms)
✔ isStalePathSpineBlocking true only for stale PATH label (0.083458ms)
✔ isStalePathSpinePreflightBlocking requires version mismatch detail (0.071458ms)
✔ readSpineCliVersion parses spine --version output (794.06175ms)
✔ resolveInProgressSpineBatchId returns batchId for running batch (176.687417ms)
✔ resolveInProgressSpineBatchId returns null for completed batch (169.842333ms)
✔ listStaleSpineWorktreeBatchIds flags dirs without matching active batch (181.655125ms)
✔ buildStaleWorktreesDoctorCheck warns on stale worktree dirs (180.320333ms)
✔ buildStaleWorktreesDoctorCheck passes when only active batch dir exists (182.843125ms)
✔ runDoctorChecks includes stale worktrees warning (7634.459125ms)
✔ buildStallConfigDoctorCheck warns when stall timeout unset for real pi (1.107042ms)
✔ buildStallConfigDoctorCheck passes when stall timeout configured high (0.096417ms)
✔ isStubWorkerMode respects SPINE_WORKER_STUB (0.064958ms)
✔ resolveConfiguredStallMinutes returns null when missing (0.059584ms)
✔ suggestMaxParallel(4) → 2 (0.533833ms)
✔ suggestMaxParallel(8) → 4 (0.068ms)
✔ suggestMaxParallel(1) → 1 (0.112ms)
✔ suggestMaxParallel(2) → 1 (0.065208ms)
✔ buildMaxParallelDoctorCheck warns when configured exceeds suggested + 1 (0.235833ms)
✔ buildMaxParallelDoctorCheck no warning when configured matches suggested (0.074542ms)
✔ buildMaxParallelDoctorCheck no warning at default 3 when suggested is 2 (4-core) (0.066ms)
✔ collectTaskPacketSizeIssues flags XL and too many steps on pending packet (2.875333ms)
✔ collectTaskPacketSizeIssues ignores tasks with .DONE (1.241333ms)
✔ classifyBatchStateSource uses path and content markers (0.578209ms)
✔ assessOrchestratorCoexistence passes when no batch-state files (182.571459ms)
✔ assessOrchestratorCoexistence fails on active Taskplane batch in .pi (2026.48125ms)
✔ assessOrchestratorCoexistence fails when spine and Taskplane batches both active (4970.893625ms)
✔ buildCoexistencePreflightCheck blocks spine start when Taskplane batch active (1837.599792ms)
✔ runBatchPreflight fails with orchestrator-coexistence when Taskplane batch active (3476.754917ms)
✔ runDoctorChecks reports mutual exclusion failure for Taskplane batch (4998.781375ms)
✔ buildCoexistenceDoctorCheck passes when only pi-spine batch is active (1427.532166ms)
✔ buildWorktreeHealthDoctorCheck passes with no worktrees (178.004541ms)
✔ buildWorktreeHealthDoctorCheck flags absolute gitdir (182.7455ms)
✔ /spine-status reports idle reconciliation on clean repo (286.791125ms)
✔ /spine-deps delegates to CLI and notifies graph output (262.344542ms)
✔ /spine-plan succeeds after preflight passes (7172.554334ms)
✔ /spine-dismiss archives limbo batch state (1118.085791ms)
✔ /spine-pause pauses a running spine batch (286.059583ms)
✔ /spine-resume resumes a paused spine batch (1206.28575ms)
✔ /spine-retry-task resets a failed task (284.886708ms)
✔ /spine-skip-task skips a failed task (284.984208ms)
✔ /spine-abort archives an active spine batch (294.679291ms)
✔ /spine-next prints reconciliation suggestion (264.612584ms)
✔ /spine-validate checks pending task packets (331.446375ms)
✔ /spine-handoff writes operator note and notifies (1844.148292ms)
✔ /spine-gate inspects integrate gate state (316.726959ms)
✔ /spine-integrate dry-run reports merge preview (541.889333ms)
✔ /spine-settings shows interactive configuration menu (125.0735ms)
✔ /spine-dashboard notifies listen URL and port source (171.344625ms)
✔ /spine entry warns on limbo_stale diagnosis (869.862333ms)
✔ /spine entry warns on needs_retry diagnosis (878.073125ms)
✔ /spine entry reports running batch headline (869.47125ms)
✔ /spine entry starts batch when scope provided after preflight (8035.214166ms)
✔ /spine-deps truncates very large dependency output (1186.787542ms)
✔ parseMigrateArgs rejects --source without value (0.661167ms)
✔ runMigrateFromTaskplane fails when source file is missing (2.435292ms)
✔ runMigrateFromTaskplane refuses overwrite without force (3.474667ms)
✔ runMigrateFromTaskplane dry-run does not write config (1.195375ms)
✔ loadTaskplaneConfig reads repo fixture (0.709667ms)
✔ mapTaskplaneToSpine maps repo fixture to valid spine config (0.875ms)
✔ mapTaskplaneToSpine honors tasksRootOverride (0.330542ms)
✔ mapTaskplaneToSpine ignores unknown keys (0.302042ms)
✔ mapMaxParallel clamps invalid and excessive values (0.088666ms)
✔ loadTaskplaneConfig fails loud on missing file (0.241833ms)
✔ DEFAULT_TASKPLANE_SOURCE_PATH matches repo layout (0.1105ms)
✔ normalizeFileScopePath strips trailing globs and normalizes separators (0.596084ms)
✔ pathsOverlap detects parent/child and rejects unrelated prefixes (0.07025ms)
✔ fileScopesOverlap detects parent/child directory overlap (1.733041ms)
✔ fileScopesOverlap detects exact file overlap in same wave scenario (0.08ms)
✔ fileScopePatternsOverlap handles wildcard file globs (0.300333ms)
✔ fileScopePatternsOverlap does not treat dotted sibling paths as overlapping (0.593416ms)
✔ fileScopePatternsOverlap handles literal paths with regex metacharacters (0.492541ms)
✔ expandFileScopeProbes produces nested paths for directory globs (0.152583ms)
✔ findWaveFileScopeOverlaps returns pairs within the same wave only (1.135459ms)
✔ findWaveFileScopeOverlaps matches issue #31 parent/child safety paths (0.1435ms)
✔ findWaveFileScopeOverlaps ignores single-task waves (0.27525ms)
✔ planWaves serializes two tasks with the same file to one virtual lane (0.291625ms)
✔ assignLanesToWaves uses glob-aware overlap for wildcard scopes (0.109166ms)
✔ formatFileScopeOverlapWarnings lists wave and task pairs (0.115292ms)
✔ buildPlan reports file-scope overlaps and serializes conflicting tasks (17.772417ms)
✔ formatPlanHuman shows serial lane as bullet list with titles (0.697875ms)
✔ formatPlanHuman shows parallel lanes and omits tick jargon (0.098375ms)
✔ formatPlanHuman includes start hints for multi-wave plans (0.095958ms)
✔ topoWaves groups tasks into deterministic dependency waves (1.032417ms)
✔ buildGraph includes nodes that only appear as dependencies (0.106334ms)
✔ findCyclePath returns a closed cycle path (0.629584ms)
✔ repo spine-tasks plan has wave0 TP-006||TP-007 and wave1 TP-008 (31.59825ms)
✔ TP-034/038/041 disjoint scopes get three virtual lanes in tick 0 (1.204792ms)
✔ overlapping file scopes share one virtual lane (serialized) (0.128583ms)
✔ buildPlan for TP-034 TP-038 TP-041 lists three lanes in human output (23.905ms)
✔ spine plan CLI shows three lanes for TP-034 TP-038 TP-041 (137.417625ms)
✔ assignLanesToWaves assigns disjoint file scopes to separate virtual lanes (0.716417ms)
✔ assignLanesToWaves packs overlapping file scopes into same virtual lane (0.126417ms)
✔ assignLanesToWaves respects maxParallel by queueing excess virtual lanes into ticks (0.115416ms)
✔ filterPendingTaskIds excludes tasks with .DONE marker (14.719709ms)
✔ parseScope pending mode returns pending IDs and excluded count (3.456917ms)
✔ parseScope pending throws when all tasks are done (10.554334ms)
✔ buildPlan pending scope preserves dependency waves (15.526125ms)
✔ filterPendingTaskIds excludes tasks with .SUPERSEDED marker (5.020292ms)
✔ summarizePendingScope counts excluded tasks (9.177208ms)
✔ runSpinePlan pending with all .DONE returns exit 0 informational output (61.192375ms)
✔ runSpinePlan pending JSON with all .DONE returns synthetic plan (6.614042ms)
✔ runSpinePlan pending with all .DONE does not throw (3.378ms)
✔ parseScope pending empty error carries structured metadata (5.891041ms)
✔ runSpinePlan pending output includes maxParallel from config (5.285084ms)
✔ buildPlan rejects invalid heading separator (6.366583ms)
✔ buildPlan rejects missing testing coverage (3.36825ms)
✔ buildPlan rejects missing File Scope section (6.310542ms)
✔ runSpinePlan exits with validation errors for invalid PROMPT (5.553584ms)
✔ buildPlan accepts valid PROMPT packets (5.351917ms)
✔ parseScope glob escapes literal dots in path patterns (4.000125ms)
✔ parseScope glob escapes literal parentheses in path patterns (3.040292ms)
✔ parseScope glob with plus in path pattern matches literally (2.065708ms)
✔ parseScope TP-* glob scopes remain unchanged (3.076833ms)
✔ parseScope('all') selects all discovered tasks (14.0715ms)
✔ parseScope('TP-002') selects explicit task IDs (2.770583ms)
✔ parseScope supports glob path patterns (6.667291ms)
✔ resolveWaveTaskIds returns wave task IDs (0.856291ms)
✔ resolveWaveTaskIds rejects out-of-range and empty waves (0.145958ms)
✔ filterPlanToWave narrows plan to one wave (0.915541ms)
✔ parseBatchStartWaveFilter accepts --wave and --through-wave (0.188541ms)
✔ parseBatchStartWaveFilter rejects conflicting and invalid flags (0.10325ms)
✔ registerSpineSlashCommands registers all PRD §15.1 command names (0.745416ms)
✔ /spine-retry-task without task id notifies usage error (0.165542ms)
✔ /spine-skip-task without task id notifies usage error (0.120666ms)
✔ /spine-plan notifies error when preflight fails (6856.120833ms)
✔ /spine handler runs preflight before batch guidance (5313.4205ms)
✔ buildDepsReport returns empty graph for isolated task with no deps (270.940125ms)
✔ buildDepsReport detects synthetic dependency cycle (233.006625ms)
✔ cycleNodesFromPath deduplicates closing node (0.205209ms)
✔ depsToEdges and formatDepsHuman render dependency flow (0.192917ms)
✔ repo fixture TP-031 scope shows TP-030 dependency edge (7.729791ms)
✔ spine deps CLI emits JSON shape with nodes, edges, cycles, waves (417.2695ms)
✔ spine deps CLI exits 1 when cycle detected (545.1825ms)
✔ findCyclePath returns path for cyclic graph (0.219709ms)
✔ init --preset taskplane-compat --tasks-root taskplane-tasks --dry-run produces expected keys (5.94425ms)
✔ init --preset taskplane-compat defaults tasksRoot to taskplane-tasks (2.570041ms)
✔ plain init applies spine defaults without preset flag (2.443959ms)
✔ init rejects unknown preset (0.88875ms)
✔ fresh init creates config, agents, tasks root, and gitignore entries (14.641541ms)
✔ init skips constitution.md when it already exists without --force (10.676084ms)
✔ buildConstitutionMd substitutes project title from directory name (0.367917ms)
✔ init without --force refuses when spine-config.json exists (9.266833ms)
✔ --tasks-root taskplane-tasks sets paths.tasksRoot correctly (9.124416ms)
✔ --dry-run makes no filesystem changes (1.99825ms)
✔ init skips CONTEXT.md when it already exists without --force (6.955875ms)
✔ init --force overwrites existing CONTEXT.md (9.102333ms)
✔ buildContextMd substitutes project title from directory name (0.398916ms)
✔ --dry-run plans CONTEXT.md create without writing files (2.414167ms)
✔ ensureGitignoreEntries appends only missing entries (1.3745ms)
✔ runPreflightPlanCheck builds wave plan during preflight (1651.742875ms)
✔ runReconciliationCheck returns real diagnosis for running batch (1524.526958ms)
✔ checkDoctor fails when doctor reports issues (0.27625ms)
✔ checkStalePathSpine fails when PATH spine version is stale (1.423792ms)
✔ checkGitClean lists up to 20 dirty paths (150.533208ms)
✔ checkNoActiveBatch passes when no batch-state file exists (357.561042ms)
✔ checkNoActiveBatch calls reconciliation when batch-state exists (274.607708ms)
✔ checkTasksRoot validates discoverable task folders (234.324875ms)
✔ checkDependenciesJson validates version and task IDs (266.895625ms)
✔ runBatchPreflight passes on initialized clean fixture (1130.060375ms)
✔ runBatchPreflight fails when git working tree is dirty (1008.261167ms)
✔ runPreflightPlanCheck validates pending scope only (SP-122) (283.810792ms)
✔ checkTasksValidate exposes distinct tasks-validate check id (211.56725ms)
✔ runBatchPreflight includes tasks-validate check distinct from plan (1087.585958ms)
✔ runBatchPreflight fails on limbo fixture with dismiss suggestion (3409.52725ms)
✔ runBatchPreflight passes when all tasks have .DONE (zero pending) (950.7515ms)
✔ checkGitClean passes when only rules-manifest generatedAt drifted (234.828ms)
✔ checkGitClean still fails when rules-manifest rules[] differ (220.813458ms)
✔ spine run pending is alias for batch start pending (545.726959ms)
✔ spine run all dry-run matches pending-filtered batch start (573.117208ms)
✔ applySetting merges nested dotted paths (0.648ms)
✔ runSettingsSetOperation rejects unknown path (0.202083ms)
✔ runSettingsSetOperation rejects invalid value (0.136583ms)
✔ runSettingsSetOperation returns merged config on success (0.307167ms)
✔ writeSpineConfigAtomic writes valid JSON atomically (240.299833ms)
✔ spine settings set updates maxParallel on disk (821.722292ms)
✔ spine settings set rejects bad value (515.431041ms)
✔ spine settings set --dry-run leaves config unchanged (419.328459ms)
✔ spine settings set --json reports write metadata (493.583083ms)
✔ spine settings set exits 1 with suggestedCommand when config missing (478.728583ms)
✔ getValueAtPath reads nested config values (0.581667ms)
✔ formatSettingsShow lists all editable fields in human mode (0.387917ms)
✔ formatSettingsShow returns JSON fields array for all settings (0.567791ms)
✔ formatSettingsShow single path mode prints one value (0.111417ms)
✔ formatSettingsShow rejects unknown path (0.076834ms)
✔ buildSettingsShowFields mirrors registry order (0.193708ms)
✔ spine settings show CLI prints editable fields from temp config (594.798833ms)
✔ spine settings show CLI single path and JSON modes (718.297333ms)
✔ spine settings show CLI exits 1 with suggestedCommand when config missing (663.968ms)
✔ formatSettingsSlashMenu lists at least five editable fields with set hints (0.721709ms)
✔ runSpineSettingsSlash notifies menu with live config fields (340.003625ms)
✔ runSpineSettingsSlash set subcommand persists a valid change (388.539375ms)
✔ runSpineSettingsSlash set reports usage error without path and value (255.947417ms)
✔ runSpineSettingsSlash reports missing config with suggested init (347.399708ms)
✔ fileScopesOverlap detects parent/child path overlap (0.687958ms)
✔ extractExploreSlugsFromContext finds explore findings paths (0.503333ms)
✔ collectWaveMCountFindings warns when a wave has more than four M tasks (0.10375ms)
✔ collectPromptJsonDepsDriftFindings reports missing JSON entry (0.10225ms)
✔ runSpineTasksAnalyze exits 0 for clean scope (404.309084ms)
✔ runSpineTasksAnalyze reports parallel file-scope overlap as blocking (359.22025ms)
✔ runSpineTasksAnalyze reports dependency cycle as blocking (305.393375ms)
✔ runSpineTasksAnalyze exits 0 when only warnings are present (255.273334ms)
✔ runSpineTasksAnalyze warns for missing explore findings referenced in CONTEXT (215.485625ms)
✔ runSpineTasksAnalyze --json emits AnalyzeTasksResult (204.86075ms)
✔ spine tasks analyze CLI exits 1 for blocking overlap (552.142875ms)
✔ spine tasks analyze CLI exits 0 for warnings-only scope (458.3395ms)
✔ spine help tasks documents analyze subcommand (128.567875ms)
✔ parseContract extracts all five contract fields from a valid table (1.866083ms)
✔ validateContract passes for a valid contract table (1.906709ms)
✔ parseContract and validateContract handle an empty contract table (0.183ms)
✔ validateContract warns on unknown contract fields (0.120583ms)
✔ parseContract reports duplicate field rows as errors (0.1195ms)
✔ parseContract accepts plain-text testCommand values (0.071083ms)
✔ parseContract returns hasSection false when Contract heading is absent (0.080292ms)
✔ CONTRACT_FIELD_NAMES lists all normative contract fields (0.058542ms)
✔ parseContract resolves see File Scope to File Scope bullet paths (1.01375ms)
✔ parseContract excludes optional File Scope bullets from see File Scope expansion (0.233459ms)
✔ validateContract errors on em-dash placeholders in required mode (0.121458ms)
✔ validateContract errors on see File Scope with empty File Scope section in required mode (0.251333ms)
✔ validateContract warns on placeholders in optional mode (0.072167ms)
✔ parseContract treats em dash contract cells as empty path lists (0.060834ms)
✔ parseContract splits comma-separated paths inside a single backtick wrapper (SP-396) (0.067ms)
✔ parseContract splits comma-separated artifacts inside a single backtick wrapper (0.058709ms)
✔ validateContract warns on comma-in-single-backtick path lists in optional mode (0.189458ms)
✔ validateContract errors on comma-in-single-backtick path lists in required mode (0.129625ms)
✔ mergeDeps unions identical sets from PROMPT and JSON (0.837833ms)
✔ mergeDeps JSON wins when PROMPT and JSON disagree (0.081083ms)
✔ mergeTaskDeps uses golden fixtures end-to-end (1.441833ms)
✔ mergeDeps returns PROMPT deps when JSON has no entry (0.087375ms)
✔ TASK_HEADING_RE requires em dash (U+2014) (0.596667ms)
✔ parsePrompt extracts required sections and steps from golden S fixture (2.318584ms)
✔ validatePrompt rejects hyphen separator in heading (0.599125ms)
✔ discoverTasks finds three golden fixtures (8.819292ms)
✔ parsePromptDependencies parses list and Requires forms (0.43575ms)
✔ parseStatus mirrors step numbers and checkbox state (1.36ms)
✔ getStepProgress aggregates checkbox completion (0.503291ms)
✔ listIncompleteSteps returns unchecked items per step (0.351958ms)
✔ FX-invalid-no-testing fails validatePrompt for missing Testing step (1.809042ms)
✔ FX-missing-contract fails validatePrompt in required contract mode (0.66775ms)
✔ FX-valid-contract passes validatePrompt in required contract mode (1.262625ms)
✔ FX-final-replan has Review Level >= 1 for REPLAN integration path (0.264417ms)
✔ formatTasksValidateHuman prefixes summary before failure details (0.737166ms)
✔ runSpineTasksValidate exits 0 for valid PROMPT packets (211.270958ms)
✔ runSpineTasksValidate reports same failure message as planner for invalid PROMPT (276.329ms)
✔ runSpineTasksValidate returns exit 2 for missing config (293.922792ms)
✔ runSpineTasksValidate returns exit 2 for unresolved scope (289.411583ms)
✔ spine tasks validate CLI exits 0 for valid scope (408.046875ms)
✔ spine tasks validate CLI exits 1 for invalid PROMPT (373.173833ms)
✔ buildTasksValidateResult matches TasksValidateResult schema (0.283875ms)
✔ collectTaskAdvisoryWarnings reports folder, STATUS, and deps mismatches (0.264208ms)
✔ runSpineTasksValidate --json emits TasksValidateResult (173.108625ms)
✔ runSpineTasksValidate --warnings-only keeps exit 0 for advisory issues (185.330167ms)
✔ spine tasks validate CLI --json exits 0 for valid scope (291.318208ms)
✔ spine help tasks documents validate subcommand (105.971167ms)
✔ spine tasks validate CLI exits 2 for config error (279.022333ms)
✔ validateContract warns when fileScopeMustNotChange includes spine-tasks/** (3.305083ms)
✔ validateContract warns when pattern matches current task folder only (0.578292ms)
✔ validateContract is quiet for parallel product-path guards (0.541833ms)
✔ collectFileScopeMustNotChangeWarnings dedupes broad spine-tasks ban over task folder (0.1385ms)
✔ collectFileScopeMustNotChangeWarnings ignores other task folders (0.172958ms)
✔ collectFileScopeMustNotChangeWarnings respects custom tasksRoot (0.130541ms)
✔ collectFileScopeMustNotChangeWarnings skips current-task check without taskId (0.151125ms)
✔ collectStaleFileScopeMustChangeWarnings is quiet when scope paths unchanged since task intro (495.624ms)
✔ collectStaleFileScopeMustChangeWarnings warns when scope paths changed on main after task intro (586.144125ms)
✔ collectStaleFileScopeMustChangeWarnings ignores tasks without fileScopeMustChange (429.666542ms)
✔ parseReportProgressArgs reads step and checkbox flags (0.545916ms)
✔ reportTaskProgress appends task.step_completed with metadata (1.530541ms)
✔ reportTaskProgress writes journal line on disk (18.37675ms)
✔ reportTaskProgress fails closed without batch context (0.210167ms)
✔ runSpineReportProgress returns non-zero when batchId missing (0.223459ms)
✔ runSpineReportProgress does not write with attach env when attach suppressed (0.824666ms)
✔ requestWorkerGate fails closed without batch context (0.557875ms)
✔ requestWorkerGate returns not_supported for integrate gate (10.946375ms)
✔ requestWorkerGate returns not_supported when no gate record (manual deferred) (1.10275ms)
✔ buildReviewStepCliArgs maps params and adds --stub when SPINE_WORKER_STUB=1 (0.766291ms)
✔ executeSpineReviewStep fails closed without SPINE_TASK_FOLDER (0.20425ms)
✔ spine_review_step handler returns APPROVE via stub review (8.146958ms)
✔ spine_review_step handler marks stub spawn failure as tool error (4.256709ms)
✔ spine_review_step skips nested reviewer spawn inside worker session (25.3525ms)
✔ registerSpineWorkerTools registers all three PRD worker tools (0.912417ms)
✔ executeSpineReportProgress appends task.step_completed via tool handler (17.7415ms)
✔ executeSpineReportProgress fails closed without batch context (0.467541ms)
✔ spine_request_gate tool returns structured not_supported shape (3.241917ms)
✔ executeSpineRequestGate fails closed without batch context (0.251208ms)
ℹ tests 1595
ℹ suites 0
ℹ pass 1595
ℹ fail 0
ℹ cancelled 0
ℹ skipped 0
ℹ todo 0
ℹ duration_ms 135899.987458

> pi-spine@1.4.0 coverage:check
> node scripts/run-coverage.mjs

✔ adoption fixture: init, plan, stub batch AD-001 creates .DONE (13034.267542ms)
✔ adoption integration: REPLAN final verdict surfaces needs_replan diagnosis (12386.448041ms)
✔ worker.md documents spine tools, stall checkpoint, and coverage policy (0.863125ms)
✔ worker.md documents engine-owned code and final review after .DONE (0.328334ms)
✔ reviewer.md documents final PASS REVISE REPLAN verdicts (0.221083ms)
✔ worker-prompt tail aligns with worker.md commit and review conventions (0.121125ms)
✔ buildWorkerTailPrompt does not contradict worker.md on commit format (12.031375ms)
✔ buildAgentSessionWorkerPrompt includes review hint when level > 0 (1.433042ms)
✔ buildWorkerPiArgs omits -ne when no pi-web-access conflict (19.238916ms)
✔ buildWorkerPiArgs includes -ne before -p when extension conflict detected (18.39075ms)
✔ formatPiExtensionConflictHint surfaces pi-web-access remediation (0.357541ms)
✔ abortBatch archives batch-state before clearing active file (871.105ms)
✔ abortBatch journals batch.aborted and preserves prior journal tail (1185.961375ms)
✔ abortBatch writes abort signal without killing on graceful abort (1005.522ms)
✔ hard abort removes lane worktree when cleanup enabled (1264.129708ms)
✔ hard abort keeps worktree when cleanupOnHardAbort is false (724.410083ms)
✔ abortBatch fails when no active batch (314.521625ms)
✔ mergeLaneToOrch auto-resolves disjoint adoption doc edits without force-merge (3770.007625ms)
✔ mergeLaneToOrch fails adoption doc merge with recovery commands when hunks overlap (2642.805834ms)
✔ formatAdoptionDocMergeFailure names file and wave recovery (0.226625ms)
✔ agent session abort failure journals lane.worker_abort_failed (1354.811208ms)
✔ formatAttachedMilestoneLine renders land-loop journal types (0.661708ms)
[spine] batch.started
[spine] task.started SP-343
[spine] task.completed SP-343
[spine] batch.merge_started wave=0
[spine] batch.merge_completed wave=0
[spine] gate.opened
[spine] gate.evidence_collecting
[spine] gate.evidence_completed
[spine] batch.completed
[spine] batch.land_loop_finalized

Batch started

Batch 20260704T194841 completed: SP-343 succeeded; merged to orch/spine-20260704T194841.
  → spine gate status
  → spine gate approve
  → spine integrate
  → spine batch complete

Batch 20260704T194841 ready to integrate orch branch to main

  → spine integrate

  Alternatives:
    • /spine-integrate
    • /spine-gate
    • spine status --diagnose

  Batch: 20260704T194841
  Task: SP-343
✔ runSpineBatch attached start returns integrate handoff without process.exit in tests (12344.568208ms)
✔ attached batch CLI subprocess exits after completed with stdout milestones (9888.285875ms)
✔ formatAttachedBatchCliResult includes diagnosis suggested command (0.264166ms)
✔ enforceAttachedEngineSingleOwner fails fast when engine PID is alive (1075.993834ms)
✔ enforceAttachedEngineSingleOwner orphans prior engine with --force (1101.556083ms)
✔ resumeBatch rejects second attached resume when engine PID is alive (908.170125ms)
✔ resumeBatchDetached rejects spawn when attached engine PID is alive (786.190084ms)
✔ runAttachedBatchEngine blocks attached start when engine PID is alive (674.720917ms)
✔ isLastWaveIndex matches batch 20260618T000943 wave plan (0.716708ms)
✔ maybeFinalizeAfterWaveMerge opens gate for last-wave post-merge limbo (3557.285833ms)
✔ resumeMultiTaskBatch finalizes post-merge limbo even with stale engine pid (2547.42275ms)
✔ terminateStaleDetachedEngine still clears stale engine during post-merge limbo resume handoff (706.865292ms)
✔ startBatch multi-wave attached path opens gate after wave 1 without resume (15828.195541ms)
✔ attached milestone types include batch.merge_blocked (0.739667ms)
✔ formatAttachedBatchCliResult prints merge failure headline and exits non-zero for merge_blocked (3267.164416ms)
✔ runAttachedBatchEngine streams merge_blocked milestone before merge failure CLI output (2341.272542ms)
✔ mergeEngineStateWithDiskPause adopts operator pause from disk (1231.910792ms)
✔ saveEngineBatchState does not clobber phase paused during heartbeat-style saves (1071.334166ms)
✔ enforceOperatorPauseOnDisk re-asserts paused after engine overwrite (1469.60025ms)
✔ pauseBatch confirms when attached engine heartbeat saves honor pause (2396.681208ms)
✔ batch 20260620T194352 fixture is post-merge limbo without gate (1333.94275ms)
✔ attemptPostMergeLandLoopHandoff finalizes in-process after SIGTERM-shaped limbo (3090.429125ms)
✔ finalizeAttachedPostMergeLimbo is idempotent when gate already open (2216.832833ms)
✔ resume after orphan_terminated journal opens gate for batch 20260620T194352 pattern (2257.529583ms)
✔ installAttachedEngineShutdownHandlers finalizes on SIGTERM without manual resume (2329.021375ms)
✔ terminateStaleDetachedEngine during post-merge limbo still allows resume finalize (1861.137708ms)
✔ shouldAutoIntegrateAfterWave is false by default (0.593208ms)
✔ shouldAutoIntegrateAfterWave is true when configured and not last wave (0.078708ms)
✔ shouldAutoIntegrateAfterWave is false on last wave (0.050583ms)
✔ issue #25: retry unblocks failed phase when only pending tasks remain (6592.824209ms)
✔ issue #25: failed phase with pending-only limbo resumes without --force (2328.936333ms)
✔ retry keeps failed phase when other failed tasks remain (760.635417ms)
✔ diagnosis suggests resume --force for failed-phase pending-only limbo (0.222083ms)
✔ parseSupersededReplacementIds extracts child task IDs (1.41125ms)
✔ assertBatchStartTasksNotSuperseded rejects superseded IDs (1743.702458ms)
✔ assertBatchStartTasksNotSuperseded allows pending IDs (1228.825292ms)
✔ assertBatchStartTasksNotSuperseded honors --force-superseded (1079.26625ms)
✔ resolveBatchStartScope rejects explicit superseded task IDs (842.778ms)
✔ resolveBatchStartScope allows superseded IDs with forceSuperseded (485.443041ms)
✔ startBatch dry-run rejects superseded explicit scope (464.217334ms)
✔ startBatch dry-run allows superseded scope with forceSuperseded (773.368291ms)
✔ parseBatchArgs maps --wave on start to waveFilter (0.89275ms)
✔ parseBatchArgs strips --wave value from scope for wave 0 (0.092833ms)
✔ buildAttachedBatchStartArgv forwards waveFilter to detached engine (0.634292ms)
✔ startBatch dry-run with pending scope and --wave 0 selects planner wave 0 (1777.61325ms)
✔ startBatch dry-run with --wave selects planner wave task IDs (1392.009959ms)
✔ wave-filtered dry-run matches explicit wave task scope dry-run (1027.845333ms)
✔ evaluateBatchStateWriteGuard rejects writes from non-owner live engine (13.836458ms)
✔ saveSpineBatchState rejects resurrecting archived batch cache (19.271292ms)
✔ resolveStallConfig defaults checkpoint warning and no file-scope grace extension (0.806833ms)
✔ file-scope mtime is activity only — does not extend stall deadline by default (0.227959ms)
✔ checkpoint signals extend grace; STATUS update moves deadline (0.068416ms)
✔ shouldEmitCheckpointWarning after activity without checkpoint threshold (0.109666ms)
✔ resolveScopedDirtyPaths limits porcelain to file scope and task folder (473.70925ms)
✔ lane.checkpoint_warning journal event and diagnose hints (22.953166ms)
✔ extractJournalDiagnosisHints omits stale checkpoint_warning older than 30 minutes (0.709375ms)
✔ collectProgressSignals includes dirtyPaths for scoped changes (617.177083ms)
✔ runFinalReviewPhase fails fast with contract_failed and does not consume finalAttempts (7538.165083ms)
✔ reconcileBatch surfaces contract_failed headline for failed task (1889.25425ms)
✔ verifyContract satisfies pre-landed fileScopeMustChange when testCommand and artifacts pass (2552.068125ms)
✔ verifyContract still fails pre-landed scope when testCommand fails (6977.064917ms)
✔ verifyStubFileScopeMustChange passes delivery-only STATUS when source scope pre-landed (1377.261708ms)
✔ verifyContract passes delivery-only STATUS.md fileScopeMustChange contract (955.274292ms)
✔ resolvePromptRelPath derives task PROMPT from spine-tasks delivery changes (347.894125ms)
✔ isFileScopePatternPrelanded detects scope changed on main after task intro (578.27ms)
✔ testCommand fails once then succeeds on retry — contract passes (137.470583ms)
✔ testCommand fails all retries — contract_failed as before (124.522792ms)
✔ retry count configurable via spine-config contract.testRetries (217.05075ms)
✔ failed output captured to .reviews/ directory (106.45025ms)
✔ no retry when testCommand succeeds first time (no performance cost) (63.961667ms)
✔ writeContractFailureLog creates log file with header (10.296542ms)
✔ writeContractFailureLog returns null when taskFolder is undefined (0.140416ms)
✔ CONTRACT_TEST_DEFAULT_RETRIES is 1 (0.041541ms)
✔ CONTRACT_TEST_RETRY_DELAY_MS is 5000 (0.044125ms)
✔ multiple failure logs captured across retry attempts (198.118542ms)
✔ parseContract extracts stallTimeoutMinutes and extendGraceOnFileScope (1.257125ms)
✔ resolveTaskStallMinutes uses max of global, size floor, and contract override (0.113667ms)
✔ resolveStallConfigForTask applies contract stallTimeoutMinutes to stallTimeoutMs (0.118667ms)
✔ resolveStallConfigForTask honors contract extendGraceOnFileScope (0.057042ms)
✔ resolveWorkerPiTimeoutMs aligns with contract stall budget (0.086333ms)
✔ runWorker with contract stall override survives beyond global stall budget (scaled) (5161.745125ms)
✔ runWorker without contract override stalls at scaled global budget (5145.772042ms)
✔ isDeliveryArtifactPath accepts STATUS.md-only patterns (0.821458ms)
✔ isDeliveryArtifactPath accepts .DONE-only patterns (0.16675ms)
✔ isDeliveryArtifactPath accepts task-folder delivery globs (0.132125ms)
✔ isDeliveryArtifactPath rejects implementation and tasks-root paths (0.102791ms)
✔ isImplementationScopePattern detects source and tooling roots (0.054833ms)
✔ isStubDeliveryOnlyScope is true for delivery-only pattern sets (0.088292ms)
✔ isStubDeliveryOnlyScope rejects mixed implementation and delivery patterns (0.064042ms)
✔ isStubDeliveryOnlyScope rejects empty pattern lists (0.040417ms)
✔ isDeliveryArtifactPath honors custom tasksRoot (0.136125ms)
✔ resolveTaskStartCommit returns distinct start commits for serialized lane tasks (0.773875ms)
✔ resolveTaskStartCommit prefers task.started payload commit over prior lane.committed (0.09825ms)
✔ resolveTaskStartCommit returns null when task.started is missing (main...HEAD fallback) (0.0675ms)
✔ resolveTaskStartCommit resolves git HEAD at task.started timestamp when journal lacks commit (1346.317459ms)
✔ CONTRACT_TEST_COMMAND_MAX_BUFFER exceeds legacy 256KB limit (0.581167ms)
✔ runContractTestCommand captures large stdout without killing child (75.310292ms)
✔ runContractTestCommand surfaces ENOBUFS with scoped testCommand guidance (84.183958ms)
✔ verifyContract reports buffer overflow with scoped testCommand guidance (5390.308167ms)
✔ listChangedFiles with sinceCommit scopes diff to commits after anchor (1994.932208ms)
✔ listChangedFiles without sinceCommit preserves baseBranch...HEAD (1205.142584ms)
✔ verifyContract with sinceCommit ignores prior same-lane task fileScopeMustNotChange violations (1836.99375ms)
✔ verifyContract without sinceCommit preserves cumulative lane branch behavior (549.464666ms)
✔ verifyContract passes when testCommand exits 0 (51.838875ms)
✔ verifyContract fails when testCommand exits non-zero (109.062875ms)
✔ verifyContract checks artifactsMustExist paths in worktree (94.087333ms)
✔ verifyContract expands glob patterns in artifactsMustExist (48.842667ms)
✔ verifyContract returns ok with empty checks when contract has no verify fields (41.100708ms)
✔ verifyContract enforces fileScopeMustChange and fileScopeMustNotChange (804.841334ms)
✔ verifyContract checks minLineCoverage from command output (60.043333ms)
✔ shouldRunContractVerify skips legacy TP-* tasks and absent contract sections (0.261084ms)
✔ matchesContractPattern supports glob paths (0.181833ms)
✔ parseAggregateLineCoverage parses coverage table rows (0.105375ms)
✔ SP-193-shaped placeholder contract fails validateContract in required mode (1.742291ms)
✔ verifyContract passes SP-193-shaped contract when scoped files changed (845.454542ms)
✔ fileScopeMustChange trailing-slash pattern matches files under directory prefix (952.674375ms)
✔ fileScopeMustChange trailing-slash pattern fails when no files under prefix changed (808.69725ms)
✔ fileScopeMustChange exact-path and glob behavior preserved alongside trailing-slash (855.135167ms)
✔ waitForDetachedBatchResume waits for integrate gate after batch completes (699.14325ms)
✔ waitForDetachedBatchResume completes without gate when integrate gate not required (310.090541ms)
✔ prepareDetachedResumeEngineHandoff terminates stale engine before resume spawn (24.207709ms)
✔ resolveDefaultResumeWaitTerminal returns true for engine_orphaned without flags (1.027542ms)
✔ resolveDefaultResumeWaitTerminal respects explicit flags (0.104209ms)
✔ detectPostMergeLimboForResume matches journal-only limbo for batch 20260629T210738 (1151.874333ms)
✔ postMergeLimbo diagnosis suggests spine batch resume --force (0.289417ms)
✔ resumeBatchDetached --force finalizes journal-only limbo without spawning engine (3792.584916ms)
✔ detached batch start opens integrate gate after stub engine completes (9053.42525ms)
✔ timeout_waiting_for_batch with dead enginePid reconciles as engine_orphaned not running (1747.17375ms)
✔ startBatchDetached persists spawn enginePid before wait on timeout failure path (31298.083542ms)
✔ parseBatchArgs defaults to detached start (attached flag off) (0.825792ms)
✔ parseBatchArgs --attached opts into foreground engine (0.075417ms)
✔ buildAttachedBatchStartArgv forwards scope and skip-preflight (1.13025ms)
✔ formatDetachedBatchStartOutput includes monitor hints (0.298542ms)
✔ batch start returns quickly and runs engine in background (9068.293333ms)
✔ parseBatchArgs resume defaults to detached (attached flag off) (0.143709ms)
✔ buildAttachedBatchResumeArgv forwards force (0.07925ms)
✔ formatDetachedEngineOutput includes resume wording (0.108ms)
✔ waitForDetachedBatchResume returns engine_started by default (620.064083ms)
✔ waitForDetachedBatchResume with waitTerminal returns resume_completed (807.613292ms)
✔ collectDetachedFailureDiagnostics includes task.failed summary and log tails (170.614625ms)
✔ parseBatchArgs accepts --wait-terminal (0.175167ms)
✔ batch resume returns quickly and runs engine in background (8968.092917ms)
✔ inferLaunchFailureKind ignores DirtyWorktree exitReason (0.702083ms)
✔ buildHeadline prefers DirtyWorktree over worker launch (0.485083ms)
✔ buildSuggestedCommand for DirtyWorktree suggests coverage cleanup and retry (0.198375ms)
✔ buildHeadline surfaces review_exhausted primary failure (0.113958ms)
✔ buildSuggestedCommand for review_exhausted suggests batch retry (0.054834ms)
✔ buildHeadline surfaces contract_failed primary failure (0.07275ms)
✔ buildSuggestedCommand for contract_failed suggests PROMPT edit and retry (0.092875ms)
✔ buildDiagnosisOutput bundles primary failure class without launch headline (0.299583ms)
✔ reconcileBatch aligns hasFailedTasks with segment drift and DirtyWorktree headline (1767.649041ms)
✔ reconcileBatch diagnoses review_exhausted from failed task exitReason (1887.708291ms)
✔ buildHeadline surfaces PI_SPINE_ROOT launch failure (0.8345ms)
✔ buildHeadline surfaces lane commit failures after worker completion (0.111583ms)
✔ buildSuggestedCommand prefers spine doctor for launch failures (0.228875ms)
✔ inferLaunchFailureKind reads worker output hints from journal (0.207625ms)
✔ extractJournalDiagnosisHints prioritizes setup hook and merge blocked events (1.215166ms)
✔ formatMixedOutcomeMessage lists succeeded tasks and spine batch retry guidance (0.188667ms)
✔ reconcileBatch diagnoses launch failure wave from fixture (1929.742417ms)
✔ buildDiagnosisOutput bundles launch failure headline and command (0.202458ms)
✔ DIAGNOSIS_TAXONOMY includes worker_orphaned distinct from needs_retry (0.6695ms)
✔ inferLaunchFailureFromWorkerOutputTail reads PI_SPINE_ROOT hints from log tail (0.134625ms)
✔ buildSuggestedCommand prefers abort for ghost running cluster (0.141583ms)
✔ buildHeadline surfaces worker_orphaned launch failure from worker output context (0.249791ms)
✔ worker_orphaned after plan review nested_spawn_blocked suggests batch retry (0.084625ms)
✔ dead lane workerPid diagnoses worker_orphaned not needs_retry (1926.737417ms)
✔ dead workerPid after lane.completed does not diagnose worker_orphaned (1872.631209ms)
✔ worker_orphaned enriches launch headline from worker output log without task.failed (1793.857333ms)
✔ multiple ghost running tasks on one lane prefer spine batch abort (1350.423583ms)
✔ segment drift still diagnoses needs_retry (1310.998083ms)
✔ buildDiagnosisOutput bundles worker_orphaned headline and command (0.204792ms)
✔ isRunningWithoutActiveWorkers is false when workers are active (0.646625ms)
✔ isRunningWithoutActiveWorkers detects all-terminal tail state (0.070208ms)
✔ buildRunningTailHeadline maps macroPhase merging to operator text (0.202209ms)
✔ buildRunningTailHeadline maps gating / post-merge limbo (0.105542ms)
✔ buildHeadline preserves generic running when workers are active (0.202417ms)
✔ deriveMacroPhase uses journal merge tail when diagnosis is running without workers (0.264083ms)
✔ deriveMacroPhase stays executing when workers are active (0.346125ms)
✔ tail-state fixture reconciles without bare is running headline (1960.283333ms)
✔ tail-state headline matches batch 20260701T031142 shape via buildHeadline (0.217041ms)
✔ isCoverageArtifactPath matches extension/coverage and root coverage dirs (0.786333ms)
✔ isPathInFileScope matches exact paths and directory prefixes (0.171166ms)
✔ filterOutOfScopeCoveragePorcelain drops modified coverage outside file scope (0.161375ms)
✔ filterOutOfScopeCoveragePorcelain keeps in-scope coverage modifications (0.08675ms)
✔ restoreOutOfScopeCoverageArtifacts resets tracked coverage files (925.045458ms)
✔ resolvePostLaneCommitPorcelain restores and filters out-of-scope coverage (625.702084ms)
✔ commitLaneAndValidateWorktree succeeds when only out-of-scope coverage is dirty (1172.276875ms)
✔ commitLaneAndValidateWorktree fails when dirty without .DONE (886.600375ms)
✔ isWorktreeDeletionPorcelainLine matches unstaged deletions (0.618666ms)
✔ isSymlinkOnlyDriftPorcelain is true only for deletion-only porcelain (0.106583ms)
✔ filterSetupHookSymlinkDriftPorcelain clears deletion-only drift (0.073125ms)
✔ parseLaneWorktreeIdentity extracts batch and lane from worktree path (0.639375ms)
✔ resolvePostLaneCommitPorcelain repairs hook symlink drift (1472.339291ms)
✔ commitLaneAndValidateWorktree succeeds when hook symlink drifts after PASS (2113.214375ms)
✔ dismissBatch kills live stub worker PID and journals lane.worker_terminated (1902.696209ms)
✔ shouldRunCodeReview requires review level 2 or higher (0.681208ms)
✔ findCodeReviewStepNumber prefers step with code review checkpoint (1.955834ms)
✔ findCompletedCodeReview honors journal review.completed code APPROVE (3.080167ms)
✔ findCompletedCodeReview honors step artifact APPROVE for code review step (9.454625ms)
✔ runTaskOnLane runs engine code review for RL2 without worker nested spawn (6390.180042ms)
✔ runTaskOnLane skips engine code review when review level is 0 (6148.5765ms)
✔ runTaskOnLane skips engine code review when review level is 1 (6063.144458ms)
✔ runTaskOnLane honors journal review.completed code APPROVE without duplicate spawn (6201.367417ms)
✔ runTaskOnLane re-invokes worker after code REVISE and succeeds on APPROVE (10901.927167ms)
✔ resolveReviewSpawnTimeoutMs aligns with stall budget for M tasks (0.694208ms)
✔ runStepReview journals review.failed with review_timeout on hung spawn (323.324166ms)
✔ async reviewer spawn does not block the event loop while waiting for timeout (375.049958ms)
✔ startBatch opens integrate gate before batch.completed journal event (8487.830209ms)
✔ startBatch serializes multiple tasks on one physical lane (14494.824625ms)
✔ startBatch runs disjoint-scope tasks on separate lanes in parallel (8930.440875ms)
✔ startBatch records lane commit before task.completed (8960.225125ms)
✔ runTaskOnLane emits task.failed not task.completed when lane commit fails (5947.014083ms)
✔ validateSpineConfig accepts worktreeSetupIgnorePaths (0.231417ms)
✔ engine_orphaned diagnosis suggests retry when task id known, attached resume otherwise (0.677875ms)
✔ dead engine with phase running passes validateMultiTaskResume without pause (1279.8585ms)
✔ running phase with live engine pid rejects resume without force (637.807958ms)
✔ reconcile engine_orphaned recommends attached resume for batch 20260618T191236 pattern (1566.103875ms)
✔ engine_orphaned with failedTaskId suggests retry (SP-315) (0.697834ms)
✔ reconcileOrphanRunningState transitions running task to failed with journal events (1095.085417ms)
✔ retryTask succeeds on orphan without manual pause (issue #20 trap) (699.839917ms)
✔ diagnose then retry: suggestedCommand matches working recovery path (1646.469041ms)
✔ resume --force allowed after orphan reconcile when phase was running (583.19775ms)
✔ terminateStaleDetachedEngine SIGTERM stale pid on failed resume (102.500208ms)
✔ runStepReview honors existing final PASS without re-spawn (29.772208ms)
✔ runStepReview skips review.failed journal when batch already completed (40.852167ms)
✔ startBatch lane branch has commit before merge when stub touches files (8837.248625ms)
✔ startBatch completes single task with stub worker (8213.836167ms)
✔ isExplicitBatchScope treats pending as explicit (0.27025ms)
✔ startBatch all dry-run allows multi-wave pending backlog (430.099833ms)
✔ startBatch pending dry-run excludes done tasks (416.41525ms)
✔ startBatch all fails when every task has .DONE (489.429208ms)
✔ startBatch skips worker when .DONE exists on disk (2126.271208ms)
✔ resolveBatchStartScope normalizes all to pending IDs (433.505708ms)
✔ startBatch explicit IDs still allow multi-wave when scope is not bare all (325.245416ms)
✔ startBatch completes two-lane wave with stub workers (8103.199125ms)
✔ startBatch blocks merge on mixed outcomes (6211.213292ms)
✔ assessWaveMergeEligibility blocks failed and pending tasks (0.418959ms)
✔ collectCoreEvidenceBundle writes summary without complete marker (1696.444959ms)
✔ openIntegrateGate persists gate before extended evidence and journals milestones (1612.935833ms)
✔ openIntegrateGate keeps gate when extended evidence command fails (1371.259958ms)
✔ collectExtendedEvidenceBundle appends to existing refs (940.630125ms)
✔ parseEvidenceCommandArgv accepts npm run test (1.305292ms)
✔ parseEvidenceCommandArgv preserves quoted arguments (0.121125ms)
✔ parseEvidenceCommandArgv rejects shell command chaining (0.280833ms)
✔ parseEvidenceCommandArgv rejects unknown binary (0.093167ms)
✔ runEvidenceCommand executes allowlisted argv without shell (53.673167ms)
✔ runEvidenceCommand rejects malicious config strings (0.191333ms)
✔ runEvidenceCommand skips empty command (0.077125ms)
✔ runEvidenceCommand rejects disallowed build binary (0.1035ms)
✔ parseEvidenceCommandArgv rejects subshell injection (0.106542ms)
✔ collectEvidenceBundle writes summary and .complete marker atomically (1344.669458ms)
✔ collectEvidenceBundle writes rejected output for unsafe testing.test (1113.486209ms)
✔ findCompletedFinalReview honors journal review.completed final PASS (1.647083ms)
✔ findCompletedFinalReview honors latest final artifact PASS (1.870875ms)
✔ runTaskOnLane honors pre-existing worker final review without spawn failure (6321.71725ms)
✔ runTaskOnLane honors journal review.completed final PASS without duplicate spawn (6397.717542ms)
✔ parseFinalReviewVerdict accepts PASS, REVISE, and REPLAN (0.993334ms)
✔ shouldRunFinalReview skips when review level is 0 (0.092833ms)
✔ runTaskOnLane skips final review when review level is 0 (6361.095917ms)
✔ runTaskOnLane journals task.verdict_recorded on PASS final review (6361.070666ms)
✔ runTaskOnLane re-invokes worker after REVISE and succeeds on PASS (11170.266291ms)
✔ runTaskOnLane caps REVISE at maxFinalAttempts with review_exhausted (15574.463083ms)
✔ runTaskOnLane fails with needs_replan and does not keep .DONE (5337.507791ms)
✔ mergeWaveLanesToOrch blocks when a wave task has exitReason needs_replan (147.737292ms)
✔ runEngineFinalReview stub writes final artifact path (1.342666ms)
✔ buildTaskScorecard lists task rows (0.88925ms)
✔ openIntegrateGate persists pending gate and journals gate.opened (1670.695ms)
✔ collectEvidenceBundle writes summary and diff-stat (1358.288167ms)
✔ approve and reject enforce gate FSM (1148.303458ms)
✔ rejectIntegrateGate journals gate.rejected (1229.663125ms)
✔ checkIntegrateGate blocks until approved (exit 2) (1658.914834ms)
✔ integrateOrchToBase fails with exit 2 when gate pending (2065.753083ms)
✔ integrateOrchToBase succeeds after gate approval (2200.524375ms)
✔ force integrate requires SPINE_ALLOW_FORCE=1 (390.214208ms)
✔ openIntegrateGateAfterBatchComplete skips non-completed batches (249.226208ms)
✔ runSpineGate CLI approve updates gate record (1391.072458ms)
✔ classifyGitignoredPaths returns empty arrays for empty input (173.001334ms)
✔ classifyGitignoredPaths detects index-tracked gitignored paths (385.385667ms)
✔ classifyGitignoredPaths detects worktree-only gitignored paths (292.61425ms)
✔ classifyGitignoredPaths handles mixed index-tracked and worktree-only (426.226125ms)
✔ formatGitignoredRemediationMessage: worktree-only does not suggest git rm --cached (0.310625ms)
✔ formatGitignoredRemediationMessage: index-tracked suggests git rm --cached (0.060042ms)
✔ formatGitignoredRemediationMessage: mixed suggests both remediation paths (0.0665ms)
✔ commitLaneWorktree: worktree-only gitignored does not suggest git rm --cached (506.81625ms)
✔ commitLaneWorktree: index-tracked gitignored still suggests git rm --cached (474.325ms)
✔ regression: SP-011 worktree-only coverage after npm test does not suggest git rm --cached (404.840958ms)
✔ resolveHeartbeatKind marks launching as worker_alive only (0.691833ms)
✔ shouldEmitCheckpointWarning skips launching phase (0.166208ms)
✔ buildHeartbeatPayloadFields omits stale checkpoint signals during launching (0.089875ms)
✔ recordLaneHeartbeat journals kind and phase (85.9475ms)
✔ runWorker launching heartbeat does not journal stale STATUS mtime on fast-fail retry (5310.54675ms)
✔ resolveStallConfig applies lane overrides (0.171125ms)
✔ progressSignalsChanged detects STATUS mtime updates (259.987375ms)
✔ computeStallDeadline extends past hard timeout after progress (0.204291ms)
✔ stall false positive avoided when STATUS updates extend deadline (I-01) (0.1305ms)
✔ findLatestStepCompletedMs returns newest matching task.step_completed (0.081ms)
✔ progressSignalsChanged detects journal task.step_completed (silent tools) (206.442708ms)
✔ activitySignalsChanged detects file-scope mtime updates (FR-WORK-10 / FR-STALL-02) (184.016334ms)
✔ startBatch records lane.heartbeat during stub worker delay (8609.813834ms)
✔ isFastForwardCapableIntegrate detects orch ahead of main (#93) (649.788959ms)
✔ integrateOrchToBase fast-forwards when orch is strictly ahead (#93 batch 20260702T071449) (2833.709042ms)
✔ integrateOrchToBase fast-forwards with generatedAt-only rules-manifest drift on main (#93) (3617.10125ms)
✔ recordBatchBaseSnapshot stores head sha and journals batch.base_snapshot (296.428375ms)
✔ integrateOrchToBase succeeds with uncommitted edits on main (2331.739ms)
✔ integrateOrchToBase conflict path leaves human checkout and files unchanged (2992.550208ms)
✔ integrateOrchToBase dry-run advertises isolated merge plan (1111.886791ms)
✔ resolveRulesManifestIntegrateDrift restores main when worker manifest matches orch (#22) (699.905958ms)
✔ integrateOrchToBase succeeds with worker manifest drift on main matching orch (#22) (3410.520416ms)
✔ resolveRulesManifestIntegrateDrift blocks unrelated dirty files on main (984.8045ms)
✔ resolveRulesManifestIntegrateDrift blocks substantive manifest drift not matching orch (611.788666ms)
✔ resolveRulesManifestIntegrateDrift still clears generatedAt-only drift on main (768.599041ms)
✔ resolveRulesManifestIntegrateDrift clears generatedAt-only dirty manifest on main (817.1885ms)
✔ integrateOrchToBase succeeds with dirty generatedAt-only rules-manifest on main (3470.968584ms)
✔ DEFAULT_SYNC_TIMEOUT_MS is 60 seconds (0.611167ms)
✔ syncPlumbingMergePathsToWorktree returns ok: true on successful sync (883.890209ms)
✔ syncPlumbingMergePathsToWorktree returns ok: false with timedOut on timeout (607.986958ms)
✔ integrateOrchToBase emits integrate.failed with IntegrateTimeout on sync timeout (2712.040333ms)
✔ successful integrate still emits integrate.completed (regression) (2469.746167ms)
✔ partial sync failure returns ok: false with correct failureClass from integrateOrchToBase (2580.242041ms)
✔ assertOrchIntegratable refuses empty orch when mergeResults claim success (605.1595ms)
✔ assertOrchIntegratable requires integrate when orch is ahead of base (620.1105ms)
✔ reconcileBatch reports needs_integrate when batch completed but orch not on main (1435.034083ms)
✔ completeBatch refuses when orch is ahead but not integrated (1233.484375ms)
✔ integrateOrchToBase merges orch into main and journals events (2500.703709ms)
✔ integrateOrchToBase dry-run does not change main HEAD (827.154542ms)
✔ completeBatch succeeds after integrate lands orch on main (3550.350625ms)
✔ integrateOrchToBase aborts merge on conflict and restores checkout (2751.308208ms)
✔ integrateOrchToBase fails when batch state is missing (0.316917ms)
✔ runSpineIntegrate CLI succeeds when orch tip already matches main (337.406375ms)
✔ PRD §20.2 planner yields wave0 {A,C} and wave1 {B} (546.899333ms)
✔ PRD §20.2 two-lane stub batch completes ABC waves (15273.178542ms)
✔ PRD §20.2 mixed-outcome blocks merge; retry resets wave B for resume (12192.949625ms)
✔ runStepReview with worker attach env does not journal when attach suppressed (7.294833ms)
✔ runSpineReviewStep with worker attach env does not journal when attach suppressed (4.036875ms)
✔ runSpineReportProgress with worker attach env does not journal when attach suppressed (0.990584ms)
✔ readJournalEventsCached returns same events as readJournalEvents (18.822375ms)
✔ readJournalEventsCached returns cached copy on second call without file change (10.615334ms)
✔ readJournalEventsCached invalidates when file mtime changes (18.205625ms)
✔ readJournalEventsCached returns empty array for missing file (4.981ms)
✔ clearJournalCache forces re-read on next call (17.577292ms)
✔ invalidateJournalCache with matching path clears cache (18.186958ms)
✔ invalidateJournalCache with non-matching path preserves cache (10.937ms)
✔ readJournalEventsCached handles transition from missing to existing file (20.240875ms)
✔ readJournalEventsCached handles switch between different batch IDs (17.404792ms)
✔ runSpineJournal replay exits non-zero when journal missing (4.83475ms)
✔ runSpineJournal replay prints human table (28.543666ms)
✔ runSpineJournal replay --json returns events array (16.501875ms)
✔ exportJournalJsonl returns null when journal missing (3.117833ms)
✔ runSpineJournal export exits non-zero when journal missing (3.1975ms)
✔ runSpineJournal export writes jsonl to stdout (45.18375ms)
✔ runSpineJournal export --output writes file (42.099083ms)
✔ exportJournalMarkdown returns null when journal missing (6.291417ms)
✔ formatJournalMarkdownTimeline produces stable table shape (1.869042ms)
✔ formatJournalMarkdownTimeline escapes pipe characters in summary (0.105875ms)
✔ runSpineJournal export markdown exits non-zero when journal missing (2.690959ms)
✔ runSpineJournal export writes markdown to stdout (32.471666ms)
✔ runSpineJournal export markdown --output writes file (14.839666ms)
✔ detectBatchStateDrift flags running cache when reconcile sees doneInLane without journal terminal (0.975292ms)
✔ deriveStructuralBatchStateFromJournal rebuilds multi-lane skeleton without cache seed (2.543208ms)
✔ resume-parallel-lane-orphan fixture: journal-only rebuild marks resumed tasks running (3.030458ms)
✔ orphan-running-resume fixture: structural + lifecycle rebuild without seed (0.90075ms)
✔ pidless-ghost-running fixture: post-resume task.started wins over historical failure (1.498333ms)
✔ resume-orphan-historical-failure fixture: rebuild ignores pre-resume failure for active task (1.184125ms)
✔ retry-clears-failed-classification fixture: rebuild fixes stale failed cache (1.420167ms)
✔ retry-clears-failed-classification fixture: detectBatchStateDrift flags cache vs journal (0.572292ms)
✔ incident fixtures rebuild from disk matches in-memory journal rebuild (333.811375ms)
✔ readJournalTimeline filters task and batch lifecycle events (0.631125ms)
✔ rebuildBatchStateFromJournal applies task.completed over stale failed cache (1.02825ms)
✔ detectBatchStateDrift flags journal completed vs cache failed (0.302667ms)
✔ detectBatchStateDrift ignores incomplete journal when cache failed (0.098625ms)
✔ incident orphan-running fixture: journal timeline is readable (329.910959ms)
✔ appendJournalEvent writes schema v1 with ISO timestamp and payload (22.362375ms)
✔ readLastTaskFailedEvent returns most recent task.failed (27.154542ms)
✔ redactSecrets masks sensitive keys (0.163417ms)
✔ capPayloadSize truncates oversized payloads (0.119208ms)
✔ normalizeJournalEvent upgrades legacy lines (0.079583ms)
✔ readJournalEvents reads mixed legacy and v1 lines (9.167958ms)
✔ extractJournalDiagnosisHints surfaces failure events from tail (0.414916ms)
✔ commitLaneWorktree commits dirty worktree when .DONE exists (614.287458ms)
✔ commitLaneWorktree fails loud when dirty without .DONE (288.828542ms)
✔ filterPorcelain drops lines matching ignore patterns by full path (0.286875ms)
✔ filterPorcelain drops lines matching ignore patterns by basename (0.071708ms)
✔ filterPorcelain keeps rename targets when only source matches ignore (0.062125ms)
✔ filterPorcelain returns empty for empty input (0.052125ms)
✔ mergeLaneToOrch rejects empty merge when lane commits were required (422.816667ms)
✔ mergeLaneToOrch prefers orch for conflicts outside lane file scope (1012.551167ms)
✔ mergeLaneToOrch does not auto-resolve in-scope lane conflicts (1121.962916ms)
✔ dismiss archives batch-state before clearing active file (1082.775583ms)
✔ complete with --detect-manual-merge succeeds when orch merged to main (1326.107291ms)
✔ complete refused when mergeResults succeeded but orch not on main (4833.656917ms)
✔ dismiss refused when diagnosis is running without --force (1135.070666ms)
✔ isPostMergeLimbo is true when tasks and merges succeeded with open orch branch (0.6715ms)
✔ isPostMergeLimbo rejects non-running or ended batches (0.090709ms)
✔ isPostMergeLimbo rejects empty or partial task/merge state (0.068666ms)
✔ isPostMergeLimbo respects git orch branch signals (0.062709ms)
✔ isPostMergeLimbo rejects null or non-object state (0.052417ms)
✔ resolveWorkerOutputConfig defaults live log streaming off (0.67175ms)
✔ workerLiveLogPath matches runtime layout (0.084417ms)
✔ truncateLiveLogBytes applies truncation marker when over cap (0.175416ms)
✔ appendWorkerLiveLogChunk redacts secrets and enforces byte cap (8.265375ms)
✔ createWorkerLiveLogWriter returns null when streaming disabled (0.194166ms)
✔ runWorker streams subprocess stub output to live log when enabled (5052.661625ms)
✔ runWorker skips live log when streamWorkerOutputLive is false (5041.905833ms)
✔ runWorker still writes terminal failure log when live streaming enabled (5067.171417ms)
✔ startAgentSessionWorker flushes transcript chunks to live log (12.445375ms)
✔ appendWorkerLiveLogChunk rolls file with truncation marker when over max bytes (1.975834ms)
✔ MACRO_PHASES exports all eleven lifecycle values (1.200541ms)
✔ deriveMacroPhase: idle when no batch signals (0.126083ms)
✔ deriveMacroPhase: planning from batch phase (0.136208ms)
✔ deriveMacroPhase: executing for active running batch (0.116958ms)
✔ deriveMacroPhase: merging phase and needs_merge diagnosis (0.073208ms)
✔ deriveMacroPhase: reviewing when review.started is open (0.14775ms)
✔ deriveMacroPhase: gating for pending gate or post-merge limbo (0.138208ms)
✔ deriveMacroPhase: integrating for needs_integrate and open integrate.started (0.174833ms)
✔ deriveMacroPhase: completed, failed, aborted, paused terminal phases (0.093458ms)
✔ fixture running-batch.json reconciles to executing macro-phase (1190.190958ms)
✔ fixture taskplane-executing.json maps to executing (0.307917ms)
✔ fixture needs-retry-batch.json maps to failed macro-phase (1386.456875ms)
✔ fixture limbo-stale maps to completed macro-phase (1370.19475ms)
✔ all macro-phase enum values are reachable via deriveMacroPhase (0.648916ms)
✔ recordMergeBlocked sets terminal merge_blocked phase and clears enginePid (310.441166ms)
✔ reconcileBatch diagnoses merge_blocked as failed merge, not needs_merge (1364.947583ms)
✔ legacy merging phase with endedAt and failed mergeResults reconciles as failed (1401.931375ms)
✔ findResumableWave skips succeeded merged waves when later wave has pending tasks (0.70175ms)
✔ validateMultiTaskResume allows force resume from merge_blocked (936.757334ms)
✔ buildSuggestedCommand recommends resume --force for merge_blocked phase (0.283083ms)
✔ summarizeMergeFailures extracts failed wave and lane from mergeResults (0.689458ms)
✔ buildMergeFailureHeadline uses 1-based wave number and lane label (0.152834ms)
✔ buildHeadline for failed diagnosis surfaces merge conflict instead of zero failed tasks (0.230167ms)
✔ buildSuggestedCommand for merge failure suggests resume --force (0.137916ms)
✔ buildDiagnosisOutput bundles merge failure headline and command (0.137417ms)
✔ reconcileBatch surfaces merge failure fields distinct from failedTasks (1210.834583ms)
✔ spine status --json includes merge failure fields for monitors (1475.870709ms)
✔ spine status --diagnose prints merge failure details in text output (1142.319583ms)
✔ filterGitignoredPaths separates ignored and stageable paths (360.486917ms)
✔ gitAddFilteredPaths skips gitignored paths without failing (423.928375ms)
✔ mergeLaneToOrch succeeds when task branch committed gitignored coverage (2009.201709ms)
✔ commitLaneWorktree refuses gitignored-only dirty paths (493.952625ms)
✔ commitLaneWorktree commits tracked files while skipping gitignored dirty paths (783.325625ms)
✔ inferMergeGitignoredFailure detects gitignored merge and lane commit failures (0.253208ms)
✔ buildSuggestedCommand returns git rm --cached repair for gitignored merge failures (0.208334ms)
✔ reconcileBatch surfaces gitignored merge repair command from journal (1166.533125ms)
✔ filterPorcelain remains unchanged for SP-104 ignore patterns (0.306792ms)
✔ mergeLaneToOrch auto-resolves additive docs/PRD.md after origin/main merge task (1692.2065ms)
✔ mergeLaneToOrch fails PRD merge with recovery commands when hunks overlap (1299.378084ms)
✔ formatPrdDocMergeFailure names file and wave recovery (0.236916ms)
✔ isActiveWorkerSession true when SPINE_WORKER_RUNNER is set (0.630334ms)
✔ isActiveWorkerSession false outside worker context (0.079709ms)
✔ runStepReview skips nested reviewer spawn when worker env is set (52.767125ms)
✔ runStepReview skips nested plan review spawn when worker env is set (30.140541ms)
✔ runStepReview stub path still works inside worker session (12.078416ms)
✔ runStepReview reaches pi availability check when worker env absent (6.106542ms)
✔ engine parent with leaked worker runner reaches reviewer spawn (2.810083ms)
✔ batch 20260619T020951 SP-306 plan step 0 journals review.skipped not review.failed (23.594417ms)
✔ detectNestedWorkerContext returns reason when SPINE_IS_WORKER=1 (0.735958ms)
✔ detectNestedWorkerContext returns reason when projectRoot is inside .worktrees/spine-* (0.125375ms)
✔ detectNestedWorkerContext returns null for normal projectRoot without worker env (0.107958ms)
✔ startBatch returns error when SPINE_IS_WORKER=1 (11.545417ms)
✔ startBatch returns error when projectRoot is inside .worktrees/spine-* (17.098792ms)
✔ startBatch succeeds normally (no env, normal CWD) — regression (7946.733459ms)
✔ buildWorkerChildEnv includes SPINE_IS_WORKER=1 (0.849583ms)
✔ journalEventsSinceResume excludes pre-resume terminal events (1.346625ms)
✔ detectOrphanRunning: historical task.failed + post-resume silence + dead engine (0.676541ms)
✔ resume orphan with historical failure fixture is not diagnosed as running (1318.256417ms)
✔ terminal event within scoped window still suppresses engine orphan (0.584584ms)
✔ journalIndicatesStalledSession: post-resume start without terminal (2.025959ms)
✔ detectOrphanRunning: PID-less ghost running with post-resume journal stall (1.52525ms)
✔ pidless ghost fixture reconcile is engine_orphaned, not running (1165.00575ms)
✔ terminal event within scoped window suppresses PID-less ghost signal (0.425458ms)
✔ isProcessAlive returns false for absent pid (0.726833ms)
✔ resume parallel lane orphan fixture: multiple running on lane 1 (1.116375ms)
✔ resume parallel lane orphan fixture: reconcile is actionable after scoped orphan detect (1120.242708ms)
✔ searchATon orphan incident fixture: dead workerPid is not diagnosed as running (1330.198625ms)
✔ dead workerPid with running task is not diagnosed as running (1141.102167ms)
✔ dead enginePid mid-resume without terminal journal is engine_orphaned (1100.03625ms)
✔ running batch without recorded pids still reports running (1211.556042ms)
✔ detectOrphanRunning ignores dead engine when terminal journal exists (0.228125ms)
✔ recordBatchEnginePid persists under resilience and clears on terminal save (218.650625ms)
✔ confirmed pause records batch.paused only after engine persists phase (383.450625ms)
✔ unconfirmed pause does not leave orphan batch.paused journal entry (569.4105ms)
✔ pauseBatch succeeds immediately when no attached engine is alive (357.682875ms)
✔ pauseBatch fails loud when attached engine keeps phase running (499.922083ms)
✔ waitForPauseConfirmation returns true when phase stays paused (331.617125ms)
✔ retryTask succeeds when batch phase is paused (217.32875ms)
✔ retryTask rejects when batch phase is running (239.650541ms)
✔ batch 20260630T212050 orphan-after-merge fixture describes GitHub #59 incident (0.8ms)
✔ batch 20260630T212050 journal fixture is limbo via resume detect but not bare state (679.541958ms)
✔ hydrateMergeResultsFromJournal enables state limbo detection for batch 20260630T212050 (292.451417ms)
✔ finalizeAttachedLandLoopBeforeExit opens gate for batch 20260630T212050 journal limbo (1553.690208ms)
✔ installAttachedExitFinalizeHandlers finalizes journal limbo on SIGTERM without manual resume (1428.176666ms)
✔ batch 20260629T021550 fixture is post-merge limbo without gate (370.987083ms)
✔ attemptPostMergeLandLoopHandoff finalizes batch 20260629T021550 limbo after SIGTERM (1471.722542ms)
✔ resumeBatchDetached --force finalizes post-merge limbo without spawning engine (1448.732292ms)
✔ resumeBatch attached path finalizes batch 20260629T021550 limbo immediately (1537.027375ms)
✔ resumeMultiTaskBatch still finalizes batch 20260629T021550 after orphan_terminated (1531.93725ms)
✔ finalizeResumePostMergeLimbo clears stale engine pid during post-merge limbo (1256.948833ms)
✔ isPostMergeLimbo detects running phase with successful merges (0.811375ms)
✔ deriveDiagnosis returns needs_integrate for post-merge limbo (0.569333ms)
✔ finalizeBatchForIntegrate opens gate from post-merge limbo without resume (1423.076709ms)
✔ resumeMultiTaskBatch opens gate from post-merge limbo without re-running tasks (1306.676625ms)
✔ mixed-outcome post-mortem lists failed IDs and retry hint, not smooth success (1150.200834ms)
✔ false-success reconciliation headline is overridden when failures exist (0.360666ms)
✔ listFailedTaskIds prefers classified terminal-failure tasks (0.829542ms)
✔ collectEvidenceBundle summary.md is honest post-mortem markdown (1117.572834ms)
✔ dismissBatch writes post-mortem path into batch history (1171.523458ms)
✔ writeBatchPostMortem persists markdown under runtime batch dir (1085.617708ms)
✔ spine status --verbose includes post-mortem section for active batch (1113.21025ms)
✔ resolveStallConfig defaults progressSnapshotIntervalMinutes to 2 (0.656875ms)
✔ resolveStallConfig applies progressSnapshotIntervalMinutes override (0.072708ms)
✔ buildProgressSnapshotPayload is bounded and omits dirty path lists (0.622667ms)
✔ progressSnapshotPayloadChanged detects field deltas (0.095333ms)
✔ shouldEmitProgressSnapshot respects interval (0.063917ms)
✔ recordLaneProgressSnapshot journals bounded payload (84.49025ms)
✔ runWorker emits lane.progress_snapshot on interval and dedupes unchanged signals (10103.274084ms)
✔ startBatch fails closed on invalid PROMPT before batch starts (287.875417ms)
fatal: malformed object name missing-base-branch
✔ inspectGitState records gitInspectionError when merged-branch scan fails (301.350542ms)
✔ deriveDiagnosis returns git_unavailable when git inspection failed (0.550917ms)
✔ reconcileBatch surfaces git_unavailable instead of limbo_stale on git failure (1104.664875ms)
fatal: malformed object name missing-base-branch
✔ reconcileBatch records count_commits_ahead git errors from real git refs (1447.612792ms)
✔ idle-no-batch returns healthy idle state (274.135667ms)
✔ limbo_stale detected from incident fixture (1183.283708ms)
✔ completed_manual when orch branch merged to main (1381.094292ms)
✔ needs_retry when a task failed (1049.851125ms)
✔ running diagnosis for active batch (960.754792ms)
✔ runReconciliationCheck matches reconcileBatch output shape (984.8355ms)
✔ reconcileBatch includes journal hints when journal exists (937.142208ms)
✔ reconcileBatch exposes macroPhase for running batch (951.299125ms)
✔ reconcileBatch exposes macroPhase for limbo_stale (998.10225ms)
✔ failBatchFromEngineError writes batch.failed and clears enginePid (324.162667ms)
✔ reconcileGhostRunningTasks marks running tasks failed without worker (0.2155ms)
✔ resumeMultiTaskBatch fail-closed when post-commit gitPorcelain throws (6366.537958ms)
✔ resumeBatch opens integrate gate before batch.completed journal event (7284.398083ms)
✔ refreshLaneHeartbeatsOnResume aligns lane heartbeats to engineStartedAt (0.836708ms)
✔ taskAlreadyComplete returns false for failed task with stale .DONE on disk (0.61625ms)
✔ resumeBatch after failed retry runs contract verification before succeed (2624.419041ms)
✔ resumeBatch continues paused 2-task 2-lane batch with stub workers (8291.52925ms)
✔ resumeBatch multi path requires existing lane worktrees (508.480583ms)
✔ multi-task batch start → pause → resume completes both tasks (8862.109875ms)
✔ paused multi-task batch diagnose suggests multi-task resume (1129.307458ms)
✔ multi-task startBatch completes two-lane stub batch (start path) (7645.124667ms)
✔ resumeBatch serializes four tasks on one lane (23386.784541ms)
✔ resumeBatch runs two lanes with two tasks each in parallel (14036.164625ms)
✔ validateMultiTaskResume accepts paused 2-task 2-lane batch (423.141541ms)
✔ validateMultiTaskResume rejects batch with zero tasks (286.310917ms)
✔ validateMultiTaskResume rejects missing worktree per lane (401.983167ms)
✔ validateMultiTaskResume allows force resume when wave merge is pending (570.237083ms)
✔ validateResumeBatch delegates to multi validator for single-task batch (335.441625ms)
✔ resolveDetachedWaitTimeoutMs uses long default for wait-terminal orphan resume (0.567916ms)
✔ prepareOrphanResumeHandoff clears stale workerPid before orphan resume (142.093542ms)
✔ clearStaleLaneWorkerPids preserves live worker pid (156.626958ms)
✔ dual-dead lane+engine orphan reconciles as engine_orphaned with attached resume (1064.790209ms)
✔ attached resume --force completes stuck task after plan review orphan stall (8034.583666ms)
✔ detached resume with wait-terminal uses extended timeout constant (0.160958ms)
✔ taskTerminalSuccessInBatch requires succeeded status and journal task.completed (0.617084ms)
✔ resume --force after partial retry does not review.start succeeded task IDs (9089.639708ms)
✔ pauseBatch sets phase paused and journals batch.paused (210.057125ms)
✔ resumeBatch continues paused single-lane batch (7745.026792ms)
✔ paused spine batch reconciliation suggests spine batch resume (1076.805ms)
✔ validateBatchState requires segments aligned with tasks (0.258583ms)
✔ retryTask clears stale failure metadata before re-run (174.126209ms)
✔ retry then task.completed updates counters and reconcile diagnosis (981.233459ms)
✔ retry-clears-failed-classification fixture reconciles after success state (1025.845291ms)
✔ retryTask atomically resets task and segment records (183.534333ms)
✔ retryTask fixes segment drift (GAP-RETRY-01) (189.754666ms)
✔ resumeBatch refuses segment drift without retry (231.835875ms)
✔ skipTask marks task skipped and updates counters (147.171792ms)
✔ retryTask rejects when batch is running (142.197459ms)
✔ defaultSegmentId used in segment records (0.149667ms)
✔ detectOrphanedReviewStarted finds orphaned review.started with no matching review.completed (0.794ms)
✔ detectOrphanedReviewStarted returns empty when review.completed exists (0.100791ms)
✔ detectOrphanedReviewStarted distinguishes code and final review types (0.068917ms)
✔ reconcileOrphanedReviewEvents synthesizes completion when APPROVE artifact on disk (25.474375ms)
✔ reconcileOrphanedReviewEvents does NOT synthesize when no artifact on disk (9.004208ms)
✔ reconcileOrphanedReviewEvents does NOT synthesize for REVISE verdict (2.99825ms)
✔ findCompletedCodeReview honors artifact at attempt > 0 (1.984042ms)
✔ normal review flow (no crash) still works correctly (0.195417ms)
✔ reconcileOrphanedReviewEvents handles final review with PASS verdict (14.035042ms)
✔ buildReviewerSystemPrompt includes project standards when rules manifest exists (19.938792ms)
✔ buildReviewerSystemPrompt emits reviewer.rules_selected journal event (29.196417ms)
✔ buildReviewRequest user prompt does not include injected standards block (0.314458ms)
✔ runStepReview stub path does not emit reviewer.rules_selected (28.811292ms)
✔ isNoiseReviewScopePath matches runtime artifact paths (0.744583ms)
✔ filterReviewScopeNoise dedupes and drops noise (0.615792ms)
✔ resolvePlanReviewScopePaths returns PROMPT File Scope minus noise (1.758792ms)
✔ resolveReviewScopePaths plan uses task PROMPT file scope (1.308625ms)
✔ resolveReviewScopePaths final returns empty scope (0.066375ms)
✔ resolveCodeReviewScopePaths uses baseline..HEAD when baseline provided (271.442709ms)
✔ resolveCodeReviewScopePaths falls back to git diff --name-only without baseline (217.389334ms)
✔ resolveReviewScopePaths code honors injectable git runner (0.222083ms)
✔ resolveCodeReviewScopePaths returns empty array when git fails (0.093666ms)
✔ parseReviewLevel reads PROMPT heading (0.671458ms)
✔ isReviewTypeRequired follows Taskplane rubric (0.080917ms)
✔ formatReviewTimestamp strips separators from ISO time (0.904375ms)
✔ buildReviewArtifactPath uses step-timestamp pattern (0.159458ms)
✔ buildFinalReviewArtifactPath uses final-timestamp pattern (0.119708ms)
✔ normalizeVerdict maps enums by review type (0.077625ms)
✔ normalizeFinalVerdict and normalizeCodeVerdict are type-specific aliases (0.082125ms)
✔ parseReviewVerdict reads JSON and markdown verdicts (0.468834ms)
✔ parseReviewVerdict accepts PASS REVISE REPLAN when reviewType is final (0.072667ms)
✔ parseReviewVerdict step mode rejects final-only verdict enums (0.194ms)
✔ parseFinalReviewVerdict accepts PASS, REVISE, and REPLAN (0.11325ms)
✔ parseFinalReviewVerdict omits heading summary unlike parseReviewVerdict (0.087875ms)
✔ shouldRunCodeReview requires review level 2 or higher (0.054167ms)
✔ shouldRunFinalReview skips when review level is 0 (0.0635ms)
✔ DEFAULT_REVIEW_SPAWN_TIMEOUT_MS is 90 minutes (0.570958ms)
✔ honorReviewSpawnFailureWhenEligible honors final review when contract passed (2.855791ms)
✔ honorReviewSpawnFailureWhenEligible skips when contract failed (0.528ms)
✔ honorReviewSpawnFailureWhenEligible honors code review with .DONE (0.868584ms)
✔ buildReviewerPiArgs includes --model when config pins reviewer (4.066542ms)
✔ buildReviewerPiArgs omits --model when reviewer model is inherit (1.244042ms)
✔ buildReviewerPiArgs uses per-type model override for matching reviewType (1.739334ms)
✔ buildReviewerPiArgs falls back to top-level reviewer pin when per-type block missing (1.6955ms)
✔ buildReviewerPiArgs cascades per-type inherit to top-level reviewer pin (1.438458ms)
✔ spawnReviewerPi fails closed when pi unavailable via SPINE_REVIEW_TEST_NO_PI (1.570167ms)
✔ buildReviewerChildEnv strips SPINE_WORKER_RUNNER from reviewer child env (0.334083ms)
✔ shouldBlockNestedReviewerSpawn false when only worker runner leaked on engine (0.100416ms)
✔ spawnReviewerPi allows engine spawn when worker runner leaked without journal attach (1.512666ms)
✔ shouldBlockNestedReviewerSpawn true inside live worker child session (0.140166ms)
✔ parseReviewLevel reads PROMPT heading (0.695292ms)
✔ isReviewTypeRequired follows Taskplane rubric (0.085917ms)
✔ buildReviewArtifactPath uses step-timestamp pattern (1.174125ms)
✔ buildFinalReviewArtifactPath uses final-timestamp pattern (0.23875ms)
✔ parseReviewVerdict reads JSON and markdown verdicts (0.557416ms)
✔ parseReviewVerdict accepts PASS REVISE REPLAN when reviewType is final (0.134333ms)
✔ parseReviewVerdict step mode rejects final-only verdict enums (0.108792ms)
✔ parseReviewVerdict accepts PASS REVISE REPLAN for final review type (0.066958ms)
✔ resolveBatchJournalContext ignores SPINE_BATCH_ID without SPINE_JOURNAL_ATTACH (0.20675ms)
✔ isJournalAttachBlocked honors SPINE_SUPPRESS_JOURNAL_ATTACH (0.069083ms)
✔ resolveBatchJournalContext blocked when attach suppressed (0.105541ms)
✔ runStepReview ignores SPINE_REVIEW_STUB_FAIL without stub mode (9.640583ms)
✔ runStepReview stub APPROVE writes artifact and journal events (27.204417ms)
✔ runStepReview stub REVISE returns exitCode 2 (16.259958ms)
✔ runStepReview fail-closed on stub spawn failure (13.814167ms)
✔ runStepReview skips when review level does not require type (1.721ms)
✔ runStepReview final stub PASS writes final artifact path (2.2785ms)
✔ runStepReview final spawn failure exits non-zero at review level >= 1 (1.952917ms)
✔ runSpineReviewStep CLI --type final emits JSON verdict (3.815292ms)
✔ runSpineReviewStep CLI emits JSON verdict (22.000166ms)
✔ assertReviewToolAvailable fails closed without pi at review level > 0 (2.279125ms)
✔ runWorker fails closed when review tool unavailable at level > 0 (9.707375ms)
✔ stub worker stops when enforced review spawn fails (77.037667ms)
✔ DEFAULT_REVIEW_SPAWN_TIMEOUT_MS remains 90 minutes (backstop unchanged) (0.566625ms)
✔ runStepReview honors on-disk APPROVE while pi hangs — seconds not stall timeout (271.38ms)
✔ resolveReviewerModelPin returns per-type override when set (0.700666ms)
✔ resolveReviewerModelPin falls back to top-level when per-type block missing (0.083ms)
✔ resolveReviewerModelPin cascades per-type inherit to top-level pin (0.059833ms)
✔ resolveReviewerModelPin returns null for top-level inherit (0.0495ms)
✔ resolveReviewerModelPin returns null when reviewer block absent (0.051833ms)
✔ resolveReviewerThinkingPin returns per-type override when set (0.078125ms)
✔ resolveReviewerThinkingPin falls back to top-level when per-type block missing (0.095083ms)
✔ resolveReviewerThinkingPin cascades per-type inherit to top-level pin (0.0445ms)
✔ resolveReviewerThinkingPin returns null for off at any level (0.077084ms)
✔ resolveReviewerThinkingPin returns null when reviewer block absent (0.045292ms)
✔ resolveRulesManifestGeneratedAtMerge keeps newest generatedAt (0.722167ms)
✔ resolveRulesManifestGeneratedAtMerge fails when rules differ (0.0825ms)
✔ fingerprintRulesManifest ignores generatedAt (0.058542ms)
✔ mergeLaneToOrch clears generatedAt-only dirty rules-manifest before merge (1296.6235ms)
✔ mergeLaneToOrch auto-resolves generatedAt-only rules-manifest conflict (1483.759666ms)
✔ mergeLaneToOrch fails loud when rules[] differ (1174.922583ms)
✔ mergeLaneToOrch does not auto-resolve when other paths conflict (1101.767709ms)
✔ tryAutoResolveRulesManifestMergeConflict resolves in-progress merge (731.293666ms)
✔ appendTaskMetric writes TaskMetricRecord JSONL line (5.730875ms)
✔ buildTaskMetricRecord includes laneNumber and durationMs when available (0.205292ms)
✔ buildTaskMetricRecord omits laneNumber when not a positive lane (0.115ms)
✔ metrics.enabled false skips append without error (0.925416ms)
✔ resolveTaskMetricOutcome maps skipped_done_on_disk to skipped (0.097917ms)
✔ appendTaskMetric redacts secret-like fields and omits prompt text (1.621958ms)
✔ skipTaskDoneOnDisk records skipped task metric (12.72325ms)
✔ appendBatchMetric writes BatchMetricRecord JSONL line (1.411667ms)
✔ recordBatchTerminalMetric skips when metrics disabled (0.509583ms)
✔ dismissBatch appends batch metric line (761.526708ms)
✔ spine metrics show filters by batch and formats table output (2.236125ms)
✔ spine metrics show CLI filters by batch id (110.291042ms)
✔ resolveSalvageConfig defaults autoCommitOnStall to false (0.626958ms)
✔ validateSpineConfig rejects non-boolean autoCommitOnStall (0.545167ms)
✔ recordTaskFailureSalvage with autoCommitOnStall commits scoped paths on lane branch (625.573959ms)
✔ recordTaskFailureSalvage without autoCommitOnStall does not commit (347.484083ms)
✔ salvage commit refuses merge_in_progress and index_conflicts (457.330917ms)
✔ salvage commit refuses pre-commit hook failure (634.065875ms)
✔ atomic retry retains salvage WIP commit on lane branch (976.428709ms)
✔ inspectLaneSalvage scopes porcelain to file scope and task folder (217.7ms)
✔ recordTaskFailureSalvage journals inspection and writes evidence without committing (381.039666ms)
✔ writeSalvageEvidence writes pretty JSON atomically without temp files (216.460541ms)
✔ startBatch worker failure with dirty scoped file emits salvage and diagnose hint (7663.832ms)
✔ parseSequenceArgs honors --auto-approve-gate and --force (0.636333ms)
✔ spine run sequence --auto-approve-gate dry-run succeeds under stub (480.077083ms)
✔ spine run sequence --auto-approve-gate refused for real pi without --force (742.274208ms)
✔ spine run sequence --auto-approve-gate --force dry-run succeeds for real pi (465.486666ms)
✔ validateSequenceAutoApproveGate allows stub mode without force (0.67475ms)
✔ validateSequenceAutoApproveGate blocks real pi without force (0.1495ms)
✔ validateSequenceAutoApproveGate allows real pi with force (0.066375ms)
✔ validateSequenceAutoApproveGate skips check when flag is false (0.068041ms)
✔ buildSequenceAutoApproveDoctorCheck warns for real pi (0.08375ms)
✔ buildSequenceAutoApproveDoctorCheck passes for stub mode (0.090542ms)
✔ runSequence refuses auto-approve on dry-run for real pi (0.519916ms)
✔ runSequence allows auto-approve dry-run with force on real pi (0.192375ms)
✔ readCurrentBatchLogTail returns null for missing file (0.658ms)
✔ readCurrentBatchLogTail filters to last batch session header (0.602083ms)
✔ readCurrentBatchLogTail returns full content when no header exists (0.313042ms)
✔ readCurrentBatchLogTail respects lineCount limit (0.303833ms)
✔ waitForSequenceBatchTerminal returns settled when batch completes before timeout (1028.606417ms)
✔ waitForSequenceBatchTerminal does not exit while engine PID is alive (2721.889917ms)
✔ waitForSequenceBatchTerminal returns failure diagnosis even with alive engine (911.798583ms)
✔ isMergeBlockedBatchOutcome detects mixed-outcome and merge_blocked phases (0.616375ms)
✔ evaluateWaveTaskDependencies filters runnable tasks by satisfied deps (0.665042ms)
✔ formatSequenceWaveSkipMessage names blocked dependencies per §17.4 (0.189917ms)
✔ resolveWaveAfterMergeBlocked continues wave 1 and skips wave 2 tasks (0.170833ms)
✔ planSequenceWaveTasks skips wave when no deps are satisfied (0.088875ms)
✔ 3-wave sequence continues wave 1 after wave 0 merge_blocked and skips wave 2 (16963.891333ms)
✔ isPiSessionMetadataPath matches .pi session roots and children (1.432708ms)
✔ checkGitClean ignores untracked .pi/ session metadata (310.981834ms)
✔ checkGitClean still fails when non-.pi paths are dirty (368.49375ms)
✔ runSequence with only .pi/ dirty passes preflight (15290.418834ms)
✔ runSequence surfaces preflight failure on stderr-equivalent output (6424.518917ms)
✔ resolveResumeFromWave continues after last completed wave (0.583041ms)
✔ sequence persists fromWave, completedWaves, and lastBatchId after wave 0 (10353.616708ms)
✔ resume after interrupted wave 0 integrate completes remaining waves (22709.451708ms)
✔ sequence halts on wave failure with --stop-on-failure and preserves completed waves (11328.721042ms)
✔ resolveWaveTaskIds and resolveSequenceWaves honor planner waves (1.281667ms)
✔ diagnosis helpers classify settled, waiting, and failure states (0.095084ms)
✔ dry-run prints operator-equivalent land loop commands per wave (0.258583ms)
✔ 2-wave stub sequence completes with auto-approve land loop (21221.565375ms)
✔ buildSequencePlan resolves pending scope for dry-run integration (274.745833ms)
✔ skipTask leaves phase paused when all tasks terminal without merge (1753.459083ms)
✔ skipTask clears failed segment drift for reconcile (1712.698792ms)
✔ resolveWorkerOutputConfig applies lane defaults and overrides (0.660792ms)
✔ captureWorkerOutputTail keeps last lines and marks byte truncation (0.273625ms)
✔ redactWorkerOutput applies built-in and config deny patterns (0.370834ms)
✔ runWorker stall_timeout captures stderr, persists log, journals stall_killed (5073.857375ms)
✔ collectEvidenceBundle references persisted worker output logs (4.585834ms)
✔ successful worker skips log unless retainWorkerOutputOnSuccess (5037.622417ms)
✔ SAT-020 replay: checkpoint_warning → stall_killed → salvage_inspection → task.failed (61739.668083ms)
✔ regression: stub worker still requires .DONE for batch success (6773.409042ms)
✔ recordTaskTransition writes batch-state then journal in order (158.067459ms)
✔ saveSpineBatchState leaves prior JSON intact when atomic write fails (134.420791ms)
✔ saveGateRecord leaves prior JSON intact when atomic write fails (145.664041ms)
✔ validateBatchState accepts healthy schema v1 state (0.963083ms)
✔ validateBatchState rejects counter drift (0.173958ms)
✔ runSpineState validate passes on archived batch-state (4.941375ms)
✔ runSpineState validate fails loud on corrupt active state (2.268208ms)
✔ computeStatusProgress derives wave and task counts from batch raw (1.326375ms)
✔ computeStatusProgress returns null without batch raw (0.103541ms)
✔ formatStatusJson includes documented progress field names (0.173834ms)
✔ spine status --json includes task and wave progress for active batch (928.50375ms)
✔ spine status --json omits progress counts when no batch is active (132.89625ms)
✔ reconcileBatch exposes progress fields for spine watch consumers (934.542167ms)
✔ classifyTaskDoneSemantics distinguishes lane vs main .DONE (issue #35) (139.614666ms)
✔ spine status --diagnose --json exposes explicit done flags mid-batch (973.245166ms)
✔ verifyStubFileScopeMustChange fails when contract paths are unchanged (264.16225ms)
✔ verifyStubFileScopeMustChange passes when contract path changed (282.324916ms)
✔ verifyStubFileScopeMustChange passes for comma-in-single-backtick fileScopeMustChange (SP-396) (296.233209ms)
✔ commitLaneWorktree rejects stub completion without fileScopeMustChange diffs (266.298584ms)
✔ commitLaneWorktree allows stub completion when fileScopeMustChange is satisfied (491.270042ms)
✔ stub contract helpers detect release-critical contracts and legacy markers (0.3085ms)
✔ shouldEnforceStubContractAtLaneCommit uses env or legacy .DONE marker (144.510792ms)
✔ stub cannot succeed merge/version task without file-scope changes (355.499166ms)
✔ checkStubReleaseCritical warns when stub mode has pending fileScopeMustChange tasks (
Line coverage (in-scope): 88.75% (threshold: 77%)
no active session; run stet start first
