Contract testCommand failure log
Command: npm run typecheck && SPINE_WORKER_STUB=1 npm test -- tests/batch/sequence-merge-blocked-continue.test.mjs && npm run coverage:check && stet run --strictness lenient --auto-finish-zero --quiet
Exit code: 1
Attempt: 2 of 2
Timestamp: 2026-07-04T19:55:45.683Z
Buffer overflow: no
---

> pi-spine@1.4.0 typecheck
> tsc --project tsconfig.json --noEmit && tsc --project tsconfig.batch.json --noEmit


> pi-spine@1.4.0 test
> SPINE_SUPPRESS_JOURNAL_ATTACH=1 node --experimental-strip-types --test tests/*.test.mjs tests/cli/*.test.mjs tests/compat/*.test.mjs tests/tasks/*.test.mjs tests/config/*.test.mjs tests/config/cursor-rules/*.test.mjs tests/planner/*.test.mjs tests/batch/*.test.mjs tests/agents/*.test.mjs tests/adoption/*.test.mjs tests/dashboard/*.test.mjs tests/doctor/*.test.mjs tests/migrate/*.test.mjs tests/worker-tools/*.test.mjs tests/coverage/*.test.mjs tests/extensions/*.test.mjs tests/batch/sequence-merge-blocked-continue.test.mjs

✔ adoption fixture: init, plan, stub batch AD-001 creates .DONE (13227.958208ms)
✔ adoption integration: REPLAN final verdict surfaces needs_replan diagnosis (12428.180209ms)
✔ worker.md documents spine tools, stall checkpoint, and coverage policy (0.739792ms)
✔ worker.md documents engine-owned code and final review after .DONE (0.814875ms)
✔ reviewer.md documents final PASS REVISE REPLAN verdicts (0.265667ms)
✔ worker-prompt tail aligns with worker.md commit and review conventions (0.144875ms)
✔ buildWorkerTailPrompt does not contradict worker.md on commit format (12.503333ms)
✔ buildAgentSessionWorkerPrompt includes review hint when level > 0 (3.054208ms)
✔ buildWorkerPiArgs omits -ne when no pi-web-access conflict (14.942375ms)
✔ buildWorkerPiArgs includes -ne before -p when extension conflict detected (19.3675ms)
✔ formatPiExtensionConflictHint surfaces pi-web-access remediation (0.350167ms)
✔ abortBatch archives batch-state before clearing active file (802.625875ms)
✔ abortBatch journals batch.aborted and preserves prior journal tail (1226.168375ms)
✔ abortBatch writes abort signal without killing on graceful abort (993.661083ms)
✔ hard abort removes lane worktree when cleanup enabled (1366.357709ms)
✔ hard abort keeps worktree when cleanupOnHardAbort is false (632.496708ms)
✔ abortBatch fails when no active batch (332.024833ms)
✔ mergeLaneToOrch auto-resolves disjoint adoption doc edits without force-merge (3925.034959ms)
✔ mergeLaneToOrch fails adoption doc merge with recovery commands when hunks overlap (2690.256458ms)
✔ formatAdoptionDocMergeFailure names file and wave recovery (0.215625ms)
✔ agent session abort failure journals lane.worker_abort_failed (1296.435958ms)
✔ formatAttachedMilestoneLine renders land-loop journal types (0.541667ms)
[spine] batch.started
[spine] task.started SP-343
[spine] task.completed SP-343
[spine] batch.merge_started wave=0
[spine] batch.merge_completed wave=0
[spine] gate.opened
[spine] gate.evidence_collecting
[spine] gate.evidence_completed
[spine] batch.completed
[spine] batch.land_loop_finalized

Batch started

Batch 20260704T195111 completed: SP-343 succeeded; merged to orch/spine-20260704T195111.
  → spine gate status
  → spine gate approve
  → spine integrate
  → spine batch complete

Batch 20260704T195111 ready to integrate orch branch to main

  → spine integrate

  Alternatives:
    • /spine-integrate
    • /spine-gate
    • spine status --diagnose

  Batch: 20260704T195111
  Task: SP-343
✔ runSpineBatch attached start returns integrate handoff without process.exit in tests (12666.781083ms)
✔ attached batch CLI subprocess exits after completed with stdout milestones (9892.532334ms)
✔ formatAttachedBatchCliResult includes diagnosis suggested command (0.269208ms)
✔ enforceAttachedEngineSingleOwner fails fast when engine PID is alive (1087.828125ms)
✔ enforceAttachedEngineSingleOwner orphans prior engine with --force (1134.897833ms)
✔ resumeBatch rejects second attached resume when engine PID is alive (1000.818084ms)
✔ resumeBatchDetached rejects spawn when attached engine PID is alive (810.568375ms)
✔ runAttachedBatchEngine blocks attached start when engine PID is alive (677.69825ms)
✔ isLastWaveIndex matches batch 20260618T000943 wave plan (0.498917ms)
✔ maybeFinalizeAfterWaveMerge opens gate for last-wave post-merge limbo (3508.385958ms)
✔ resumeMultiTaskBatch finalizes post-merge limbo even with stale engine pid (2567.962333ms)
✔ terminateStaleDetachedEngine still clears stale engine during post-merge limbo resume handoff (819.998292ms)
✔ startBatch multi-wave attached path opens gate after wave 1 without resume (15883.848875ms)
✔ attached milestone types include batch.merge_blocked (0.514333ms)
✔ formatAttachedBatchCliResult prints merge failure headline and exits non-zero for merge_blocked (3245.730458ms)
✔ runAttachedBatchEngine streams merge_blocked milestone before merge failure CLI output (2471.701875ms)
✔ mergeEngineStateWithDiskPause adopts operator pause from disk (1289.479625ms)
✔ saveEngineBatchState does not clobber phase paused during heartbeat-style saves (1091.3205ms)
✔ enforceOperatorPauseOnDisk re-asserts paused after engine overwrite (1313.217834ms)
✔ pauseBatch confirms when attached engine heartbeat saves honor pause (2471.037958ms)
✔ batch 20260620T194352 fixture is post-merge limbo without gate (883.364041ms)
✔ attemptPostMergeLandLoopHandoff finalizes in-process after SIGTERM-shaped limbo (3470.376958ms)
✔ finalizeAttachedPostMergeLimbo is idempotent when gate already open (1981.692375ms)
✔ resume after orphan_terminated journal opens gate for batch 20260620T194352 pattern (2645.83325ms)
✔ installAttachedEngineShutdownHandlers finalizes on SIGTERM without manual resume (2360.136167ms)
✔ terminateStaleDetachedEngine during post-merge limbo still allows resume finalize (2009.707375ms)
✔ shouldAutoIntegrateAfterWave is false by default (0.503666ms)
✔ shouldAutoIntegrateAfterWave is true when configured and not last wave (0.07675ms)
✔ shouldAutoIntegrateAfterWave is false on last wave (0.061542ms)
✔ issue #25: retry unblocks failed phase when only pending tasks remain (6448.308834ms)
✔ issue #25: failed phase with pending-only limbo resumes without --force (2668.68175ms)
✔ retry keeps failed phase when other failed tasks remain (756.811ms)
✔ diagnosis suggests resume --force for failed-phase pending-only limbo (0.216417ms)
✔ parseSupersededReplacementIds extracts child task IDs (1.15125ms)
✔ assertBatchStartTasksNotSuperseded rejects superseded IDs (1540.42175ms)
✔ assertBatchStartTasksNotSuperseded allows pending IDs (1336.0425ms)
✔ assertBatchStartTasksNotSuperseded honors --force-superseded (1176.703958ms)
✔ resolveBatchStartScope rejects explicit superseded task IDs (775.731459ms)
✔ resolveBatchStartScope allows superseded IDs with forceSuperseded (437.376333ms)
✔ startBatch dry-run rejects superseded explicit scope (618.605458ms)
✔ startBatch dry-run allows superseded scope with forceSuperseded (875.313458ms)
✔ parseBatchArgs maps --wave on start to waveFilter (0.685875ms)
✔ parseBatchArgs strips --wave value from scope for wave 0 (0.102208ms)
✔ buildAttachedBatchStartArgv forwards waveFilter to detached engine (0.5155ms)
✔ startBatch dry-run with pending scope and --wave 0 selects planner wave 0 (1736.417208ms)
✔ startBatch dry-run with --wave selects planner wave task IDs (1361.491083ms)
✔ wave-filtered dry-run matches explicit wave task scope dry-run (1199.786583ms)
✔ evaluateBatchStateWriteGuard rejects writes from non-owner live engine (18.787833ms)
✔ saveSpineBatchState rejects resurrecting archived batch cache (18.878041ms)
✔ resolveStallConfig defaults checkpoint warning and no file-scope grace extension (0.542375ms)
✔ file-scope mtime is activity only — does not extend stall deadline by default (0.187583ms)
✔ checkpoint signals extend grace; STATUS update moves deadline (0.074125ms)
✔ shouldEmitCheckpointWarning after activity without checkpoint threshold (0.11125ms)
✔ resolveScopedDirtyPaths limits porcelain to file scope and task folder (477.176417ms)
✔ lane.checkpoint_warning journal event and diagnose hints (41.989125ms)
✔ extractJournalDiagnosisHints omits stale checkpoint_warning older than 30 minutes (0.16775ms)
✔ collectProgressSignals includes dirtyPaths for scoped changes (652.148666ms)
✔ runFinalReviewPhase fails fast with contract_failed and does not consume finalAttempts (7597.807084ms)
✔ reconcileBatch surfaces contract_failed headline for failed task (1914.914667ms)
✔ verifyContract satisfies pre-landed fileScopeMustChange when testCommand and artifacts pass (2589.014209ms)
✔ verifyContract still fails pre-landed scope when testCommand fails (7063.307416ms)
✔ verifyStubFileScopeMustChange passes delivery-only STATUS when source scope pre-landed (1173.59875ms)
✔ verifyContract passes delivery-only STATUS.md fileScopeMustChange contract (1071.449458ms)
✔ resolvePromptRelPath derives task PROMPT from spine-tasks delivery changes (303.89375ms)
✔ isFileScopePatternPrelanded detects scope changed on main after task intro (886.877583ms)
✔ testCommand fails once then succeeds on retry — contract passes (144.887042ms)
✔ testCommand fails all retries — contract_failed as before (87.71525ms)
✔ retry count configurable via spine-config contract.testRetries (219.895042ms)
✔ failed output captured to .reviews/ directory (90.203417ms)
✔ no retry when testCommand succeeds first time (no performance cost) (71.685708ms)
✔ writeContractFailureLog creates log file with header (28.49625ms)
✔ writeContractFailureLog returns null when taskFolder is undefined (0.156ms)
✔ CONTRACT_TEST_DEFAULT_RETRIES is 1 (0.055875ms)
✔ CONTRACT_TEST_RETRY_DELAY_MS is 5000 (0.065417ms)
✔ multiple failure logs captured across retry attempts (229.560333ms)
✔ parseContract extracts stallTimeoutMinutes and extendGraceOnFileScope (1.1435ms)
✔ resolveTaskStallMinutes uses max of global, size floor, and contract override (0.1165ms)
✔ resolveStallConfigForTask applies contract stallTimeoutMinutes to stallTimeoutMs (0.119292ms)
✔ resolveStallConfigForTask honors contract extendGraceOnFileScope (0.074875ms)
✔ resolveWorkerPiTimeoutMs aligns with contract stall budget (0.093208ms)
✔ runWorker with contract stall override survives beyond global stall budget (scaled) (5201.782125ms)
✔ runWorker without contract override stalls at scaled global budget (5133.538416ms)
✔ isDeliveryArtifactPath accepts STATUS.md-only patterns (0.686042ms)
✔ isDeliveryArtifactPath accepts .DONE-only patterns (0.185291ms)
✔ isDeliveryArtifactPath accepts task-folder delivery globs (0.129833ms)
✔ isDeliveryArtifactPath rejects implementation and tasks-root paths (0.093584ms)
✔ isImplementationScopePattern detects source and tooling roots (0.066791ms)
✔ isStubDeliveryOnlyScope is true for delivery-only pattern sets (0.09825ms)
✔ isStubDeliveryOnlyScope rejects mixed implementation and delivery patterns (0.066208ms)
✔ isStubDeliveryOnlyScope rejects empty pattern lists (0.046667ms)
✔ isDeliveryArtifactPath honors custom tasksRoot (0.187375ms)
✔ resolveTaskStartCommit returns distinct start commits for serialized lane tasks (0.628875ms)
✔ resolveTaskStartCommit prefers task.started payload commit over prior lane.committed (0.089541ms)
✔ resolveTaskStartCommit returns null when task.started is missing (main...HEAD fallback) (0.072541ms)
✔ resolveTaskStartCommit resolves git HEAD at task.started timestamp when journal lacks commit (1561.498166ms)
✔ CONTRACT_TEST_COMMAND_MAX_BUFFER exceeds legacy 256KB limit (0.457125ms)
✔ runContractTestCommand captures large stdout without killing child (65.034292ms)
✔ runContractTestCommand surfaces ENOBUFS with scoped testCommand guidance (100.114458ms)
✔ verifyContract reports buffer overflow with scoped testCommand guidance (5457.52875ms)
✔ listChangedFiles with sinceCommit scopes diff to commits after anchor (2082.640875ms)
✔ listChangedFiles without sinceCommit preserves baseBranch...HEAD (1150.159375ms)
✔ verifyContract with sinceCommit ignores prior same-lane task fileScopeMustNotChange violations (1739.53925ms)
✔ verifyContract without sinceCommit preserves cumulative lane branch behavior (487.132ms)
✔ verifyContract passes when testCommand exits 0 (48.637583ms)
✔ verifyContract fails when testCommand exits non-zero (50.463667ms)
✔ verifyContract checks artifactsMustExist paths in worktree (72.147542ms)
✔ verifyContract expands glob patterns in artifactsMustExist (83.5695ms)
✔ verifyContract returns ok with empty checks when contract has no verify fields (72.59025ms)
✔ verifyContract enforces fileScopeMustChange and fileScopeMustNotChange (816.349791ms)
✔ verifyContract checks minLineCoverage from command output (49.90175ms)
✔ shouldRunContractVerify skips legacy TP-* tasks and absent contract sections (0.276ms)
✔ matchesContractPattern supports glob paths (0.208042ms)
✔ parseAggregateLineCoverage parses coverage table rows (0.151666ms)
✔ SP-193-shaped placeholder contract fails validateContract in required mode (1.414583ms)
✔ verifyContract passes SP-193-shaped contract when scoped files changed (1273.292041ms)
✔ fileScopeMustChange trailing-slash pattern matches files under directory prefix (1034.687875ms)
✔ fileScopeMustChange trailing-slash pattern fails when no files under prefix changed (754.484709ms)
✔ fileScopeMustChange exact-path and glob behavior preserved alongside trailing-slash (769.071667ms)
✔ waitForDetachedBatchResume waits for integrate gate after batch completes (676.166042ms)
✔ waitForDetachedBatchResume completes without gate when integrate gate not required (509.603208ms)
✔ prepareDetachedResumeEngineHandoff terminates stale engine before resume spawn (27.34ms)
✔ resolveDefaultResumeWaitTerminal returns true for engine_orphaned without flags (0.473959ms)
✔ resolveDefaultResumeWaitTerminal respects explicit flags (0.085375ms)
✔ detectPostMergeLimboForResume matches journal-only limbo for batch 20260629T210738 (1542.548667ms)
✔ postMergeLimbo diagnosis suggests spine batch resume --force (0.237834ms)
✔ resumeBatchDetached --force finalizes journal-only limbo without spawning engine (4362.568917ms)
✔ detached batch start opens integrate gate after stub engine completes (9052.433958ms)
✔ timeout_waiting_for_batch with dead enginePid reconciles as engine_orphaned not running (1910.286083ms)
✔ startBatchDetached persists spawn enginePid before wait on timeout failure path (31345.679125ms)
✔ parseBatchArgs defaults to detached start (attached flag off) (0.684791ms)
✔ parseBatchArgs --attached opts into foreground engine (0.080708ms)
✔ buildAttachedBatchStartArgv forwards scope and skip-preflight (0.495208ms)
✔ formatDetachedBatchStartOutput includes monitor hints (0.200959ms)
✔ batch start returns quickly and runs engine in background (9321.826208ms)
✔ parseBatchArgs resume defaults to detached (attached flag off) (0.195291ms)
✔ buildAttachedBatchResumeArgv forwards force (0.102ms)
✔ formatDetachedEngineOutput includes resume wording (0.106083ms)
✔ waitForDetachedBatchResume returns engine_started by default (671.433166ms)
✔ waitForDetachedBatchResume with waitTerminal returns resume_completed (832.229625ms)
✔ collectDetachedFailureDiagnostics includes task.failed summary and log tails (192.175666ms)
✔ parseBatchArgs accepts --wait-terminal (0.174709ms)
✔ batch resume returns quickly and runs engine in background (9039.112375ms)
✔ inferLaunchFailureKind ignores DirtyWorktree exitReason (0.655417ms)
✔ buildHeadline prefers DirtyWorktree over worker launch (0.309916ms)
✔ buildSuggestedCommand for DirtyWorktree suggests coverage cleanup and retry (0.146709ms)
✔ buildHeadline surfaces review_exhausted primary failure (0.117833ms)
✔ buildSuggestedCommand for review_exhausted suggests batch retry (0.06775ms)
✔ buildHeadline surfaces contract_failed primary failure (0.080208ms)
✔ buildSuggestedCommand for contract_failed suggests PROMPT edit and retry (0.065959ms)
✔ buildDiagnosisOutput bundles primary failure class without launch headline (0.130875ms)
✔ reconcileBatch aligns hasFailedTasks with segment drift and DirtyWorktree headline (1948.552875ms)
✔ reconcileBatch diagnoses review_exhausted from failed task exitReason (1954.731875ms)
✔ buildHeadline surfaces PI_SPINE_ROOT launch failure (0.651375ms)
✔ buildHeadline surfaces lane commit failures after worker completion (0.097542ms)
✔ buildSuggestedCommand prefers spine doctor for launch failures (0.164834ms)
✔ inferLaunchFailureKind reads worker output hints from journal (0.161416ms)
✔ extractJournalDiagnosisHints prioritizes setup hook and merge blocked events (1.307625ms)
✔ formatMixedOutcomeMessage lists succeeded tasks and spine batch retry guidance (0.155ms)
✔ reconcileBatch diagnoses launch failure wave from fixture (2078.782917ms)
✔ buildDiagnosisOutput bundles launch failure headline and command (0.211ms)
✔ DIAGNOSIS_TAXONOMY includes worker_orphaned distinct from needs_retry (0.579083ms)
✔ inferLaunchFailureFromWorkerOutputTail reads PI_SPINE_ROOT hints from log tail (0.111416ms)
✔ buildSuggestedCommand prefers abort for ghost running cluster (0.118792ms)
✔ buildHeadline surfaces worker_orphaned launch failure from worker output context (0.230125ms)
✔ worker_orphaned after plan review nested_spawn_blocked suggests batch retry (0.094667ms)
✔ dead lane workerPid diagnoses worker_orphaned not needs_retry (2155.228458ms)
✔ dead workerPid after lane.completed does not diagnose worker_orphaned (2044.551625ms)
✔ worker_orphaned enriches launch headline from worker output log without task.failed (1853.339291ms)
✔ multiple ghost running tasks on one lane prefer spine batch abort (1513.774375ms)
✔ segment drift still diagnoses needs_retry (1183.555ms)
✔ buildDiagnosisOutput bundles worker_orphaned headline and command (0.207333ms)
✔ isRunningWithoutActiveWorkers is false when workers are active (0.556ms)
✔ isRunningWithoutActiveWorkers detects all-terminal tail state (0.071291ms)
✔ buildRunningTailHeadline maps macroPhase merging to operator text (0.190125ms)
✔ buildRunningTailHeadline maps gating / post-merge limbo (0.1255ms)
✔ buildHeadline preserves generic running when workers are active (0.173375ms)
✔ deriveMacroPhase uses journal merge tail when diagnosis is running without workers (0.2195ms)
✔ deriveMacroPhase stays executing when workers are active (0.061916ms)
✔ tail-state fixture reconciles without bare is running headline (1864.318708ms)
✔ tail-state headline matches batch 20260701T031142 shape via buildHeadline (0.340584ms)
✔ isCoverageArtifactPath matches extension/coverage and root coverage dirs (0.55525ms)
✔ isPathInFileScope matches exact paths and directory prefixes (0.121916ms)
✔ filterOutOfScopeCoveragePorcelain drops modified coverage outside file scope (0.134833ms)
✔ filterOutOfScopeCoveragePorcelain keeps in-scope coverage modifications (0.070541ms)
✔ restoreOutOfScopeCoverageArtifacts resets tracked coverage files (798.2325ms)
✔ resolvePostLaneCommitPorcelain restores and filters out-of-scope coverage (848.5065ms)
✔ commitLaneAndValidateWorktree succeeds when only out-of-scope coverage is dirty (1408.422083ms)
✔ commitLaneAndValidateWorktree fails when dirty without .DONE (727.956625ms)
✔ isWorktreeDeletionPorcelainLine matches unstaged deletions (0.5875ms)
✔ isSymlinkOnlyDriftPorcelain is true only for deletion-only porcelain (0.103791ms)
✔ filterSetupHookSymlinkDriftPorcelain clears deletion-only drift (0.071291ms)
✔ parseLaneWorktreeIdentity extracts batch and lane from worktree path (0.506333ms)
✔ resolvePostLaneCommitPorcelain repairs hook symlink drift (1477.113583ms)
✔ commitLaneAndValidateWorktree succeeds when hook symlink drifts after PASS (2091.705583ms)
✔ dismissBatch kills live stub worker PID and journals lane.worker_terminated (2072.316458ms)
✔ shouldRunCodeReview requires review level 2 or higher (0.548666ms)
✔ findCodeReviewStepNumber prefers step with code review checkpoint (12.745542ms)
✔ findCompletedCodeReview honors journal review.completed code APPROVE (12.057292ms)
✔ findCompletedCodeReview honors step artifact APPROVE for code review step (13.63125ms)
✔ runTaskOnLane runs engine code review for RL2 without worker nested spawn (6460.992708ms)
✔ runTaskOnLane skips engine code review when review level is 0 (6115.019291ms)
✔ runTaskOnLane skips engine code review when review level is 1 (6369.04275ms)
✔ runTaskOnLane honors journal review.completed code APPROVE without duplicate spawn (5984.855459ms)
✔ runTaskOnLane re-invokes worker after code REVISE and succeeds on APPROVE (10872.392792ms)
✔ resolveReviewSpawnTimeoutMs aligns with stall budget for M tasks (0.575791ms)
✔ runStepReview journals review.failed with review_timeout on hung spawn (355.388458ms)
✔ async reviewer spawn does not block the event loop while waiting for timeout (360.739541ms)
✔ startBatch opens integrate gate before batch.completed journal event (8459.007042ms)
✔ startBatch serializes multiple tasks on one physical lane (14417.535167ms)
✔ startBatch runs disjoint-scope tasks on separate lanes in parallel (8661.423083ms)
✔ startBatch records lane commit before task.completed (8623.877875ms)
✔ runTaskOnLane emits task.failed not task.completed when lane commit fails (5688.39075ms)
✔ validateSpineConfig accepts worktreeSetupIgnorePaths (0.273042ms)
✔ engine_orphaned diagnosis suggests retry when task id known, attached resume otherwise (0.533917ms)
✔ dead engine with phase running passes validateMultiTaskResume without pause (1288.857333ms)
✔ running phase with live engine pid rejects resume without force (631.745458ms)
✔ reconcile engine_orphaned recommends attached resume for batch 20260618T191236 pattern (1475.099375ms)
✔ engine_orphaned with failedTaskId suggests retry (SP-315) (0.559166ms)
✔ reconcileOrphanRunningState transitions running task to failed with journal events (1074.8855ms)
✔ retryTask succeeds on orphan without manual pause (issue #20 trap) (501.947958ms)
✔ diagnose then retry: suggestedCommand matches working recovery path (1715.187708ms)
✔ resume --force allowed after orphan reconcile when phase was running (536.996042ms)
✔ terminateStaleDetachedEngine SIGTERM stale pid on failed resume (58.395542ms)
✔ runStepReview honors existing final PASS without re-spawn (18.920292ms)
✔ runStepReview skips review.failed journal when batch already completed (45.4645ms)
✔ startBatch lane branch has commit before merge when stub touches files (8658.463458ms)
✔ startBatch completes single task with stub worker (8160.695625ms)
✔ isExplicitBatchScope treats pending as explicit (0.191042ms)
✔ startBatch all dry-run allows multi-wave pending backlog (356.596416ms)
✔ startBatch pending dry-run excludes done tasks (442.935958ms)
✔ startBatch all fails when every task has .DONE (322.509125ms)
✔ startBatch skips worker when .DONE exists on disk (2028.292667ms)
✔ resolveBatchStartScope normalizes all to pending IDs (288.670209ms)
✔ startBatch explicit IDs still allow multi-wave when scope is not bare all (410.096541ms)
✔ startBatch completes two-lane wave with stub workers (7904.724167ms)
✔ startBatch blocks merge on mixed outcomes (5860.43425ms)
✔ assessWaveMergeEligibility blocks failed and pending tasks (0.268708ms)
✔ collectCoreEvidenceBundle writes summary without complete marker (1652.561209ms)
✔ openIntegrateGate persists gate before extended evidence and journals milestones (1537.390167ms)
✔ openIntegrateGate keeps gate when extended evidence command fails (1336.738ms)
✔ collectExtendedEvidenceBundle appends to existing refs (953.625042ms)
✔ parseEvidenceCommandArgv accepts npm run test (1.793458ms)
✔ parseEvidenceCommandArgv preserves quoted arguments (0.145958ms)
✔ parseEvidenceCommandArgv rejects shell command chaining (0.24225ms)
✔ parseEvidenceCommandArgv rejects unknown binary (0.098ms)
✔ runEvidenceCommand executes allowlisted argv without shell (47.847792ms)
✔ runEvidenceCommand rejects malicious config strings (0.172209ms)
✔ runEvidenceCommand skips empty command (0.084625ms)
✔ runEvidenceCommand rejects disallowed build binary (0.1025ms)
✔ parseEvidenceCommandArgv rejects subshell injection (0.137375ms)
✔ collectEvidenceBundle writes summary and .complete marker atomically (1436.128042ms)
✔ collectEvidenceBundle writes rejected output for unsafe testing.test (1079.671708ms)
✔ findCompletedFinalReview honors journal review.completed final PASS (2.017333ms)
✔ findCompletedFinalReview honors latest final artifact PASS (2.679041ms)
✔ runTaskOnLane honors pre-existing worker final review without spawn failure (6147.946542ms)
✔ runTaskOnLane honors journal review.completed final PASS without duplicate spawn (6383.904917ms)
✔ parseFinalReviewVerdict accepts PASS, REVISE, and REPLAN (0.872042ms)
✔ shouldRunFinalReview skips when review level is 0 (0.094042ms)
✔ runTaskOnLane skips final review when review level is 0 (6138.532958ms)
✔ runTaskOnLane journals task.verdict_recorded on PASS final review (6486.942625ms)
✔ runTaskOnLane re-invokes worker after REVISE and succeeds on PASS (11128.223167ms)
✔ runTaskOnLane caps REVISE at maxFinalAttempts with review_exhausted (15608.990375ms)
✔ runTaskOnLane fails with needs_replan and does not keep .DONE (5404.784292ms)
✔ mergeWaveLanesToOrch blocks when a wave task has exitReason needs_replan (198.948ms)
✔ runEngineFinalReview stub writes final artifact path (1.953667ms)
✔ buildTaskScorecard lists task rows (0.598416ms)
✔ openIntegrateGate persists pending gate and journals gate.opened (1489.045834ms)
✔ collectEvidenceBundle writes summary and diff-stat (1332.030917ms)
✔ approve and reject enforce gate FSM (1081.770167ms)
✔ rejectIntegrateGate journals gate.rejected (1264.625583ms)
✔ checkIntegrateGate blocks until approved (exit 2) (1275.435333ms)
✔ integrateOrchToBase fails with exit 2 when gate pending (2164.483709ms)
✔ integrateOrchToBase succeeds after gate approval (2471.576417ms)
✔ force integrate requires SPINE_ALLOW_FORCE=1 (296.704833ms)
✔ openIntegrateGateAfterBatchComplete skips non-completed batches (195.859042ms)
✔ runSpineGate CLI approve updates gate record (1200.940083ms)
✔ classifyGitignoredPaths returns empty arrays for empty input (180.421333ms)
✔ classifyGitignoredPaths detects index-tracked gitignored paths (367.481584ms)
✔ classifyGitignoredPaths detects worktree-only gitignored paths (276.824834ms)
✔ classifyGitignoredPaths handles mixed index-tracked and worktree-only (384.1195ms)
✔ formatGitignoredRemediationMessage: worktree-only does not suggest git rm --cached (0.313708ms)
✔ formatGitignoredRemediationMessage: index-tracked suggests git rm --cached (0.06725ms)
✔ formatGitignoredRemediationMessage: mixed suggests both remediation paths (0.063375ms)
✔ commitLaneWorktree: worktree-only gitignored does not suggest git rm --cached (532.989625ms)
✔ commitLaneWorktree: index-tracked gitignored still suggests git rm --cached (442.814416ms)
✔ regression: SP-011 worktree-only coverage after npm test does not suggest git rm --cached (496.329208ms)
✔ resolveHeartbeatKind marks launching as worker_alive only (0.7245ms)
✔ shouldEmitCheckpointWarning skips launching phase (0.191292ms)
✔ buildHeartbeatPayloadFields omits stale checkpoint signals during launching (0.093708ms)
✔ recordLaneHeartbeat journals kind and phase (90.031875ms)
✔ runWorker launching heartbeat does not journal stale STATUS mtime on fast-fail retry (5182.108542ms)
✔ resolveStallConfig applies lane overrides (0.163709ms)
✔ progressSignalsChanged detects STATUS mtime updates (376.08975ms)
✔ computeStallDeadline extends past hard timeout after progress (0.122084ms)
✔ stall false positive avoided when STATUS updates extend deadline (I-01) (0.115959ms)
✔ findLatestStepCompletedMs returns newest matching task.step_completed (0.1285ms)
✔ progressSignalsChanged detects journal task.step_completed (silent tools) (212.107875ms)
✔ activitySignalsChanged detects file-scope mtime updates (FR-WORK-10 / FR-STALL-02) (183.753167ms)
✔ startBatch records lane.heartbeat during stub worker delay (8445.773417ms)
✔ isFastForwardCapableIntegrate detects orch ahead of main (#93) (671.512666ms)
✔ integrateOrchToBase fast-forwards when orch is strictly ahead (#93 batch 20260702T071449) (2896.338792ms)
✔ integrateOrchToBase fast-forwards with generatedAt-only rules-manifest drift on main (#93) (3681.595083ms)
✔ recordBatchBaseSnapshot stores head sha and journals batch.base_snapshot (291.664041ms)
✔ integrateOrchToBase succeeds with uncommitted edits on main (2336.426583ms)
✔ integrateOrchToBase conflict path leaves human checkout and files unchanged (2888.442875ms)
✔ integrateOrchToBase dry-run advertises isolated merge plan (1075.337875ms)
✔ resolveRulesManifestIntegrateDrift restores main when worker manifest matches orch (#22) (712.288625ms)
✔ integrateOrchToBase succeeds with worker manifest drift on main matching orch (#22) (3480.839875ms)
✔ resolveRulesManifestIntegrateDrift blocks unrelated dirty files on main (970.979916ms)
✔ resolveRulesManifestIntegrateDrift blocks substantive manifest drift not matching orch (793.111458ms)
✔ resolveRulesManifestIntegrateDrift still clears generatedAt-only drift on main (659.32525ms)
✔ resolveRulesManifestIntegrateDrift clears generatedAt-only dirty manifest on main (720.218541ms)
✔ integrateOrchToBase succeeds with dirty generatedAt-only rules-manifest on main (3390.744542ms)
✔ DEFAULT_SYNC_TIMEOUT_MS is 60 seconds (0.488333ms)
✔ syncPlumbingMergePathsToWorktree returns ok: true on successful sync (736.695333ms)
✔ syncPlumbingMergePathsToWorktree returns ok: false with timedOut on timeout (785.304959ms)
✔ integrateOrchToBase emits integrate.failed with IntegrateTimeout on sync timeout (2502.075333ms)
✔ successful integrate still emits integrate.completed (regression) (2469.807958ms)
✔ partial sync failure returns ok: false with correct failureClass from integrateOrchToBase (2482.307834ms)
✔ assertOrchIntegratable refuses empty orch when mergeResults claim success (338.161334ms)
✔ assertOrchIntegratable requires integrate when orch is ahead of base (647.122625ms)
✔ reconcileBatch reports needs_integrate when batch completed but orch not on main (1714.602083ms)
✔ completeBatch refuses when orch is ahead but not integrated (1346.66625ms)
✔ integrateOrchToBase merges orch into main and journals events (2367.731708ms)
✔ integrateOrchToBase dry-run does not change main HEAD (713.730125ms)
✔ completeBatch succeeds after integrate lands orch on main (3377.91975ms)
✔ integrateOrchToBase aborts merge on conflict and restores checkout (2463.707542ms)
✔ integrateOrchToBase fails when batch state is missing (0.385541ms)
✔ runSpineIntegrate CLI succeeds when orch tip already matches main (330.225875ms)
✔ PRD §20.2 planner yields wave0 {A,C} and wave1 {B} (598.527958ms)
✔ PRD §20.2 two-lane stub batch completes ABC waves (15052.248291ms)
✔ PRD §20.2 mixed-outcome blocks merge; retry resets wave B for resume (12068.098834ms)
✔ runStepReview with worker attach env does not journal when attach suppressed (32.450875ms)
✔ runSpineReviewStep with worker attach env does not journal when attach suppressed (25.515791ms)
✔ runSpineReportProgress with worker attach env does not journal when attach suppressed (1.071625ms)
✔ readJournalEventsCached returns same events as readJournalEvents (32.50725ms)
✔ readJournalEventsCached returns cached copy on second call without file change (18.617458ms)
✔ readJournalEventsCached invalidates when file mtime changes (43.359375ms)
✔ readJournalEventsCached returns empty array for missing file (4.977125ms)
✔ clearJournalCache forces re-read on next call (28.199292ms)
✔ invalidateJournalCache with matching path clears cache (9.510459ms)
✔ invalidateJournalCache with non-matching path preserves cache (13.068833ms)
✔ readJournalEventsCached handles transition from missing to existing file (12.105625ms)
✔ readJournalEventsCached handles switch between different batch IDs (22.177167ms)
✔ runSpineJournal replay exits non-zero when journal missing (3.45575ms)
✔ runSpineJournal replay prints human table (16.385125ms)
✔ runSpineJournal replay --json returns events array (10.813667ms)
✔ exportJournalJsonl returns null when journal missing (3.40525ms)
✔ runSpineJournal export exits non-zero when journal missing (4.700334ms)
✔ runSpineJournal export writes jsonl to stdout (20.428167ms)
✔ runSpineJournal export --output writes file (27.083167ms)
✔ exportJournalMarkdown returns null when journal missing (3.282834ms)
✔ formatJournalMarkdownTimeline produces stable table shape (1.336458ms)
✔ formatJournalMarkdownTimeline escapes pipe characters in summary (0.098708ms)
✔ runSpineJournal export markdown exits non-zero when journal missing (1.439792ms)
✔ runSpineJournal export writes markdown to stdout (24.91575ms)
✔ runSpineJournal export markdown --output writes file (9.353833ms)
✔ detectBatchStateDrift flags running cache when reconcile sees doneInLane without journal terminal (0.662792ms)
✔ deriveStructuralBatchStateFromJournal rebuilds multi-lane skeleton without cache seed (2.028375ms)
✔ resume-parallel-lane-orphan fixture: journal-only rebuild marks resumed tasks running (0.787375ms)
✔ orphan-running-resume fixture: structural + lifecycle rebuild without seed (0.854125ms)
✔ pidless-ghost-running fixture: post-resume task.started wins over historical failure (0.445125ms)
✔ resume-orphan-historical-failure fixture: rebuild ignores pre-resume failure for active task (0.353083ms)
✔ retry-clears-failed-classification fixture: rebuild fixes stale failed cache (0.578083ms)
✔ retry-clears-failed-classification fixture: detectBatchStateDrift flags cache vs journal (0.551375ms)
✔ incident fixtures rebuild from disk matches in-memory journal rebuild (334.241334ms)
✔ readJournalTimeline filters task and batch lifecycle events (0.476333ms)
✔ rebuildBatchStateFromJournal applies task.completed over stale failed cache (0.761416ms)
✔ detectBatchStateDrift flags journal completed vs cache failed (0.25575ms)
✔ detectBatchStateDrift ignores incomplete journal when cache failed (0.115875ms)
✔ incident orphan-running fixture: journal timeline is readable (321.787042ms)
✔ appendJournalEvent writes schema v1 with ISO timestamp and payload (18.227792ms)
✔ readLastTaskFailedEvent returns most recent task.failed (30.148375ms)
✔ redactSecrets masks sensitive keys (0.215459ms)
✔ capPayloadSize truncates oversized payloads (0.161458ms)
✔ normalizeJournalEvent upgrades legacy lines (0.095333ms)
✔ readJournalEvents reads mixed legacy and v1 lines (24.749625ms)
✔ extractJournalDiagnosisHints surfaces failure events from tail (0.352375ms)
✔ commitLaneWorktree commits dirty worktree when .DONE exists (703.56875ms)
✔ commitLaneWorktree fails loud when dirty without .DONE (271.677166ms)
✔ filterPorcelain drops lines matching ignore patterns by full path (0.2925ms)
✔ filterPorcelain drops lines matching ignore patterns by basename (0.105333ms)
✔ filterPorcelain keeps rename targets when only source matches ignore (0.074542ms)
✔ filterPorcelain returns empty for empty input (0.055291ms)
✔ mergeLaneToOrch rejects empty merge when lane commits were required (707.6955ms)
✔ mergeLaneToOrch prefers orch for conflicts outside lane file scope (1128.944833ms)
✔ mergeLaneToOrch does not auto-resolve in-scope lane conflicts (1210.238708ms)
✔ dismiss archives batch-state before clearing active file (1040.951708ms)
✔ complete with --detect-manual-merge succeeds when orch merged to main (1437.323792ms)
✔ complete refused when mergeResults succeeded but orch not on main (4507.516083ms)
✔ dismiss refused when diagnosis is running without --force (942.751ms)
✔ isPostMergeLimbo is true when tasks and merges succeeded with open orch branch (0.533875ms)
✔ isPostMergeLimbo rejects non-running or ended batches (0.09325ms)
✔ isPostMergeLimbo rejects empty or partial task/merge state (0.079791ms)
✔ isPostMergeLimbo respects git orch branch signals (0.657292ms)
✔ isPostMergeLimbo rejects null or non-object state (0.093084ms)
✔ resolveWorkerOutputConfig defaults live log streaming off (0.599792ms)
✔ workerLiveLogPath matches runtime layout (0.160875ms)
✔ truncateLiveLogBytes applies truncation marker when over cap (0.194625ms)
✔ appendWorkerLiveLogChunk redacts secrets and enforces byte cap (4.994042ms)
✔ createWorkerLiveLogWriter returns null when streaming disabled (0.205625ms)
✔ runWorker streams subprocess stub output to live log when enabled (5056.253292ms)
✔ runWorker skips live log when streamWorkerOutputLive is false (5038.895209ms)
✔ runWorker still writes terminal failure log when live streaming enabled (5067.4235ms)
✔ startAgentSessionWorker flushes transcript chunks to live log (15.381125ms)
✔ appendWorkerLiveLogChunk rolls file with truncation marker when over max bytes (3.196958ms)
✔ MACRO_PHASES exports all eleven lifecycle values (1.068042ms)
✔ deriveMacroPhase: idle when no batch signals (0.123625ms)
✔ deriveMacroPhase: planning from batch phase (0.125333ms)
✔ deriveMacroPhase: executing for active running batch (0.1165ms)
✔ deriveMacroPhase: merging phase and needs_merge diagnosis (0.068667ms)
✔ deriveMacroPhase: reviewing when review.started is open (0.121417ms)
✔ deriveMacroPhase: gating for pending gate or post-merge limbo (0.066917ms)
✔ deriveMacroPhase: integrating for needs_integrate and open integrate.started (0.099959ms)
✔ deriveMacroPhase: completed, failed, aborted, paused terminal phases (0.079083ms)
✔ fixture running-batch.json reconciles to executing macro-phase (1141.748833ms)
✔ fixture taskplane-executing.json maps to executing (0.297666ms)
✔ fixture needs-retry-batch.json maps to failed macro-phase (1060.545792ms)
✔ fixture limbo-stale maps to completed macro-phase (1215.234417ms)
✔ all macro-phase enum values are reachable via deriveMacroPhase (0.235084ms)
✔ recordMergeBlocked sets terminal merge_blocked phase and clears enginePid (402.539292ms)
✔ reconcileBatch diagnoses merge_blocked as failed merge, not needs_merge (1179.462958ms)
✔ legacy merging phase with endedAt and failed mergeResults reconciles as failed (1229.039708ms)
✔ findResumableWave skips succeeded merged waves when later wave has pending tasks (0.608417ms)
✔ validateMultiTaskResume allows force resume from merge_blocked (833.408583ms)
✔ buildSuggestedCommand recommends resume --force for merge_blocked phase (0.2565ms)
✔ summarizeMergeFailures extracts failed wave and lane from mergeResults (0.591292ms)
✔ buildMergeFailureHeadline uses 1-based wave number and lane label (0.144292ms)
✔ buildHeadline for failed diagnosis surfaces merge conflict instead of zero failed tasks (0.191ms)
✔ buildSuggestedCommand for merge failure suggests resume --force (0.112084ms)
✔ buildDiagnosisOutput bundles merge failure headline and command (0.162666ms)
✔ reconcileBatch surfaces merge failure fields distinct from failedTasks (1076.081666ms)
✔ spine status --json includes merge failure fields for monitors (1292.704292ms)
✔ spine status --diagnose prints merge failure details in text output (1172.766875ms)
✔ filterGitignoredPaths separates ignored and stageable paths (267.61325ms)
✔ gitAddFilteredPaths skips gitignored paths without failing (364.693208ms)
✔ mergeLaneToOrch succeeds when task branch committed gitignored coverage (2023.597167ms)
✔ commitLaneWorktree refuses gitignored-only dirty paths (542.812209ms)
✔ commitLaneWorktree commits tracked files while skipping gitignored dirty paths (667.911042ms)
✔ inferMergeGitignoredFailure detects gitignored merge and lane commit failures (0.247667ms)
✔ buildSuggestedCommand returns git rm --cached repair for gitignored merge failures (0.188584ms)
✔ reconcileBatch surfaces gitignored merge repair command from journal (1121.491041ms)
✔ filterPorcelain remains unchanged for SP-104 ignore patterns (0.321833ms)
✔ mergeLaneToOrch auto-resolves additive docs/PRD.md after origin/main merge task (1630.651125ms)
✔ mergeLaneToOrch fails PRD merge with recovery commands when hunks overlap (1180.597292ms)
✔ formatPrdDocMergeFailure names file and wave recovery (0.193125ms)
✔ isActiveWorkerSession true when SPINE_WORKER_RUNNER is set (0.550541ms)
✔ isActiveWorkerSession false outside worker context (0.157792ms)
✔ runStepReview skips nested reviewer spawn when worker env is set (51.432583ms)
✔ runStepReview skips nested plan review spawn when worker env is set (27.959292ms)
✔ runStepReview stub path still works inside worker session (15.369125ms)
✔ runStepReview reaches pi availability check when worker env absent (7.6295ms)
✔ engine parent with leaked worker runner reaches reviewer spawn (6.937958ms)
✔ batch 20260619T020951 SP-306 plan step 0 journals review.skipped not review.failed (38.690791ms)
✔ detectNestedWorkerContext returns reason when SPINE_IS_WORKER=1 (0.591833ms)
✔ detectNestedWorkerContext returns reason when projectRoot is inside .worktrees/spine-* (0.135708ms)
✔ detectNestedWorkerContext returns null for normal projectRoot without worker env (0.10675ms)
✔ startBatch returns error when SPINE_IS_WORKER=1 (7.842917ms)
✔ startBatch returns error when projectRoot is inside .worktrees/spine-* (13.255375ms)
✔ startBatch succeeds normally (no env, normal CWD) — regression (7698.062209ms)
✔ buildWorkerChildEnv includes SPINE_IS_WORKER=1 (0.949167ms)
✔ journalEventsSinceResume excludes pre-resume terminal events (1.272458ms)
✔ detectOrphanRunning: historical task.failed + post-resume silence + dead engine (0.814709ms)
✔ resume orphan with historical failure fixture is not diagnosed as running (983.098ms)
✔ terminal event within scoped window still suppresses engine orphan (0.621708ms)
✔ journalIndicatesStalledSession: post-resume start without terminal (0.724958ms)
✔ detectOrphanRunning: PID-less ghost running with post-resume journal stall (0.568542ms)
✔ pidless ghost fixture reconcile is engine_orphaned, not running (995.463083ms)
✔ terminal event within scoped window suppresses PID-less ghost signal (0.359458ms)
✔ isProcessAlive returns false for absent pid (0.572291ms)
✔ resume parallel lane orphan fixture: multiple running on lane 1 (0.973959ms)
✔ resume parallel lane orphan fixture: reconcile is actionable after scoped orphan detect (1147.445042ms)
✔ searchATon orphan incident fixture: dead workerPid is not diagnosed as running (1075.395542ms)
✔ dead workerPid with running task is not diagnosed as running (1060.707375ms)
✔ dead enginePid mid-resume without terminal journal is engine_orphaned (969.08925ms)
✔ running batch without recorded pids still reports running (1050.672875ms)
✔ detectOrphanRunning ignores dead engine when terminal journal exists (0.208958ms)
✔ recordBatchEnginePid persists under resilience and clears on terminal save (179.356333ms)
✔ confirmed pause records batch.paused only after engine persists phase (236.390917ms)
✔ unconfirmed pause does not leave orphan batch.paused journal entry (664.444708ms)
✔ pauseBatch succeeds immediately when no attached engine is alive (269.849166ms)
✔ pauseBatch fails loud when attached engine keeps phase running (612.024458ms)
✔ waitForPauseConfirmation returns true when phase stays paused (289.799584ms)
✔ retryTask succeeds when batch phase is paused (187.703542ms)
✔ retryTask rejects when batch phase is running (168.275458ms)
✔ batch 20260630T212050 orphan-after-merge fixture describes GitHub #59 incident (0.866875ms)
✔ batch 20260630T212050 journal fixture is limbo via resume detect but not bare state (633.274583ms)
✔ hydrateMergeResultsFromJournal enables state limbo detection for batch 20260630T212050 (353.0775ms)
✔ finalizeAttachedLandLoopBeforeExit opens gate for batch 20260630T212050 journal limbo (1342.926458ms)
✔ installAttachedExitFinalizeHandlers finalizes journal limbo on SIGTERM without manual resume (1273.827292ms)
✔ batch 20260629T021550 fixture is post-merge limbo without gate (354.746625ms)
✔ attemptPostMergeLandLoopHandoff finalizes batch 20260629T021550 limbo after SIGTERM (1345.543083ms)
✔ resumeBatchDetached --force finalizes post-merge limbo without spawning engine (1236.952292ms)
✔ resumeBatch attached path finalizes batch 20260629T021550 limbo immediately (1301.037ms)
✔ resumeMultiTaskBatch still finalizes batch 20260629T021550 after orphan_terminated (1349.33325ms)
✔ finalizeResumePostMergeLimbo clears stale engine pid during post-merge limbo (1150.305791ms)
✔ isPostMergeLimbo detects running phase with successful merges (0.507583ms)
✔ deriveDiagnosis returns needs_integrate for post-merge limbo (0.376459ms)
✔ finalizeBatchForIntegrate opens gate from post-merge limbo without resume (1293.074292ms)
✔ resumeMultiTaskBatch opens gate from post-merge limbo without re-running tasks (1190.609041ms)
✔ mixed-outcome post-mortem lists failed IDs and retry hint, not smooth success (1050.176458ms)
✔ false-success reconciliation headline is overridden when failures exist (0.340584ms)
✔ listFailedTaskIds prefers classified terminal-failure tasks (0.516959ms)
✔ collectEvidenceBundle summary.md is honest post-mortem markdown (971.60425ms)
✔ dismissBatch writes post-mortem path into batch history (1014.629166ms)
✔ writeBatchPostMortem persists markdown under runtime batch dir (1050.628416ms)
✔ spine status --verbose includes post-mortem section for active batch (1026.905959ms)
✔ resolveStallConfig defaults progressSnapshotIntervalMinutes to 2 (0.542666ms)
✔ resolveStallConfig applies progressSnapshotIntervalMinutes override (0.078833ms)
✔ buildProgressSnapshotPayload is bounded and omits dirty path lists (0.522709ms)
✔ progressSnapshotPayloadChanged detects field deltas (0.097917ms)
✔ shouldEmitProgressSnapshot respects interval (0.082708ms)
✔ recordLaneProgressSnapshot journals bounded payload (74.916292ms)
✔ runWorker emits lane.progress_snapshot on interval and dedupes unchanged signals (10104.002958ms)
✔ startBatch fails closed on invalid PROMPT before batch starts (240.719834ms)
fatal: malformed object name missing-base-branch
✔ inspectGitState records gitInspectionError when merged-branch scan fails (295.451417ms)
✔ deriveDiagnosis returns git_unavailable when git inspection failed (0.41075ms)
✔ reconcileBatch surfaces git_unavailable instead of limbo_stale on git failure (951.63575ms)
fatal: malformed object name missing-base-branch
✔ reconcileBatch records count_commits_ahead git errors from real git refs (1319.1475ms)
✔ idle-no-batch returns healthy idle state (180.793916ms)
✔ limbo_stale detected from incident fixture (1021.214791ms)
✔ completed_manual when orch branch merged to main (1238.929916ms)
✔ needs_retry when a task failed (1069.874958ms)
✔ running diagnosis for active batch (870.873417ms)
✔ runReconciliationCheck matches reconcileBatch output shape (837.714ms)
✔ reconcileBatch includes journal hints when journal exists (830.387041ms)
✔ reconcileBatch exposes macroPhase for running batch (808.102958ms)
✔ reconcileBatch exposes macroPhase for limbo_stale (832.983584ms)
✔ failBatchFromEngineError writes batch.failed and clears enginePid (210.105916ms)
✔ reconcileGhostRunningTasks marks running tasks failed without worker (0.223084ms)
✔ resumeMultiTaskBatch fail-closed when post-commit gitPorcelain throws (6338.230292ms)
✔ resumeBatch opens integrate gate before batch.completed journal event (7131.702584ms)
✔ refreshLaneHeartbeatsOnResume aligns lane heartbeats to engineStartedAt (0.526334ms)
✔ taskAlreadyComplete returns false for failed task with stale .DONE on disk (0.524834ms)
✔ resumeBatch after failed retry runs contract verification before succeed (2435.382667ms)
✔ resumeBatch continues paused 2-task 2-lane batch with stub workers (7988.078875ms)
✔ resumeBatch multi path requires existing lane worktrees (270.24025ms)
✔ multi-task batch start → pause → resume completes both tasks (8181.200333ms)
✔ paused multi-task batch diagnose suggests multi-task resume (1023.145542ms)
✔ multi-task startBatch completes two-lane stub batch (start path) (7525.215166ms)
✔ resumeBatch serializes four tasks on one lane (23160.719292ms)
✔ resumeBatch runs two lanes with two tasks each in parallel (14175.844125ms)
✔ validateMultiTaskResume accepts paused 2-task 2-lane batch (399.212292ms)
✔ validateMultiTaskResume rejects batch with zero tasks (238.560416ms)
✔ validateMultiTaskResume rejects missing worktree per lane (410.349542ms)
✔ validateMultiTaskResume allows force resume when wave merge is pending (485.118834ms)
✔ validateResumeBatch delegates to multi validator for single-task batch (314.103667ms)
✔ resolveDetachedWaitTimeoutMs uses long default for wait-terminal orphan resume (0.4885ms)
✔ prepareOrphanResumeHandoff clears stale workerPid before orphan resume (134.861417ms)
✔ clearStaleLaneWorkerPids preserves live worker pid (141.263167ms)
✔ dual-dead lane+engine orphan reconciles as engine_orphaned with attached resume (945.703625ms)
✔ attached resume --force completes stuck task after plan review orphan stall (7693.323042ms)
✔ detached resume with wait-terminal uses extended timeout constant (0.20025ms)
✔ taskTerminalSuccessInBatch requires succeeded status and journal task.completed (0.502792ms)
✔ resume --force after partial retry does not review.start succeeded task IDs (8490.762584ms)
✔ pauseBatch sets phase paused and journals batch.paused (160.653916ms)
✔ resumeBatch continues paused single-lane batch (7237.065834ms)
✔ paused spine batch reconciliation suggests spine batch resume (819.433333ms)
✔ validateBatchState requires segments aligned with tasks (0.236458ms)
✔ retryTask clears stale failure metadata before re-run (148.711625ms)
✔ retry then task.completed updates counters and reconcile diagnosis (868.424208ms)
✔ retry-clears-failed-classification fixture reconciles after success state (817.004083ms)
✔ retryTask atomically resets task and segment records (169.180417ms)
✔ retryTask fixes segment drift (GAP-RETRY-01) (168.648125ms)
✔ resumeBatch refuses segment drift without retry (266.731041ms)
✔ skipTask marks task skipped and updates counters (154.54025ms)
✔ retryTask rejects when batch is running (160.475459ms)
✔ defaultSegmentId used in segment records (0.18ms)
✔ detectOrphanedReviewStarted finds orphaned review.started with no matching review.completed (0.552458ms)
✔ detectOrphanedReviewStarted returns empty when review.completed exists (0.081791ms)
✔ detectOrphanedReviewStarted distinguishes code and final review types (0.068375ms)
✔ reconcileOrphanedReviewEvents synthesizes completion when APPROVE artifact on disk (19.495709ms)
✔ reconcileOrphanedReviewEvents does NOT synthesize when no artifact on disk (2.606708ms)
✔ reconcileOrphanedReviewEvents does NOT synthesize for REVISE verdict (2.647167ms)
✔ findCompletedCodeReview honors artifact at attempt > 0 (2.070875ms)
✔ normal review flow (no crash) still works correctly (0.134666ms)
✔ reconcileOrphanedReviewEvents handles final review with PASS verdict (23.417625ms)
✔ buildReviewerSystemPrompt includes project standards when rules manifest exists (17.811708ms)
✔ buildReviewerSystemPrompt emits reviewer.rules_selected journal event (12.093959ms)
✔ buildReviewRequest user prompt does not include injected standards block (0.281416ms)
✔ runStepReview stub path does not emit reviewer.rules_selected (14.624083ms)
✔ isNoiseReviewScopePath matches runtime artifact paths (0.658167ms)
✔ filterReviewScopeNoise dedupes and drops noise (0.490167ms)
✔ resolvePlanReviewScopePaths returns PROMPT File Scope minus noise (1.640792ms)
✔ resolveReviewScopePaths plan uses task PROMPT file scope (1.098375ms)
✔ resolveReviewScopePaths final returns empty scope (0.06875ms)
✔ resolveCodeReviewScopePaths uses baseline..HEAD when baseline provided (248.15175ms)
✔ resolveCodeReviewScopePaths falls back to git diff --name-only without baseline (242.791667ms)
✔ resolveReviewScopePaths code honors injectable git runner (0.28175ms)
✔ resolveCodeReviewScopePaths returns empty array when git fails (0.105167ms)
✔ parseReviewLevel reads PROMPT heading (0.659625ms)
✔ isReviewTypeRequired follows Taskplane rubric (0.089417ms)
✔ formatReviewTimestamp strips separators from ISO time (0.818416ms)
✔ buildReviewArtifactPath uses step-timestamp pattern (0.191125ms)
✔ buildFinalReviewArtifactPath uses final-timestamp pattern (0.104375ms)
✔ normalizeVerdict maps enums by review type (0.080333ms)
✔ normalizeFinalVerdict and normalizeCodeVerdict are type-specific aliases (0.067833ms)
✔ parseReviewVerdict reads JSON and markdown verdicts (0.457458ms)
✔ parseReviewVerdict accepts PASS REVISE REPLAN when reviewType is final (0.108459ms)
✔ parseReviewVerdict step mode rejects final-only verdict enums (0.175458ms)
✔ parseFinalReviewVerdict accepts PASS, REVISE, and REPLAN (0.120459ms)
✔ parseFinalReviewVerdict omits heading summary unlike parseReviewVerdict (0.094083ms)
✔ shouldRunCodeReview requires review level 2 or higher (0.063209ms)
✔ shouldRunFinalReview skips when review level is 0 (0.058917ms)
✔ DEFAULT_REVIEW_SPAWN_TIMEOUT_MS is 90 minutes (0.451042ms)
✔ honorReviewSpawnFailureWhenEligible honors final review when contract passed (2.38125ms)
✔ honorReviewSpawnFailureWhenEligible skips when contract failed (0.62325ms)
✔ honorReviewSpawnFailureWhenEligible honors code review with .DONE (1.000875ms)
✔ buildReviewerPiArgs includes --model when config pins reviewer (3.334125ms)
✔ buildReviewerPiArgs omits --model when reviewer model is inherit (1.469333ms)
✔ buildReviewerPiArgs uses per-type model override for matching reviewType (1.279791ms)
✔ buildReviewerPiArgs falls back to top-level reviewer pin when per-type block missing (1.14ms)
✔ buildReviewerPiArgs cascades per-type inherit to top-level reviewer pin (1.038291ms)
✔ spawnReviewerPi fails closed when pi unavailable via SPINE_REVIEW_TEST_NO_PI (1.496084ms)
✔ buildReviewerChildEnv strips SPINE_WORKER_RUNNER from reviewer child env (0.346875ms)
✔ shouldBlockNestedReviewerSpawn false when only worker runner leaked on engine (0.104167ms)
✔ spawnReviewerPi allows engine spawn when worker runner leaked without journal attach (1.548834ms)
✔ shouldBlockNestedReviewerSpawn true inside live worker child session (0.240333ms)
✔ parseReviewLevel reads PROMPT heading (0.640375ms)
✔ isReviewTypeRequired follows Taskplane rubric (0.079041ms)
✔ buildReviewArtifactPath uses step-timestamp pattern (1.138ms)
✔ buildFinalReviewArtifactPath uses final-timestamp pattern (0.149292ms)
✔ parseReviewVerdict reads JSON and markdown verdicts (0.533583ms)
✔ parseReviewVerdict accepts PASS REVISE REPLAN when reviewType is final (0.161542ms)
✔ parseReviewVerdict step mode rejects final-only verdict enums (0.096292ms)
✔ parseReviewVerdict accepts PASS REVISE REPLAN for final review type (0.079542ms)
✔ resolveBatchJournalContext ignores SPINE_BATCH_ID without SPINE_JOURNAL_ATTACH (0.178041ms)
✔ isJournalAttachBlocked honors SPINE_SUPPRESS_JOURNAL_ATTACH (0.130667ms)
✔ resolveBatchJournalContext blocked when attach suppressed (0.102333ms)
✔ runStepReview ignores SPINE_REVIEW_STUB_FAIL without stub mode (7.360542ms)
✔ runStepReview stub APPROVE writes artifact and journal events (15.784167ms)
✔ runStepReview stub REVISE returns exitCode 2 (2.68225ms)
✔ runStepReview fail-closed on stub spawn failure (19.939375ms)
✔ runStepReview skips when review level does not require type (2.077875ms)
✔ runStepReview final stub PASS writes final artifact path (3.346625ms)
✔ runStepReview final spawn failure exits non-zero at review level >= 1 (1.918916ms)
✔ runSpineReviewStep CLI --type final emits JSON verdict (2.5465ms)
✔ runSpineReviewStep CLI emits JSON verdict (20.981ms)
✔ assertReviewToolAvailable fails closed without pi at review level > 0 (8.958292ms)
✔ runWorker fails closed when review tool unavailable at level > 0 (8.379709ms)
✔ stub worker stops when enforced review spawn fails (66.086417ms)
✔ DEFAULT_REVIEW_SPAWN_TIMEOUT_MS remains 90 minutes (backstop unchanged) (0.456334ms)
✔ runStepReview honors on-disk APPROVE while pi hangs — seconds not stall timeout (254.317292ms)
✔ resolveReviewerModelPin returns per-type override when set (0.529667ms)
✔ resolveReviewerModelPin falls back to top-level when per-type block missing (0.186125ms)
✔ resolveReviewerModelPin cascades per-type inherit to top-level pin (0.068959ms)
✔ resolveReviewerModelPin returns null for top-level inherit (0.064917ms)
✔ resolveReviewerModelPin returns null when reviewer block absent (0.066292ms)
✔ resolveReviewerThinkingPin returns per-type override when set (0.094875ms)
✔ resolveReviewerThinkingPin falls back to top-level when per-type block missing (0.057541ms)
✔ resolveReviewerThinkingPin cascades per-type inherit to top-level pin (0.046917ms)
✔ resolveReviewerThinkingPin returns null for off at any level (0.086167ms)
✔ resolveReviewerThinkingPin returns null when reviewer block absent (0.119ms)
✔ resolveRulesManifestGeneratedAtMerge keeps newest generatedAt (0.610084ms)
✔ resolveRulesManifestGeneratedAtMerge fails when rules differ (0.095875ms)
✔ fingerprintRulesManifest ignores generatedAt (0.068792ms)
✔ mergeLaneToOrch clears generatedAt-only dirty rules-manifest before merge (1175.592958ms)
✔ mergeLaneToOrch auto-resolves generatedAt-only rules-manifest conflict (1036.654833ms)
✔ mergeLaneToOrch fails loud when rules[] differ (1046.544875ms)
✔ mergeLaneToOrch does not auto-resolve when other paths conflict (991.674416ms)
✔ tryAutoResolveRulesManifestMergeConflict resolves in-progress merge (809.77175ms)
✔ appendTaskMetric writes TaskMetricRecord JSONL line (7.066708ms)
✔ buildTaskMetricRecord includes laneNumber and durationMs when available (0.225208ms)
✔ buildTaskMetricRecord omits laneNumber when not a positive lane (0.122208ms)
✔ metrics.enabled false skips append without error (1.31175ms)
✔ resolveTaskMetricOutcome maps skipped_done_on_disk to skipped (0.102334ms)
✔ appendTaskMetric redacts secret-like fields and omits prompt text (1.414708ms)
✔ skipTaskDoneOnDisk records skipped task metric (10.357625ms)
✔ appendBatchMetric writes BatchMetricRecord JSONL line (1.365ms)
✔ recordBatchTerminalMetric skips when metrics disabled (0.514875ms)
✔ dismissBatch appends batch metric line (672.116667ms)
✔ spine metrics show filters by batch and formats table output (2.146334ms)
✔ spine metrics show CLI filters by batch id (100.77925ms)
✔ resolveSalvageConfig defaults autoCommitOnStall to false (0.514334ms)
✔ validateSpineConfig rejects non-boolean autoCommitOnStall (0.462709ms)
✔ recordTaskFailureSalvage with autoCommitOnStall commits scoped paths on lane branch (565.330375ms)
✔ recordTaskFailureSalvage without autoCommitOnStall does not commit (332.668959ms)
✔ salvage commit refuses merge_in_progress and index_conflicts (426.119458ms)
✔ salvage commit refuses pre-commit hook failure (454.259ms)
✔ atomic retry retains salvage WIP commit on lane branch (566.802791ms)
✔ inspectLaneSalvage scopes porcelain to file scope and task folder (179.866125ms)
✔ recordTaskFailureSalvage journals inspection and writes evidence without committing (350.383125ms)
✔ writeSalvageEvidence writes pretty JSON atomically without temp files (166.198833ms)
✔ startBatch worker failure with dirty scoped file emits salvage and diagnose hint (7090.684542ms)
✔ parseSequenceArgs honors --auto-approve-gate and --force (0.575541ms)
✔ spine run sequence --auto-approve-gate dry-run succeeds under stub (330.649458ms)
✔ spine run sequence --auto-approve-gate refused for real pi without --force (370.572416ms)
✔ spine run sequence --auto-approve-gate --force dry-run succeeds for real pi (377.557375ms)
✔ validateSequenceAutoApproveGate allows stub mode without force (0.53125ms)
✔ validateSequenceAutoApproveGate blocks real pi without force (0.137833ms)
✔ validateSequenceAutoApproveGate allows real pi with force (0.073792ms)
✔ validateSequenceAutoApproveGate skips check when flag is false (0.06875ms)
✔ buildSequenceAutoApproveDoctorCheck warns for real pi (0.082458ms)
✔ buildSequenceAutoApproveDoctorCheck passes for stub mode (0.0625ms)
✔ runSequence refuses auto-approve on dry-run for real pi (0.382ms)
✔ runSequence allows auto-approve dry-run with force on real pi (0.164667ms)
✔ readCurrentBatchLogTail returns null for missing file (0.576333ms)
✔ readCurrentBatchLogTail filters to last batch session header (0.536ms)
✔ readCurrentBatchLogTail returns full content when no header exists (0.377167ms)
✔ readCurrentBatchLogTail respects lineCount limit (0.34425ms)
✔ waitForSequenceBatchTerminal returns settled when batch completes before timeout (944.66875ms)
✔ waitForSequenceBatchTerminal does not exit while engine PID is alive (2459.279292ms)
✔ waitForSequenceBatchTerminal returns failure diagnosis even with alive engine (814.063791ms)
✔ isMergeBlockedBatchOutcome detects mixed-outcome and merge_blocked phases (0.579541ms)
✔ evaluateWaveTaskDependencies filters runnable tasks by satisfied deps (0.567833ms)
✔ formatSequenceWaveSkipMessage names blocked dependencies per §17.4 (0.186458ms)
✔ resolveWaveAfterMergeBlocked continues wave 1 and skips wave 2 tasks (0.162084ms)
✔ planSequenceWaveTasks skips wave when no deps are satisfied (0.102625ms)
✔ 3-wave sequence continues wave 1 after wave 0 merge_blocked and skips wave 2 (16393.520083ms)
✔ isPiSessionMetadataPath matches .pi session roots and children (0.878041ms)
✔ checkGitClean ignores untracked .pi/ session metadata (212.546708ms)
✔ checkGitClean still fails when non-.pi paths are dirty (217.375791ms)
✔ runSequence with only .pi/ dirty passes preflight (14253.468ms)
✔ runSequence surfaces preflight failure on stderr-equivalent output (5856.499917ms)
✔ resolveResumeFromWave continues after last completed wave (0.552625ms)
✔ sequence persists fromWave, completedWaves, and lastBatchId after wave 0 (9727.701959ms)
✔ resume after interrupted wave 0 integrate completes remaining waves (22501.760083ms)
✔ sequence halts on wave failure with --stop-on-failure and preserves completed waves (11212.86025ms)
✔ resolveWaveTaskIds and resolveSequenceWaves honor planner waves (0.959083ms)
✔ diagnosis helpers classify settled, waiting, and failure states (0.096667ms)
✔ dry-run prints operator-equivalent land loop commands per wave (0.222375ms)
✔ 2-wave stub sequence completes with auto-approve land loop (20417.07975ms)
✔ buildSequencePlan resolves pending scope for dry-run integration (241.733792ms)
✔ skipTask leaves phase paused when all tasks terminal without merge (1514.788291ms)
✔ skipTask clears failed segment drift for reconcile (1545.031041ms)
✔ resolveWorkerOutputConfig applies lane defaults and overrides (0.553166ms)
✔ captureWorkerOutputTail keeps last lines and marks byte truncation (0.258791ms)
✔ redactWorkerOutput applies built-in and config deny patterns (0.375333ms)
✔ runWorker stall_timeout captures stderr, persists log, journals stall_killed (5071.57975ms)
✔ collectEvidenceBundle references persisted worker output logs (3.943958ms)
✔ successful worker skips log unless retainWorkerOutputOnSuccess (5028.809792ms)
✔ SAT-020 replay: checkpoint_warning → stall_killed → salvage_inspection → task.failed (61627.167541ms)
✔ regression: stub worker still requires .DONE for batch success (6697.409958ms)
✔ recordTaskTransition writes batch-state then journal in order (149.837083ms)
✔ saveSpineBatchState leaves prior JSON intact when atomic write fails (145.884459ms)
✔ saveGateRecord leaves prior JSON intact when atomic write fails (136.803125ms)
✔ validateBatchState accepts healthy schema v1 state (0.770542ms)
✔ validateBatchState rejects counter drift (0.159333ms)
✔ runSpineState validate passes on archived batch-state (4.34375ms)
✔ runSpineState validate fails loud on corrupt active state (2.194583ms)
✔ computeStatusProgress derives wave and task counts from batch raw (0.900791ms)
✔ computeStatusProgress returns null without batch raw (0.084042ms)
✔ formatStatusJson includes documented progress field names (0.137ms)
✔ spine status --json includes task and wave progress for active batch (853.764875ms)
✔ spine status --json omits progress counts when no batch is active (137.434375ms)
✔ reconcileBatch exposes progress fields for spine watch consumers (829.984708ms)
✔ classifyTaskDoneSemantics distinguishes lane vs main .DONE (issue #35) (154.785125ms)
✔ spine status --diagnose --json exposes explicit done flags mid-batch (965.463292ms)
✔ verifyStubFileScopeMustChange fails when contract paths are unchanged (240.547417ms)
✔ verifyStubFileScopeMustChange passes when contract path changed (284.702292ms)
✔ verifyStubFileScopeMustChange passes for comma-in-single-backtick fileScopeMustChange (SP-396) (275.197875ms)
✔ commitLaneWorktree rejects stub completion without fileScopeMustChange diffs (273.665292ms)
✔ commitLaneWorktree allows stub completion when fileScopeMustChange is satisfied (474.39325ms)
✔ stub contract helpers detect release-critical contracts and legacy markers (0.334458ms)
✔ shouldEnforceStubContractAtLaneCommit uses env or legacy .DONE marker (209.916542ms)
✔ stub cannot succeed merge/version task without file-scope changes (475.352875ms)
✔ checkStubReleaseCritical warns when stub mode has pending fileScopeMustChange tasks (215.597916ms)
✔ diagnosis surfaces exitReason stub for M/L legacy stub .DONE markers (1.019166ms)
✔ reconcileBatch surfaces exitReason stub for succeeded M/L tasks with legacy stub .DONE (965.750333ms)
✔ applyStubDeliveryStatusBlock updates existing header lines (0.610375ms)
✔ applyStubDeliveryStatusBlock appends block when header lines are missing (0.092666ms)
✔ writeStubDeliveryStatusIfNeeded updates STATUS for delivery-only contracts (3.951083ms)
✔ writeStubDeliveryStatusIfNeeded skips implementation scopes (2.950833ms)
✔ stub worker auto-writes STATUS for delivery-only fileScopeMustChange (75.916584ms)
✔ stub worker does not auto-write STATUS for implementation fileScopeMustChange (65.403791ms)
✔ stub worker STATUS delivery satisfies verifyStubFileScopeMustChange (357.705375ms)
✔ parseTaskSizeFromMarkdown reads Size line (1.105833ms)
✔ resolveTaskStallMinutes uses max of config and size floor (0.113ms)
✔ resolveStallConfigForTask applies minutes to stallTimeoutMs (0.117292ms)
✔ journalTaskAwaitingFirstHeartbeat: true after task.started before lane.heartbeat (0.664708ms)
✔ journalTaskAwaitingFirstHeartbeat: false after matching lane.heartbeat (0.11825ms)
✔ detectOrphanRunning suppresses lane orphan during first-heartbeat debounce when engine alive (0.341ms)
✔ detectOrphanRunning still reports lane orphan before heartbeat when engine is dead (0.132209ms)
✔ detectOrphanRunning still reports lane orphan after first heartbeat (0.103083ms)
✔ reconcileBatch: transient dead workerPid mid-start diagnoses running not worker_orphaned (903.189167ms)
✔ reconcileOrphanRunningState does not fail running task during debounce window (161.342125ms)
✔ post-heartbeat dead pid still worker_orphaned with retry (926.538875ms)
✔ hasPendingWaveMerge is true when an intermediate wave lacks mergeResults (0.6545ms)
✔ hasPendingWaveMerge is false when every terminal wave is recorded (0.4525ms)
✔ recordWaveMergeResult records forceMerged flag and updates existing wave row (0.123666ms)
✔ resolveWorkerBackend defaults to subprocess (0.603334ms)
✔ resolveWorkerBackend honors agentSession flag (0.076042ms)
✔ validateWorkerBackendConfig rejects invalid values (0.101875ms)
✔ validateSpineConfig accepts optional workerBackend (0.237583ms)
✔ settings registry validates workerBackend enum case-sensitively (0.146792ms)
✔ buildAgentSessionWorkerPrompt includes PROMPT reference and review hint (1.7525ms)
✔ createStubAgentSession writes .DONE (2.669041ms)
✔ startAgentSessionWorker completes with injected mock session (2.263667ms)
✔ runWorker uses agentSession backend with mock factory (5026.535291ms)
✔ runWorker keeps subprocess default when workerBackend unset (5022.054ms)
✔ WORKER_BACKENDS lists supported values (0.615292ms)
✔ buildWorkerBackendDoctorCheck reports subprocess as production default (0.139291ms)
✔ buildWorkerBackendDoctorCheck warns or fails on opt-in agentSession (0.273667ms)
✔ buildWorkerBackendDoctorCheck falls back to subprocess for invalid config (0.043875ms)
✔ DIAGNOSIS_TAXONOMY includes worker_done_missing distinct from worker_orphaned and needs_retry (0.551042ms)
✔ outputIndicatesWorkerDoneMissing matches runner stderr message (0.1115ms)
✔ inferWorkerDoneMissingFailure reads task.failed payload from journal (0.185042ms)
✔ buildHeadline and buildSuggestedCommand for worker_done_missing cite worker log (0.318917ms)
✔ reconcileBatch diagnoses worker_done_missing for issue #18 journal pattern (938.901292ms)
✔ buildDiagnosisOutput bundles worker_done_missing headline and retry command (0.218917ms)
✔ resolvePiSpineRoot defaults to pi-spine package root (0.627791ms)
✔ resolvePiSpineRoot honors development.piSpineRoot override (3.41225ms)
✔ buildWorkerChildEnv sets PI_SPINE_ROOT for worker spawn (0.892083ms)
✔ validateWorkerLaunchScriptPath requires scripts/ prefix (2.915959ms)
✔ validateWorkerLaunchScriptPath rejects traversal (0.638084ms)
✔ validateWorkerLaunchScriptPath rejects symlink escape (1.734833ms)
✔ resolveSafeWorkerLaunchScript returns default when present (1.5295ms)
✔ validateSpineConfig rejects unsafe development.workerLaunchScript (0.439875ms)
✔ DEFAULT_WORKER_LAUNCH_SCRIPT matches conventional path (0.085917ms)
✔ runWorker classifies launch script fast-fail as launch_failed (5051.64675ms)
✔ appendWorkerAgentModelArgs adds --model when configured and not inherit (0.484917ms)
✔ appendWorkerAgentModelArgs omits --model for inherit and empty (0.075125ms)
✔ appendWorkerAgentModelArgs adds --thinking when set and not off (0.05975ms)
✔ buildWorkerPiArgs includes --model cursor/auto from spine-config (5.926917ms)
✔ buildWorkerPiArgs omits --model when agents.worker.model is inherit (2.649625ms)
✔ parseWorkerDoneMarker accepts legacy empty and text markers (1.071708ms)
✔ parseWorkerDoneMarker accepts structured JSON markers (0.133166ms)
✔ parseWorkerDoneMarker rejects partial JSON markers (0.081083ms)
✔ isWorkerDoneMarkerValid mirrors parseWorkerDoneMarker (0.073542ms)
✔ writeWorkerDoneMarker writes atomic structured JSON (5.505042ms)
✔ readWorkerDoneMarker reports absent marker (0.582042ms)
✔ persistWorkerOutputLog writes atomically without temp leftovers (3.812291ms)
✔ resolveWorkerPiTimeoutMs uses per-size stall floor (0.515208ms)
✔ resolveWorkerPiTimeoutMs honors SPINE_WORKER_PI_TIMEOUT_MS override (0.107542ms)
✔ buildWorkerChildEnv sets SPINE_WORKER_PI_TIMEOUT_MS from stall budget (0.404375ms)
✔ buildPiWorkerTimeoutDoctorCheck reports stall-aligned timeout for M floor (0.2005ms)
✔ runWorker terminates hung child after .DONE and returns ok: true (10055.884542ms)
✔ runWorker pre-.DONE stall_timeout still works (5182.643834ms)
✔ buildWorkerTailPrompt includes critical-rules for JS-scoped task (19.480542ms)
✔ buildWorkerContextAsync appends config.standards end-to-end (2.009708ms)
✔ buildWorkerContextAsync emits worker.rules_selected journal event (13.838292ms)
✔ buildWorkerContextAsync falls back to static context without .cursor/rules (2.099042ms)
✔ buildReviewLevelHint delegates code and final review to engine (0.625292ms)
✔ buildCommitBoundaryHint uses SP-064 feat(taskId) convention (0.173708ms)
✔ buildDoneCheckpointHint references done path and uncommitted failure (0.251125ms)
✔ buildWorkerTailPrompt includes tools hint and task id from folder (0.591ms)
✔ buildWorkerTailPrompt appends worker agent and PROMPT when present (5.210458ms)
✔ shouldSlideStallAnchorOnHeartbeat only slides worker_alive in pi phase (0.519917ms)
✔ computeStallDeadline slides silent stall window when lastAliveAt advances (0.280792ms)
✔ nextStallAnchorAt advances only on pi worker_alive (0.148083ms)
✔ runWorker worker_alive heartbeats extend stall deadline past initial window (10088.709125ms)
✔ runWorker silent stall still fails without heartbeats (5087.784416ms)
✔ SP-190 wedge fixture describes hung-child-after-.DONE incident (0.565125ms)
✔ SP-190 wedge class: engine completes within post-done grace (SP-193) (10050.326833ms)
✔ completeBatch removes lane worktrees and journals batch.worktrees_cleaned (1144.028ms)
✔ dismissBatch removes lane worktrees and journals batch.worktrees_cleaned (981.930166ms)
✔ completeBatch keeps worktree when cleanupWorktreesOnComplete is false (1097.635541ms)
✔ provisionLaneWorktree normalizes git metadata to relative posix paths (261.328166ms)
✔ repairLaneWorktreeGitMetadata fixes broken absolute gitdir pointers (353.663417ms)
✔ normalizeLaneWorktreeGitPaths is idempotent (207.905083ms)
✔ validateMultiTaskResume repairs unhealthy lane worktree git metadata (426.741459ms)
✔ validateWorktreeSetupHookPath accepts ./scripts/ prefix when file exists (4.147292ms)
✔ validateWorktreeSetupHookPath rejects ./scripts/../ traversal (0.554625ms)
✔ validateSpineConfig rejects unsafe worktreeSetupHook (0.4785ms)
✔ checkWorktreeSetupHook fails preflight for unsafe hook path (0.552959ms)
✔ runWorktreeSetupHook succeeds with JSON stdout (213.233791ms)
✔ runWorktreeSetupHook throws when hook returns ok false (188.186042ms)
✔ runWorktreeSetupHook throws on malformed JSON stdout (173.286334ms)
✔ runWorktreeSetupHook is no-op when hook not configured (0.949458ms)
✔ batch help helpers detect help invocations (0.451875ms)
✔ printBatchHelp returns usage text (0.115208ms)
✔ runSpineBatch exits 0 for help without starting a batch (190.515958ms)
✔ spine batch start --help does not create batch state (265.01125ms)
✔ isCliEntrypoint returns true when argv[1] is a symlink to the module (1.182542ms)
✔ isCliEntrypoint returns false for an unrelated script path (0.195916ms)
✔ isCliEntrypoint returns false when argv[1] is missing (0.169208ms)
✔ spine help via symlink produces stdout and exit 0 (95.254209ms)
✔ spine version via symlink produces stdout and exit 0 (622.360875ms)
✔ HANDOFF_DEFAULTS autoWriteOn includes session_start (0.836292ms)
✔ /spine auto-writes handoff on session_start when batch needs attention (1779.035083ms)
✔ /spine skips auto-write when autoWriteOn excludes session_start (1054.41975ms)
✔ /spine skips auto-write for idle diagnosis even with session_start enabled (5327.874458ms)
✔ /spine merges default autoWriteOn when config omits handoff.autoWriteOn (1843.856459ms)
✔ formatIssueDraftMarkdown renders all issue checklist sections (0.811083ms)
✔ formatIssueDraftMarkdown applies redaction to section content (0.117667ms)
✔ buildIssueDraftBody returns title, body, and labels for idle repo (4097.123875ms)
✔ buildIssueDraftBody includes batch context and journal tail (7724.43575ms)
✔ buildIssueDraftBody maps issueType to GitHub labels (15041.652083ms)
✔ buildIssueDraftBody rejects invalid issueType (157.612709ms)
✔ buildIssueDraftBody redacts sk- token patterns in title and body (3788.150334ms)
✔ parseJournalFollowArgs reads batch, lane, and json flags (0.923791ms)
✔ resolveFollowBatchId uses reconcile then batch-state (700.77275ms)
✔ formatJournalFollowLine uses summarizeJournalEvent (1.249875ms)
✔ formatJournalFollowOutputLine filters by lane and supports json passthrough (0.195125ms)
✔ readJournalFollowSnapshot prints header once in human mode (10.440208ms)
✔ runJournalFollow exits non-zero when journal missing (0.608417ms)
✔ runJournalFollow exits non-zero when no batch can be resolved (0.514209ms)
✔ runJournalFollow prints existing events without following (17.324125ms)
✔ runJournalFollow defaults batch from batch-state (705.8355ms)
✔ spine journal follow exits non-zero when journal missing (100.504667ms)
✔ parseLaneNumber accepts positive integers (0.585542ms)
✔ parseLaneLogsArgs reads lane, task, batch, and follow flags (0.47025ms)
✔ extractTaskIdFromLogFilename parses worker log names (0.167375ms)
✔ resolveLaneLogPath prefers live log when present (6.025458ms)
✔ resolveLaneLogPath falls back to worker-output log (2.488875ms)
✔ findMostRecentLogTaskId picks newest log in lane directory (3.366791ms)
✔ resolveLaneLogTaskId uses explicit task id (0.609208ms)
✔ resolveLaneLogTaskId infers running task from batch state (1.937959ms)
✔ runLaneLogs exits non-zero when lane is missing (0.619958ms)
✔ runLaneLogs exits non-zero when no batch can be resolved (0.923875ms)
✔ runLaneLogs prints existing log without following (706.764083ms)
✔ runLaneLogs prefers live log content (714.967208ms)
✔ spine lane logs exits non-zero when log file missing (852.544083ms)
✔ isExitVerificationTask detects exit verification headings (0.692375ms)
✔ shouldRunContractVerifyForWorker skips stub for normal tasks (0.942708ms)
✔ shouldRunContractVerifyForWorker runs stub contract for exit tasks (0.23925ms)
✔ runPhase23ExitVerify --skip-test passes structural checks in repo (15.929167ms)
✔ spine verify phase23-exit CLI is wired (5.432291ms)
✔ runScenariosList prints empty registry message (1.554833ms)
✔ runScenariosList returns sorted scenarios as JSON (9.621458ms)
✔ runScenariosShow returns scenario details (1.152208ms)
✔ runScenariosShow rejects unknown scenario (1.06475ms)
✔ loadScenarioFixture reads incident fixture from registry entry (1.136625ms)
✔ loadScenarioFixture rejects recipe kind (0.255625ms)
✔ materializeFixtureToProject writes batch-state and journal tail (195.612083ms)
✔ assertMaterializeAllowed blocks when batch-state exists (193.597792ms)
✔ runScenariosMaterialize blocks active batch without --force (156.634917ms)
✔ runScenariosMaterialize writes fixture with --force (165.461417ms)
✔ runScenariosMaterialize rejects recipe scenarios (1.510417ms)
✔ spine scenarios CLI routes list and materialize (382.837334ms)
✔ parseSequenceArgs defaults scope to pending and stopOnFailure to true (0.55225ms)
✔ parseSequenceArgs honors wave and attached flags (0.088625ms)
✔ formatSequenceResult emits JSON when requested (0.471042ms)
✔ spine run sequence pending --dry-run prints per-wave land loop commands (378.766458ms)
✔ spine run sequence pending --dry-run --json returns structured payload (352.398ms)
✔ spine run sequence pending --from-wave 1 limits dry-run to later waves (352.555958ms)
✔ runSpineSequence rejects invalid through-wave with non-zero exit (228.833ms)
✔ spine run pending still aliases batch start (273.74075ms)
✔ assembleHandoffData returns idle shape when no active batch (167.111416ms)
✔ assembleHandoffData includes reconciliation fields for active batch (1038.380625ms)
✔ assembleHandoffData redacts secret-like payload fields in journal tail (1049.06675ms)
✔ paused batch handoff lists pending tasks and spine batch resume (1022.858834ms)
✔ renderHandoffMarkdown matches golden snapshot structure (930.636792ms)
✔ redactHandoffText removes KEY TOKEN and SECRET value patterns (0.22775ms)
✔ recordHandoffWritten appends handoff.written journal event (159.067917ms)
✔ handleNext appends handoff path hint when handoff file exists (896.024042ms)
✔ runSpineHandoff --json writes handoff file and returns structured output (866.682583ms)
✔ runInit copies rules profile, discovers manifest, standards default [] (11.929417ms)
✔ runInit dry-run plans rules files without writing (1.305833ms)
✔ rules-manifest.json is not listed in .gitignore (0.183459ms)
✔ parseIssueDraftArgs applies defaults and flags (0.597084ms)
✔ buildIssueDraftBody works in idle repo without batch context (4300.440708ms)
✔ runSpineIssueDraft writes draft file and prints human output by default (4202.769417ms)
✔ runSpineIssueDraft --json returns structured payload without writing file (5030.950667ms)
✔ runSpineIssueDraft --create fails clearly when gh is missing (492.922833ms)
✔ runSpineIssue rejects unknown subcommands (390.103209ms)
✔ spine issue draft routes through spine.mjs help and dispatch (5720.791ms)
✔ buildIssueDraftBody redacts secret-like values (4383.557709ms)
✔ get-version helpers use spawnSync without shell (14.791458ms)
✔ spine help and version route through thin CLI entry (832.949583ms)
✔ spine rejects unknown commands (119.346625ms)
✔ router dispatches plan, status, batch, gate, and integrate (768.788084ms)
✔ spine rules --help lists subcommands (115.304833ms)
✔ runSpineRules discover writes manifest in initialized project (208.100291ms)
✔ runSpineRules select rejects invalid PROMPT before manifest check (192.202583ms)
✔ runSpineRules select uses validated file scope (179.412209ms)
✔ runSpineRules select requires manifest (157.458209ms)
✔ spine rules sync via CLI exits zero in pi-spine repo (119.718834ms)
✔ parseRulesArgv defaults role to worker (0.107833ms)
✔ parseRulesArgv requires review-type for reviewer role (0.294875ms)
✔ runSpineRules select worker default unchanged (177.413708ms)
✔ runSpineRules select reviewer plan uses PROMPT file scope (186.427416ms)
✔ runSpineRules select reviewer final returns empty scope (231.279834ms)
✔ runSpineRules select reviewer code honors baseline (327.923ms)
✔ spine status prints macro phase for idle repo (198.916833ms)
✔ spine status prints macro phase for active batch (911.383667ms)
✔ spine status --diagnose verbose signals include macroPhase (929.588375ms)
✔ spine status --json includes macroPhase fields (879.431458ms)
✔ parseDurationMs accepts plain seconds and suffix forms (0.776083ms)
✔ parseDurationMs rejects invalid values (0.249042ms)
✔ parseUntilDiagnoses parses comma-separated diagnoses (0.447125ms)
✔ parseUntilDiagnoses rejects unknown diagnoses (0.111666ms)
✔ parseWaitArgs requires --until and applies defaults (0.116042ms)
✔ parseWaitArgs accepts timeout interval and json (0.08375ms)
✔ parseWaitArgs rejects unknown flags (0.071541ms)
✔ diagnosisMatchesUntil matches only non-null diagnoses in set (0.078458ms)
✔ runSpineWait exits 0 when diagnosis matches (0.296ms)
✔ runSpineWait exits 1 on timeout and emits final json snapshot (0.212125ms)
✔ runSpineWait polls until diagnosis changes (0.142ms)
✔ spine wait --json exits 0 when diagnosis matches fixture (1011.687583ms)
✔ spine wait times out with exit 1 (2831.427792ms)
✔ spine wait rejects missing --until (100.559542ms)
✔ spine help lists wait command (158.190791ms)
✔ parseWatchArgs defaults (0.55675ms)
✔ parseWatchArgs accepts interval json and once (0.086083ms)
✔ parseWatchArgs rejects invalid interval (0.213958ms)
✔ parseWatchArgs rejects unknown flags (0.065583ms)
✔ formatWatchHumanLine renders compact reconcile summary (0.077042ms)
✔ formatWatchHumanLine uses idle placeholders when batch absent (0.105458ms)
✔ buildWatchSnapshot includes core fields and progress block when present (0.441041ms)
✔ buildWatchSnapshot prefers explicit progress object (0.085958ms)
✔ runSpineWatch --once human mode prints one line (0.200208ms)
✔ runSpineWatch --once json mode prints NDJSON snapshot (0.175833ms)
✔ runSpineWatch polls until once breaks loop without extra reconcile calls (0.111416ms)
✔ spine watch --once integrates with reconcileBatch in idle repo (239.390834ms)
✔ spine watch --json --once emits reconcile snapshot for active batch (1101.162292ms)
✔ spine watch rejects invalid interval (147.572291ms)
✔ spine help lists watch command (111.429541ms)
✔ DIAGNOSIS_TAXONOMY includes needs_replan (0.500167ms)
✔ needs_replan diagnosis messaging matches handoff §9.1 shape (0.665333ms)
✔ buildDiagnosisOutput bundles needs_replan operator fields (0.143625ms)
✔ deriveDiagnosis prefers needs_replan over needs_retry for replan failures (0.287917ms)
✔ needs_replan blocks needs_merge diagnosis when replan task remains (0.079833ms)
✔ reconcileBatch surfaces needs_replan with edit-PROMPT suggestion (1027.792333ms)
✔ I-01 progress signals extend stall deadline past hard timeout (0.646ms)
✔ I-02 spine batch retry resets task and segment with pendingSegments > 0 (179.417459ms)
✔ I-03 spine state validate rejects corrupt batch-state (2.291333ms)
✔ I-04 spine batch abort archives batch-state before clearing active file (169.0945ms)
✔ I-05 wave merge blocked on failed/pending tasks; force-merge override exists (181.819792ms)
✔ I-06 retry refused while batch phase is executing or merging (234.465959ms)
✔ I-07 stall logic uses STATUS, lane commit, and file-scope mtime signals (180.410417ms)
✔ I-08 post-mortem does not claim success when failures exist (1313.054625ms)
✔ I-09 CONTEXT documents serial bootstrap and preflight execution policy (0.668834ms)
✔ I-10 runStepReview fail-closed when review tool unavailable at level > 0 (4.008958ms)
✔ CONFIG_V2_SECTION_DEFAULTS match handoff §6.2 (0.880708ms)
✔ applyConfigDefaults merges missing v2 sections without overwriting existing keys (0.2115ms)
✔ loadSpineConfig merges defaults for legacy config missing v2 keys (4.48025ms)
✔ init scaffold includes v2 config sections from template (3.330541ms)
✔ CONTRACT_DEFAULTS match handoff §3.1 (0.813917ms)
✔ applyConfigDefaults merges contract section (0.215875ms)
✔ validateContractConfig rejects invalid mode (0.138542ms)
✔ validateContractConfig rejects non-array legacyTaskIdPrefixes (0.0655ms)
✔ validateSpineConfig accepts valid contract block (0.193875ms)
✔ validateSpineConfig rejects invalid contract.mode via validateSpineConfig (0.062584ms)
✔ discoverCursorRules returns empty manifest when rules root is missing (8.522125ms)
✔ discoverCursorRules excludes brutal-audit rules via profile patterns (19.111583ms)
✔ discoverCursorRules records parse warn entries in manifest rules (2.942541ms)
✔ discoverCursorRules manifest round-trip via atomic write (4.337792ms)
✔ classifyCursorRuleSpineClass prefers always over globs (0.18ms)
✔ getCursorRuleExclusionReason matches excludeRelPaths exactly (0.169666ms)
✔ expandFileScopeProbes returns empty for empty scope (0.860375ms)
✔ expandFileScopeProbes adds synthetic probes for dir/* and dir/** (0.178209ms)
✔ expandFileScopeProbes keeps literal file paths (0.65725ms)
✔ expandFileScopeProbes expands in-path wildcards (0.109209ms)
✔ ruleGlobsMatchFileScope is false for empty file scope (0.134ms)
✔ ruleGlobsMatchFileScope matches **/* when file scope is non-empty (0.182333ms)
✔ ruleGlobsMatchFileScope matches JS globs against mjs scope (0.684959ms)
✔ ruleGlobsMatchFileScope matches scope glob entries against rule globs (0.849292ms)
✔ parseCursorRuleFrontmatter returns skip when frontmatter missing (2.359375ms)
✔ parseCursorRuleFrontmatter parses array globs fixture (1.051792ms)
✔ parseCursorRuleFrontmatter splits comma-separated globs (0.260833ms)
✔ parseCursorRuleFrontmatter treats empty globs array as no patterns (0.30425ms)
✔ parseCursorRuleFrontmatter defaults missing globs key to empty array (0.444583ms)
✔ parseCursorRuleFrontmatter coerces alwaysApply booleans (0.54425ms)
✔ parseCursorRuleFrontmatter matches repo comma-separated task authoring layout (0.13575ms)
✔ parseCursorRuleFrontmatter matches general-llm alwaysApply true layout (0.09825ms)
✔ parseCursorRuleFrontmatter matches audit-workflow empty globs layout (0.098041ms)
✔ parseCursorRuleFrontmatter warns on invalid alwaysApply and bad globs (0.215042ms)
✔ DEFAULT_RULES_PROFILE seeds worker include and discovery excludes (0.664375ms)
✔ loadRulesProfile returns built-in defaults when file missing (3.37175ms)
✔ mergeRulesProfile applies neverInclude over alwaysInclude (0.212375ms)
✔ mergeRulesProfile applies reviewer defaults when file omits reviewer (0.083ms)
✔ mergeRulesProfile applies reviewer neverInclude over alwaysInclude (0.110167ms)
✔ loadRulesProfile rejects invalid JSON with RULES_PROFILE_INVALID (2.481792ms)
✔ validateRulesProfile rejects unsupported profileVersion (0.159584ms)
✔ loadRulesProfile merges partial file overrides (2.156834ms)
✔ validateRulesProfile rejects schema and path traversal errors (0.414ms)
✔ loadRulesProfile rejects validated file errors (1.848542ms)
✔ selectRulesForReviewer returns empty when reviewer.enabled is false (2.129667ms)
✔ selectRulesForReviewer never selects taskplane-worker-cursor.mdc (0.327875ms)
✔ selectRulesForReviewer selects glob rules when scopePaths match (0.58625ms)
✔ selectRulesForReviewer appends standards without duplicates (0.215584ms)
✔ selectRulesForReviewer respects neverLoad (0.120542ms)
✔ selectRulesForReviewer uses profile.reviewer.maxRules cap (8.45275ms)
✔ context path helpers round-trip under .cursor/rules (0.572459ms)
✔ selectRulesForWorker includes alwaysInclude and always-class rules (1.43ms)
✔ selectRulesForWorker selects JS globs and excludes Swift for JS-only scope (14.208125ms)
✔ selectRulesForWorker matches OWASP for bin/*.mjs scope via scope glob (0.251583ms)
✔ selectRulesForWorker appends standards without duplicates (0.216625ms)
✔ selectRulesForWorker respects neverLoad and neverInclude (0.137416ms)
✔ selectRulesForWorker exports journal-friendly entries shape (0.090833ms)
✔ normalizeTasksRootFromEnv accepts relative and rejects parent traversal (0.660208ms)
✔ applyEnvOverrides: SPINE_MAX_LANES overrides file value (0.299083ms)
✔ applyEnvOverrides: SPINE_TASKS_ROOT overrides paths.tasksRoot (0.10625ms)
✔ applyEnvOverrides rejects invalid SPINE_MAX_LANES (0.148292ms)
✔ loadSpineConfig applies env overrides after file load (246.838459ms)
✔ SPINE_TASKS_ROOT env discovers tasks under alternate root in plan (240.1395ms)
✔ spine settings show reports env source for overridden lanes.maxParallel (430.910541ms)
✔ runDoctorChecks lists effective config with env source (4897.173625ms)
✔ DEFAULT_REVIEWER_CONTEXT_BYTE_CAP is 16KiB (0.519417ms)
✔ buildReviewerContext skips when .cursor/rules is missing (2.731291ms)
✔ buildReviewerContext does not inject referenceDocs (6.259417ms)
✔ buildReviewerContext truncates at byte cap (12.975375ms)
✔ buildReviewerContext emits reviewer.rules_selected journal event (20.592875ms)
✔ buildReviewerContext degrades gracefully on invalid rules profile (16.352791ms)
✔ buildReviewerContext selects rules for scoped plan review (4.466ms)
✔ emitReviewerRulesSelected is no-op without journal context (0.147666ms)
✔ SETTINGS_FIELDS lists editable paths including reviewer per-type pins (1.0195ms)
✔ listEditableFields returns shallow copies (0.115458ms)
✔ parseSettingPath rejects unknown path (0.128583ms)
✔ parseSettingPath accepts registered path (0.065084ms)
✔ lanes.maxParallel accepts valid integer and coerces string (0.135375ms)
✔ lanes.maxParallel rejects below min and above max (0.081541ms)
✔ gates.requireBeforeIntegrate accepts booleans and CLI strings (0.152083ms)
✔ agents.worker.model accepts inherit and optional empty (0.07575ms)
✔ agents.worker.thinking accepts enum values case-insensitively (0.126959ms)
✔ agents.reviewer.model accepts inherit and optional empty (0.108291ms)
✔ agents.reviewer.thinking accepts inherit and enum values (0.071ms)
✔ agents.reviewer.plan.model accepts per-type override values (0.053667ms)
✔ agents.reviewer.code.thinking accepts per-type inherit (0.050417ms)
✔ dashboard.port accepts valid port range (0.118833ms)
✔ lanes.workerBackend accepts registered enum values (0.166708ms)
✔ validateSettingValue rejects unknown path (0.084791ms)
✔ src/cli and src/migrate do not import from bin/ (26.798375ms)
✔ src/** has no bin/ imports (18.488541ms)
✔ spine-config template defaults mirror package.json script patterns (0.874625ms)
✔ init applies testing defaults including coverage command (5.469542ms)
✔ dogfood spine-config has non-empty testing fields (0.359417ms)
✔ buildTestingEvidenceDoctorChecks warns on empty build when collectBuildEvidence (0.1185ms)
✔ buildTestingEvidenceDoctorChecks warns on empty test when collectTestEvidence (0.086958ms)
✔ buildTestingEvidenceDoctorChecks passes when commands configured (0.40525ms)
✔ buildTestingEvidenceDoctorChecks treats collectTestEvidence default as enabled (0.062709ms)
✔ SPINE_GITIGNORE_ENTRIES includes run-metrics.jsonl (0.494583ms)
✔ ensureGitignoreEntries adds run-metrics path on fresh init (3.284542ms)
✔ isMergeOriginMainTask detects merge-origin-main packet shapes (0.614459ms)
✔ checkOrchMergeConflictWarn passes without pending merge-origin-main tasks (1008.450209ms)
✔ checkOrchMergeConflictWarn warns on PRD + manifest divergence with merge-origin-main pending (1059.493833ms)
✔ runBatchPreflight and plan check surface orch merge conflict warning (2064.48025ms)
✔ checkPrelandedFileScopeWarn passes when no stale pending tasks (488.897666ms)
✔ checkPrelandedFileScopeWarn warns for prelanded fileScopeMustChange (606.343417ms)
✔ runBatchPreflight and plan check surface prelanded file-scope warning (1735.958333ms)
✔ checkGitClean passes when only metrics file has append-only drift (434.373ms)
✔ checkGitClean fails when metrics file content is truncated (443.753084ms)
✔ checkGitClean passes when metrics file is gitignored and not tracked (282.961917ms)
✔ runDoctorChecks warns when metrics file is git-tracked (5103.971084ms)
✔ tsconfig.batch.json scopes checkJs hot paths (2.3665ms)
✔ npm run typecheck validates extensions and batch hot paths (3890.090291ms)
✔ normalizeContextPathList rejects non-arrays (0.889ms)
✔ buildWorkerContext honors neverLoad and byte cap (5.024917ms)
✔ buildWorkerTailPrompt injects configured standards (2.268042ms)
✔ buildWorkerContextAsync uses auto selection when cursor rules exist (14.9355ms)
✔ spine init defaults standards to [] for auto-discovery (SP-093) (17.263541ms)
✔ validateSpineConfig rejects invalid referenceDocs (0.234291ms)
✔ loadContextDocEntries stops at byte cap (2.435417ms)
✔ DEFAULT_WORKER_CONTEXT_BYTE_CAP is 32KiB (0.1045ms)
✔ validateWorkerLaunchScriptPath accepts ./scripts/ prefix when file exists (4.407667ms)
✔ validateWorkerLaunchScriptPath rejects ./scripts/../ traversal (0.770667ms)
✔ COVERAGE_THRESHOLD is 77 (0.526875ms)
✔ COVERAGE_INCLUDES scopes src, bin, and extensions (0.418ms)
✔ FILE_COVERAGE_THRESHOLDS enforces slash-commands.ts floor (0.05825ms)
✔ TEST_GLOBS has bidirectional parity with package.json test script (0.386542ms)
✔ parseAggregateLineCoverage reads all files line percent (0.194ms)
✔ parseAggregateLineCoverage returns null when summary missing (0.175334ms)
✔ parseAggregateLineCoverage reads coverage:check summary line (0.087875ms)
✔ parsePerFileLineCoverage reads per-file rows (0.310083ms)
✔ findFileCoverageFailures reports missing and below-threshold files (0.182291ms)
✔ formatDashboardStartupMessage includes URL, port, and operator hints (0.644166ms)
✔ formatDashboardStartupMessage notes --port source (0.083292ms)
✔ resolveDashboardPortWithSource prefers CLI over config (353.30275ms)

pi-spine dashboard

  Open in browser: http://127.0.0.1:54480/
  Listen:          127.0.0.1:0 (--port)

  While running:   keep this terminal open; dashboard updates via SSE (~2s)

  In another terminal:
    spine status
    spine batch start <task-id>

  → Open http://127.0.0.1:54480/ in your browser

  API:  http://127.0.0.1:54480/api/snapshot
        http://127.0.0.1:54480/api/events

  Stop: Ctrl+C

✔ runSpineDashboard writes startup to stdout before shutdown (488.3005ms)
✔ spine dashboard CLI prints URL before process exits (3305.877875ms)
✔ emptyLaneThroughputStats returns zeroed task-based fields (1.495958ms)
✔ computeThroughputTasksPerHour is task-based and guards zero elapsed (0.108625ms)
✔ deriveLaneThroughputStats counts completed and failed journal events per lane (1.387792ms)
✔ deriveLaneThroughputStats includes open running task elapsed through now (0.19825ms)
✔ deriveLaneThroughputStats prefers run-metrics duration when present (0.157458ms)
✔ deriveLaneThroughputStats falls back to journal when metrics missing (0.100083ms)
✔ deriveLaneThroughputStats maps tasks by laneNumber when lane metadata is sparse (0.103583ms)
✔ deriveLanesThroughput returns isolated stats per lane (0.168459ms)
✔ summarizeLaneThroughput aggregates counts and recomputes rate from totals (0.140584ms)
✔ NFR-OBS-02: dashboard SSE poll interval defaults to 2s (0.5125ms)
✔ parity: idle — no batch (224.199834ms)
✔ parity: running batch (2142.89525ms)
✔ parity: needs_retry (2083.805ms)
✔ parity: limbo_stale (2836.024958ms)
✔ parity: completed_manual after manual merge (2653.334916ms)
✔ parity: needs_integrate (2120.264333ms)
✔ parity: completed after integrate (1939.152916ms)
✔ parity: failed phase still reconciles consistently (1785.347792ms)
✔ assertLoopbackHost throws for 0.0.0.0 (0.699583ms)
✔ formatSseDataFrame valid data: line (0.206834ms)
✔ dashboard server serves browser view-model dependency graph (416.929667ms)
✔ dashboard server serves snapshot and one SSE frame (201.650875ms)
✔ resolveLaneActivityPhase: heartbeat pi → worker (0.674833ms)
✔ resolveLaneActivityPhase: open code review.started → code review (0.137083ms)
✔ resolveLaneActivityPhase: open final review.started → final review (0.163459ms)
✔ resolveLaneActivityPhase: closed review.started falls through to worker heartbeat (0.10875ms)
✔ resolveLaneActivityPhase: lane.completed code_rework → rework (0.079ms)
✔ resolveLaneActivityPhase: no active tasks → em dash (0.065917ms)
✔ buildLaneRows exposes activityPhase fields (0.873042ms)
✔ computeActiveTaskIdsForLane returns running/pending tasks in current wave only (1.018209ms)
✔ computeRunningTaskIdForLane returns at most one running task in current wave (0.108792ms)
✔ computeQueuedTaskIdsForLane returns pending tasks in lane.taskIds order (0.083041ms)
✔ buildLaneRows exposes runningTaskId, queuedTaskIds, and deprecated activeTaskIds union (0.751167ms)
✔ buildLaneRows exposes activeTaskIds separate from batch assignment (0.179083ms)
✔ buildLaneRows attaches per-lane throughput stats from journal (1.334833ms)
✔ resolveLaneHeartbeatMeta reads latest lane heartbeat kind and phase (1.024042ms)
✔ formatLaneHeartbeatDisplay shows launching instead of age (0.150333ms)
✔ dashboard snapshot exposes launching heartbeat display from journal (1103.375042ms)
✔ buildDefaultViewStatus exposes gate missing affordance for needs_integrate (0.232917ms)
✔ idle snapshot diagnosis null matches reconcile (206.912709ms)
✔ running batch fixture has lanes and waves (1088.011792ms)
✔ truncateWorktreePath keeps trailing segments (0.177959ms)
✔ classifyLaneStatus stale when heartbeat old (0.101958ms)
✔ classifyLaneStatus does not mark lane completed when doneInLane but cache pending under engine_orphaned (0.125875ms)
✔ buildWaveProgress marks prior waves completed (0.109208ms)
✔ buildWaveProgress marks last wave completed when all tasks terminal-success (0.071417ms)
✔ buildWaveProgress keeps in-flight current wave active (0.058042ms)
✔ diagnosisBadgeClass maps needs_integrate separately from running (1.426709ms)
✔ idle snapshot uses reconcile headline (0.514875ms)
✔ buildActionChips exposes copyable primary and alternatives (0.234542ms)
✔ needs_integrate banner ignores completed phase for badge color (0.098834ms)
✔ needs_integrate without gate record shows default gate affordance (0.154416ms)
✔ buildDashboardViewModel includes all §16.1 panels (0.361167ms)
✔ buildLaneTableModel exposes throughput columns for lanes (0.112917ms)
✔ buildLaneTableSummaryModel aggregates when multiple lanes present (0.087792ms)
✔ buildLaneTableSummaryModel is null for single lane (0.065292ms)
✔ lane-throughput-multi-lane fixture drives throughput column values (2.785333ms)
✔ lane-throughput-multi-lane fixture documents SP-327 throughput field contract (0.448875ms)
✔ buildLaneTableModel exposes heartbeatDisplay for launching lanes (0.083125ms)
✔ dashboard.js uses heartbeatDisplay without double-formatting (0.179167ms)
✔ buildBannerModel uses finalizing badge and macro phase during tail state (0.114292ms)
✔ buildBannerModel reflects gating macro phase during post-merge tail (0.1175ms)
✔ buildBannerModel keeps running badge when workers are active (0.081667ms)
✔ resolveTailActivityLabel prefers recent journal over macro phase during tail (0.153209ms)
✔ buildTailActivityModel exposes lane table subline when lanes are idle during tail (0.097833ms)
✔ resolveTailActivityLabel returns null when running task is active (0.044333ms)
✔ dashboard.js renders lane table tail activity footer row (0.140125ms)
✔ banner uses diagnosis badge class, not macro phase (0.04925ms)
✔ resolveStaticAsset serves dashboard public files and view.mjs (0.392584ms)
✔ dashboard server GET / returns HTML shell (189.1955ms)
✔ running batch view model exposes journal for bottom panel (0.201292ms)
✔ idle snapshot has empty journal via idle flag (0.058917ms)
✔ buildLaneDetailModel exposes recent events and log tail (0.054166ms)
✔ buildLaneTableModel includes lane detail on each row (0.058042ms)
✔ buildLaneRecentEvents returns last five lane-scoped journal entries (0.093542ms)
✔ buildJournalModel filters by lane id (0.053875ms)
✔ buildJournalLaneFilterOptions lists lane ids (0.447708ms)
✔ buildLaneRows attaches recentEvents and logTail from snapshot inputs (179.035709ms)
✔ resolveLaneWorkerLog prefers live log over terminal output (182.783791ms)
✔ dashboard HTML exposes lane detail and journal lane filter hooks (0.771792ms)
✔ dashboard server HTML includes journal lane filter (169.231917ms)
✔ spineAgentsUseInherit is true when worker or reviewer effective pin inherits (0.597833ms)
✔ formatReviewerEffectivePins shows resolved per-type model and thinking (0.171667ms)
✔ buildReviewerPerTypePinsDoctorCheck reports effective per-type pins (0.088875ms)
✔ resolvePiDefaultProvider prefers project settings over global (6.304583ms)
✔ buildAgentModelInheritDoctorCheck warns on inherit + lmstudio (0.267917ms)
✔ buildAgentModelInheritDoctorCheck passes when models pinned (0.084125ms)
✔ buildAgentModelInheritDoctorCheck passes when inherit but pi not lmstudio (0.081292ms)
✔ readPiSettingsFile returns null for missing or invalid JSON (0.09175ms)
✔ countMediumLargeTasks counts only M and L sizes with per-size breakdown (27.685875ms)
✔ buildBatchSizeGuidanceWarning returns null below threshold (2.829625ms)
✔ buildBatchSizeGuidanceWarning M-only batch does not mention L (2.794417ms)
✔ formatPlanHuman appends batch size guidance warning (2.768625ms)
✔ buildBatchSizeGuidanceWarning mixed batch shows both M and L counts (4.754833ms)
✔ appendBatchSizeGuidanceToPlanOutput skips warning in stub mode (2.813166ms)
✔ isPiWebAccessPackageSource matches npm and path entries (0.593916ms)
✔ detectPiWebAccessExtensionConflict flags npm plus local checkout (1.385667ms)
✔ detectPiWebAccessExtensionConflict ok with single source (0.490292ms)
✔ buildPiExtensionConflictDoctorCheck warns with actionable command (1.046416ms)
✔ shouldWorkerUsePiNoExtensions mirrors conflict assessment (1.107709ms)
✔ isPiExtensionConflictOutput detects worker spawn conflict text (0.163ms)
✔ resolvePiPackageSourcePath resolves npm and relative entries (0.084416ms)
✔ readPiPackageSources returns empty for missing settings (0.436542ms)
✔ isDisplayLabel matches pi TUI display labels (0.91875ms)
✔ isDisplayLabel rejects canonical ids and invalid strings (0.098167ms)
✔ displayLabelToCanonical converts to provider/model (0.080042ms)
✔ displayLabelToCanonical returns null for non-labels (0.068541ms)
✔ isCanonicalModelId validates provider/model format (0.14975ms)
✔ isCanonicalModelId rejects non-canonical strings (0.0525ms)
✔ normalizeModelId passes canonical ids through (0.079458ms)
✔ normalizeModelId converts display labels to canonical (0.059042ms)
✔ normalizeModelId passes special values through (0.4955ms)
✔ normalizeModelId rejects unrecognized formats (0.177834ms)
✔ normalizeModelId rejects non-string input (0.241916ms)
✔ validateModelIdFormat accepts canonical ids (0.1325ms)
✔ validateModelIdFormat accepts special values and non-strings (0.107708ms)
✔ validateModelIdFormat flags display labels with canonical hint (0.065334ms)
✔ validateModelIdFormat flags unrecognized formats (0.045333ms)
✔ buildAgentModelIdsDoctorCheck passes when all pins are canonical (0.126083ms)
✔ buildAgentModelIdsDoctorCheck fails when display label is in config (0.135209ms)
✔ buildAgentModelIdsDoctorCheck fails on invalid format (0.068459ms)
✔ buildAgentModelIdsDoctorCheck passes when no models configured (0.0355ms)
✔ buildAgentModelIdsDoctorCheck skips inherit and empty values (0.035166ms)
✔ settings set normalizes display label to canonical id (0.48175ms)
✔ settings set passes canonical id through unchanged (0.06725ms)
✔ settings set rejects invalid model id format (0.054125ms)
✔ settings set allows inherit for model fields (0.603833ms)
✔ settings set rejects invalid model id in JSON mode (0.17075ms)
✔ settings set normalizes worker model display label (0.113125ms)
✔ settings set normalizes per-type reviewer model display label (0.095167ms)
✔ fingerprintRulesManifest ignores generatedAt (0.588792ms)
✔ buildRulesManifestDoctorCheck warns when manifest missing (3.640291ms)
✔ buildRulesManifestDoctorCheck warns when manifest stale (6.17125ms)
✔ resolveSpineOnPath uses which by default (0.545042ms)
✔ readPackageVersion reads package.json version (0.425916ms)
✔ buildStalePathDoctorCheck warns when spine not on PATH (0.178125ms)
✔ buildStalePathDoctorCheck ok when PATH matches package bin (0.125375ms)
✔ buildStalePathDoctorCheck warns on version mismatch (1.176583ms)
✔ buildStalePathDoctorCheck warns on mtime mismatch only (1.213958ms)
✔ isStalePathSpineBlocking true only for stale PATH label (0.094125ms)
✔ isStalePathSpinePreflightBlocking requires version mismatch detail (0.081584ms)
✔ readSpineCliVersion parses spine --version output (802.468959ms)
✔ resolveInProgressSpineBatchId returns batchId for running batch (184.702167ms)
✔ resolveInProgressSpineBatchId returns null for completed batch (173.143209ms)
✔ listStaleSpineWorktreeBatchIds flags dirs without matching active batch (212.757666ms)
✔ buildStaleWorktreesDoctorCheck warns on stale worktree dirs (163.716292ms)
✔ buildStaleWorktreesDoctorCheck passes when only active batch dir exists (165.568167ms)
✔ runDoctorChecks includes stale worktrees warning (7754.586083ms)
✔ buildStallConfigDoctorCheck warns when stall timeout unset for real pi (1.094166ms)
✔ buildStallConfigDoctorCheck passes when stall timeout configured high (0.093958ms)
✔ isStubWorkerMode respects SPINE_WORKER_STUB (0.065625ms)
✔ resolveConfiguredStallMinutes returns null when missing (0.052792ms)
✔ suggestMaxParallel(4) → 2 (0.580833ms)
✔ suggestMaxParallel(8) → 4 (0.064375ms)
✔ suggestMaxParallel(1) → 1 (0.080791ms)
✔ suggestMaxParallel(2) → 1 (0.058792ms)
✔ buildMaxParallelDoctorCheck warns when configured exceeds suggested + 1 (0.198ms)
✔ buildMaxParallelDoctorCheck no warning when configured matches suggested (0.15625ms)
✔ buildMaxParallelDoctorCheck no warning at default 3 when suggested is 2 (4-core) (0.059875ms)
✔ collectTaskPacketSizeIssues flags XL and too many steps on pending packet (3.032916ms)
✔ collectTaskPacketSizeIssues ignores tasks with .DONE (1.124709ms)
✔ classifyBatchStateSource uses path and content markers (0.577125ms)
✔ assessOrchestratorCoexistence passes when no batch-state files (211.725291ms)
✔ assessOrchestratorCoexistence fails on active Taskplane batch in .pi (2238.275042ms)
✔ assessOrchestratorCoexistence fails when spine and Taskplane batches both active (4786.702125ms)
✔ buildCoexistencePreflightCheck blocks spine start when Taskplane batch active (1869.840042ms)
✔ runBatchPreflight fails with orchestrator-coexistence when Taskplane batch active (3451.254917ms)
✔ runDoctorChecks reports mutual exclusion failure for Taskplane batch (4927.58475ms)
✔ buildCoexistenceDoctorCheck passes when only pi-spine batch is active (1391.825ms)
✔ buildWorktreeHealthDoctorCheck passes with no worktrees (179.32875ms)
✔ buildWorktreeHealthDoctorCheck flags absolute gitdir (183.803208ms)
✔ /spine-status reports idle reconciliation on clean repo (314.461542ms)
✔ /spine-deps delegates to CLI and notifies graph output (283.271792ms)
✔ /spine-plan succeeds after preflight passes (7262.334708ms)
✔ /spine-dismiss archives limbo batch state (1169.391583ms)
✔ /spine-pause pauses a running spine batch (284.670916ms)
✔ /spine-resume resumes a paused spine batch (1215.70075ms)
✔ /spine-retry-task resets a failed task (292.459041ms)
✔ /spine-skip-task skips a failed task (283.342833ms)
✔ /spine-abort archives an active spine batch (288.406584ms)
✔ /spine-next prints reconciliation suggestion (262.664417ms)
✔ /spine-validate checks pending task packets (339.469166ms)
✔ /spine-handoff writes operator note and notifies (1837.675ms)
✔ /spine-gate inspects integrate gate state (305.386875ms)
✔ /spine-integrate dry-run reports merge preview (530.608875ms)
✔ /spine-settings shows interactive configuration menu (129.843833ms)
✔ /spine-dashboard notifies listen URL and port source (167.603209ms)
✔ /spine entry warns on limbo_stale diagnosis (854.4705ms)
✔ /spine entry warns on needs_retry diagnosis (842.171625ms)
✔ /spine entry reports running batch headline (841.358459ms)
✔ /spine entry starts batch when scope provided after preflight (8124.286833ms)
✔ /spine-deps truncates very large dependency output (1147.314209ms)
✔ parseMigrateArgs rejects --source without value (0.647333ms)
✔ runMigrateFromTaskplane fails when source file is missing (2.467833ms)
✔ runMigrateFromTaskplane refuses overwrite without force (2.99925ms)
✔ runMigrateFromTaskplane dry-run does not write config (1.003791ms)
✔ loadTaskplaneConfig reads repo fixture (0.681208ms)
✔ mapTaskplaneToSpine maps repo fixture to valid spine config (0.771166ms)
✔ mapTaskplaneToSpine honors tasksRootOverride (0.355375ms)
✔ mapTaskplaneToSpine ignores unknown keys (0.332166ms)
✔ mapMaxParallel clamps invalid and excessive values (0.069375ms)
✔ loadTaskplaneConfig fails loud on missing file (0.2435ms)
✔ DEFAULT_TASKPLANE_SOURCE_PATH matches repo layout (0.108125ms)
✔ normalizeFileScopePath strips trailing globs and normalizes separators (0.661375ms)
✔ pathsOverlap detects parent/child and rejects unrelated prefixes (0.080125ms)
✔ fileScopesOverlap detects parent/child directory overlap (1.760375ms)
✔ fileScopesOverlap detects exact file overlap in same wave scenario (0.080834ms)
✔ fileScopePatternsOverlap handles wildcard file globs (0.318709ms)
✔ fileScopePatternsOverlap does not treat dotted sibling paths as overlapping (0.779542ms)
✔ fileScopePatternsOverlap handles literal paths with regex metacharacters (0.662333ms)
✔ expandFileScopeProbes produces nested paths for directory globs (0.222291ms)
✔ findWaveFileScopeOverlaps returns pairs within the same wave only (1.1435ms)
✔ findWaveFileScopeOverlaps matches issue #31 parent/child safety paths (0.139458ms)
✔ findWaveFileScopeOverlaps ignores single-task waves (0.25875ms)
✔ planWaves serializes two tasks with the same file to one virtual lane (0.295834ms)
✔ assignLanesToWaves uses glob-aware overlap for wildcard scopes (0.106834ms)
✔ formatFileScopeOverlapWarnings lists wave and task pairs (0.118917ms)
✔ buildPlan reports file-scope overlaps and serializes conflicting tasks (29.210042ms)
✔ formatPlanHuman shows serial lane as bullet list with titles (0.717208ms)
✔ formatPlanHuman shows parallel lanes and omits tick jargon (0.111583ms)
✔ formatPlanHuman includes start hints for multi-wave plans (0.108042ms)
✔ topoWaves groups tasks into deterministic dependency waves (1.053083ms)
✔ buildGraph includes nodes that only appear as dependencies (0.10725ms)
✔ findCyclePath returns a closed cycle path (0.828583ms)
✔ repo spine-tasks plan has wave0 TP-006||TP-007 and wave1 TP-008 (30.810083ms)
✔ TP-034/038/041 disjoint scopes get three virtual lanes in tick 0 (1.148708ms)
✔ overlapping file scopes share one virtual lane (serialized) (0.116167ms)
✔ buildPlan for TP-034 TP-038 TP-041 lists three lanes in human output (31.952459ms)
✔ spine plan CLI shows three lanes for TP-034 TP-038 TP-041 (158.06225ms)
✔ assignLanesToWaves assigns disjoint file scopes to separate virtual lanes (0.723583ms)
✔ assignLanesToWaves packs overlapping file scopes into same virtual lane (0.12975ms)
✔ assignLanesToWaves respects maxParallel by queueing excess virtual lanes into ticks (0.115875ms)
✔ filterPendingTaskIds excludes tasks with .DONE marker (15.032917ms)
✔ parseScope pending mode returns pending IDs and excluded count (3.730791ms)
✔ parseScope pending throws when all tasks are done (3.224833ms)
✔ buildPlan pending scope preserves dependency waves (8.507375ms)
✔ filterPendingTaskIds excludes tasks with .SUPERSEDED marker (3.385542ms)
✔ summarizePendingScope counts excluded tasks (4.072334ms)
✔ runSpinePlan pending with all .DONE returns exit 0 informational output (47.654292ms)
✔ runSpinePlan pending JSON with all .DONE returns synthetic plan (7.057125ms)
✔ runSpinePlan pending with all .DONE does not throw (4.409666ms)
✔ parseScope pending empty error carries structured metadata (6.864125ms)
✔ runSpinePlan pending output includes maxParallel from config (5.288833ms)
✔ buildPlan rejects invalid heading separator (7.001333ms)
✔ buildPlan rejects missing testing coverage (5.159459ms)
✔ buildPlan rejects missing File Scope section (4.098875ms)
✔ runSpinePlan exits with validation errors for invalid PROMPT (5.408417ms)
✔ buildPlan accepts valid PROMPT packets (18.614791ms)
✔ parseScope glob escapes literal dots in path patterns (4.753125ms)
✔ parseScope glob escapes literal parentheses in path patterns (1.530708ms)
✔ parseScope glob with plus in path pattern matches literally (1.719084ms)
✔ parseScope TP-* glob scopes remain unchanged (3.096917ms)
✔ parseScope('all') selects all discovered tasks (14.493958ms)
✔ parseScope('TP-002') selects explicit task IDs (4.049334ms)
✔ parseScope supports glob path patterns (3.330042ms)
✔ resolveWaveTaskIds returns wave task IDs (0.871125ms)
✔ resolveWaveTaskIds rejects out-of-range and empty waves (0.1445ms)
✔ filterPlanToWave narrows plan to one wave (0.849875ms)
✔ parseBatchStartWaveFilter accepts --wave and --through-wave (0.160417ms)
✔ parseBatchStartWaveFilter rejects conflicting and invalid flags (0.090125ms)
✔ registerSpineSlashCommands registers all PRD §15.1 command names (0.6865ms)
✔ /spine-retry-task without task id notifies usage error (0.156375ms)
✔ /spine-skip-task without task id notifies usage error (0.119416ms)
✔ /spine-plan notifies error when preflight fails (7022.587791ms)
✔ /spine handler runs preflight before batch guidance (5368.50025ms)
✔ buildDepsReport returns empty graph for isolated task with no deps (256.024875ms)
✔ buildDepsReport detects synthetic dependency cycle (225.539959ms)
✔ cycleNodesFromPath deduplicates closing node (0.209708ms)
✔ depsToEdges and formatDepsHuman render dependency flow (0.17ms)
✔ repo fixture TP-031 scope shows TP-030 dependency edge (11.437583ms)
✔ spine deps CLI emits JSON shape with nodes, edges, cycles, waves (693.209541ms)
✔ spine deps CLI exits 1 when cycle detected (516.818583ms)
✔ findCyclePath returns path for cyclic graph (0.231875ms)
✔ init --preset taskplane-compat --tasks-root taskplane-tasks --dry-run produces expected keys (5.545583ms)
✔ init --preset taskplane-compat defaults tasksRoot to taskplane-tasks (2.727083ms)
✔ plain init applies spine defaults without preset flag (2.183875ms)
✔ init rejects unknown preset (1.019ms)
✔ fresh init creates config, agents, tasks root, and gitignore entries (14.746333ms)
✔ init skips constitution.md when it already exists without --force (6.953417ms)
✔ buildConstitutionMd substitutes project title from directory name (0.3285ms)
✔ init without --force refuses when spine-config.json exists (8.783125ms)
✔ --tasks-root taskplane-tasks sets paths.tasksRoot correctly (21.07325ms)
✔ --dry-run makes no filesystem changes (3.396625ms)
✔ init skips CONTEXT.md when it already exists without --force (8.114375ms)
✔ init --force overwrites existing CONTEXT.md (9.146958ms)
✔ buildContextMd substitutes project title from directory name (0.396708ms)
✔ --dry-run plans CONTEXT.md create without writing files (2.2805ms)
✔ ensureGitignoreEntries appends only missing entries (1.123625ms)
✔ runPreflightPlanCheck builds wave plan during preflight (1803.49525ms)
✔ runReconciliationCheck returns real diagnosis for running batch (1452.115167ms)
✔ checkDoctor fails when doctor reports issues (0.248625ms)
✔ checkStalePathSpine fails when PATH spine version is stale (1.183458ms)
✔ checkGitClean lists up to 20 dirty paths (77.059541ms)
✔ checkNoActiveBatch passes when no batch-state file exists (335.756666ms)
✔ checkNoActiveBatch calls reconciliation when batch-state exists (287.794959ms)
✔ checkTasksRoot validates discoverable task folders (341.9645ms)
✔ checkDependenciesJson validates version and task IDs (215.75875ms)
✔ runBatchPreflight passes on initialized clean fixture (1215.7875ms)
✔ runBatchPreflight fails when git working tree is dirty (999.621167ms)
✔ runPreflightPlanCheck validates pending scope only (SP-122) (292.939417ms)
✔ checkTasksValidate exposes distinct tasks-validate check id (231.126375ms)
✔ runBatchPreflight includes tasks-validate check distinct from plan (1037.427833ms)
✔ runBatchPreflight fails on limbo fixture with dismiss suggestion (3458.372625ms)
✔ runBatchPreflight passes when all tasks have .DONE (zero pending) (943.390292ms)
✔ checkGitClean passes when only rules-manifest generatedAt drifted (226.325833ms)
✔ checkGitClean still fails when rules-manifest rules[] differ (240.020708ms)
✔ spine run pending is alias for batch start pending (647.594417ms)
✔ spine run all dry-run matches pending-filtered batch start (674.788125ms)
✔ applySetting merges nested dotted paths (0.894916ms)
✔ runSettingsSetOperation rejects unknown path (0.263083ms)
✔ runSettingsSetOperation rejects invalid value (0.148333ms)
✔ runSettingsSetOperation returns merged config on success (0.439375ms)
✔ writeSpineConfigAtomic writes valid JSON atomically (481.480834ms)
✔ spine settings set updates maxParallel on disk (704.429917ms)
✔ spine settings set rejects bad value (612.731125ms)
✔ spine settings set --dry-run leaves config unchanged (420.754375ms)
✔ spine settings set --json reports write metadata (420.651709ms)
✔ spine settings set exits 1 with suggestedCommand when config missing (601.017625ms)
✔ getValueAtPath reads nested config values (0.563541ms)
✔ formatSettingsShow lists all editable fields in human mode (0.372292ms)
✔ formatSettingsShow returns JSON fields array for all settings (0.535458ms)
✔ formatSettingsShow single path mode prints one value (0.116084ms)
✔ formatSettingsShow rejects unknown path (0.081875ms)
✔ buildSettingsShowFields mirrors registry order (0.200917ms)
✔ spine settings show CLI prints editable fields from temp config (737.235459ms)
✔ spine settings show CLI single path and JSON modes (609.650875ms)
✔ spine settings show CLI exits 1 with suggestedCommand when config missing (676.790708ms)
✔ formatSettingsSlashMenu lists at least five editable fields with set hints (0.731125ms)
✔ runSpineSettingsSlash notifies menu with live config fields (434.7715ms)
✔ runSpineSettingsSlash set subcommand persists a valid change (324.243416ms)
✔ runSpineSettingsSlash set reports usage error without path and value (269.664083ms)
✔ runSpineSettingsSlash reports missing config with suggested init (230.444792ms)
✔ fileScopesOverlap detects parent/child path overlap (0.702709ms)
✔ extractExploreSlugsFromContext finds explore findings paths (0.522541ms)
✔ collectWaveMCountFindings warns when a wave has more than four M tasks (0.111375ms)
✔ collectPromptJsonDepsDriftFindings reports missing JSON entry (0.102333ms)
✔ runSpineTasksAnalyze exits 0 for clean scope (444.527458ms)
✔ runSpineTasksAnalyze reports parallel file-scope overlap as blocking (295.805625ms)
✔ runSpineTasksAnalyze reports dependency cycle as blocking (257.888375ms)
✔ runSpineTasksAnalyze exits 0 when only warnings are present (251.579834ms)
✔ runSpineTasksAnalyze warns for missing explore findings referenced in CONTEXT (268.952958ms)
✔ runSpineTasksAnalyze --json emits AnalyzeTasksResult (285.904375ms)
✔ spine tasks analyze CLI exits 1 for blocking overlap (578.416333ms)
✔ spine tasks analyze CLI exits 0 for warnings-only scope (411.334458ms)
✔ spine help tasks documents analyze subcommand (150.425792ms)
✔ parseContract extracts all five contract fields from a valid table (1.87175ms)
✔ validateContract passes for a valid contract table (2.007292ms)
✔ parseContract and validateContract handle an empty contract table (0.196875ms)
✔ validateContract warns on unknown contract fields (0.130666ms)
✔ parseContract reports duplicate field rows as errors (0.125083ms)
✔ parseContract accepts plain-text testCommand values (0.066459ms)
✔ parseContract returns hasSection false when Contract heading is absent (0.074667ms)
✔ CONTRACT_FIELD_NAMES lists all normative contract fields (0.076334ms)
✔ parseContract resolves see File Scope to File Scope bullet paths (0.799792ms)
✔ parseContract excludes optional File Scope bullets from see File Scope expansion (0.211125ms)
✔ validateContract errors on em-dash placeholders in required mode (0.130458ms)
✔ validateContract errors on see File Scope with empty File Scope section in required mode (0.264208ms)
✔ validateContract warns on placeholders in optional mode (0.085458ms)
✔ parseContract treats em dash contract cells as empty path lists (0.064125ms)
✔ parseContract splits comma-separated paths inside a single backtick wrapper (SP-396) (0.074ms)
✔ parseContract splits comma-separated artifacts inside a single backtick wrapper (0.058166ms)
✔ validateContract warns on comma-in-single-backtick path lists in optional mode (0.177833ms)
✔ validateContract errors on comma-in-single-backtick path lists in required mode (0.113625ms)
✔ mergeDeps unions identical sets from PROMPT and JSON (0.886042ms)
✔ mergeDeps JSON wins when PROMPT and JSON disagree (0.083ms)
✔ mergeTaskDeps uses golden fixtures end-to-end (1.006708ms)
✔ mergeDeps returns PROMPT deps when JSON has no entry (0.079667ms)
✔ TASK_HEADING_RE requires em dash (U+2014) (0.6065ms)
✔ parsePrompt extracts required sections and steps from golden S fixture (1.158208ms)
✔ validatePrompt rejects hyphen separator in heading (0.56725ms)
✔ discoverTasks finds three golden fixtures (8.953916ms)
✔ parsePromptDependencies parses list and Requires forms (0.50125ms)
✔ parseStatus mirrors step numbers and checkbox state (1.212583ms)
✔ getStepProgress aggregates checkbox completion (0.290833ms)
✔ listIncompleteSteps returns unchecked items per step (0.206459ms)
✔ FX-invalid-no-testing fails validatePrompt for missing Testing step (1.717708ms)
✔ FX-missing-contract fails validatePrompt in required contract mode (0.424125ms)
✔ FX-valid-contract passes validatePrompt in required contract mode (1.001167ms)
✔ FX-final-replan has Review Level >= 1 for REPLAN integration path (0.264791ms)
✔ formatTasksValidateHuman prefixes summary before failure details (0.75775ms)
✔ runSpineTasksValidate exits 0 for valid PROMPT packets (283.669583ms)
✔ runSpineTasksValidate reports same failure message as planner for invalid PROMPT (305.156166ms)
✔ runSpineTasksValidate returns exit 2 for missing config (381.721041ms)
✔ runSpineTasksValidate returns exit 2 for unresolved scope (365.356333ms)
✔ spine tasks validate CLI exits 0 for valid scope (377.549833ms)
✔ spine tasks validate CLI exits 1 for invalid PROMPT (298.428792ms)
✔ buildTasksValidateResult matches TasksValidateResult schema (0.260584ms)
✔ collectTaskAdvisoryWarnings reports folder, STATUS, and deps mismatches (0.314084ms)
✔ runSpineTasksValidate --json emits TasksValidateResult (183.034916ms)
✔ runSpineTasksValidate --warnings-only keeps exit 0 for advisory issues (189.973959ms)
✔ spine tasks validate CLI --json exits 0 for valid scope (287.120792ms)
✔ spine help tasks documents validate subcommand (104.971959ms)
✔ spine tasks validate CLI exits 2 for config error (296.750042ms)
✔ validateContract warns when fileScopeMustNotChange includes spine-tasks/** (3.218917ms)
✔ validateContract warns when pattern matches current task folder only (0.54875ms)
✔ validateContract is quiet for parallel product-path guards (0.539792ms)
✔ collectFileScopeMustNotChangeWarnings dedupes broad spine-tasks ban over task folder (0.139333ms)
✔ collectFileScopeMustNotChangeWarnings ignores other task folders (0.176125ms)
✔ collectFileScopeMustNotChangeWarnings respects custom tasksRoot (0.133541ms)
✔ collectFileScopeMustNotChangeWarnings skips current-task check without taskId (0.158709ms)
✔ collectStaleFileScopeMustChangeWarnings is quiet when scope paths unchanged since task intro (485.916333ms)
✔ collectStaleFileScopeMustChangeWarnings warns when scope paths changed on main after task intro (653.084791ms)
✔ collectStaleFileScopeMustChangeWarnings ignores tasks without fileScopeMustChange (414.274917ms)
✔ parseReportProgressArgs reads step and checkbox flags (0.532042ms)
✔ reportTaskProgress appends task.step_completed with metadata (4.931583ms)
✔ reportTaskProgress writes journal line on disk (19.145833ms)
✔ reportTaskProgress fails closed without batch context (0.204875ms)
✔ runSpineReportProgress returns non-zero when batchId missing (0.204417ms)
✔ runSpineReportProgress does not write with attach env when attach suppressed (0.958083ms)
✔ requestWorkerGate fails closed without batch context (0.5945ms)
✔ requestWorkerGate returns not_supported for integrate gate (4.314792ms)
✔ requestWorkerGate returns not_supported when no gate record (manual deferred) (0.652542ms)
✔ buildReviewStepCliArgs maps params and adds --stub when SPINE_WORKER_STUB=1 (0.850209ms)
✔ executeSpineReviewStep fails closed without SPINE_TASK_FOLDER (0.382208ms)
✔ spine_review_step handler returns APPROVE via stub review (11.877541ms)
✔ spine_review_step handler marks stub spawn failure as tool error (7.089625ms)
✔ spine_review_step skips nested reviewer spawn inside worker session (20.841125ms)
✔ registerSpineWorkerTools registers all three PRD worker tools (0.846208ms)
✔ executeSpineReportProgress appends task.step_completed via tool handler (15.746ms)
✔ executeSpineReportProgress fails closed without batch context (0.394958ms)
✔ spine_request_gate tool returns structured not_supported shape (3.321458ms)
✔ executeSpineRequestGate fails closed without batch context (0.267209ms)
ℹ tests 1595
ℹ suites 0
ℹ pass 1595
ℹ fail 0
ℹ cancelled 0
ℹ skipped 0
ℹ todo 0
ℹ duration_ms 134886.934291

> pi-spine@1.4.0 coverage:check
> node scripts/run-coverage.mjs

✔ adoption fixture: init, plan, stub batch AD-001 creates .DONE (13911.290708ms)
✔ adoption integration: REPLAN final verdict surfaces needs_replan diagnosis (13019.327042ms)
✔ worker.md documents spine tools, stall checkpoint, and coverage policy (0.855916ms)
✔ worker.md documents engine-owned code and final review after .DONE (0.351542ms)
✔ reviewer.md documents final PASS REVISE REPLAN verdicts (0.208208ms)
✔ worker-prompt tail aligns with worker.md commit and review conventions (0.132375ms)
✔ buildWorkerTailPrompt does not contradict worker.md on commit format (12.701ms)
✔ buildAgentSessionWorkerPrompt includes review hint when level > 0 (3.132666ms)
✔ buildWorkerPiArgs omits -ne when no pi-web-access conflict (16.363459ms)
✔ buildWorkerPiArgs includes -ne before -p when extension conflict detected (17.294542ms)
✔ formatPiExtensionConflictHint surfaces pi-web-access remediation (1.360875ms)
✔ abortBatch archives batch-state before clearing active file (983.328792ms)
✔ abortBatch journals batch.aborted and preserves prior journal tail (1227.94075ms)
✔ abortBatch writes abort signal without killing on graceful abort (1030.718792ms)
✔ hard abort removes lane worktree when cleanup enabled (1162.246458ms)
✔ hard abort keeps worktree when cleanupOnHardAbort is false (699.702083ms)
✔ abortBatch fails when no active batch (320.578958ms)
✔ mergeLaneToOrch auto-resolves disjoint adoption doc edits without force-merge (3835.139375ms)
✔ mergeLaneToOrch fails adoption doc merge with recovery commands when hunks overlap (2482.38875ms)
✔ formatAdoptionDocMergeFailure names file and wave recovery (0.203833ms)
✔ agent session abort failure journals lane.worker_abort_failed (1335.198042ms)
✔ formatAttachedMilestoneLine renders land-loop journal types (0.6365ms)
[spine] batch.started
[spine] task.started SP-343
[spine] task.completed SP-343
[spine] batch.merge_started wave=0
[spine] batch.merge_completed wave=0
[spine] gate.opened
[spine] gate.evidence_collecting
[spine] gate.evidence_completed
[spine] batch.completed
[spine] batch.land_loop_finalized

Batch started

Batch 20260704T195326 completed: SP-343 succeeded; merged to orch/spine-20260704T195326.
  → spine gate status
  → spine gate approve
  → spine integrate
  → spine batch complete

Batch 20260704T195326 ready to integrate orch branch to main

  → spine integrate

  Alternatives:
    • /spine-integrate
    • /spine-gate
    • spine status --diagnose

  Batch: 20260704T195326
  Task: SP-343
✔ runSpineBatch attached start returns integrate handoff without process.exit in tests (13266.844916ms)
✔ attached batch CLI subprocess exits after completed with stdout milestones (9766.7285ms)
✔ formatAttachedBatchCliResult includes diagnosis suggested command (0.278792ms)
✔ enforceAttachedEngineSingleOwner fails fast when engine PID is alive (1136.091167ms)
✔ enforceAttachedEngineSingleOwner orphans prior engine with --force (1049.391458ms)
✔ resumeBatch rejects second attached resume when engine PID is alive (966.293167ms)
✔ resumeBatchDetached rejects spawn when attached engine PID is alive (808.560542ms)
✔ runAttachedBatchEngine blocks attached start when engine PID is alive (689.268625ms)
✔ isLastWaveIndex matches batch 20260618T000943 wave plan (0.66825ms)
✔ maybeFinalizeAfterWaveMerge opens gate for last-wave post-merge limbo (3597.970084ms)
✔ resumeMultiTaskBatch finalizes post-merge limbo even with stale engine pid (2521.748125ms)
✔ terminateStaleDetachedEngine still clears stale engine during post-merge limbo resume handoff (749.49575ms)
✔ startBatch multi-wave attached path opens gate after wave 1 without resume (16659.870792ms)
✔ attached milestone types include batch.merge_blocked (0.620167ms)
✔ formatAttachedBatchCliResult prints merge failure headline and exits non-zero for merge_blocked (3268.071708ms)
✔ runAttachedBatchEngine streams merge_blocked milestone before merge failure CLI output (2340.879291ms)
✔ mergeEngineStateWithDiskPause adopts operator pause from disk (1395.887834ms)
✔ saveEngineBatchState does not clobber phase paused during heartbeat-style saves (897.596125ms)
✔ enforceOperatorPauseOnDisk re-asserts paused after engine overwrite (1355.653958ms)
✔ pauseBatch confirms when attached engine heartbeat saves honor pause (2304.008041ms)
✔ batch 20260620T194352 fixture is post-merge limbo without gate (1136.719542ms)
✔ attemptPostMergeLandLoopHandoff finalizes in-process after SIGTERM-shaped limbo (3383.300917ms)
✔ finalizeAttachedPostMergeLimbo is idempotent when gate already open (2118.146416ms)
✔ resume after orphan_terminated journal opens gate for batch 20260620T194352 pattern (3406.227833ms)
✔ installAttachedEngineShutdownHandlers finalizes on SIGTERM without manual resume (2300.071167ms)
✔ terminateStaleDetachedEngine during post-merge limbo still allows resume finalize (2087.037375ms)
✔ shouldAutoIntegrateAfterWave is false by default (0.606666ms)
✔ shouldAutoIntegrateAfterWave is true when configured and not last wave (0.079333ms)
✔ shouldAutoIntegrateAfterWave is false on last wave (0.0525ms)
✔ issue #25: retry unblocks failed phase when only pending tasks remain (6759.025125ms)
✔ issue #25: failed phase with pending-only limbo resumes without --force (3391.110792ms)
✔ retry keeps failed phase when other failed tasks remain (744.030208ms)
✔ diagnosis suggests resume --force for failed-phase pending-only limbo (0.212ms)
✔ parseSupersededReplacementIds extracts child task IDs (1.368166ms)
✔ assertBatchStartTasksNotSuperseded rejects superseded IDs (1783.81475ms)
✔ assertBatchStartTasksNotSuperseded allows pending IDs (1282.20875ms)
✔ assertBatchStartTasksNotSuperseded honors --force-superseded (1106.407292ms)
✔ resolveBatchStartScope rejects explicit superseded task IDs (743.981666ms)
✔ resolveBatchStartScope allows superseded IDs with forceSuperseded (433.846792ms)
✔ startBatch dry-run rejects superseded explicit scope (476.427417ms)
✔ startBatch dry-run allows superseded scope with forceSuperseded (747.030458ms)
✔ parseBatchArgs maps --wave on start to waveFilter (0.811333ms)
✔ parseBatchArgs strips --wave value from scope for wave 0 (0.08875ms)
✔ buildAttachedBatchStartArgv forwards waveFilter to detached engine (0.631ms)
✔ startBatch dry-run with pending scope and --wave 0 selects planner wave 0 (1817.2395ms)
✔ startBatch dry-run with --wave selects planner wave task IDs (1179.124125ms)
✔ wave-filtered dry-run matches explicit wave task scope dry-run (1192.38075ms)
✔ evaluateBatchStateWriteGuard rejects writes from non-owner live engine (13.472458ms)
✔ saveSpineBatchState rejects resurrecting archived batch cache (17.025417ms)
✔ resolveStallConfig defaults checkpoint warning and no file-scope grace extension (0.676084ms)
✔ file-scope mtime is activity only — does not extend stall deadline by default (0.227375ms)
✔ checkpoint signals extend grace; STATUS update moves deadline (0.070667ms)
✔ shouldEmitCheckpointWarning after activity without checkpoint threshold (0.106333ms)
✔ resolveScopedDirtyPaths limits porcelain to file scope and task folder (477.483208ms)
✔ lane.checkpoint_warning journal event and diagnose hints (33.91025ms)
✔ extractJournalDiagnosisHints omits stale checkpoint_warning older than 30 minutes (1.638875ms)
✔ collectProgressSignals includes dirtyPaths for scoped changes (714.168375ms)
✔ runFinalReviewPhase fails fast with contract_failed and does not consume finalAttempts (7500.137833ms)
✔ reconcileBatch surfaces contract_failed headline for failed task (2365.4125ms)
✔ verifyContract satisfies pre-landed fileScopeMustChange when testCommand and artifacts pass (2571.710042ms)
✔ verifyContract still fails pre-landed scope when testCommand fails (6897.124ms)
✔ verifyStubFileScopeMustChange passes delivery-only STATUS when source scope pre-landed (1259.502959ms)
✔ verifyContract passes delivery-only STATUS.md fileScopeMustChange contract (1116.663333ms)
✔ resolvePromptRelPath derives task PROMPT from spine-tasks delivery changes (803.56675ms)
✔ isFileScopePatternPrelanded detects scope changed on main after task intro (849.215792ms)
✔ testCommand fails once then succeeds on retry — contract passes (155.159875ms)
✔ testCommand fails all retries — contract_failed as before (109.696ms)
✔ retry count configurable via spine-config contract.testRetries (254.331292ms)
✔ failed output captured to .reviews/ directory (106.033375ms)
✔ no retry when testCommand succeeds first time (no performance cost) (66.679834ms)
✔ writeContractFailureLog creates log file with header (20.768791ms)
✔ writeContractFailureLog returns null when taskFolder is undefined (0.352875ms)
✔ CONTRACT_TEST_DEFAULT_RETRIES is 1 (0.100875ms)
✔ CONTRACT_TEST_RETRY_DELAY_MS is 5000 (0.128208ms)
✔ multiple failure logs captured across retry attempts (224.519541ms)
✔ parseContract extracts stallTimeoutMinutes and extendGraceOnFileScope (1.268625ms)
✔ resolveTaskStallMinutes uses max of global, size floor, and contract override (0.125958ms)
✔ resolveStallConfigForTask applies contract stallTimeoutMinutes to stallTimeoutMs (0.12475ms)
✔ resolveStallConfigForTask honors contract extendGraceOnFileScope (0.062042ms)
✔ resolveWorkerPiTimeoutMs aligns with contract stall budget (0.0935ms)
✔ runWorker with contract stall override survives beyond global stall budget (scaled) (5122.568875ms)
✔ runWorker without contract override stalls at scaled global budget (5091.525375ms)
✔ isDeliveryArtifactPath accepts STATUS.md-only patterns (0.814041ms)
✔ isDeliveryArtifactPath accepts .DONE-only patterns (0.207209ms)
✔ isDeliveryArtifactPath accepts task-folder delivery globs (0.127625ms)
✔ isDeliveryArtifactPath rejects implementation and tasks-root paths (0.079667ms)
✔ isImplementationScopePattern detects source and tooling roots (0.052708ms)
✔ isStubDeliveryOnlyScope is true for delivery-only pattern sets (0.097167ms)
✔ isStubDeliveryOnlyScope rejects mixed implementation and delivery patterns (0.06575ms)
✔ isStubDeliveryOnlyScope rejects empty pattern lists (0.045125ms)
✔ isDeliveryArtifactPath honors custom tasksRoot (0.167875ms)
✔ resolveTaskStartCommit returns distinct start commits for serialized lane tasks (0.796084ms)
✔ resolveTaskStartCommit prefers task.started payload commit over prior lane.committed (0.086417ms)
✔ resolveTaskStartCommit returns null when task.started is missing (main...HEAD fallback) (0.070041ms)
✔ resolveTaskStartCommit resolves git HEAD at task.started timestamp when journal lacks commit (1349.723625ms)
✔ CONTRACT_TEST_COMMAND_MAX_BUFFER exceeds legacy 256KB limit (0.619709ms)
✔ runContractTestCommand captures large stdout without killing child (72.362334ms)
✔ runContractTestCommand surfaces ENOBUFS with scoped testCommand guidance (65.036666ms)
✔ verifyContract reports buffer overflow with scoped testCommand guidance (5494.509041ms)
✔ listChangedFiles with sinceCommit scopes diff to commits after anchor (1965.900584ms)
✔ listChangedFiles without sinceCommit preserves baseBranch...HEAD (1114.977542ms)
✔ verifyContract with sinceCommit ignores prior same-lane task fileScopeMustNotChange violations (1833.907875ms)
✔ verifyContract without sinceCommit preserves cumulative lane branch behavior (494.223ms)
✔ verifyContract passes when testCommand exits 0 (103.313125ms)
✔ verifyContract fails when testCommand exits non-zero (50.698917ms)
✔ verifyContract checks artifactsMustExist paths in worktree (141.128875ms)
✔ verifyContract expands glob patterns in artifactsMustExist (123.658542ms)
✔ verifyContract returns ok with empty checks when contract has no verify fields (37.601292ms)
✔ verifyContract enforces fileScopeMustChange and fileScopeMustNotChange (754.895875ms)
✔ verifyContract checks minLineCoverage from command output (57.47775ms)
✔ shouldRunContractVerify skips legacy TP-* tasks and absent contract sections (0.242542ms)
✔ matchesContractPattern supports glob paths (0.174041ms)
✔ parseAggregateLineCoverage parses coverage table rows (0.115708ms)
✔ SP-193-shaped placeholder contract fails validateContract in required mode (1.75975ms)
✔ verifyContract passes SP-193-shaped contract when scoped files changed (932.828542ms)
✔ fileScopeMustChange trailing-slash pattern matches files under directory prefix (1747.886792ms)
✔ fileScopeMustChange trailing-slash pattern fails when no files under prefix changed (788.368083ms)
✔ fileScopeMustChange exact-path and glob behavior preserved alongside trailing-slash (984.052625ms)
✔ waitForDetachedBatchResume waits for integrate gate after batch completes (726.131083ms)
✔ waitForDetachedBatchResume completes without gate when integrate gate not required (352.667291ms)
✔ prepareDetachedResumeEngineHandoff terminates stale engine before resume spawn (25.537917ms)
✔ resolveDefaultResumeWaitTerminal returns true for engine_orphaned without flags (0.5755ms)
✔ resolveDefaultResumeWaitTerminal respects explicit flags (0.082584ms)
✔ detectPostMergeLimboForResume matches journal-only limbo for batch 20260629T210738 (1195.675958ms)
✔ postMergeLimbo diagnosis suggests spine batch resume --force (0.293625ms)
✔ resumeBatchDetached --force finalizes journal-only limbo without spawning engine (4816.269ms)
✔ detached batch start opens integrate gate after stub engine completes (9197.715042ms)
✔ timeout_waiting_for_batch with dead enginePid reconciles as engine_orphaned not running (2114.597875ms)
✔ startBatchDetached persists spawn enginePid before wait on timeout failure path (31655.202084ms)
✔ parseBatchArgs defaults to detached start (attached flag off) (0.82875ms)
✔ parseBatchArgs --attached opts into foreground engine (0.080667ms)
✔ buildAttachedBatchStartArgv forwards scope and skip-preflight (0.660375ms)
✔ formatDetachedBatchStartOutput includes monitor hints (0.231917ms)
✔ batch start returns quickly and runs engine in background (9942.418791ms)
✔ parseBatchArgs resume defaults to detached (attached flag off) (0.14075ms)
✔ buildAttachedBatchResumeArgv forwards force (0.08725ms)
✔ formatDetachedEngineOutput includes resume wording (0.101834ms)
✔ waitForDetachedBatchResume returns engine_started by default (605.982667ms)
✔ waitForDetachedBatchResume with waitTerminal returns resume_completed (846.500667ms)
✔ collectDetachedFailureDiagnostics includes task.failed summary and log tails (187.022584ms)
✔ parseBatchArgs accepts --wait-terminal (0.164ms)
✔ batch resume returns quickly and runs engine in background (9048.593625ms)
✔ inferLaunchFailureKind ignores DirtyWorktree exitReason (0.708666ms)
✔ buildHeadline prefers DirtyWorktree over worker launch (0.375209ms)
✔ buildSuggestedCommand for DirtyWorktree suggests coverage cleanup and retry (0.179416ms)
✔ buildHeadline surfaces review_exhausted primary failure (0.141833ms)
✔ buildSuggestedCommand for review_exhausted suggests batch retry (0.052917ms)
✔ buildHeadline surfaces contract_failed primary failure (0.067125ms)
✔ buildSuggestedCommand for contract_failed suggests PROMPT edit and retry (0.060625ms)
✔ buildDiagnosisOutput bundles primary failure class without launch headline (0.143583ms)
✔ reconcileBatch aligns hasFailedTasks with segment drift and DirtyWorktree headline (3151.614375ms)
✔ reconcileBatch diagnoses review_exhausted from failed task exitReason (2073.526834ms)
✔ buildHeadline surfaces PI_SPINE_ROOT launch failure (0.856708ms)
✔ buildHeadline surfaces lane commit failures after worker completion (0.112291ms)
✔ buildSuggestedCommand prefers spine doctor for launch failures (0.210542ms)
✔ inferLaunchFailureKind reads worker output hints from journal (0.190833ms)
✔ extractJournalDiagnosisHints prioritizes setup hook and merge blocked events (2.027375ms)
✔ formatMixedOutcomeMessage lists succeeded tasks and spine batch retry guidance (0.186166ms)
✔ reconcileBatch diagnoses launch failure wave from fixture (3214.230833ms)
✔ buildDiagnosisOutput bundles launch failure headline and command (0.216042ms)
✔ DIAGNOSIS_TAXONOMY includes worker_orphaned distinct from needs_retry (0.666959ms)
✔ inferLaunchFailureFromWorkerOutputTail reads PI_SPINE_ROOT hints from log tail (0.14325ms)
✔ buildSuggestedCommand prefers abort for ghost running cluster (0.236583ms)
✔ buildHeadline surfaces worker_orphaned launch failure from worker output context (0.291875ms)
✔ worker_orphaned after plan review nested_spawn_blocked suggests batch retry (0.093792ms)
✔ dead lane workerPid diagnoses worker_orphaned not needs_retry (3129.003875ms)
✔ dead workerPid after lane.completed does not diagnose worker_orphaned (2113.774709ms)
✔ worker_orphaned enriches launch headline from worker output log without task.failed (1858.465167ms)
✔ multiple ghost running tasks on one lane prefer spine batch abort (1400.102583ms)
✔ segment drift still diagnoses needs_retry (1263.235542ms)
✔ buildDiagnosisOutput bundles worker_orphaned headline and command (0.225583ms)
✔ isRunningWithoutActiveWorkers is false when workers are active (0.678291ms)
✔ isRunningWithoutActiveWorkers detects all-terminal tail state (0.077291ms)
✔ buildRunningTailHeadline maps macroPhase merging to operator text (0.210417ms)
✔ buildRunningTailHeadline maps gating / post-merge limbo (0.114166ms)
✔ buildHeadline preserves generic running when workers are active (0.2075ms)
✔ deriveMacroPhase uses journal merge tail when diagnosis is running without workers (0.275042ms)
✔ deriveMacroPhase stays executing when workers are active (0.218625ms)
✔ tail-state fixture reconciles without bare is running headline (3035.509792ms)
✔ tail-state headline matches batch 20260701T031142 shape via buildHeadline (0.197458ms)
✔ isCoverageArtifactPath matches extension/coverage and root coverage dirs (0.698291ms)
✔ isPathInFileScope matches exact paths and directory prefixes (0.160792ms)
✔ filterOutOfScopeCoveragePorcelain drops modified coverage outside file scope (0.151792ms)
✔ filterOutOfScopeCoveragePorcelain keeps in-scope coverage modifications (0.071209ms)
✔ restoreOutOfScopeCoverageArtifacts resets tracked coverage files (1529.549959ms)
✔ resolvePostLaneCommitPorcelain restores and filters out-of-scope coverage (775.986875ms)
✔ commitLaneAndValidateWorktree succeeds when only out-of-scope coverage is dirty (1398.978958ms)
✔ commitLaneAndValidateWorktree fails when dirty without .DONE (727.394959ms)
✔ isWorktreeDeletionPorcelainLine matches unstaged deletions (0.65675ms)
✔ isSymlinkOnlyDriftPorcelain is true only for deletion-only porcelain (0.181208ms)
✔ filterSetupHookSymlinkDriftPorcelain clears deletion-only drift (0.198959ms)
✔ parseLaneWorktreeIdentity extracts batch and lane from worktree path (0.736416ms)
✔ resolvePostLaneCommitPorcelain repairs hook symlink drift (2053.84ms)
✔ commitLaneAndValidateWorktree succeeds when hook symlink drifts after PASS (2212.710125ms)
✔ dismissBatch kills live stub worker PID and journals lane.worker_terminated (2279.120792ms)
✔ shouldRunCodeReview requires review level 2 or higher (0.69125ms)
✔ findCodeReviewStepNumber prefers step with code review checkpoint (2.05825ms)
✔ findCompletedCodeReview honors journal review.completed code APPROVE (2.791583ms)
✔ findCompletedCodeReview honors step artifact APPROVE for code review step (3.627291ms)
✔ runTaskOnLane runs engine code review for RL2 without worker nested spawn (6423.245917ms)
✔ runTaskOnLane skips engine code review when review level is 0 (6113.800709ms)
✔ runTaskOnLane skips engine code review when review level is 1 (6057.277917ms)
✔ runTaskOnLane honors journal review.completed code APPROVE without duplicate spawn (6124.339459ms)
✔ runTaskOnLane re-invokes worker after code REVISE and succeeds on APPROVE (10870.555875ms)
✔ resolveReviewSpawnTimeoutMs aligns with stall budget for M tasks (0.648875ms)
✔ runStepReview journals review.failed with review_timeout on hung spawn (309.727084ms)
✔ async reviewer spawn does not block the event loop while waiting for timeout (324.751708ms)
✔ startBatch opens integrate gate before batch.completed journal event (8297.348583ms)
✔ startBatch serializes multiple tasks on one physical lane (14340.522708ms)
✔ startBatch runs disjoint-scope tasks on separate lanes in parallel (8788.214375ms)
✔ startBatch records lane commit before task.completed (8763.978834ms)
✔ runTaskOnLane emits task.failed not task.completed when lane commit fails (5767.637917ms)
✔ validateSpineConfig accepts worktreeSetupIgnorePaths (0.262084ms)
✔ engine_orphaned diagnosis suggests retry when task id known, attached resume otherwise (0.680958ms)
✔ dead engine with phase running passes validateMultiTaskResume without pause (1176.598083ms)
✔ running phase with live engine pid rejects resume without force (975.888ms)
✔ reconcile engine_orphaned recommends attached resume for batch 20260618T191236 pattern (1503.725ms)
✔ engine_orphaned with failedTaskId suggests retry (SP-315) (0.693375ms)
✔ reconcileOrphanRunningState transitions running task to failed with journal events (818.8305ms)
✔ retryTask succeeds on orphan without manual pause (issue #20 trap) (955.953583ms)
✔ diagnose then retry: suggestedCommand matches working recovery path (1659.206833ms)
✔ resume --force allowed after orphan reconcile when phase was running (533.474875ms)
✔ terminateStaleDetachedEngine SIGTERM stale pid on failed resume (71.30475ms)
✔ runStepReview honors existing final PASS without re-spawn (20.625084ms)
✔ runStepReview skips review.failed journal when batch already completed (45.639166ms)
✔ startBatch lane branch has commit before merge when stub touches files (8947.958791ms)
✔ startBatch completes single task with stub worker (7966.76525ms)
✔ isExplicitBatchScope treats pending as explicit (0.194542ms)
✔ startBatch all dry-run allows multi-wave pending backlog (407.935167ms)
✔ startBatch pending dry-run excludes done tasks (375.04025ms)
✔ startBatch all fails when every task has .DONE (489.785166ms)
✔ startBatch skips worker when .DONE exists on disk (1943.990833ms)
✔ resolveBatchStartScope normalizes all to pending IDs (364.489833ms)
✔ startBatch explicit IDs still allow multi-wave when scope is not bare all (346.245ms)
✔ startBatch completes two-lane wave with stub workers (7925.405042ms)
✔ startBatch blocks merge on mixed outcomes (5923.6555ms)
✔ assessWaveMergeEligibility blocks failed and pending tasks (0.284083ms)
✔ collectCoreEvidenceBundle writes summary without complete marker (1947.567708ms)
✔ openIntegrateGate persists gate before extended evidence and journals milestones (1431.550959ms)
✔ openIntegrateGate keeps gate when extended evidence command fails (1364.1265ms)
✔ collectExtendedEvidenceBundle appends to existing refs (989.290875ms)
✔ parseEvidenceCommandArgv accepts npm run test (1.295083ms)
✔ parseEvidenceCommandArgv preserves quoted arguments (0.121292ms)
✔ parseEvidenceCommandArgv rejects shell command chaining (0.275541ms)
✔ parseEvidenceCommandArgv rejects unknown binary (0.087166ms)
✔ runEvidenceCommand executes allowlisted argv without shell (163.333666ms)
✔ runEvidenceCommand rejects malicious config strings (0.177917ms)
✔ runEvidenceCommand skips empty command (0.098042ms)
✔ runEvidenceCommand rejects disallowed build binary (0.100959ms)
✔ parseEvidenceCommandArgv rejects subshell injection (0.103584ms)
✔ collectEvidenceBundle writes summary and .complete marker atomically (1332.427167ms)
✔ collectEvidenceBundle writes rejected output for unsafe testing.test (1190.331958ms)
✔ findCompletedFinalReview honors journal review.completed final PASS (9.021125ms)
✔ findCompletedFinalReview honors latest final artifact PASS (6.336875ms)
✔ runTaskOnLane honors pre-existing worker final review without spawn failure (6015.702709ms)
✔ runTaskOnLane honors journal review.completed final PASS without duplicate spawn (6192.010916ms)
✔ parseFinalReviewVerdict accepts PASS, REVISE, and REPLAN (1.258583ms)
✔ shouldRunFinalReview skips when review level is 0 (0.13525ms)
✔ runTaskOnLane skips final review when review level is 0 (6054.216ms)
✔ runTaskOnLane journals task.verdict_recorded on PASS final review (6185.148916ms)
✔ runTaskOnLane re-invokes worker after REVISE and succeeds on PASS (11027.571125ms)
✔ runTaskOnLane caps REVISE at maxFinalAttempts with review_exhausted (15643.445583ms)
✔ runTaskOnLane fails with needs_replan and does not keep .DONE (5342.0305ms)
✔ mergeWaveLanesToOrch blocks when a wave task has exitReason needs_replan (158.858666ms)
✔ runEngineFinalReview stub writes final artifact path (1.944584ms)
✔ buildTaskScorecard lists task rows (0.725084ms)
✔ openIntegrateGate persists pending gate and journals gate.opened (1548.991125ms)
✔ collectEvidenceBundle writes summary and diff-stat (1379.910875ms)
✔ approve and reject enforce gate FSM (1224.411292ms)
✔ rejectIntegrateGate journals gate.rejected (1323.248584ms)
✔ checkIntegrateGate blocks until approved (exit 2) (1446.655625ms)
✔ integrateOrchToBase fails with exit 2 when gate pending (2154.323125ms)
✔ integrateOrchToBase succeeds after gate approval (2320.263375ms)
✔ force integrate requires SPINE_ALLOW_FORCE=1 (525.541958ms)
✔ openIntegrateGateAfterBatchComplete skips non-completed batches (308.894375ms)
✔ runSpineGate CLI approve updates gate record (1164.646208ms)
✔ classifyGitignoredPaths returns empty arrays for empty input (191.262625ms)
✔ classifyGitignoredPaths detects index-tracked gitignored paths (452.1385ms)
✔ classifyGitignoredPaths detects worktree-only gitignored paths (272.979625ms)
✔ classifyGitignoredPaths handles mixed index-tracked and worktree-only (389.769541ms)
✔ formatGitignoredRemediationMessage: worktree-only does not suggest git rm --cached (0.341292ms)
✔ formatGitignoredRemediationMessage: index-tracked suggests git rm --cached (0.060083ms)
✔ formatGitignoredRemediationMessage: mixed suggests both remediation paths (0.058458ms)
✔ commitLaneWorktree: worktree-only gitignored does not suggest git rm --cached (483.921875ms)
✔ commitLaneWorktree: index-tracked gitignored still suggests git rm --cached (476.837125ms)
✔ regression: SP-011 worktree-only coverage after npm test does not suggest git rm --cached (428.206666ms)
✔ resolveHeartbeatKind marks launching as worker_alive only (0.673541ms)
✔ shouldEmitCheckpointWarning skips launching phase (0.162458ms)
✔ buildHeartbeatPayloadFields omits stale checkpoint signals during launching (0.08475ms)
✔ recordLaneHeartbeat journals kind and phase (86.540041ms)
✔ runWorker launching heartbeat does not journal stale STATUS mtime on fast-fail retry (5261.91825ms)
✔ resolveStallConfig applies lane overrides (0.163041ms)
✔ progressSignalsChanged detects STATUS mtime updates (196.596334ms)
✔ computeStallDeadline extends past hard timeout after progress (0.113083ms)
✔ stall false positive avoided when STATUS updates extend deadline (I-01) (0.109042ms)
✔ findLatestStepCompletedMs returns newest matching task.step_completed (0.085833ms)
✔ progressSignalsChanged detects journal task.step_completed (silent tools) (200.208125ms)
✔ activitySignalsChanged detects file-scope mtime updates (FR-WORK-10 / FR-STALL-02) (254.318458ms)
✔ startBatch records lane.heartbeat during stub worker delay (8349.468875ms)
✔ isFastForwardCapableIntegrate detects orch ahead of main (#93) (674.939833ms)
✔ integrateOrchToBase fast-forwards when orch is strictly ahead (#93 batch 20260702T071449) (2917.109875ms)
✔ integrateOrchToBase fast-forwards with generatedAt-only rules-manifest drift on main (#93) (3533.588416ms)
✔ recordBatchBaseSnapshot stores head sha and journals batch.base_snapshot (338.160625ms)
✔ integrateOrchToBase succeeds with uncommitted edits on main (2485.156542ms)
✔ integrateOrchToBase conflict path leaves human checkout and files unchanged (2880.151042ms)
✔ integrateOrchToBase dry-run advertises isolated merge plan (979.978417ms)
✔ resolveRulesManifestIntegrateDrift restores main when worker manifest matches orch (#22) (745.875791ms)
✔ integrateOrchToBase succeeds with worker manifest drift on main matching orch (#22) (3532.210541ms)
✔ resolveRulesManifestIntegrateDrift blocks unrelated dirty files on main (746.1165ms)
✔ resolveRulesManifestIntegrateDrift blocks substantive manifest drift not matching orch (750.82625ms)
✔ resolveRulesManifestIntegrateDrift still clears generatedAt-only drift on main (705.985792ms)
✔ resolveRulesManifestIntegrateDrift clears generatedAt-only dirty manifest on main (801.602167ms)
✔ integrateOrchToBase succeeds with dirty generatedAt-only rules-manifest on main (3381.120417ms)
✔ DEFAULT_SYNC_TIMEOUT_MS is 60 seconds (0.571583ms)
✔ syncPlumbingMergePathsToWorktree returns ok: true on successful sync (745.445791ms)
✔ syncPlumbingMergePathsToWorktree returns ok: false with timedOut on timeout (600.292875ms)
✔ integrateOrchToBase emits integrate.failed with IntegrateTimeout on sync timeout (2763.094958ms)
✔ successful integrate still emits integrate.completed (regression) (2444.496666ms)
✔ partial sync failure returns ok: false with correct failureClass from integrateOrchToBase (2373.869875ms)
✔ assertOrchIntegratable refuses empty orch when mergeResults claim success (425.373333ms)
✔ assertOrchIntegratable requires integrate when orch is ahead of base (485.134625ms)
✔ reconcileBatch reports needs_integrate when batch completed but orch not on main (1865.653459ms)
✔ completeBatch refuses when orch is ahead but not integrated (1634.623542ms)
✔ integrateOrchToBase merges orch into main and journals events (2531.61775ms)
✔ integrateOrchToBase dry-run does not change main HEAD (609.75ms)
✔ completeBatch succeeds after integrate lands orch on main (3454.696167ms)
✔ integrateOrchToBase aborts merge on conflict and restores checkout (2607.3185ms)
✔ integrateOrchToBase fails when batch state is missing (0.271ms)
✔ runSpineIntegrate CLI succeeds when orch tip already matches main (368.275125ms)
✔ PRD §20.2 planner yields wave0 {A,C} and wave1 {B} (414.90575ms)
✔ PRD §20.2 two-lane stub batch completes ABC waves (14877.655792ms)
✔ PRD §20.2 mixed-outcome blocks merge; retry resets wave B for resume (11943.276458ms)
✔ runStepReview with worker attach env does not journal when attach suppressed (17.656958ms)
✔ runSpineReviewStep with worker attach env does not journal when attach suppressed (5.098417ms)
✔ runSpineReportProgress with worker attach env does not journal when attach suppressed (1.012375ms)
✔ readJournalEventsCached returns same events as readJournalEvents (22.067583ms)
✔ readJournalEventsCached returns cached copy on second call without file change (12.721292ms)
✔ readJournalEventsCached invalidates when file mtime changes (15.279375ms)
✔ readJournalEventsCached returns empty array for missing file (1.079084ms)
✔ clearJournalCache forces re-read on next call (8.432042ms)
✔ invalidateJournalCache with matching path clears cache (13.31075ms)
✔ invalidateJournalCache with non-matching path preserves cache (19.867833ms)
✔ readJournalEventsCached handles transition from missing to existing file (23.038583ms)
✔ readJournalEventsCached handles switch between different batch IDs (28.144916ms)
✔ runSpineJournal replay exits non-zero when journal missing (6.015459ms)
✔ runSpineJournal replay prints human table (37.468458ms)
✔ runSpineJournal replay --json returns events array (13.919542ms)
✔ exportJournalJsonl returns null when journal missing (3.23275ms)
✔ runSpineJournal export exits non-zero when journal missing (5.191875ms)
✔ runSpineJournal export writes jsonl to stdout (33.322709ms)
✔ runSpineJournal export --output writes file (13.9575ms)
✔ exportJournalMarkdown returns null when journal missing (3.030375ms)
✔ formatJournalMarkdownTimeline produces stable table shape (1.544875ms)
✔ formatJournalMarkdownTimeline escapes pipe characters in summary (0.119125ms)
✔ runSpineJournal export markdown exits non-zero when journal missing (1.371208ms)
✔ runSpineJournal export writes markdown to stdout (21.21875ms)
✔ runSpineJournal export markdown --output writes file (9.670792ms)
✔ detectBatchStateDrift flags running cache when reconcile sees doneInLane without journal terminal (0.907709ms)
✔ deriveStructuralBatchStateFromJournal rebuilds multi-lane skeleton without cache seed (3.01675ms)
✔ resume-parallel-lane-orphan fixture: journal-only rebuild marks resumed tasks running (1.27675ms)
✔ orphan-running-resume fixture: structural + lifecycle rebuild without seed (0.591042ms)
✔ pidless-ghost-running fixture: post-resume task.started wins over historical failure (0.4415ms)
✔ resume-orphan-historical-failure fixture: rebuild ignores pre-resume failure for active task (0.386083ms)
✔ retry-clears-failed-classification fixture: rebuild fixes stale failed cache (0.621209ms)
✔ retry-clears-failed-classification fixture: detectBatchStateDrift flags cache vs journal (0.471291ms)
✔ incident fixtures rebuild from disk matches in-memory journal rebuild (451.69025ms)
✔ readJournalTimeline filters task and batch lifecycle events (0.621708ms)
✔ rebuildBatchStateFromJournal applies task.completed over stale failed cache (1.048084ms)
✔ detectBatchStateDrift flags journal completed vs cache failed (0.297708ms)
✔ detectBatchStateDrift ignores incomplete journal when cache failed (0.093333ms)
✔ incident orphan-running fixture: journal timeline is readable (450.51125ms)
✔ appendJournalEvent writes schema v1 with ISO timestamp and payload (31.697209ms)
✔ readLastTaskFailedEvent returns most recent task.failed (56.77225ms)
✔ redactSecrets masks sensitive keys (0.667167ms)
✔ capPayloadSize truncates oversized payloads (0.687291ms)
✔ normalizeJournalEvent upgrades legacy lines (0.139791ms)
✔ readJournalEvents reads mixed legacy and v1 lines (44.653708ms)
✔ extractJournalDiagnosisHints surfaces failure events from tail (0.461792ms)
✔ commitLaneWorktree commits dirty worktree when .DONE exists (754.906875ms)
✔ commitLaneWorktree fails loud when dirty without .DONE (340.954666ms)
✔ filterPorcelain drops lines matching ignore patterns by full path (0.264291ms)
✔ filterPorcelain drops lines matching ignore patterns by basename (0.068541ms)
✔ filterPorcelain keeps rename targets when only source matches ignore (0.059792ms)
✔ filterPorcelain returns empty for empty input (0.047ms)
✔ mergeLaneToOrch rejects empty merge when lane commits were required (427.720417ms)
✔ mergeLaneToOrch prefers orch for conflicts outside lane file scope (1074.233708ms)
✔ mergeLaneToOrch does not auto-resolve in-scope lane conflicts (1246.412333ms)
✔ dismiss archives batch-state before clearing active file (1153.719625ms)
✔ complete with --detect-manual-merge succeeds when orch merged to main (1422.717ms)
✔ complete refused when mergeResults succeeded but orch not on main (4523.649667ms)
✔ dismiss refused when diagnosis is running without --force (1093.113792ms)
✔ isPostMergeLimbo is true when tasks and merges succeeded with open orch branch (0.594792ms)
✔ isPostMergeLimbo rejects non-running or ended batches (0.080667ms)
✔ isPostMergeLimbo rejects empty or partial task/merge state (0.063958ms)
✔ isPostMergeLimbo respects git orch branch signals (0.065625ms)
✔ isPostMergeLimbo rejects null or non-object state (0.0525ms)
✔ resolveWorkerOutputConfig defaults live log streaming off (0.672709ms)
✔ workerLiveLogPath matches runtime layout (0.089416ms)
✔ truncateLiveLogBytes applies truncation marker when over cap (0.176ms)
✔ appendWorkerLiveLogChunk redacts secrets and enforces byte cap (5.553042ms)
✔ createWorkerLiveLogWriter returns null when streaming disabled (0.189083ms)
✔ runWorker streams subprocess stub output to live log when enabled (5045.732375ms)
✔ runWorker skips live log when streamWorkerOutputLive is false (5036.0145ms)
✔ runWorker still writes terminal failure log when live streaming enabled (5063.239458ms)
✔ startAgentSessionWorker flushes transcript chunks to live log (10.954042ms)
✔ appendWorkerLiveLogChunk rolls file with truncation marker when over max bytes (1.5775ms)
✔ MACRO_PHASES exports all eleven lifecycle values (1.234708ms)
✔ deriveMacroPhase: idle when no batch signals (0.119917ms)
✔ deriveMacroPhase: planning from batch phase (0.1355ms)
✔ deriveMacroPhase: executing for active running batch (0.197667ms)
✔ deriveMacroPhase: merging phase and needs_merge diagnosis (0.074584ms)
✔ deriveMacroPhase: reviewing when review.started is open (0.136875ms)
✔ deriveMacroPhase: gating for pending gate or post-merge limbo (0.063ms)
✔ deriveMacroPhase: integrating for needs_integrate and open integrate.started (0.070291ms)
✔ deriveMacroPhase: completed, failed, aborted, paused terminal phases (0.10225ms)
✔ fixture running-batch.json reconciles to executing macro-phase (1270.342292ms)
✔ fixture taskplane-executing.json maps to executing (0.536875ms)
✔ fixture needs-retry-batch.json maps to failed macro-phase (1142.393417ms)
✔ fixture limbo-stale maps to completed macro-phase (1237.887125ms)
✔ all macro-phase enum values are reachable via deriveMacroPhase (0.243583ms)
✔ recordMergeBlocked sets terminal merge_blocked phase and clears enginePid (366.225375ms)
✔ reconcileBatch diagnoses merge_blocked as failed merge, not needs_merge (1134.39175ms)
✔ legacy merging phase with endedAt and failed mergeResults reconciles as failed (1364.396125ms)
✔ findResumableWave skips succeeded merged waves when later wave has pending tasks (0.688167ms)
✔ validateMultiTaskResume allows force resume from merge_blocked (841.681417ms)
✔ buildSuggestedCommand recommends resume --force for merge_blocked phase (0.27275ms)
✔ summarizeMergeFailures extracts failed wave and lane from mergeResults (0.739ms)
✔ buildMergeFailureHeadline uses 1-based wave number and lane label (0.173083ms)
✔ buildHeadline for failed diagnosis surfaces merge conflict instead of zero failed tasks (0.222709ms)
✔ buildSuggestedCommand for merge failure suggests resume --force (0.145666ms)
✔ buildDiagnosisOutput bundles merge failure headline and command (0.146ms)
✔ reconcileBatch surfaces merge failure fields distinct from failedTasks (1186.360125ms)
✔ spine status --json includes merge failure fields for monitors (1356.148209ms)
✔ spine status --diagnose prints merge failure details in text output (1107.163041ms)
✔ filterGitignoredPaths separates ignored and stageable paths (412.405791ms)
✔ gitAddFilteredPaths skips gitignored paths without failing (502.372708ms)
✔ mergeLaneToOrch succeeds when task branch committed gitignored coverage (1674.877583ms)
✔ commitLaneWorktree refuses gitignored-only dirty paths (506.557417ms)
✔ commitLaneWorktree commits tracked files while skipping gitignored dirty paths (674.034125ms)
✔ inferMergeGitignoredFailure detects gitignored merge and lane commit failures (0.336291ms)
✔ buildSuggestedCommand returns git rm --cached repair for gitignored merge failures (0.215917ms)
✔ reconcileBatch surfaces gitignored merge repair command from journal (1269.299583ms)
✔ filterPorcelain remains unchanged for SP-104 ignore patterns (0.295125ms)
✔ mergeLaneToOrch auto-resolves additive docs/PRD.md after origin/main merge task (1677.2175ms)
✔ mergeLaneToOrch fails PRD merge with recovery commands when hunks overlap (1170.713417ms)
✔ formatPrdDocMergeFailure names file and wave recovery (0.188291ms)
✔ isActiveWorkerSession true when SPINE_WORKER_RUNNER is set (0.646667ms)
✔ isActiveWorkerSession false outside worker context (0.076458ms)
✔ runStepReview skips nested reviewer spawn when worker env is set (67.85975ms)
✔ runStepReview skips nested plan review spawn when worker env is set (39.742708ms)
✔ runStepReview stub path still works inside worker session (5.98775ms)
✔ runStepReview reaches pi availability check when worker env absent (3.928334ms)
✔ engine parent with leaked worker runner reaches reviewer spawn (3.086625ms)
✔ batch 20260619T020951 SP-306 plan step 0 journals review.skipped not review.failed (25.185875ms)
✔ detectNestedWorkerContext returns reason when SPINE_IS_WORKER=1 (0.732ms)
✔ detectNestedWorkerContext returns reason when projectRoot is inside .worktrees/spine-* (0.155375ms)
✔ detectNestedWorkerContext returns null for normal projectRoot without worker env (0.116834ms)
✔ startBatch returns error when SPINE_IS_WORKER=1 (7.766292ms)
✔ startBatch returns error when projectRoot is inside .worktrees/spine-* (11.826166ms)
✔ startBatch succeeds normally (no env, normal CWD) — regression (7874.920875ms)
✔ buildWorkerChildEnv includes SPINE_IS_WORKER=1 (0.848458ms)
✔ journalEventsSinceResume excludes pre-resume terminal events (1.5605ms)
✔ detectOrphanRunning: historical task.failed + post-resume silence + dead engine (0.762417ms)
✔ resume orphan with historical failure fixture is not diagnosed as running (1261.340083ms)
✔ terminal event within scoped window still suppresses engine orphan (0.53725ms)
✔ journalIndicatesStalledSession: post-resume start without terminal (0.787875ms)
✔ detectOrphanRunning: PID-less ghost running with post-resume journal stall (0.379ms)
✔ pidless ghost fixture reconcile is engine_orphaned, not running (1170.42275ms)
✔ terminal event within scoped window suppresses PID-less ghost signal (0.739041ms)
✔ isProcessAlive returns false for absent pid (0.6875ms)
✔ resume parallel lane orphan fixture: multiple running on lane 1 (1.114209ms)
✔ resume parallel lane orphan fixture: reconcile is actionable after scoped orphan detect (1133.610375ms)
✔ searchATon orphan incident fixture: dead workerPid is not diagnosed as running (1247.612667ms)
✔ dead workerPid with running task is not diagnosed as running (1143.980917ms)
✔ dead enginePid mid-resume without terminal journal is engine_orphaned (991.871209ms)
✔ running batch without recorded pids still reports running (1168.523875ms)
✔ detectOrphanRunning ignores dead engine when terminal journal exists (0.21975ms)
✔ recordBatchEnginePid persists under resilience and clears on terminal save (231.640667ms)
✔ confirmed pause records batch.paused only after engine persists phase (282.44175ms)
✔ unconfirmed pause does not leave orphan batch.paused journal entry (561.0215ms)
✔ pauseBatch succeeds immediately when no attached engine is alive (268.924167ms)
✔ pauseBatch fails loud when attached engine keeps phase running (587.887416ms)
✔ waitForPauseConfirmation returns true when phase stays paused (277.461459ms)
✔ retryTask succeeds when batch phase is paused (213.865125ms)
✔ retryTask rejects when batch phase is running (169.501541ms)
✔ batch 20260630T212050 orphan-after-merge fixture describes GitHub #59 incident (0.855291ms)
✔ batch 20260630T212050 journal fixture is limbo via resume detect but not bare state (612.817542ms)
✔ hydrateMergeResultsFromJournal enables state limbo detection for batch 20260630T212050 (273.282417ms)
✔ finalizeAttachedLandLoopBeforeExit opens gate for batch 20260630T212050 journal limbo (1506.761792ms)
✔ installAttachedExitFinalizeHandlers finalizes journal limbo on SIGTERM without manual resume (1354.814125ms)
✔ batch 20260629T021550 fixture is post-merge limbo without gate (350.505167ms)
✔ attemptPostMergeLandLoopHandoff finalizes batch 20260629T021550 limbo after SIGTERM (1348.350292ms)
✔ resumeBatchDetached --force finalizes post-merge limbo without spawning engine (1481.214375ms)
✔ resumeBatch attached path finalizes batch 20260629T021550 limbo immediately (1449.33ms)
✔ resumeMultiTaskBatch still finalizes batch 20260629T021550 after orphan_terminated (1351.045125ms)
✔ finalizeResumePostMergeLimbo clears stale engine pid during post-merge limbo (1157.192583ms)
✔ isPostMergeLimbo detects running phase with successful merges (0.630042ms)
✔ deriveDiagnosis returns needs_integrate for post-merge limbo (0.490625ms)
✔ finalizeBatchForIntegrate opens gate from post-merge limbo without resume (1314.172625ms)
✔ resumeMultiTaskBatch opens gate from post-merge limbo without re-running tasks (1411.024292ms)
✔ mixed-outcome post-mortem lists failed IDs and retry hint, not smooth success (1119.759667ms)
✔ false-success reconciliation headline is overridden when failures exist (0.374125ms)
✔ listFailedTaskIds prefers classified terminal-failure tasks (0.69875ms)
✔ collectEvidenceBundle summary.md is honest post-mortem markdown (1070.092125ms)
✔ dismissBatch writes post-mortem path into batch history (1159.590083ms)
✔ writeBatchPostMortem persists markdown under runtime batch dir (1073.121625ms)
✔ spine status --verbose includes post-mortem section for active batch (929.545042ms)
✔ resolveStallConfig defaults progressSnapshotIntervalMinutes to 2 (0.670167ms)
✔ resolveStallConfig applies progressSnapshotIntervalMinutes override (0.0795ms)
✔ buildProgressSnapshotPayload is bounded and omits dirty path lists (0.622875ms)
✔ progressSnapshotPayloadChanged detects field deltas (0.112792ms)
✔ shouldEmitProgressSnapshot respects interval (0.068791ms)
✔ recordLaneProgressSnapshot journals bounded payload (65.921167ms)
✔ runWorker emits lane.progress_snapshot on interval and dedupes unchanged signals (10087.189792ms)
✔ startBatch fails closed on invalid PROMPT before batch starts (244.752958ms)
fatal: malformed object name missing-base-branch
✔ inspectGitState records gitInspectionError when merged-branch scan fails (246.218625ms)
✔ deriveDiagnosis returns git_unavailable when git inspection failed (0.529ms)
✔ reconcileBatch surfaces git_unavailable instead of limbo_stale on git failure (986.488042ms)
fatal: malformed object name missing-base-branch
✔ reconcileBatch records count_commits_ahead git errors from real git refs (1232.956458ms)
✔ idle-no-batch returns healthy idle state (197.07625ms)
✔ limbo_stale detected from incident fixture (1129.121458ms)
✔ completed_manual when orch branch merged to main (1240.174417ms)
✔ needs_retry when a task failed (964.869959ms)
✔ running diagnosis for active batch (926.30825ms)
✔ runReconciliationCheck matches reconcileBatch output shape (933.9305ms)
✔ reconcileBatch includes journal hints when journal exists (949.888125ms)
✔ reconcileBatch exposes macroPhase for running batch (876.575541ms)
✔ reconcileBatch exposes macroPhase for limbo_stale (892.423834ms)
✔ failBatchFromEngineError writes batch.failed and clears enginePid (231.894916ms)
✔ reconcileGhostRunningTasks marks running tasks failed without worker (0.214209ms)
✔ resumeMultiTaskBatch fail-closed when post-commit gitPorcelain throws (6343.063916ms)
✔ resumeBatch opens integrate gate before batch.completed journal event (7205.76175ms)
✔ refreshLaneHeartbeatsOnResume aligns lane heartbeats to engineStartedAt (0.71425ms)
✔ taskAlreadyComplete returns false for failed task with stale .DONE on disk (0.584208ms)
✔ resumeBatch after failed retry runs contract verification before succeed (2456.931375ms)
✔ resumeBatch continues paused 2-task 2-lane batch with stub workers (7987.503667ms)
✔ resumeBatch multi path requires existing lane worktrees (248.850458ms)
✔ multi-task batch start → pause → resume completes both tasks (8317.085084ms)
✔ paused multi-task batch diagnose suggests multi-task resume (1114.196292ms)
✔ multi-task startBatch completes two-lane stub batch (start path) (7547.159792ms)
✔ resumeBatch serializes four tasks on one lane (23264.9115ms)
✔ resumeBatch runs two lanes with two tasks each in parallel (14007.992208ms)
✔ validateMultiTaskResume accepts paused 2-task 2-lane batch (436.292917ms)
✔ validateMultiTaskResume rejects batch with zero tasks (254.064166ms)
✔ validateMultiTaskResume rejects missing worktree per lane (333.347209ms)
✔ validateMultiTaskResume allows force resume when wave merge is pending (553.525125ms)
✔ validateResumeBatch delegates to multi validator for single-task batch (417.795584ms)
✔ resolveDetachedWaitTimeoutMs uses long default for wait-terminal orphan resume (0.611292ms)
✔ prepareOrphanResumeHandoff clears stale workerPid before orphan resume (172.621625ms)
✔ clearStaleLaneWorkerPids preserves live worker pid (139.281625ms)
✔ dual-dead lane+engine orphan reconciles as engine_orphaned with attached resume (1043.336917ms)
✔ attached resume --force completes stuck task after plan review orphan stall (7751.72875ms)
✔ detached resume with wait-terminal uses extended timeout constant (0.151583ms)
✔ taskTerminalSuccessInBatch requires succeeded status and journal task.completed (0.573208ms)
✔ resume --force after partial retry does not review.start succeeded task IDs (8600.781917ms)
✔ pauseBatch sets phase paused and journals batch.paused (194.633167ms)
✔ resumeBatch continues paused single-lane batch (7401.111875ms)
✔ paused spine batch reconciliation suggests spine batch resume (957.280375ms)
✔ validateBatchState requires segments aligned with tasks (0.227125ms)
✔ retryTask clears stale failure metadata before re-run (156.368834ms)
✔ retry then task.completed updates counters and reconcile diagnosis (914.969166ms)
✔ retry-clears-failed-classification fixture reconciles after success state (950.861375ms)
✔ retryTask atomically resets task and segment records (176.837125ms)
✔ retryTask fixes segment drift (GAP-RETRY-01) (144.722458ms)
✔ resumeBatch refuses segment drift without retry (289.933209ms)
✔ skipTask marks task skipped and updates counters (162.1285ms)
✔ retryTask rejects when batch is running (148.92175ms)
✔ defaultSegmentId used in segment records (0.149042ms)
✔ detectOrphanedReviewStarted finds orphaned review.started with no matching review.completed (0.708417ms)
✔ detectOrphanedReviewStarted returns empty when review.completed exists (0.088666ms)
✔ detectOrphanedReviewStarted distinguishes code and final review types (0.065875ms)
✔ reconcileOrphanedReviewEvents synthesizes completion when APPROVE artifact on disk (27.340209ms)
✔ reconcileOrphanedReviewEvents does NOT synthesize when no artifact on disk (3.350833ms)
✔ reconcileOrphanedReviewEvents does NOT synthesize for REVISE verdict (10.501042ms)
✔ findCompletedCodeReview honors artifact at attempt > 0 (6.331709ms)
✔ normal review flow (no crash) still works correctly (0.148791ms)
✔ reconcileOrphanedReviewEvents handles final review with PASS verdict (21.069833ms)
✔ buildReviewerSystemPrompt includes project standards when rules manifest exists (20.185917ms)
✔ buildReviewerSystemPrompt emits reviewer.rules_selected journal event (15.53ms)
✔ buildReviewRequest user prompt does not include injected standards block (0.288042ms)
✔ runStepReview stub path does not emit reviewer.rules_selected (22.02125ms)
✔ isNoiseReviewScopePath matches runtime artifact paths (0.7125ms)
✔ filterReviewScopeNoise dedupes and drops noise (0.668708ms)
✔ resolvePlanReviewScopePaths returns PROMPT File Scope minus noise (7.246917ms)
✔ resolveReviewScopePaths plan uses task PROMPT file scope (1.357208ms)
✔ resolveReviewScopePaths final returns empty scope (0.08925ms)
✔ resolveCodeReviewScopePaths uses baseline..HEAD when baseline provided (252.377542ms)
✔ resolveCodeReviewScopePaths falls back to git diff --name-only without baseline (220.790708ms)
✔ resolveReviewScopePaths code honors injectable git runner (0.244ms)
✔ resolveCodeReviewScopePaths returns empty array when git fails (0.090125ms)
✔ parseReviewLevel reads PROMPT heading (0.7185ms)
✔ isReviewTypeRequired follows Taskplane rubric (0.0895ms)
✔ formatReviewTimestamp strips separators from ISO time (0.819709ms)
✔ buildReviewArtifactPath uses step-timestamp pattern (0.198041ms)
✔ buildFinalReviewArtifactPath uses final-timestamp pattern (0.108166ms)
✔ normalizeVerdict maps enums by review type (0.082708ms)
✔ normalizeFinalVerdict and normalizeCodeVerdict are type-specific aliases (0.067167ms)
✔ parseReviewVerdict reads JSON and markdown verdicts (0.456125ms)
✔ parseReviewVerdict accepts PASS REVISE REPLAN when reviewType is final (0.072041ms)
✔ parseReviewVerdict step mode rejects final-only verdict enums (0.1045ms)
✔ parseFinalReviewVerdict accepts PASS, REVISE, and REPLAN (0.107ms)
✔ parseFinalReviewVerdict omits heading summary unlike parseReviewVerdict (0.080125ms)
✔ shouldRunCodeReview requires review level 2 or higher (0.05225ms)
✔ shouldRunFinalReview skips when review level is 0 (0.077125ms)
✔ DEFAULT_REVIEW_SPAWN_TIMEOUT_MS is 90 minutes (0.521083ms)
✔ honorReviewSpawnFailureWhenEligible honors final review when contract passed (2.854584ms)
✔ honorReviewSpawnFailureWhenEligible skips when contract failed (4.498791ms)
✔ honorReviewSpawnFailureWhenEligible honors code review with .DONE (5.231833ms)
✔ buildReviewerPiArgs includes --model when config pins reviewer (3.749ms)
✔ buildReviewerPiArgs omits --model when reviewer model is inherit (1.301792ms)
✔ buildReviewerPiArgs uses per-type model override for matching reviewType (1.302375ms)
✔ buildReviewerPiArgs falls back to top-level reviewer pin when per-type block missing (1.337583ms)
✔ buildReviewerPiArgs cascades per-type inherit to top-level reviewer pin (1.371958ms)
✔ spawnReviewerPi fails closed when pi unavailable via SPINE_REVIEW_TEST_NO_PI (1.453083ms)
✔ buildReviewerChildEnv strips SPINE_WORKER_RUNNER from reviewer child env (0.291625ms)
✔ shouldBlockNestedReviewerSpawn false when only worker runner leaked on engine (0.099458ms)
✔ spawnReviewerPi allows engine spawn when worker runner leaked without journal attach (1.24725ms)
✔ shouldBlockNestedReviewerSpawn true inside live worker child session (0.117417ms)
✔ parseReviewLevel reads PROMPT heading (0.706833ms)
✔ isReviewTypeRequired follows Taskplane rubric (0.096875ms)
✔ buildReviewArtifactPath uses step-timestamp pattern (0.988292ms)
✔ buildFinalReviewArtifactPath uses final-timestamp pattern (0.101792ms)
✔ parseReviewVerdict reads JSON and markdown verdicts (0.527459ms)
✔ parseReviewVerdict accepts PASS REVISE REPLAN when reviewType is final (0.119791ms)
✔ parseReviewVerdict step mode rejects final-only verdict enums (0.087917ms)
✔ parseReviewVerdict accepts PASS REVISE REPLAN for final review type (0.076541ms)
✔ resolveBatchJournalContext ignores SPINE_BATCH_ID without SPINE_JOURNAL_ATTACH (0.170084ms)
✔ isJournalAttachBlocked honors SPINE_SUPPRESS_JOURNAL_ATTACH (0.060541ms)
✔ resolveBatchJournalContext blocked when attach suppressed (0.099917ms)
✔ runStepReview ignores SPINE_REVIEW_STUB_FAIL without stub mode (10.277583ms)
✔ runStepReview stub APPROVE writes artifact and journal events (19.091583ms)
✔ runStepReview stub REVISE returns exitCode 2 (7.941041ms)
✔ runStepReview fail-closed on stub spawn failure (18.172917ms)
✔ runStepReview skips when review level does not require type (2.711ms)
✔ runStepReview final stub PASS writes final artifact path (2.433625ms)
✔ runStepReview final spawn failure exits non-zero at review level >= 1 (1.776666ms)
✔ runSpineReviewStep CLI --type final emits JSON verdict (2.503834ms)
✔ runSpineReviewStep CLI emits JSON verdict (13.89725ms)
✔ assertReviewToolAvailable fails closed without pi at review level > 0 (1.766375ms)
✔ runWorker fails closed when review tool unavailable at level > 0 (8.765708ms)
✔ stub worker stops when enforced review spawn fails (74.755959ms)
✔ DEFAULT_REVIEW_SPAWN_TIMEOUT_MS remains 90 minutes (backstop unchanged) (0.514542ms)
✔ runStepReview honors on-disk APPROVE while pi hangs — seconds not stall timeout (257.713458ms)
✔ resolveReviewerModelPin returns per-type override when set (0.823083ms)
✔ resolveReviewerModelPin falls back to top-level when per-type block missing (0.101375ms)
✔ resolveReviewerModelPin cascades per-type inherit to top-level pin (0.064709ms)
✔ resolveReviewerModelPin returns null for top-level inherit (0.063833ms)
✔ resolveReviewerModelPin returns null when reviewer block absent (0.06325ms)
✔ resolveReviewerThinkingPin returns per-type override when set (0.080542ms)
✔ resolveReviewerThinkingPin falls back to top-level when per-type block missing (0.093375ms)
✔ resolveReviewerThinkingPin cascades per-type inherit to top-level pin (0.043333ms)
✔ resolveReviewerThinkingPin returns null for off at any level (0.065292ms)
✔ resolveReviewerThinkingPin returns null when reviewer block absent (0.047208ms)
✔ resolveRulesManifestGeneratedAtMerge keeps newest generatedAt (0.671583ms)
✔ resolveRulesManifestGeneratedAtMerge fails when rules differ (0.075542ms)
✔ fingerprintRulesManifest ignores generatedAt (0.054916ms)
✔ mergeLaneToOrch clears generatedAt-only dirty rules-manifest before merge (1253.048917ms)
✔ mergeLaneToOrch auto-resolves generatedAt-only rules-manifest conflict (970.940792ms)
✔ mergeLaneToOrch fails loud when rules[] differ (1104.489875ms)
✔ mergeLaneToOrch does not auto-resolve when other paths conflict (1015.746916ms)
✔ tryAutoResolveRulesManifestMergeConflict resolves in-progress merge (681.76175ms)
✔ appendTaskMetric writes TaskMetricRecord JSONL line (5.93075ms)
✔ buildTaskMetricRecord includes laneNumber and durationMs when available (0.293792ms)
✔ buildTaskMetricRecord omits laneNumber when not a positive lane (0.1955ms)
✔ metrics.enabled false skips append without error (0.985083ms)
✔ resolveTaskMetricOutcome maps skipped_done_on_disk to skipped (0.187958ms)
✔ appendTaskMetric redacts secret-like fields and omits prompt text (1.582ms)
✔ skipTaskDoneOnDisk records skipped task metric (12.910416ms)
✔ appendBatchMetric writes BatchMetricRecord JSONL line (1.917166ms)
✔ recordBatchTerminalMetric skips when metrics disabled (0.492792ms)
✔ dismissBatch appends batch metric line (714.49ms)
✔ spine metrics show filters by batch and formats table output (2.379084ms)
✔ spine metrics show CLI filters by batch id (106.061791ms)
✔ resolveSalvageConfig defaults autoCommitOnStall to false (0.605708ms)
✔ validateSpineConfig rejects non-boolean autoCommitOnStall (0.472708ms)
✔ recordTaskFailureSalvage with autoCommitOnStall commits scoped paths on lane branch (533.840125ms)
✔ recordTaskFailureSalvage without autoCommitOnStall does not commit (364.260834ms)
✔ salvage commit refuses merge_in_progress and index_conflicts (518.514209ms)
✔ salvage commit refuses pre-commit hook failure (395.670625ms)
✔ atomic retry retains salvage WIP commit on lane branch (563.519792ms)
✔ inspectLaneSalvage scopes porcelain to file scope and task folder (217.552ms)
✔ recordTaskFailureSalvage journals inspection and writes evidence without committing (390.583542ms)
✔ writeSalvageEvidence writes pretty JSON atomically without temp files (130.884ms)
✔ startBatch worker failure with dirty scoped file emits salvage and diagnose hint (7106.363209ms)
✔ parseSequenceArgs honors --auto-approve-gate and --force (0.622833ms)
✔ spine run sequence --auto-approve-gate dry-run succeeds under stub (361.072459ms)
✔ spine run sequence --auto-approve-gate refused for real pi without --force (392.658333ms)
✔ spine run sequence --auto-approve-gate --force dry-run succeeds for real pi (357.546333ms)
✔ validateSequenceAutoApproveGate allows stub mode without force (0.641583ms)
✔ validateSequenceAutoApproveGate blocks real pi without force (0.215334ms)
✔ validateSequenceAutoApproveGate allows real pi with force (0.082417ms)
✔ validateSequenceAutoApproveGate skips check when flag is false (0.102459ms)
✔ buildSequenceAutoApproveDoctorCheck warns for real pi (0.087708ms)
✔ buildSequenceAutoApproveDoctorCheck passes for stub mode (0.063125ms)
✔ runSequence refuses auto-approve on dry-run for real pi (0.537666ms)
✔ runSequence allows auto-approve dry-run with force on real pi (0.188667ms)
✔ readCurrentBatchLogTail returns null for missing file (0.656584ms)
✔ readCurrentBatchLogTail filters to last batch session header (0.552333ms)
✔ readCurrentBatchLogTail returns full content when no header exists (0.536459ms)
✔ readCurrentBatchLogTail respects lineCount limit (0.445042ms)
✔ waitForSequenceBatchTerminal returns settled when batch completes before timeout (1066.534125ms)
✔ waitForSequenceBatchTerminal does not exit while engine PID is alive (2587.184333ms)
✔ waitForSequenceBatchTerminal returns failure diagnosis even with alive engine (851.018166ms)
✔ isMergeBlockedBatchOutcome detects mixed-outcome and merge_blocked phases (0.678667ms)
✔ evaluateWaveTaskDependencies filters runnable tasks by satisfied deps (0.728625ms)
✔ formatSequenceWaveSkipMessage names blocked dependencies per §17.4 (0.191875ms)
✔ resolveWaveAfterMergeBlocked continues wave 1 and skips wave 2 tasks (0.163584ms)
✔ planSequenceWaveTasks skips wave when no deps are satisfied (0.094375ms)
✔ 3-wave sequence continues wave 1 after wave 0 merge_blocked and skips wave 2 (16665.961833ms)
✔ isPiSessionMetadataPath matches .pi session roots and children (1.132959ms)
✔ checkGitClean ignores untracked .pi/ session metadata (238.836792ms)
✔ checkGitClean still fails when non-.pi paths are dirty (206.052875ms)
✔ runSequence with only .pi/ dirty passes preflight (14690.245667ms)
✔ runSequence surfaces preflight failure on stderr-equivalent output (6175.982833ms)
✔ resolveResumeFromWave continues after last completed wave (0.659042ms)
✔ sequence persists fromWave, completedWaves, and lastBatchId after wave 0 (10095.956292ms)
✔ resume after interrupted wave 0 integrate completes remaining waves (22664.1655ms)
✔ sequence halts on wave failure with --stop-on-failure and preserves completed waves (11218.987ms)
✔ resolveWaveTaskIds and resolveSequenceWaves honor planner waves (1.157792ms)
✔ diagnosis helpers classify settled, waiting, and failure states (0.091709ms)
✔ dry-run prints operator-equivalent land loop commands per wave (0.2335ms)
✔ 2-wave stub sequence completes with auto-approve land loop (20923.267541ms)
✔ buildSequencePlan resolves pending scope for dry-run integration (229.608333ms)
✔ skipTask leaves phase paused when all tasks terminal without merge (1632.934083ms)
✔ skipTask clears failed segment drift for reconcile (1621.031417ms)
✔ resolveWorkerOutputConfig applies lane defaults and overrides (0.712208ms)
✔ captureWorkerOutputTail keeps last lines and marks byte truncation (0.324208ms)
✔ redactWorkerOutput applies built-in and config deny patterns (0.384292ms)
✔ runWorker stall_timeout captures stderr, persists log, journals stall_killed (5064.539041ms)
✔ collectEvidenceBundle references persisted worker output logs (4.596083ms)
✔ successful worker skips log unless retainWorkerOutputOnSuccess (5034.13775ms)
✔ SAT-020 replay: checkpoint_warning → stall_killed → salvage_inspection → task.failed (61731.652666ms)
✔ regression: stub worker still requires .DONE for batch success (6771.572875ms)
✔ recordTaskTransition writes batch-state then journal in order (148.492333ms)
✔ saveSpineBatchState leaves prior JSON intact when atomic write fails (137.787334ms)
✔ saveGateRecord leaves prior JSON intact when atomic write fails (133.591375ms)
✔ validateBatchState accepts healthy schema v1 state (0.955375ms)
✔ validateBatchState rejects counter drift (0.165416ms)
✔ runSpineState validate passes on archived batch-state (4.3105ms)
✔ runSpineState validate fails loud on corrupt active state (1.814208ms)
✔ computeStatusProgress derives wave and task counts from batch raw (1.158208ms)
✔ computeStatusProgress returns null without batch raw (0.093875ms)
✔ formatStatusJson includes documented progress field names (0.142792ms)
✔ spine status --json includes task and wave progress for active batch (895.478ms)
✔ spine status --json omits progress counts when no batch is active (127.997625ms)
✔ reconcileBatch exposes progress fields for spine watch consumers (920.609792ms)
✔ classifyTaskDoneSemantics distinguishes lane vs main .DONE (issue #35) (142.813333ms)
✔ spine status --diagnose --json exposes explicit done flags mid-batch (939.956333ms)
✔ verifyStubFileScopeMustChange fails when contract paths are unchanged (250.474541ms)
✔ verifyStubFileScopeMustChange passes when contract path changed (263.775542ms)
✔ verifyStubFileScopeMustChange passes for comma-in-single-backtick fileScopeMustChange (SP-396) (275.548167ms)
✔ commitLaneWorktree rejects stub completion without fileScopeMustChange diffs (278.59425ms)
✔ commitLaneWorktree allows stub completion when fileScopeMustChange is satisfied (494.494708ms)
✔ stub contract helpers detect release-critical contracts and legacy markers (0.310834ms)
✔ shouldEnforceStubContractAtLaneCommit uses env or legacy .DONE marker (154.130667ms)
✔ stub cannot succeed merge/version task without file-scope changes (380.774625ms)
✔ checkStubReleaseCritical warns when stub mode has pending fileScopeMustChange tasks (199.065667ms)
✔ diagnosis surfaces exitReason stub for M/L lega
Line coverage (in-scope): 88.73% (threshold: 77%)
no active session; run stet start first
