Contract testCommand failure log
Command: npm run typecheck && SPINE_WORKER_STUB=1 npm test -- tests/dashboard/ && npm run coverage:check
Exit code: 1
Attempt: 1 of 2
Timestamp: 2026-07-06T16:12:35.857Z
Buffer overflow: no
---

> pi-spine@1.7.0 typecheck
> tsc --project tsconfig.json --noEmit && tsc --project tsconfig.batch.json --noEmit


> pi-spine@1.7.0 test
> SPINE_SUPPRESS_JOURNAL_ATTACH=1 node --experimental-strip-types --test tests/*.test.mjs tests/cli/*.test.mjs tests/compat/*.test.mjs tests/tasks/*.test.mjs tests/config/*.test.mjs tests/config/cursor-rules/*.test.mjs tests/planner/*.test.mjs tests/batch/*.test.mjs tests/agents/*.test.mjs tests/adoption/*.test.mjs tests/dashboard/*.test.mjs tests/doctor/*.test.mjs tests/init/*.test.mjs tests/migrate/*.test.mjs tests/worker-tools/*.test.mjs tests/coverage/*.test.mjs tests/extensions/*.test.mjs tests/dashboard/

✔ adoption fixture: init, plan, stub batch AD-001 creates .DONE (14767.312958ms)
✔ adoption integration: REPLAN final verdict surfaces needs_replan diagnosis (14502.024291ms)
✔ worker.md documents spine tools, stall checkpoint, and coverage policy (1.085208ms)
✔ worker.md documents engine-owned code and final review after .DONE (0.397958ms)
✔ reviewer.md documents final PASS REVISE REPLAN verdicts (0.443459ms)
✔ worker-prompt tail aligns with worker.md commit and review conventions (0.397667ms)
✔ buildWorkerTailPrompt does not contradict worker.md on commit format (13.931459ms)
✔ buildAgentSessionWorkerPrompt includes review hint when level > 0 (2.884875ms)
✔ buildWorkerPiArgs omits -ne when no pi-web-access conflict (14.106167ms)
✔ buildWorkerPiArgs includes -ne before -p when extension conflict detected (12.778875ms)
✔ formatPiExtensionConflictHint surfaces pi-web-access remediation (0.325792ms)
✔ abortBatch archives batch-state before clearing active file (1173.836375ms)
✔ abortBatch journals batch.aborted and preserves prior journal tail (1394.399042ms)
✔ abortBatch writes abort signal without killing on graceful abort (1092.69425ms)
✔ hard abort removes lane worktree when cleanup enabled (979.678584ms)
✔ hard abort keeps worktree when cleanupOnHardAbort is false (816.543209ms)
✔ abortBatch fails when no active batch (467.265958ms)
✔ mergeLaneToOrch auto-resolves disjoint adoption doc edits without force-merge (4065.707583ms)
✔ mergeLaneToOrch fails adoption doc merge with recovery commands when hunks overlap (2564.502916ms)
✔ formatAdoptionDocMergeFailure names file and wave recovery (0.196875ms)
✔ agent session abort failure journals lane.worker_abort_failed (1454.193917ms)
✔ formatAttachedMilestoneLine renders land-loop journal types (0.558167ms)
[spine] batch.started
[spine] task.started SP-343
[spine] task.completed SP-343
[spine] batch.merge_started wave=0
[spine] batch.merge_completed wave=0
[spine] gate.opened
[spine] gate.evidence_collecting
[spine] gate.evidence_completed
[spine] batch.completed
[spine] batch.land_loop_finalized

Batch started

Batch 20260706T161016 completed: SP-343 succeeded; merged to orch/spine-20260706T161016.
  → spine gate status
  → spine gate approve
  → spine integrate
  → spine batch complete

Batch 20260706T161016 ready to integrate orch branch to main

  → spine integrate

  Alternatives:
    • /spine-integrate
    • /spine-gate
    • spine status --diagnose

  Batch: 20260706T161016
  Task: SP-343
✔ runSpineBatch attached start returns integrate handoff without process.exit in tests (13983.320666ms)
✔ attached batch CLI subprocess exits after completed with stdout milestones (10772.455292ms)
✔ formatAttachedBatchCliResult includes diagnosis suggested command (0.457583ms)
✔ enforceAttachedEngineSingleOwner fails fast when engine PID is alive (1069.722125ms)
✔ enforceAttachedEngineSingleOwner orphans prior engine with --force (1237.334708ms)
✔ resumeBatch rejects second attached resume when engine PID is alive (1192.71825ms)
✔ resumeBatchDetached rejects spawn when attached engine PID is alive (571.782875ms)
✔ runAttachedBatchEngine blocks attached start when engine PID is alive (802.613833ms)
✔ isLastWaveIndex matches batch 20260618T000943 wave plan (0.520833ms)
✔ maybeFinalizeAfterWaveMerge opens gate for last-wave post-merge limbo (4623.703666ms)
✔ resumeMultiTaskBatch finalizes post-merge limbo even with stale engine pid (2520.398708ms)
✔ terminateStaleDetachedEngine still clears stale engine during post-merge limbo resume handoff (408.899ms)
✔ startBatch multi-wave attached path opens gate after wave 1 without resume (16778.063625ms)
✔ attached milestone types include batch.merge_blocked (0.561083ms)
✔ formatAttachedBatchCliResult prints merge failure headline and exits non-zero for merge_blocked (4268.376ms)
✔ runAttachedBatchEngine streams merge_blocked milestone before merge failure CLI output (3915.735459ms)
✔ mergeEngineStateWithDiskPause adopts operator pause from disk (1313.352834ms)
✔ saveEngineBatchState does not clobber phase paused during heartbeat-style saves (1248.036584ms)
✔ enforceOperatorPauseOnDisk re-asserts paused after engine overwrite (3159.572792ms)
✔ pauseBatch confirms when attached engine heartbeat saves honor pause (2486.697083ms)
✔ batch 20260620T194352 fixture is post-merge limbo without gate (1322.013708ms)
✔ attemptPostMergeLandLoopHandoff finalizes in-process after SIGTERM-shaped limbo (3725.670333ms)
✔ finalizeAttachedPostMergeLimbo is idempotent when gate already open (2164.897542ms)
✔ resume after orphan_terminated journal opens gate for batch 20260620T194352 pattern (2180.76025ms)
✔ installAttachedEngineShutdownHandlers finalizes on SIGTERM without manual resume (2635.894083ms)
✔ terminateStaleDetachedEngine during post-merge limbo still allows resume finalize (2638.975917ms)
✔ shouldAutoIntegrateAfterWave is false by default (0.471875ms)
✔ shouldAutoIntegrateAfterWave is true when configured and not last wave (0.076584ms)
✔ shouldAutoIntegrateAfterWave is false on last wave (0.057459ms)
✔ issue #25: retry unblocks failed phase when only pending tasks remain (6851.77075ms)
✔ issue #25: failed phase with pending-only limbo resumes without --force (2102.252417ms)
✔ retry keeps failed phase when other failed tasks remain (639.6335ms)
✔ diagnosis suggests resume --force for failed-phase pending-only limbo (0.192333ms)
✔ parseSupersededReplacementIds extracts child task IDs (1.139833ms)
✔ assertBatchStartTasksNotSuperseded rejects superseded IDs (1765.709583ms)
✔ assertBatchStartTasksNotSuperseded allows pending IDs (1443.396541ms)
✔ assertBatchStartTasksNotSuperseded honors --force-superseded (900.37175ms)
✔ resolveBatchStartScope rejects explicit superseded task IDs (1054.81225ms)
✔ resolveBatchStartScope allows superseded IDs with forceSuperseded (527.263083ms)
✔ startBatch dry-run rejects superseded explicit scope (525.490417ms)
✔ startBatch dry-run allows superseded scope with forceSuperseded (329.976792ms)
✔ parseBatchArgs maps --wave on start to waveFilter (0.676875ms)
✔ parseBatchArgs strips --wave value from scope for wave 0 (0.095542ms)
✔ buildAttachedBatchStartArgv forwards waveFilter to detached engine (0.508167ms)
✔ startBatch dry-run with pending scope and --wave 0 selects planner wave 0 (1858.075125ms)
✔ startBatch dry-run with --wave selects planner wave task IDs (1477.613208ms)
✔ wave-filtered dry-run matches explicit wave task scope dry-run (915.002875ms)
✔ complete handoff preserves newer active batch (073511 vs 073937 race) (7.885083ms)
✔ clearStaleTerminalBatchStateForStart removes completed batch-state pointer (4.828042ms)
✔ assertNoActiveBatch clears stale completed pointer before start handoff (3.625792ms)
✔ runBatchComplete clears active batch-state when no newer batch took over (4328.997416ms)
✔ new batch save replaces terminal completed cache with different batchId (14.360042ms)
✔ evaluateBatchStateWriteGuard rejects writes from non-owner live engine (11.156917ms)
✔ saveSpineBatchState rejects resurrecting archived batch cache (12.3505ms)
✔ resolveStallConfig defaults checkpoint warning and no file-scope grace extension (0.573416ms)
✔ file-scope mtime is activity only — does not extend stall deadline by default (0.187792ms)
✔ checkpoint signals extend grace; STATUS update moves deadline (0.073166ms)
✔ shouldEmitCheckpointWarning after activity without checkpoint threshold (0.107625ms)
✔ resolveScopedDirtyPaths limits porcelain to file scope and task folder (611.305916ms)
✔ lane.checkpoint_warning journal event and diagnose hints (27.2135ms)
✔ extractJournalDiagnosisHints omits stale checkpoint_warning older than 30 minutes (0.1225ms)
✔ collectProgressSignals includes dirtyPaths for scoped changes (814.055417ms)
✔ verifyContract uses base-satisfied when scope predates task PROMPT on base (2956.469833ms)
✔ verifyContract passes when scope is on base and lane has zero implementation diff (1778.704583ms)
✔ verifyContract fails base-satisfied scope when testCommand fails (6296.970041ms)
✔ verifyStubFileScopeMustChange passes when base already satisfies scope (1629.946041ms)
✔ isBaseScopeSatisfied is false when base lacks scope changes (864.005959ms)
✔ runFinalReviewPhase fails fast with contract_failed and does not consume finalAttempts (7781.046083ms)
✔ reconcileBatch surfaces contract_failed headline for failed task (1579.88425ms)
✔ verifyContract satisfies pre-landed fileScopeMustChange when testCommand and artifacts pass (2661.979708ms)
✔ verifyContract still fails pre-landed scope when testCommand fails (6978.068542ms)
✔ verifyStubFileScopeMustChange passes delivery-only STATUS when source scope pre-landed (977.931125ms)
✔ verifyContract passes delivery-only STATUS.md fileScopeMustChange contract (1173.310292ms)
✔ resolvePromptRelPath derives task PROMPT from spine-tasks delivery changes (720.239208ms)
✔ isFileScopePatternPrelanded detects scope changed on main after task intro (842.724292ms)
✔ resolveTaskStartCommit ignores resumed task.started after same-task lane.committed (0.591083ms)
✔ verifyContract passes fileScopeMustChange after pause/retry/resume when lane commit exists (2236.018542ms)
✔ testCommand fails once then succeeds on retry — contract passes (129.519917ms)
✔ testCommand fails all retries — contract_failed as before (215.187708ms)
✔ retry count configurable via spine-config contract.testRetries (211.419667ms)
✔ failed output captured to .reviews/ directory (191.008917ms)
✔ no retry when testCommand succeeds first time (no performance cost) (59.6145ms)
✔ writeContractFailureLog creates log file with header (37.29375ms)
✔ writeContractFailureLog returns null when taskFolder is undefined (0.183166ms)
✔ CONTRACT_TEST_DEFAULT_RETRIES is 1 (0.052792ms)
✔ CONTRACT_TEST_RETRY_DELAY_MS is 5000 (0.063583ms)
✔ multiple failure logs captured across retry attempts (318.410542ms)
✔ parseContract extracts stallTimeoutMinutes and extendGraceOnFileScope (1.172959ms)
✔ resolveTaskStallMinutes uses max of global, size floor, and contract override (0.117917ms)
✔ resolveStallConfigForTask applies contract stallTimeoutMinutes to stallTimeoutMs (0.119708ms)
✔ resolveStallConfigForTask honors contract extendGraceOnFileScope (0.068875ms)
✔ resolveWorkerPiTimeoutMs aligns with contract stall budget (0.09075ms)
✔ runWorker with contract stall override survives beyond global stall budget (scaled) (5178.934417ms)
✔ runWorker without contract override stalls at scaled global budget (5239.195666ms)
✔ isDeliveryArtifactPath accepts STATUS.md-only patterns (0.76375ms)
✔ isDeliveryArtifactPath accepts .DONE-only patterns (0.210791ms)
✔ isDeliveryArtifactPath accepts task-folder delivery globs (0.117792ms)
✔ isDeliveryArtifactPath rejects implementation and tasks-root paths (0.088875ms)
✔ isImplementationScopePattern detects source and tooling roots (0.085709ms)
✔ isStubDeliveryOnlyScope is true for delivery-only pattern sets (0.109125ms)
✔ isStubDeliveryOnlyScope rejects mixed implementation and delivery patterns (0.062792ms)
✔ isStubDeliveryOnlyScope rejects empty pattern lists (0.048458ms)
✔ isDeliveryArtifactPath honors custom tasksRoot (0.184708ms)
✔ resolveTaskStartCommit returns distinct start commits for serialized lane tasks (0.658417ms)
✔ resolveTaskStartCommit prefers task.started payload commit over prior lane.committed (0.103166ms)
✔ resolveTaskStartCommit returns null when task.started is missing (main...HEAD fallback) (0.0735ms)
✔ resolveTaskStartCommit resolves git HEAD at task.started timestamp when journal lacks commit (971.039833ms)
✔ CONTRACT_TEST_COMMAND_MAX_BUFFER exceeds legacy 256KB limit (0.476375ms)
✔ runContractTestCommand captures large stdout without killing child (59.214167ms)
✔ runContractTestCommand surfaces ENOBUFS with scoped testCommand guidance (82.329875ms)
✔ verifyContract reports buffer overflow with scoped testCommand guidance (5316.553667ms)
✔ buildContractTestEnv moves SPINE_BATCH_ID to SPINE_PARENT_BATCH_ID (0.506333ms)
✔ detectNestedWorkerContext blocks parent batch in lane worktree (0.238542ms)
✔ startBatch blocks nested spawn when SPINE_PARENT_BATCH_ID set in lane worktree (16.984625ms)
✔ buildContractTestEnv allows isolated fixture batch start without parent batch id (1.252958ms)
✔ listChangedFiles with sinceCommit scopes diff to commits after anchor (1197.252583ms)
✔ listChangedFiles without sinceCommit preserves baseBranch...HEAD (534.361958ms)
✔ verifyContract with sinceCommit ignores prior same-lane task fileScopeMustNotChange violations (1107.085167ms)
✔ verifyContract without sinceCommit preserves cumulative lane branch behavior (407.220667ms)
✔ buildContractTestEnv removes worker-only keys (0.4735ms)
✔ runContractTestCommand subprocess does not inherit SPINE_IS_WORKER (99.263708ms)
✔ verifyContract testCommand passes under worker env when subprocess is sanitized (143.892625ms)
✔ verifyContract passes when testCommand exits 0 (54.220417ms)
✔ verifyContract fails when testCommand exits non-zero (95.810291ms)
✔ verifyContract checks artifactsMustExist paths in worktree (42.360542ms)
✔ verifyContract expands glob patterns in artifactsMustExist (54.272334ms)
✔ verifyContract returns ok with empty checks when contract has no verify fields (41.468875ms)
✔ verifyContract enforces fileScopeMustChange and fileScopeMustNotChange (788.614958ms)
✔ verifyContract checks minLineCoverage from command output (43.661208ms)
✔ shouldRunContractVerify skips legacy TP-* tasks and absent contract sections (0.266417ms)
✔ matchesContractPattern supports glob paths (0.224541ms)
✔ parseAggregateLineCoverage parses coverage table rows (0.167125ms)
✔ SP-193-shaped placeholder contract fails validateContract in required mode (1.380875ms)
✔ verifyContract passes SP-193-shaped contract when scoped files changed (588.255334ms)
✔ fileScopeMustChange trailing-slash pattern matches files under directory prefix (792.416583ms)
✔ fileScopeMustChange trailing-slash pattern fails when no files under prefix changed (877.033458ms)
✔ fileScopeMustChange exact-path and glob behavior preserved alongside trailing-slash (695.717458ms)
✔ waitForDetachedBatchResume waits for integrate gate after batch completes (552.12975ms)
✔ waitForDetachedBatchResume completes without gate when integrate gate not required (285.708208ms)
✔ prepareDetachedResumeEngineHandoff terminates stale engine before resume spawn (23.56925ms)
✔ resolveDefaultResumeWaitTerminal returns true for engine_orphaned without flags (0.528834ms)
✔ resolveDefaultResumeWaitTerminal respects explicit flags (0.104458ms)
✔ detectPostMergeLimboForResume matches journal-only limbo for batch 20260629T210738 (1204.347375ms)
✔ postMergeLimbo diagnosis suggests spine batch resume --force (0.256125ms)
✔ resumeBatchDetached --force finalizes journal-only limbo without spawning engine (3569.959125ms)
✔ detached batch start opens integrate gate after stub engine completes (10262.977084ms)
✔ timeout_waiting_for_batch with dead enginePid reconciles as engine_orphaned not running (1670.163417ms)
✔ startBatchDetached persists spawn enginePid before wait on timeout failure path (31534.397917ms)
✔ parseBatchArgs defaults to detached start (attached flag off) (0.733834ms)
✔ parseBatchArgs --attached opts into foreground engine (0.081459ms)
✔ buildAttachedBatchStartArgv forwards scope and skip-preflight (0.665416ms)
✔ formatDetachedBatchStartOutput includes monitor hints (0.240375ms)
✔ batch start returns quickly and runs engine in background (10116.70025ms)
✔ parseBatchArgs resume defaults to detached (attached flag off) (0.180875ms)
✔ buildAttachedBatchResumeArgv forwards force (0.088792ms)
✔ formatDetachedEngineOutput includes resume wording (0.108958ms)
✔ waitForDetachedBatchResume returns engine_started by default (731.651833ms)
✔ waitForDetachedBatchResume with waitTerminal returns resume_completed (962.919834ms)
✔ collectDetachedFailureDiagnostics includes task.failed summary and log tails (342.471042ms)
✔ parseBatchArgs accepts --wait-terminal (0.178125ms)
✔ batch resume returns quickly and runs engine in background (10073.6365ms)
✔ inferLaunchFailureKind ignores DirtyWorktree exitReason (0.544167ms)
✔ buildHeadline prefers DirtyWorktree over worker launch (0.272917ms)
✔ buildSuggestedCommand for DirtyWorktree suggests coverage cleanup and retry (0.133791ms)
✔ buildHeadline surfaces review_exhausted primary failure (0.111416ms)
✔ buildSuggestedCommand for review_exhausted suggests batch retry (0.05475ms)
✔ buildHeadline surfaces contract_failed primary failure (0.075041ms)
✔ buildSuggestedCommand for contract_failed suggests PROMPT edit and retry (0.069333ms)
✔ buildDiagnosisOutput bundles primary failure class without launch headline (0.115083ms)
✔ reconcileBatch aligns hasFailedTasks with segment drift and DirtyWorktree headline (1718.131167ms)
✔ reconcileBatch diagnoses review_exhausted from failed task exitReason (1779.578583ms)
✔ buildHeadline surfaces PI_SPINE_ROOT launch failure (0.664584ms)
✔ buildHeadline surfaces lane commit failures after worker completion (0.109459ms)
✔ buildSuggestedCommand prefers spine doctor for launch failures (0.187292ms)
✔ inferLaunchFailureKind reads worker output hints from journal (0.174291ms)
✔ extractJournalDiagnosisHints prioritizes setup hook and merge blocked events (1.278875ms)
✔ formatMixedOutcomeMessage lists succeeded tasks and spine batch retry guidance (0.32875ms)
✔ reconcileBatch diagnoses launch failure wave from fixture (1760.471666ms)
✔ buildDiagnosisOutput bundles launch failure headline and command (0.207042ms)
✔ DIAGNOSIS_TAXONOMY includes worker_orphaned distinct from needs_retry (0.601666ms)
✔ inferLaunchFailureFromWorkerOutputTail reads PI_SPINE_ROOT hints from log tail (0.121875ms)
✔ buildSuggestedCommand prefers abort for ghost running cluster (0.148833ms)
✔ buildHeadline surfaces worker_orphaned launch failure from worker output context (0.243ms)
✔ worker_orphaned after plan review nested_spawn_blocked suggests batch retry (0.102708ms)
✔ dead lane workerPid diagnoses worker_orphaned not needs_retry (1810.693167ms)
✔ dead workerPid after lane.completed does not diagnose worker_orphaned (1967.269417ms)
✔ worker_orphaned enriches launch headline from worker output log without task.failed (1719.063417ms)
✔ multiple ghost running tasks on one lane prefer spine batch abort (1679.768916ms)
✔ segment drift still diagnoses needs_retry (1278.351208ms)
✔ buildDiagnosisOutput bundles worker_orphaned headline and command (0.201167ms)
✔ isRunningWithoutActiveWorkers is false when workers are active (0.588792ms)
✔ isRunningWithoutActiveWorkers detects all-terminal tail state (0.076875ms)
✔ buildRunningTailHeadline maps macroPhase merging to operator text (0.191209ms)
✔ buildRunningTailHeadline maps gating / post-merge limbo (0.131625ms)
✔ buildHeadline preserves generic running when workers are active (0.194541ms)
✔ deriveMacroPhase uses journal merge tail when diagnosis is running without workers (0.233875ms)
✔ deriveMacroPhase stays executing when workers are active (0.067333ms)
✔ tail-state fixture reconciles without bare is running headline (1785.881542ms)
✔ tail-state headline matches batch 20260701T031142 shape via buildHeadline (0.274333ms)
✔ isCoverageArtifactPath matches extension/coverage and root coverage dirs (0.547375ms)
✔ isPathInFileScope matches exact paths and directory prefixes (0.11075ms)
✔ filterOutOfScopeCoveragePorcelain drops modified coverage outside file scope (0.134542ms)
✔ filterOutOfScopeCoveragePorcelain keeps in-scope coverage modifications (0.076333ms)
✔ restoreOutOfScopeCoverageArtifacts resets tracked coverage files (631.938625ms)
✔ resolvePostLaneCommitPorcelain restores and filters out-of-scope coverage (830.316167ms)
✔ commitLaneAndValidateWorktree succeeds when only out-of-scope coverage is dirty (1346.821416ms)
✔ commitLaneAndValidateWorktree fails when dirty without .DONE (999.52825ms)
✔ isWorktreeDeletionPorcelainLine matches unstaged deletions (0.544083ms)
✔ isSymlinkOnlyDriftPorcelain is true only for deletion-only porcelain (0.099917ms)
✔ filterSetupHookSymlinkDriftPorcelain clears deletion-only drift (0.078917ms)
✔ parseLaneWorktreeIdentity extracts batch and lane from worktree path (0.543542ms)
✔ resolvePostLaneCommitPorcelain repairs hook symlink drift (1632.100917ms)
✔ commitLaneAndValidateWorktree succeeds when hook symlink drifts after PASS (2058.82925ms)
✔ dismissBatch kills live stub worker PID and journals lane.worker_terminated (1877.633709ms)
✔ shouldRunCodeReview requires review level 2 or higher (0.567291ms)
✔ findCodeReviewStepNumber prefers step with code review checkpoint (2.301375ms)
✔ findCompletedCodeReview honors journal review.completed code APPROVE (4.449459ms)
✔ findCompletedCodeReview honors step artifact APPROVE for code review step (6.549833ms)
✔ runTaskOnLane runs engine code review for RL2 without worker nested spawn (6348.497875ms)
✔ runTaskOnLane skips engine code review when review level is 0 (6109.144375ms)
✔ runTaskOnLane skips engine code review when review level is 1 (6305.452042ms)
✔ runTaskOnLane honors journal review.completed code APPROVE without duplicate spawn (6292.415917ms)
✔ runTaskOnLane re-invokes worker after code REVISE and succeeds on APPROVE (11354.614ms)
✔ resolveReviewSpawnTimeoutMs aligns with stall budget for M tasks (0.546208ms)
✔ runStepReview journals review.failed with review_timeout on hung spawn (277.628833ms)
✔ async reviewer spawn does not block the event loop while waiting for timeout (330.017791ms)
✔ startBatch opens integrate gate before batch.completed journal event (9332.730958ms)
✔ startBatch serializes multiple tasks on one physical lane (15415.632625ms)
✔ startBatch runs disjoint-scope tasks on separate lanes in parallel (9891.749792ms)
✔ startBatch records lane commit before task.completed (9751.312375ms)
✔ runTaskOnLane emits task.failed not task.completed when lane commit fails (6028.079708ms)
✔ validateSpineConfig accepts worktreeSetupIgnorePaths (0.280208ms)
✔ engine_orphaned diagnosis suggests retry when task id known, attached resume otherwise (1.473334ms)
✔ dead engine with phase running passes validateMultiTaskResume without pause (1043.571458ms)
✔ running phase with live engine pid rejects resume without force (801.1225ms)
✔ reconcile engine_orphaned recommends attached resume for batch 20260618T191236 pattern (1865.491083ms)
✔ engine_orphaned with failedTaskId suggests retry (SP-315) (0.536333ms)
✔ reconcileOrphanRunningState transitions running task to failed with journal events (769.46675ms)
✔ retryTask succeeds on orphan without manual pause (issue #20 trap) (879.7375ms)
✔ diagnose then retry: suggestedCommand matches working recovery path (1610.944958ms)
✔ resume --force allowed after orphan reconcile when phase was running (534.310458ms)
✔ terminateStaleDetachedEngine SIGTERM stale pid on failed resume (53.69475ms)
✔ runStepReview honors existing final PASS without re-spawn (67.86925ms)
✔ runStepReview skips review.failed journal when batch already completed (47.297ms)
✔ startBatch lane branch has commit before merge when stub touches files (9739.685ms)
✔ startBatch completes single task with stub worker (8486.562875ms)
✔ isExplicitBatchScope treats pending as explicit (0.205625ms)
✔ startBatch all dry-run allows multi-wave pending backlog (291.73225ms)
✔ startBatch pending dry-run excludes done tasks (318.490417ms)
✔ startBatch all fails when every task has .DONE (304.488ms)
✔ startBatch skips worker when .DONE exists on disk (2820.690667ms)
✔ resolveBatchStartScope normalizes all to pending IDs (465.748083ms)
✔ startBatch explicit IDs still allow multi-wave when scope is not bare all (256.278291ms)
✔ startBatch completes two-lane wave with stub workers (9591.9925ms)
✔ startBatch blocks merge on mixed outcomes (6275.894625ms)
✔ assessWaveMergeEligibility blocks failed and pending tasks (0.246334ms)
✔ collectCoreEvidenceBundle writes summary without complete marker (1687.049291ms)
✔ openIntegrateGate persists gate before extended evidence and journals milestones (1569.262334ms)
✔ openIntegrateGate keeps gate when extended evidence command fails (1549.791875ms)
✔ collectExtendedEvidenceBundle appends to existing refs (1241.156875ms)
✔ parseEvidenceCommandArgv accepts npm run test (1.654291ms)
✔ parseEvidenceCommandArgv preserves quoted arguments (0.148125ms)
✔ parseEvidenceCommandArgv rejects shell command chaining (0.243584ms)
✔ parseEvidenceCommandArgv rejects unknown binary (0.184208ms)
✔ runEvidenceCommand executes allowlisted argv without shell (50.330958ms)
✔ runEvidenceCommand rejects malicious config strings (0.167ms)
✔ runEvidenceCommand skips empty command (0.097083ms)
✔ runEvidenceCommand rejects disallowed build binary (0.26075ms)
✔ parseEvidenceCommandArgv rejects subshell injection (0.151916ms)
✔ collectEvidenceBundle writes summary and .complete marker atomically (1885.78ms)
✔ collectEvidenceBundle writes rejected output for unsafe testing.test (1168.000084ms)
✔ findCompletedFinalReview honors journal review.completed final PASS (7.718083ms)
✔ findCompletedFinalReview honors latest final artifact PASS (4.070417ms)
✔ runTaskOnLane honors pre-existing worker final review without spawn failure (6310.484208ms)
✔ runTaskOnLane honors journal review.completed final PASS without duplicate spawn (6589.812666ms)
✔ parseFinalReviewVerdict accepts PASS, REVISE, and REPLAN (0.861167ms)
✔ shouldRunFinalReview skips when review level is 0 (0.0955ms)
✔ runTaskOnLane skips final review when review level is 0 (6450.591875ms)
✔ runTaskOnLane journals task.verdict_recorded on PASS final review (6556.723167ms)
✔ runTaskOnLane re-invokes worker after REVISE and succeeds on PASS (11221.294875ms)
✔ runTaskOnLane caps REVISE at maxFinalAttempts with review_exhausted (15593.411ms)
✔ runTaskOnLane fails with needs_replan and does not keep .DONE (5368.135084ms)
✔ mergeWaveLanesToOrch blocks when a wave task has exitReason needs_replan (132.941709ms)
✔ runEngineFinalReview stub writes final artifact path (1.344708ms)
✔ isUnscopedFlutterAnalyzeSegment detects bare and compound analyze commands (1.260833ms)
✔ isUnscopedFlutterAnalyzeCommand handles compound shell commands (0.206333ms)
✔ isFlutterAnalyzeTestCompoundCommand matches analyze plus test (0.128375ms)
✔ shouldCleanFlutterBuildBeforeAnalyze respects config opt-out (0.085584ms)
✔ sanitizeFlutterBuildBeforeAnalyze removes polluted build directory (290.150041ms)
✔ sanitizeFlutterBuildBeforeAnalyze is no-op when build is absent (276.510041ms)
✔ prepareContractVerifyEnvironment removes polluted build for compound analyze command (352.46525ms)
✔ polluted build does not fail verify after hygiene (270.078791ms)
✔ verifyContract cleans polluted build before unscoped flutter analyze testCommand (437.398083ms)
✔ buildTaskScorecard lists task rows (0.613458ms)
✔ openIntegrateGate persists pending gate and journals gate.opened (1573.466667ms)
✔ collectEvidenceBundle writes summary and diff-stat (1626.75025ms)
✔ approve and reject enforce gate FSM (1360.470875ms)
✔ rejectIntegrateGate journals gate.rejected (1574.652958ms)
✔ checkIntegrateGate blocks until approved (exit 2) (1299.671291ms)
✔ integrateOrchToBase fails with exit 2 when gate pending (1779.747542ms)
✔ integrateOrchToBase succeeds after gate approval (2613.151333ms)
✔ force integrate requires SPINE_ALLOW_FORCE=1 (647.820208ms)
✔ openIntegrateGateAfterBatchComplete skips non-completed batches (390.6415ms)
✔ runSpineGate CLI approve updates gate record (1406.052666ms)
✔ isGitignoredArtifactPath matches extension/coverage and node_modules (0.543625ms)
✔ listGitignoredArtifactRoots deduplicates nested artifact dirs (0.514459ms)
✔ sanitizeGitignoredArtifactsBeforeLaneCommit removes worktree-only coverage (491.42175ms)
✔ sanitizeGitignoredArtifactsBeforeLaneCommit skips when disabled (458.827542ms)
✔ commitLaneAndValidateWorktree succeeds when only extension/coverage is gitignored dirty (760.643875ms)
✔ commitLaneAndValidateWorktree succeeds when only node_modules is gitignored dirty (856.036625ms)
✔ sanitizeGitignoredArtifactsBeforeLaneCommit does not clean index-tracked gitignored paths (555.719875ms)
✔ commitLaneWorktree still fails for index-tracked gitignored coverage (651.27625ms)
✔ classifyGitignoredPaths returns empty arrays for empty input (359.874125ms)
✔ classifyGitignoredPaths detects index-tracked gitignored paths (596.53825ms)
✔ classifyGitignoredPaths detects worktree-only gitignored paths (325.43025ms)
✔ classifyGitignoredPaths handles mixed index-tracked and worktree-only (373.701208ms)
✔ formatGitignoredRemediationMessage: worktree-only does not suggest git rm --cached (0.287ms)
✔ formatGitignoredRemediationMessage: index-tracked suggests git rm --cached (0.064958ms)
✔ formatGitignoredRemediationMessage: mixed suggests both remediation paths (0.070042ms)
✔ commitLaneWorktree: worktree-only gitignored does not suggest git rm --cached (821.497709ms)
✔ commitLaneWorktree: index-tracked gitignored still suggests git rm --cached (653.341166ms)
✔ regression: SP-011 worktree-only coverage after npm test does not suggest git rm --cached (671.959042ms)
✔ isGitignoredArtifactPath matches graphify-out hook output (0.523417ms)
✔ listGitignoredArtifactRoots deduplicates nested graphify-out paths (0.493042ms)
✔ sanitizeGitignoredArtifactsBeforeLaneCommit removes worktree-only graphify-out (626.988334ms)
✔ commitLaneAndValidateWorktree succeeds when only graphify-out is gitignored dirty (749.819709ms)
✔ resolveHeartbeatKind marks launching as worker_alive only (0.599958ms)
✔ shouldEmitCheckpointWarning skips launching phase (0.153833ms)
✔ buildHeartbeatPayloadFields omits stale checkpoint signals during launching (0.087083ms)
✔ recordLaneHeartbeat journals kind and phase (145.743458ms)
✔ runWorker launching heartbeat does not journal stale STATUS mtime on fast-fail retry (5291.749041ms)
✔ resolveStallConfig applies lane overrides (0.178958ms)
✔ progressSignalsChanged detects STATUS mtime updates (191.070584ms)
✔ computeStallDeadline extends past hard timeout after progress (0.11125ms)
✔ stall false positive avoided when STATUS updates extend deadline (I-01) (0.109792ms)
✔ findLatestStepCompletedMs returns newest matching task.step_completed (0.147417ms)
✔ progressSignalsChanged detects journal task.step_completed (silent tools) (200.619917ms)
✔ activitySignalsChanged detects file-scope mtime updates (FR-WORK-10 / FR-STALL-02) (149.945584ms)
✔ startBatch records lane.heartbeat during stub worker delay (8718.170375ms)
✔ startBatch persists baseBranchHeadAtStart and journals batch.base_snapshot (8955.992917ms)
✔ isFastForwardCapableIntegrate detects orch ahead of main (#93) (869.095167ms)
✔ integrateOrchToBase fast-forwards when orch is strictly ahead (#93 batch 20260702T071449) (3727.423459ms)
✔ integrateOrchToBase fast-forwards with generatedAt-only rules-manifest drift on main (#93) (3407.873458ms)
✔ recordBatchBaseSnapshot stores head sha and journals batch.base_snapshot (535.397541ms)
✔ integrateOrchToBase succeeds with uncommitted edits on main (3060.846583ms)
✔ integrateOrchToBase conflict path leaves human checkout and files unchanged (2772.285459ms)
✔ integrateOrchToBase succeeds with uncommitted edits on feature branch (non-base) (3073.20275ms)
✔ integrateOrchToBase dry-run advertises isolated merge plan (742.3175ms)
✔ resolveRulesManifestIntegrateDrift restores main when worker manifest matches orch (#22) (1345.184625ms)
✔ integrateOrchToBase succeeds with worker manifest drift on main matching orch (#22) (2955.830458ms)
✔ resolveRulesManifestIntegrateDrift blocks unrelated dirty files on main (575.211416ms)
✔ resolveRulesManifestIntegrateDrift blocks substantive manifest drift not matching orch (716.26375ms)
✔ resolveRulesManifestIntegrateDrift still clears generatedAt-only drift on main (810.528125ms)
✔ resolveRulesManifestIntegrateDrift clears generatedAt-only dirty manifest on main (837.969208ms)
✔ integrateOrchToBase succeeds with dirty generatedAt-only rules-manifest on main (3082.007791ms)
✔ inspectHumanBaseSync reports integrate_isolated_ok after plumbing integrate leaves HEAD behind (4917.790167ms)
✔ inspectHumanBaseSync reports human_base_diverged when human commits overlap orch paths (2307.045583ms)
✔ spine sync-base CLI merges landed main into feature branch (3195.31975ms)
✔ DEFAULT_SYNC_TIMEOUT_MS is 60 seconds (0.469167ms)
✔ syncPlumbingMergePathsToWorktree returns ok: true on successful sync (675.520083ms)
✔ syncPlumbingMergePathsToWorktree returns ok: false with timedOut on timeout (585.983334ms)
✔ integrateOrchToBase emits integrate.failed with IntegrateTimeout on sync timeout (2847.629459ms)
✔ successful integrate still emits integrate.completed (regression) (2439.312833ms)
✔ partial sync failure returns ok: false with correct failureClass from integrateOrchToBase (2385.027583ms)
✔ syncPlumbingMergePathsToWorktree succeeds when worktree has paths not in HEAD (651.256792ms)
✔ syncPlumbingMergePathsToWorktree restores paths that exist in merge commit (891.147209ms)
✔ syncPlumbingMergePathsToWorktree skips diff paths absent from merge commit (920.190375ms)
✔ assertOrchIntegratable refuses empty orch when mergeResults claim success (517.576833ms)
✔ assertOrchIntegratable requires integrate when orch is ahead of base (668.196584ms)
✔ reconcileBatch reports needs_integrate when batch completed but orch not on main (1671.4665ms)
✔ completeBatch refuses when orch is ahead but not integrated (1343.618167ms)
✔ integrateOrchToBase merges orch into main and journals events (2508.329ms)
✔ integrateOrchToBase dry-run does not change main HEAD (749.373792ms)
✔ completeBatch succeeds after integrate lands orch on main (3477.446208ms)
✔ integrateOrchToBase aborts merge on conflict and restores checkout (2359.783042ms)
✔ integrateOrchToBase fails when batch state is missing (0.298083ms)
✔ runSpineIntegrate CLI succeeds when orch tip already matches main (335.515334ms)
✔ PRD §20.2 planner yields wave0 {A,C} and wave1 {B} (630.560125ms)
✔ PRD §20.2 two-lane stub batch completes ABC waves (16237.215042ms)
✔ PRD §20.2 mixed-outcome blocks merge; retry resets wave B for resume (12589.506042ms)
✔ runStepReview with worker attach env does not journal when attach suppressed (40.89075ms)
✔ runSpineReviewStep with worker attach env does not journal when attach suppressed (51.258042ms)
✔ runSpineReportProgress with worker attach env does not journal when attach suppressed (1.135042ms)
✔ readJournalEventsCached returns same events as readJournalEvents (31.131208ms)
✔ readJournalEventsCached returns cached copy on second call without file change (20.095291ms)
✔ readJournalEventsCached invalidates when file mtime changes (16.212708ms)
✔ readJournalEventsCached returns empty array for missing file (1.204916ms)
✔ clearJournalCache forces re-read on next call (28.652875ms)
✔ invalidateJournalCache with matching path clears cache (13.4165ms)
✔ invalidateJournalCache with non-matching path preserves cache (9.486292ms)
✔ readJournalEventsCached handles transition from missing to existing file (13.578375ms)
✔ readJournalEventsCached handles switch between different batch IDs (20.403875ms)
✔ runSpineJournal replay exits non-zero when journal missing (5.631333ms)
✔ runSpineJournal replay prints human table (54.763083ms)
✔ runSpineJournal replay --json returns events array (43.596083ms)
✔ exportJournalJsonl returns null when journal missing (4.281209ms)
✔ runSpineJournal export exits non-zero when journal missing (1.338083ms)
✔ runSpineJournal export writes jsonl to stdout (43.898125ms)
✔ runSpineJournal export --output writes file (16.7645ms)
✔ exportJournalMarkdown returns null when journal missing (3.188166ms)
✔ formatJournalMarkdownTimeline produces stable table shape (1.67075ms)
✔ formatJournalMarkdownTimeline escapes pipe characters in summary (0.109917ms)
✔ runSpineJournal export markdown exits non-zero when journal missing (2.34675ms)
✔ runSpineJournal export writes markdown to stdout (31.654625ms)
✔ runSpineJournal export markdown --output writes file (17.589542ms)
✔ detectBatchStateDrift flags running cache when reconcile sees doneInLane without journal terminal (0.728292ms)
✔ deriveStructuralBatchStateFromJournal rebuilds multi-lane skeleton without cache seed (2.446959ms)
✔ resume-parallel-lane-orphan fixture: journal-only rebuild marks resumed tasks running (1.288458ms)
✔ orphan-running-resume fixture: structural + lifecycle rebuild without seed (1.059042ms)
✔ pidless-ghost-running fixture: post-resume task.started wins over historical failure (0.807583ms)
✔ resume-orphan-historical-failure fixture: rebuild ignores pre-resume failure for active task (0.631416ms)
✔ retry-clears-failed-classification fixture: rebuild fixes stale failed cache (0.75075ms)
✔ retry-clears-failed-classification fixture: detectBatchStateDrift flags cache vs journal (0.680958ms)
✔ incident fixtures rebuild from disk matches in-memory journal rebuild (319.149583ms)
✔ readJournalTimeline filters task and batch lifecycle events (0.489834ms)
✔ rebuildBatchStateFromJournal applies task.completed over stale failed cache (0.8135ms)
✔ detectBatchStateDrift flags journal completed vs cache failed (0.2555ms)
✔ detectBatchStateDrift ignores incomplete journal when cache failed (0.113584ms)
✔ incident orphan-running fixture: journal timeline is readable (352.008708ms)
✔ appendJournalEvent writes schema v1 with ISO timestamp and payload (27.603458ms)
✔ readLastTaskFailedEvent returns most recent task.failed (28.348417ms)
✔ redactSecrets masks sensitive keys (0.263417ms)
✔ capPayloadSize truncates oversized payloads (0.18425ms)
✔ normalizeJournalEvent upgrades legacy lines (0.094958ms)
✔ readJournalEvents reads mixed legacy and v1 lines (22.360167ms)
✔ extractJournalDiagnosisHints surfaces failure events from tail (0.386583ms)
✔ commitLaneWorktree commits dirty worktree when .DONE exists (765.641833ms)
✔ commitLaneWorktree fails loud when dirty without .DONE (390.74425ms)
✔ filterPorcelain drops lines matching ignore patterns by full path (0.263083ms)
✔ filterPorcelain drops lines matching ignore patterns by basename (0.081959ms)
✔ filterPorcelain keeps rename targets when only source matches ignore (0.07175ms)
✔ filterPorcelain returns empty for empty input (0.058875ms)
✔ mergeLaneToOrch rejects empty merge when lane commits were required (437.261833ms)
✔ mergeLaneToOrch prefers orch for conflicts outside lane file scope (1190.404333ms)
✔ mergeLaneToOrch does not auto-resolve in-scope lane conflicts (1150.302959ms)
✔ dismiss archives batch-state before clearing active file (1118.142875ms)
✔ complete with --detect-manual-merge succeeds when orch merged to main (1480.901417ms)
✔ complete refused when mergeResults succeeded but orch not on main (4463.247ms)
✔ dismiss refused when diagnosis is running without --force (984.640458ms)
✔ isPostMergeLimbo is true when tasks and merges succeeded with open orch branch (0.523459ms)
✔ isPostMergeLimbo rejects non-running or ended batches (0.089084ms)
✔ isPostMergeLimbo rejects empty or partial task/merge state (0.080709ms)
✔ isPostMergeLimbo respects git orch branch signals (0.634166ms)
✔ isPostMergeLimbo rejects null or non-object state (0.088042ms)
✔ resolveWorkerOutputConfig defaults live log streaming off (0.555833ms)
✔ workerLiveLogPath matches runtime layout (0.086208ms)
✔ truncateLiveLogBytes applies truncation marker when over cap (0.159167ms)
✔ appendWorkerLiveLogChunk redacts secrets and enforces byte cap (5.34925ms)
✔ createWorkerLiveLogWriter returns null when streaming disabled (0.261667ms)
✔ runWorker streams subprocess stub output to live log when enabled (5047.467209ms)
✔ runWorker skips live log when streamWorkerOutputLive is false (5048.381959ms)
✔ runWorker still writes terminal failure log when live streaming enabled (5103.511125ms)
✔ startAgentSessionWorker flushes transcript chunks to live log (18.617667ms)
✔ appendWorkerLiveLogChunk rolls file with truncation marker when over max bytes (2.723833ms)
✔ MACRO_PHASES exports all eleven lifecycle values (1.013958ms)
✔ deriveMacroPhase: idle when no batch signals (0.105125ms)
✔ deriveMacroPhase: planning from batch phase (0.122291ms)
✔ deriveMacroPhase: executing for active running batch (0.098792ms)
✔ deriveMacroPhase: merging phase and needs_merge diagnosis (0.066542ms)
✔ deriveMacroPhase: reviewing when review.started is open (0.141667ms)
✔ deriveMacroPhase: gating for pending gate or post-merge limbo (0.062583ms)
✔ deriveMacroPhase: integrating for needs_integrate and open integrate.started (0.089583ms)
✔ deriveMacroPhase: completed, failed, aborted, paused terminal phases (0.07675ms)
✔ fixture running-batch.json reconciles to executing macro-phase (1299.674667ms)
✔ fixture taskplane-executing.json maps to executing (0.528583ms)
✔ fixture needs-retry-batch.json maps to failed macro-phase (1107.992625ms)
✔ fixture limbo-stale maps to completed macro-phase (1208.246ms)
✔ all macro-phase enum values are reachable via deriveMacroPhase (0.238375ms)
✔ recordMergeBlocked sets terminal merge_blocked phase and clears enginePid (270.734792ms)
✔ reconcileBatch diagnoses merge_blocked as failed merge, not needs_merge (1102.082ms)
✔ legacy merging phase with endedAt and failed mergeResults reconciles as failed (1085.224375ms)
✔ findResumableWave skips succeeded merged waves when later wave has pending tasks (0.587666ms)
✔ validateMultiTaskResume allows force resume from merge_blocked (754.633ms)
✔ buildSuggestedCommand recommends resume --force for merge_blocked phase (0.267792ms)
✔ summarizeMergeFailures extracts failed wave and lane from mergeResults (0.604833ms)
✔ buildMergeFailureHeadline uses 1-based wave number and lane label (0.151292ms)
✔ buildHeadline for failed diagnosis surfaces merge conflict instead of zero failed tasks (0.200916ms)
✔ buildSuggestedCommand for merge failure suggests resume --force (0.128375ms)
✔ buildDiagnosisOutput bundles merge failure headline and command (0.161833ms)
✔ reconcileBatch surfaces merge failure fields distinct from failedTasks (1151.35975ms)
✔ spine status --json includes merge failure fields for monitors (1250.701667ms)
✔ spine status --diagnose prints merge failure details in text output (1387.213417ms)
✔ filterGitignoredPaths separates ignored and stageable paths (344.871416ms)
✔ gitAddFilteredPaths skips gitignored paths without failing (403.426333ms)
✔ mergeLaneToOrch succeeds when task branch committed gitignored coverage (1986.092583ms)
✔ commitLaneWorktree refuses gitignored-only dirty paths (555.415541ms)
✔ commitLaneWorktree commits tracked files while skipping gitignored dirty paths (786.327583ms)
✔ inferMergeGitignoredFailure detects gitignored merge and lane commit failures (0.27975ms)
✔ buildSuggestedCommand returns git rm --cached repair for gitignored merge failures (0.208875ms)
✔ reconcileBatch surfaces gitignored merge repair command from journal (1016.461875ms)
✔ filterPorcelain remains unchanged for SP-104 ignore patterns (0.300625ms)
✔ mergeLaneToOrch auto-resolves additive docs/PRD.md after origin/main merge task (1949.473917ms)
✔ mergeLaneToOrch fails PRD merge with recovery commands when hunks overlap (1323.358542ms)
✔ formatPrdDocMergeFailure names file and wave recovery (0.230792ms)
✔ isActiveWorkerSession true when SPINE_WORKER_RUNNER is set (0.557208ms)
✔ isActiveWorkerSession false outside worker context (0.081334ms)
✔ runStepReview skips nested reviewer spawn when worker env is set (57.839458ms)
✔ runStepReview skips nested plan review spawn when worker env is set (41.595875ms)
✔ runStepReview stub path still works inside worker session (4.897667ms)
✔ runStepReview reaches pi availability check when worker env absent (5.335292ms)
✔ engine parent with leaked worker runner reaches reviewer spawn (3.935792ms)
✔ batch 20260619T020951 SP-306 plan step 0 journals review.skipped not review.failed (25.688375ms)
✔ detectNestedWorkerContext returns reason when SPINE_IS_WORKER=1 (0.578792ms)
✔ detectNestedWorkerContext returns reason when projectRoot is inside .worktrees/spine-* (0.114958ms)
✔ detectNestedWorkerContext returns null for normal projectRoot without worker env (0.123792ms)
✔ startBatch returns error when SPINE_IS_WORKER=1 (10.432958ms)
✔ startBatch returns error when projectRoot is inside .worktrees/spine-* (34.804041ms)
✔ startBatch succeeds normally (no env, normal CWD) — regression (9243.055083ms)
✔ buildWorkerChildEnv includes SPINE_IS_WORKER=1 (1.069792ms)
✔ journalEventsSinceResume excludes pre-resume terminal events (1.521208ms)
✔ detectOrphanRunning: historical task.failed + post-resume silence + dead engine (0.539125ms)
✔ resume orphan with historical failure fixture is not diagnosed as running (1400.632792ms)
✔ terminal event within scoped window still suppresses engine orphan (0.553ms)
✔ journalIndicatesStalledSession: post-resume start without terminal (0.693167ms)
✔ detectOrphanRunning: PID-less ghost running with post-resume journal stall (0.321ms)
✔ pidless ghost fixture reconcile is engine_orphaned, not running (1123.805083ms)
✔ terminal event within scoped window suppresses PID-less ghost signal (0.317292ms)
✔ isProcessAlive returns false for absent pid (0.634167ms)
✔ resume parallel lane orphan fixture: multiple running on lane 1 (0.974708ms)
✔ resume parallel lane orphan fixture: reconcile is actionable after scoped orphan detect (1108.010583ms)
✔ searchATon orphan incident fixture: dead workerPid is not diagnosed as running (1013.150583ms)
✔ dead workerPid with running task is not diagnosed as running (1129.896958ms)
✔ dead enginePid mid-resume without terminal journal is engine_orphaned (1128.196666ms)
✔ running batch without recorded pids still reports running (1347.640583ms)
✔ detectOrphanRunning ignores dead engine when terminal journal exists (0.220042ms)
✔ recordBatchEnginePid persists under resilience and clears on terminal save (280.383958ms)
✔ confirmed pause records batch.paused only after engine persists phase (302.169083ms)
✔ unconfirmed pause does not leave orphan batch.paused journal entry (451.045292ms)
✔ pauseBatch succeeds immediately when no attached engine is alive (181.578459ms)
✔ pauseBatch fails loud when attached engine keeps phase running (445.930208ms)
✔ waitForPauseConfirmation returns true when phase stays paused (352.113834ms)
✔ retryTask succeeds when batch phase is paused (210.373834ms)
✔ retryTask rejects when batch phase is running (180.146167ms)
✔ resolveAttachedMilestonePollMs defaults to 2000ms when config omitted (0.954208ms)
✔ resolveSequencePollMs defaults to 5000ms when config omitted (0.157ms)
✔ resolveDashboardPollMs defaults to 2000ms when config omitted (0.084375ms)
✔ resolveAttachedMilestonePollMs honors orchestrator.attachedMilestonePollMs override (0.096375ms)
✔ resolveSequencePollMs honors orchestrator.sequencePollMs override (0.068125ms)
✔ resolveDashboardPollMs honors orchestrator.dashboardPollMs override (0.059208ms)
✔ validateOrchestratorConfig rejects invalid poll values (0.188833ms)
✔ validateSpineConfig accepts orchestrator poll overrides (0.432125ms)
✔ waitForSequenceBatchTerminal uses 5000ms default poll interval (0.124042ms)
✔ batch 20260630T212050 orphan-after-merge fixture describes GitHub #59 incident (1.048666ms)
✔ batch 20260630T212050 journal fixture is limbo via resume detect but not bare state (516.0615ms)
✔ hydrateMergeResultsFromJournal enables state limbo detection for batch 20260630T212050 (292.183084ms)
✔ finalizeAttachedLandLoopBeforeExit opens gate for batch 20260630T212050 journal limbo (1961.451208ms)
✔ installAttachedExitFinalizeHandlers finalizes journal limbo on SIGTERM without manual resume (2367.028125ms)
✔ batch 20260629T021550 fixture is post-merge limbo without gate (188.102917ms)
✔ attemptPostMergeLandLoopHandoff finalizes batch 20260629T021550 limbo after SIGTERM (1454.876334ms)
✔ resumeBatchDetached --force finalizes post-merge limbo without spawning engine (1752.341042ms)
✔ resumeBatch attached path finalizes batch 20260629T021550 limbo immediately (1944.217958ms)
✔ resumeMultiTaskBatch still finalizes batch 20260629T021550 after orphan_terminated (1729.3445ms)
✔ finalizeResumePostMergeLimbo clears stale engine pid during post-merge limbo (1458.071584ms)
✔ isPostMergeLimbo detects running phase with successful merges (0.52825ms)
✔ deriveDiagnosis returns needs_integrate for post-merge limbo (0.398083ms)
✔ finalizeBatchForIntegrate opens gate from post-merge limbo without resume (1288.938958ms)
✔ resumeMultiTaskBatch opens gate from post-merge limbo without re-running tasks (1486.470916ms)
✔ mixed-outcome post-mortem lists failed IDs and retry hint, not smooth success (1079.434584ms)
✔ false-success reconciliation headline is overridden when failures exist (0.382375ms)
✔ listFailedTaskIds prefers classified terminal-failure tasks (0.544708ms)
✔ collectEvidenceBundle summary.md is honest post-mortem markdown (1145.853459ms)
✔ dismissBatch writes post-mortem path into batch history (1347.420375ms)
✔ writeBatchPostMortem persists markdown under runtime batch dir (1258.261ms)
✔ spine status --verbose includes post-mortem section for active batch (1221.90675ms)
✔ resolveStallConfig defaults progressSnapshotIntervalMinutes to 2 (0.554708ms)
✔ resolveStallConfig applies progressSnapshotIntervalMinutes override (0.082833ms)
✔ buildProgressSnapshotPayload is bounded and omits dirty path lists (0.502708ms)
✔ progressSnapshotPayloadChanged detects field deltas (0.100792ms)
✔ shouldEmitProgressSnapshot respects interval (0.078042ms)
✔ recordLaneProgressSnapshot journals bounded payload (137.016541ms)
✔ runWorker emits lane.progress_snapshot on interval and dedupes unchanged signals (10122.153125ms)
✔ startBatch fails closed on invalid PROMPT before batch starts (288.306292ms)
fatal: malformed object name missing-base-branch
✔ inspectGitState records gitInspectionError when merged-branch scan fails (289.675208ms)
✔ deriveDiagnosis returns git_unavailable when git inspection failed (0.446334ms)
✔ reconcileBatch surfaces git_unavailable instead of limbo_stale on git failure (1128.082084ms)
fatal: malformed object name missing-base-branch
✔ reconcileBatch records count_commits_ahead git errors from real git refs (1571.622334ms)
✔ idle-no-batch returns healthy idle state (182.346834ms)
✔ limbo_stale detected from incident fixture (1191.867791ms)
✔ completed_manual when orch branch merged to main (1559.517792ms)
✔ needs_retry when a task failed (1278.17675ms)
✔ running diagnosis for active batch (1131.083459ms)
✔ runReconciliationCheck matches reconcileBatch output shape (1239.299625ms)
✔ reconcileBatch includes journal hints when journal exists (906.868375ms)
✔ reconcileBatch exposes macroPhase for running batch (960.926916ms)
✔ reconcileBatch exposes macroPhase for limbo_stale (930.76025ms)
✔ failBatchFromEngineError writes batch.failed and clears enginePid (400.978166ms)
✔ reconcileGhostRunningTasks marks running tasks failed without worker (0.230084ms)
✔ resumeMultiTaskBatch fail-closed when post-commit gitPorcelain throws (6568.778334ms)
✔ resumeBatch opens integrate gate before batch.completed journal event (7592.1595ms)
✔ refreshLaneHeartbeatsOnResume aligns lane heartbeats to engineStartedAt (0.562583ms)
✔ taskAlreadyComplete returns false for failed task with stale .DONE on disk (0.481166ms)
✔ resumeBatch after failed retry runs contract verification before succeed (3018.11175ms)
✔ resumeBatch continues paused 2-task 2-lane batch with stub workers (8699.553333ms)
✔ resumeBatch multi path requires existing lane worktrees (268.721375ms)
✔ multi-task batch start → pause → resume completes both tasks (9507.962625ms)
✔ paused multi-task batch diagnose suggests multi-task resume (1015.841917ms)
✔ multi-task startBatch completes two-lane stub batch (start path) (7959.938667ms)
✔ resumeBatch serializes four tasks on one lane (24199.63425ms)
✔ resumeBatch runs two lanes with two tasks each in parallel (14479.315125ms)
✔ validateMultiTaskResume accepts paused 2-task 2-lane batch (823.691334ms)
✔ validateMultiTaskResume rejects batch with zero tasks (380.720333ms)
✔ validateMultiTaskResume rejects missing worktree per lane (429.797125ms)
✔ validateMultiTaskResume allows force resume when wave merge is pending (858.109958ms)
✔ validateResumeBatch delegates to multi validator for single-task batch (655.248625ms)
✔ resolveDetachedWaitTimeoutMs uses long default for wait-terminal orphan resume (0.496083ms)
✔ prepareOrphanResumeHandoff clears stale workerPid before orphan resume (260.098833ms)
✔ clearStaleLaneWorkerPids preserves live worker pid (179.166333ms)
✔ dual-dead lane+engine orphan reconciles as engine_orphaned with attached resume (1296.347916ms)
✔ attached resume --force completes stuck task after plan review orphan stall (8497.409916ms)
✔ detached resume with wait-terminal uses extended timeout constant (0.162459ms)
✔ taskTerminalSuccessInBatch requires succeeded status and journal task.completed (0.540583ms)
✔ resume --force after partial retry does not review.start succeeded task IDs (9360.284125ms)
✔ resume-validation leaf does not import reconcile.mjs (0.815667ms)
✔ isTaskResumable accepts pending, running, and resumable segments (0.11975ms)
✔ computePendingTasks filters to resumable tasks only (0.074666ms)
✔ findResumableWave skips succeeded merged waves when later wave has pending tasks (0.154792ms)
✔ detectPostMergeLimboFromResumeSignals uses state mergeResults without journal (0.161916ms)
✔ detectPostMergeLimboFromResumeSignals detects journal-only limbo when mergeResults empty (0.078959ms)
✔ detectPostMergeLimboFromResumeSignals rejects when gate already exists (0.062208ms)
✔ classifyTasksForOrphanDetect maps running status to running classification (0.436083ms)
✔ pauseBatch sets phase paused and journals batch.paused (260.515083ms)
✔ resumeBatch continues paused single-lane batch (7705.86075ms)
✔ paused spine batch reconciliation suggests spine batch resume (947.458458ms)
✔ validateBatchState requires segments aligned with tasks (0.25925ms)
✔ retryTask clears stale failure metadata before re-run (187.915292ms)
✔ retry then task.completed updates counters and reconcile diagnosis (999.554833ms)
✔ retry-clears-failed-classification fixture reconciles after success state (968.768959ms)
✔ retryTask atomically resets task and segment records (245.1265ms)
✔ retryTask fixes segment drift (GAP-RETRY-01) (145.080834ms)
✔ resumeBatch refuses segment drift without retry (234.646709ms)
✔ skipTask marks task skipped and updates counters (156.346708ms)
✔ retryTask rejects when batch is running (165.742667ms)
✔ defaultSegmentId used in segment records (0.172167ms)
✔ detectOrphanedReviewStarted finds orphaned review.started with no matching review.completed (0.610542ms)
✔ detectOrphanedReviewStarted returns empty when review.completed exists (0.089084ms)
✔ detectOrphanedReviewStarted distinguishes code and final review types (0.075834ms)
✔ reconcileOrphanedReviewEvents synthesizes completion when APPROVE artifact on disk (19.87925ms)
✔ reconcileOrphanedReviewEvents does NOT synthesize when no artifact on disk (3.206709ms)
✔ reconcileOrphanedReviewEvents does NOT synthesize for REVISE verdict (4.686416ms)
✔ findCompletedCodeReview honors artifact at attempt > 0 (2.899584ms)
✔ normal review flow (no crash) still works correctly (0.154542ms)
✔ reconcileOrphanedReviewEvents handles final review with PASS verdict (13.552959ms)
✔ buildReviewerSystemPrompt includes project standards when rules manifest exists (22.249417ms)
✔ buildReviewerSystemPrompt emits reviewer.rules_selected journal event (27.870667ms)
✔ buildReviewRequest user prompt does not include injected standards block (0.302708ms)
✔ runStepReview stub path does not emit reviewer.rules_selected (18.713ms)
✔ isNoiseReviewScopePath matches runtime artifact paths (0.627791ms)
✔ filterReviewScopeNoise dedupes and drops noise (0.453583ms)
✔ resolvePlanReviewScopePaths returns PROMPT File Scope minus noise (3.066625ms)
✔ resolveReviewScopePaths plan uses task PROMPT file scope (2.031417ms)
✔ resolveReviewScopePaths final returns empty scope (0.109ms)
✔ resolveCodeReviewScopePaths uses baseline..HEAD when baseline provided (244.423125ms)
✔ resolveCodeReviewScopePaths falls back to git diff --name-only without baseline (272.500417ms)
✔ resolveReviewScopePaths code honors injectable git runner (0.258375ms)
✔ resolveCodeReviewScopePaths returns empty array when git fails (0.099541ms)
✔ parseReviewLevel reads PROMPT heading (0.655584ms)
✔ isReviewTypeRequired follows Taskplane rubric (0.0795ms)
✔ formatReviewTimestamp strips separators from ISO time (1.012209ms)
✔ buildReviewArtifactPath uses step-timestamp pattern (0.213666ms)
✔ buildFinalReviewArtifactPath uses final-timestamp pattern (0.119875ms)
✔ normalizeVerdict maps enums by review type (0.084292ms)
✔ normalizeFinalVerdict and normalizeCodeVerdict are type-specific aliases (0.072417ms)
✔ parseReviewVerdict reads JSON and markdown verdicts (0.464416ms)
✔ parseReviewVerdict accepts PASS REVISE REPLAN when reviewType is final (0.091875ms)
✔ parseReviewVerdict step mode rejects final-only verdict enums (0.163708ms)
✔ parseFinalReviewVerdict accepts PASS, REVISE, and REPLAN (0.118708ms)
✔ parseFinalReviewVerdict omits heading summary unlike parseReviewVerdict (0.088125ms)
✔ shouldRunCodeReview requires review level 2 or higher (0.062708ms)
✔ shouldRunFinalReview skips when review level is 0 (0.057875ms)
✔ DEFAULT_REVIEW_SPAWN_TIMEOUT_MS is 90 minutes (0.479459ms)
✔ honorReviewSpawnFailureWhenEligible honors final review when contract passed (2.355458ms)
✔ honorReviewSpawnFailureWhenEligible skips when contract failed (0.535334ms)
✔ honorReviewSpawnFailureWhenEligible honors code review with .DONE (0.96125ms)
✔ buildReviewerPiArgs includes --model when config pins reviewer (7.00875ms)
✔ buildReviewerPiArgs omits --model when reviewer model is inherit (1.597208ms)
✔ buildReviewerPiArgs uses per-type model override for matching reviewType (1.568792ms)
✔ buildReviewerPiArgs falls back to top-level reviewer pin when per-type block missing (1.38675ms)
✔ buildReviewerPiArgs cascades per-type inherit to top-level reviewer pin (1.17925ms)
✔ spawnReviewerPi fails closed when pi unavailable via SPINE_REVIEW_TEST_NO_PI (1.564084ms)
✔ buildReviewerChildEnv strips SPINE_WORKER_RUNNER from reviewer child env (0.347167ms)
✔ shouldBlockNestedReviewerSpawn false when only worker runner leaked on engine (0.107667ms)
✔ spawnReviewerPi allows engine spawn when worker runner leaked without journal attach (1.872166ms)
✔ shouldBlockNestedReviewerSpawn true inside live worker child session (0.212542ms)
✔ parseReviewLevel reads PROMPT heading (0.678125ms)
✔ isReviewTypeRequired follows Taskplane rubric (0.084709ms)
✔ buildReviewArtifactPath uses step-timestamp pattern (1.217542ms)
✔ buildFinalReviewArtifactPath uses final-timestamp pattern (0.137792ms)
✔ parseReviewVerdict reads JSON and markdown verdicts (0.667834ms)
✔ parseReviewVerdict accepts PASS REVISE REPLAN when reviewType is final (0.159125ms)
✔ parseReviewVerdict step mode rejects final-only verdict enums (0.1ms)
✔ parseReviewVerdict accepts PASS REVISE REPLAN for final review type (0.077458ms)
✔ resolveBatchJournalContext ignores SPINE_BATCH_ID without SPINE_JOURNAL_ATTACH (0.190167ms)
✔ isJournalAttachBlocked honors SPINE_SUPPRESS_JOURNAL_ATTACH (0.125792ms)
✔ resolveBatchJournalContext blocked when attach suppressed (0.103042ms)
✔ runStepReview ignores SPINE_REVIEW_STUB_FAIL without stub mode (6.864834ms)
✔ runStepReview stub APPROVE writes artifact and journal events (21.462708ms)
✔ runStepReview stub REVISE returns exitCode 2 (7.133ms)
✔ runStepReview fail-closed on stub spawn failure (23.777459ms)
✔ runStepReview skips when review level does not require type (1.541042ms)
✔ runStepReview final stub PASS writes final artifact path (2.804209ms)
✔ runStepReview final spawn failure exits non-zero at review level >= 1 (1.881084ms)
✔ runSpineReviewStep CLI --type final emits JSON verdict (2.415792ms)
✔ runSpineReviewStep CLI emits JSON verdict (18.6ms)
✔ assertReviewToolAvailable fails closed without pi at review level > 0 (1.860334ms)
✔ runWorker fails closed when review tool unavailable at level > 0 (10.526917ms)
✔ stub worker stops when enforced review spawn fails (72.26225ms)
✔ DEFAULT_REVIEW_SPAWN_TIMEOUT_MS remains 90 minutes (backstop unchanged) (0.447917ms)
✔ runStepReview honors on-disk APPROVE while pi hangs — seconds not stall timeout (255.879208ms)
✔ resolveReviewerModelPin returns per-type override when set (0.576292ms)
✔ resolveReviewerModelPin falls back to top-level when per-type block missing (0.137ms)
✔ resolveReviewerModelPin cascades per-type inherit to top-level pin (0.069333ms)
✔ resolveReviewerModelPin returns null for top-level inherit (0.061333ms)
✔ resolveReviewerModelPin returns null when reviewer block absent (0.064583ms)
✔ resolveReviewerThinkingPin returns per-type override when set (0.082958ms)
✔ resolveReviewerThinkingPin falls back to top-level when per-type block missing (0.065125ms)
✔ resolveReviewerThinkingPin cascades per-type inherit to top-level pin (0.050875ms)
✔ resolveReviewerThinkingPin returns null for off at any level (0.086458ms)
✔ resolveReviewerThinkingPin returns null when reviewer block absent (0.119167ms)
✔ resolveRulesManifestGeneratedAtMerge keeps newest generatedAt (0.581917ms)
✔ resolveRulesManifestGeneratedAtMerge fails when rules differ (0.101167ms)
✔ fingerprintRulesManifest ignores generatedAt (0.07875ms)
✔ mergeLaneToOrch clears generatedAt-only dirty rules-manifest before merge (1315.061917ms)
✔ mergeLaneToOrch auto-resolves generatedAt-only rules-manifest conflict (1143.414125ms)
✔ mergeLaneToOrch fails loud when rules[] differ (1176.5065ms)
✔ mergeLaneToOrch does not auto-resolve when other paths conflict (1105.139333ms)
✔ tryAutoResolveRulesManifestMergeConflict resolves in-progress merge (744.594125ms)
✔ appendTaskMetric writes TaskMetricRecord JSONL line (16.8185ms)
✔ buildTaskMetricRecord includes laneNumber and durationMs when available (0.2275ms)
✔ buildTaskMetricRecord omits laneNumber when not a positive lane (0.107625ms)
✔ metrics.enabled false skips append without error (3.180166ms)
✔ resolveTaskMetricOutcome maps skipped_done_on_disk to skipped (0.173042ms)
✔ appendTaskMetric redacts secret-like fields and omits prompt text (16.095792ms)
✔ skipTaskDoneOnDisk records skipped task metric (15.73175ms)
✔ appendBatchMetric writes BatchMetricRecord JSONL line (1.41875ms)
✔ recordBatchTerminalMetric skips when metrics disabled (0.482417ms)
✔ dismissBatch appends batch metric line (714.557125ms)
✔ spine metrics show filters by batch and formats table output (2.003041ms)
✔ spine metrics show CLI filters by batch id (103.996459ms)
✔ resolveSalvageConfig defaults autoCommitOnStall to false (0.500917ms)
✔ validateSpineConfig rejects non-boolean autoCommitOnStall (0.487875ms)
✔ recordTaskFailureSalvage with autoCommitOnStall commits scoped paths on lane branch (626.340125ms)
✔ recordTaskFailureSalvage without autoCommitOnStall does not commit (407.289333ms)
✔ salvage commit refuses merge_in_progress and index_conflicts (467.448334ms)
✔ salvage commit refuses pre-commit hook failure (429.731917ms)
✔ atomic retry retains salvage WIP commit on lane branch (653.373958ms)
✔ inspectLaneSalvage scopes porcelain to file scope and task folder (262.090167ms)
✔ recordTaskFailureSalvage journals inspection and writes evidence without committing (373.110416ms)
✔ writeSalvageEvidence writes pretty JSON atomically without temp files (161.181333ms)
✔ startBatch worker failure with dirty scoped file emits salvage and diagnose hint (7447.779084ms)
✔ parseSequenceArgs honors --auto-approve-gate and --force (0.500041ms)
✔ spine run sequence --auto-approve-gate dry-run succeeds under stub (398.081833ms)
✔ spine run sequence --auto-approve-gate refused for real pi without --force (356.330875ms)
✔ spine run sequence --auto-approve-gate --force dry-run succeeds for real pi (325.992834ms)
✔ validateSequenceAutoApproveGate allows stub mode without force (0.56025ms)
✔ validateSequenceAutoApproveGate blocks real pi without force (0.126ms)
✔ validateSequenceAutoApproveGate allows real pi with force (0.064917ms)
✔ validateSequenceAutoApproveGate skips check when flag is false (0.063542ms)
✔ buildSequenceAutoApproveDoctorCheck warns for real pi (0.084542ms)
✔ buildSequenceAutoApproveDoctorCheck passes for stub mode (0.057ms)
✔ runSequence refuses auto-approve on dry-run for real pi (1.137375ms)
✔ runSequence allows auto-approve dry-run with force on real pi (0.324666ms)
✔ readCurrentBatchLogTail returns null for missing file (0.566ms)
✔ readCurrentBatchLogTail filters to last batch session header (0.671041ms)
✔ readCurrentBatchLogTail returns full content when no header exists (0.4355ms)
✔ readCurrentBatchLogTail respects lineCount limit (0.381625ms)
✔ waitForSequenceBatchTerminal returns settled when batch completes before timeout (976.149333ms)
✔ waitForSequenceBatchTerminal does not exit while engine PID is alive (2737.586625ms)
✔ waitForSequenceBatchTerminal returns failure diagnosis even with alive engine (848.7265ms)
✔ isMergeBlockedBatchOutcome detects mixed-outcome and merge_blocked phases (0.518ms)
✔ evaluateWaveTaskDependencies filters runnable tasks by satisfied deps (0.518333ms)
✔ formatSequenceWaveSkipMessage names blocked dependencies per §17.4 (0.174666ms)
✔ resolveWaveAfterMergeBlocked continues wave 1 and skips wave 2 tasks (0.150208ms)
✔ planSequenceWaveTasks skips wave when no deps are satisfied (0.097125ms)
✔ 3-wave sequence continues wave 1 after wave 0 merge_blocked and skips wave 2 (18032.665958ms)
✔ isPiSessionMetadataPath matches .pi session roots and children (1.107708ms)
✔ checkGitClean ignores untracked .pi/ session metadata (329.0865ms)
✔ checkGitClean still fails when non-.pi paths are dirty (207.410334ms)
✔ runSequence with only .pi/ dirty passes preflight (15663.630333ms)
✔ runSequence surfaces preflight failure on stderr-equivalent output (6020.611333ms)
✔ resolveResumeFromWave continues after last completed wave (0.485292ms)
✔ sequence persists fromWave, completedWaves, and lastBatchId after wave 0 (11076.441416ms)
✔ resume after interrupted wave 0 integrate completes remaining waves (25588.845875ms)
✔ sequence halts on wave failure with --stop-on-failure and preserves completed waves (12237.862292ms)
✔ resolveWaveTaskIds and resolveSequenceWaves honor planner waves (0.964334ms)
✔ diagnosis helpers classify settled, waiting, and failure states (0.093959ms)
✔ dry-run prints operator-equivalent land loop commands per wave (0.219166ms)
✔ 2-wave stub sequence completes with auto-approve land loop (23328.181333ms)
✔ buildSequencePlan resolves pending scope for dry-run integration (264.452ms)
✔ skipTask leaves phase paused when all tasks terminal without merge (1581.198584ms)
✔ skipTask clears failed segment drift for reconcile (1470.193375ms)
✔ resolveWorkerOutputConfig applies lane defaults and overrides (0.555125ms)
✔ captureWorkerOutputTail keeps last lines and marks byte truncation (0.261209ms)
✔ redactWorkerOutput applies built-in and config deny patterns (0.378042ms)
✔ runWorker stall_timeout captures stderr, persists log, journals stall_killed (5067.992458ms)
✔ collectEvidenceBundle references persisted worker output logs (5.067125ms)
✔ successful worker skips log unless retainWorkerOutputOnSuccess (5033.692375ms)
✔ SAT-020 replay: checkpoint_warning → stall_killed → salvage_inspection → task.failed (61814.980208ms)
✔ regression: stub worker still requires .DONE for batch success (7165.410292ms)
✔ recordTaskTransition writes batch-state then journal in order (141.934125ms)
✔ saveSpineBatchState leaves prior JSON intact when atomic write fails (126.735541ms)
✔ saveGateRecord leaves prior JSON intact when atomic write fails (131.742917ms)
✔ validateBatchState accepts healthy schema v1 state (0.747875ms)
✔ validateBatchState rejects counter drift (0.311458ms)
✔ runSpineState validate passes on archived batch-state (4.755125ms)
✔ runSpineState validate fails loud on corrupt active state (2.167ms)
✔ computeStatusProgress derives wave and task counts from batch raw (0.836084ms)
✔ computeStatusProgress returns null without batch raw (0.074833ms)
✔ formatStatusJson includes documented progress field names (0.137792ms)
✔ spine status --json includes task and wave progress for active batch (842.749ms)
✔ spine status --json omits progress counts when no batch is active (130.734791ms)
✔ reconcileBatch exposes progress fields for spine watch consumers (898.954667ms)
✔ classifyTaskDoneSemantics distinguishes lane vs main .DONE (issue #35) (167.705292ms)
✔ spine status --diagnose --json exposes explicit done flags mid-batch (978.108333ms)
✔ verifyStubFileScopeMustChange fails when contract paths are unchanged (287.455083ms)
✔ verifyStubFileScopeMustChange passes when contract path changed (301.103167ms)
✔ verifyStubFileScopeMustChange passes for comma-in-single-backtick fileScopeMustChange (SP-396) (321.398458ms)
✔ commitLaneWorktree rejects stub completion without fileScopeMustChange diffs (363.04925ms)
✔ commitLaneWorktree allows stub completion when fileScopeMustChange is satisfied (565.458459ms)
✔ stub contract helpers detect release-critical contracts and legacy markers (0.326083ms)
✔ shouldEnforceStubContractAtLaneCommit uses env or legacy .DONE marker (224.179209ms)
✔ stub cannot succeed merge/version task without file-scope changes (406.035083ms)
✔ checkStubReleaseCritical warns when stub mode has pending fileScopeMustChange tasks (202.414959ms)
✔ diagnosis surfaces exitReason stub for M/L legacy stub .DONE markers (0.94025ms)
✔ reconcileBatch surfaces exitReason stub for succeeded M/L tasks with legacy stub .DONE (1019.986208ms)
✔ applyStubDeliveryStatusBlock updates existing header lines (0.730583ms)
✔ applyStubDeliveryStatusBlock appends block when header lines are missing (0.178458ms)
✔ writeStubDeliveryStatusIfNeeded updates STATUS for delivery-only contracts (2.399625ms)
✔ writeStubDeliveryStatusIfNeeded skips implementation scopes (1.36825ms)
✔ stub worker auto-writes STATUS for delivery-only fileScopeMustChange (78.069375ms)
✔ stub worker does not auto-write STATUS for implementation fileScopeMustChange (71.439209ms)
✔ stub worker STATUS delivery satisfies verifyStubFileScopeMustChange (348.199125ms)
✔ isSupervisorSpawnEnabled defaults to false (0.640791ms)
✔ resolveSupervisorPollIntervalMs uses default and honors config (0.101125ms)
✔ resolveSupervisorModel returns inherit by default (0.078208ms)
✔ shouldEmitSupervisorNudge covers actionable diagnoses (0.10675ms)
✔ buildSupervisorObservationPayload shapes reconcile fields (0.120083ms)
✔ buildSupervisorNudgePayload includes headline and suggestedCommand (0.400959ms)
✔ isSupervisorMonitorTerminal detects terminal phases and diagnoses (0.083458ms)
✔ spawnDetachedSupervisor does not spawn when disabled (187.095125ms)
✔ enabled:true journals supervisor.started and supervisor.stopped on terminal (1041.09475ms)
✔ enabled:false produces no supervisor journal events via maybeSpawnSupervisorOnDetachedStart (321.231917ms)
✔ killSupervisor journals supervisor.stopped and clears state (225.399292ms)
✔ spawnDetachedSupervisor spawns monitor child when enabled (302.28525ms)
✔ parseTaskSizeFromMarkdown reads Size line (0.584292ms)
✔ resolveTaskStallMinutes uses max of config and size floor (0.196417ms)
✔ resolveStallConfigForTask applies minutes to stallTimeoutMs (0.139667ms)
✔ journalTaskAwaitingFirstHeartbeat: true after task.started before lane.heartbeat (0.521791ms)
✔ journalTaskAwaitingFirstHeartbeat: false after matching lane.heartbeat (0.073625ms)
✔ detectOrphanRunning suppresses lane orphan during first-heartbeat debounce when engine alive (0.309959ms)
✔ detectOrphanRunning still reports lane orphan before heartbeat when engine is dead (0.12625ms)
✔ detectOrphanRunning still reports lane orphan after first heartbeat (0.102333ms)
✔ reconcileBatch: transient dead workerPid mid-start diagnoses running not worker_orphaned (1053.234542ms)
✔ reconcileOrphanRunningState does not fail running task during debounce window (227.370042ms)
✔ post-heartbeat dead pid still worker_orphaned with retry (1112.916792ms)
✔ hasPendingWaveMerge is true when an intermediate wave lacks mergeResults (0.635208ms)
✔ hasPendingWaveMerge is false when every terminal wave is recorded (0.454208ms)
✔ recordWaveMergeResult records forceMerged flag and updates existing wave row (0.123459ms)
✔ resolveWorkerBackend defaults to subprocess (0.631333ms)
✔ resolveWorkerBackend honors agentSession flag (0.080417ms)
✔ validateWorkerBackendConfig rejects invalid values (0.105458ms)
✔ validateSpineConfig accepts optional workerBackend (0.269792ms)
✔ settings registry validates workerBackend enum case-sensitively (0.159667ms)
✔ buildAgentSessionWorkerPrompt includes PROMPT reference and review hint (1.938417ms)
✔ createStubAgentSession writes .DONE (3.205459ms)
✔ startAgentSessionWorker completes with injected mock session (2.787583ms)
✔ runWorker uses agentSession backend with mock factory (5028.83675ms)
✔ runWorker keeps subprocess default when workerBackend unset (5019.556917ms)
✔ WORKER_BACKENDS lists supported values (0.592042ms)
✔ buildWorkerBackendDoctorCheck reports subprocess as production default (0.135959ms)
✔ buildWorkerBackendDoctorCheck warns or fails on opt-in agentSession (0.333167ms)
✔ buildWorkerBackendDoctorCheck falls back to subprocess for invalid config (0.068958ms)
✔ DIAGNOSIS_TAXONOMY includes worker_done_missing distinct from worker_orphaned and needs_retry (0.585167ms)
✔ outputIndicatesWorkerDoneMissing matches runner stderr message (0.141833ms)
✔ inferWorkerDoneMissingFailure reads task.failed payload from journal (0.196042ms)
✔ buildHeadline and buildSuggestedCommand for worker_done_missing cite worker log (0.326083ms)
✔ reconcileBatch diagnoses worker_done_missing for issue #18 journal pattern (1080.618ms)
✔ buildDiagnosisOutput bundles worker_done_missing headline and retry command (0.244834ms)
✔ resolvePiSpineRoot defaults to pi-spine package root (0.590708ms)
✔ resolvePiSpineRoot honors development.piSpineRoot override (3.86775ms)
✔ buildWorkerChildEnv sets PI_SPINE_ROOT for worker spawn (6.279875ms)
✔ validateWorkerLaunchScriptPath requires scripts/ prefix (3.011625ms)
✔ validateWorkerLaunchScriptPath rejects traversal (0.828ms)
✔ validateWorkerLaunchScriptPath rejects symlink escape (2.291959ms)
✔ resolveSafeWorkerLaunchScript returns default when present (1.886792ms)
✔ validateSpineConfig rejects unsafe development.workerLaunchScript (0.552792ms)
✔ DEFAULT_WORKER_LAUNCH_SCRIPT matches conventional path (0.10875ms)
✔ runWorker classifies launch script fast-fail as launch_failed (5059.363667ms)
✔ appendWorkerAgentModelArgs adds --model when configured and not inherit (0.528459ms)
✔ appendWorkerAgentModelArgs omits --model for inherit and empty (0.0875ms)
✔ appendWorkerAgentModelArgs adds --thinking when set and not off (0.063125ms)
✔ buildWorkerPiArgs includes --model cursor/auto from spine-config (5.5805ms)
✔ buildWorkerPiArgs omits --model when agents.worker.model is inherit (2.450166ms)
✔ parseWorkerDoneMarker accepts legacy empty and text markers (1.413792ms)
✔ parseWorkerDoneMarker accepts structured JSON markers (0.128417ms)
✔ parseWorkerDoneMarker rejects partial JSON markers (0.077209ms)
✔ isWorkerDoneMarkerValid mirrors parseWorkerDoneMarker (0.070375ms)
✔ writeWorkerDoneMarker writes atomic structured JSON (6.041125ms)
✔ readWorkerDoneMarker reports absent marker (0.5755ms)
✔ persistWorkerOutputLog writes atomically without temp leftovers (3.51275ms)
✔ resolveWorkerPiTimeoutMs uses per-size stall floor (0.521125ms)
✔ resolveWorkerPiTimeoutMs honors SPINE_WORKER_PI_TIMEOUT_MS override (0.090167ms)
✔ buildWorkerChildEnv sets SPINE_WORKER_PI_TIMEOUT_MS from stall budget (0.382333ms)
✔ buildPiWorkerTimeoutDoctorCheck reports stall-aligned timeout for M floor (0.18075ms)
✔ runWorker terminates hung child after .DONE and returns ok: true (10063.060041ms)
✔ runWorker pre-.DONE stall_timeout still works (5127.028833ms)
✔ buildWorkerTailPrompt includes critical-rules for JS-scoped task (20.967917ms)
✔ buildWorkerContextAsync appends config.standards end-to-end (1.989667ms)
✔ buildWorkerContextAsync emits worker.rules_selected journal event (14.180333ms)
✔ buildWorkerContextAsync falls back to static context without .cursor/rules (1.673ms)
✔ buildReviewLevelHint delegates code and final review to engine (0.608292ms)
✔ buildCommitBoundaryHint uses SP-064 feat(taskId) convention (0.134917ms)
✔ buildDoneCheckpointHint references done path and uncommitted failure (0.171625ms)
✔ buildWorkerTailPrompt includes tools hint and task id from folder (0.548ms)
✔ buildWorkerTailPrompt appends worker agent and PROMPT when present (5.394583ms)
✔ shouldSlideStallAnchorOnHeartbeat only slides worker_alive in pi phase (0.478125ms)
✔ computeStallDeadline slides silent stall window when lastAliveAt advances (0.171292ms)
✔ nextStallAnchorAt advances only on pi worker_alive (0.078041ms)
✔ runWorker worker_alive heartbeats extend stall deadline past initial window (10116.1715ms)
✔ runWorker silent stall still fails without heartbeats (5083.74375ms)
✔ SP-190 wedge fixture describes hung-child-after-.DONE incident (0.839625ms)
✔ SP-190 wedge class: engine completes within post-done grace (SP-193) (10062.0625ms)
✔ completeBatch removes lane worktrees and journals batch.worktrees_cleaned (1211.929709ms)
✔ dismissBatch removes lane worktrees and journals batch.worktrees_cleaned (991.64475ms)
✔ completeBatch keeps worktree when cleanupWorktreesOnComplete is false (1079.657625ms)
✔ provisionLaneWorktree normalizes git metadata to relative posix paths (279.326042ms)
✔ repairLaneWorktreeGitMetadata fixes broken absolute gitdir pointers (381.571875ms)
✔ normalizeLaneWorktreeGitPaths is idempotent (220.405875ms)
✔ validateMultiTaskResume repairs unhealthy lane worktree git metadata (412.260209ms)
✔ validateWorktreeSetupHookPath accepts ./scripts/ prefix when file exists (7.077667ms)
✔ validateWorktreeSetupHookPath rejects ./scripts/../ traversal (1.729166ms)
✔ validateSpineConfig rejects unsafe worktreeSetupHook (0.527667ms)
✔ checkWorktreeSetupHook fails preflight for unsafe hook path (2.62275ms)
✔ runWorktreeSetupHook succeeds with JSON stdout (276.286166ms)
✔ runWorktreeSetupHook throws when hook returns ok false (259.012ms)
✔ runWorktreeSetupHook throws on malformed JSON stdout (242.260084ms)
✔ runWorktreeSetupHook is no-op when hook not configured (1.003083ms)
✔ batch help helpers detect help invocations (0.493875ms)
✔ printBatchHelp returns usage text (0.1345ms)
✔ runSpineBatch exits 0 for help without starting a batch (142.404875ms)
✔ spine batch start --help does not create batch state (238.220834ms)
✔ isCliEntrypoint returns true when argv[1] is a symlink to the module (1.173541ms)
✔ isCliEntrypoint returns false for an unrelated script path (0.197458ms)
✔ isCliEntrypoint returns false when argv[1] is missing (0.139666ms)
✔ spine help via symlink produces stdout and exit 0 (92.722ms)
✔ spine version via symlink produces stdout and exit 0 (611.003792ms)
✔ HANDOFF_DEFAULTS autoWriteOn includes session_start (0.839334ms)
✔ /spine auto-writes handoff on session_start when batch needs attention (1770.079ms)
✔ /spine skips auto-write when autoWriteOn excludes session_start (957.456166ms)
✔ /spine skips auto-write for idle diagnosis even with session_start enabled (5684.933666ms)
✔ /spine merges default autoWriteOn when config omits handoff.autoWriteOn (2167.416125ms)
✔ formatIssueDraftMarkdown renders all issue checklist sections (0.839625ms)
✔ formatIssueDraftMarkdown applies redaction to section content (0.124917ms)
✔ buildIssueDraftBody returns title, body, and labels for idle repo (3955.5895ms)
✔ buildIssueDraftBody includes batch context and journal tail (10184.963291ms)
✔ buildIssueDraftBody maps issueType to GitHub labels (16221.369167ms)
✔ buildIssueDraftBody rejects invalid issueType (182.455917ms)
✔ buildIssueDraftBody redacts sk- token patterns in title and body (4142.050291ms)
✔ parseJournalFollowArgs reads batch, lane, and json flags (1.072542ms)
✔ resolveFollowBatchId uses reconcile then batch-state (620.529875ms)
✔ formatJournalFollowLine uses summarizeJournalEvent (1.240375ms)
✔ formatJournalFollowOutputLine filters by lane and supports json passthrough (0.194791ms)
✔ readJournalFollowSnapshot prints header once in human mode (14.80875ms)
✔ runJournalFollow exits non-zero when journal missing (0.605666ms)
✔ runJournalFollow exits non-zero when no batch can be resolved (0.45475ms)
✔ runJournalFollow prints existing events without following (16.261708ms)
✔ runJournalFollow defaults batch from batch-state (649.18075ms)
✔ spine journal follow exits non-zero when journal missing (103.42525ms)
✔ parseLaneNumber accepts positive integers (0.591917ms)
✔ parseLaneLogsArgs reads lane, task, batch, and follow flags (0.458292ms)
✔ extractTaskIdFromLogFilename parses worker log names (0.076208ms)
✔ resolveLaneLogPath prefers live log when present (6.322792ms)
✔ resolveLaneLogPath falls back to worker-output log (2.7065ms)
✔ findMostRecentLogTaskId picks newest log in lane directory (2.813208ms)
✔ resolveLaneLogTaskId uses explicit task id (0.48075ms)
✔ resolveLaneLogTaskId infers running task from batch state (1.724208ms)
✔ runLaneLogs exits non-zero when lane is missing (0.5635ms)
✔ runLaneLogs exits non-zero when no batch can be resolved (0.738209ms)
✔ runLaneLogs prints existing log without following (698.078709ms)
✔ runLaneLogs prefers live log content (696.376ms)
✔ spine lane logs exits non-zero when log file missing (848.334042ms)
✔ isExitVerificationTask detects exit verification headings (0.700125ms)
✔ shouldRunContractVerifyForWorker skips stub for normal tasks (1.017666ms)
✔ shouldRunContractVerifyForWorker runs stub contract for exit tasks (0.245292ms)
✔ runPhase23ExitVerify --skip-test passes structural checks in repo (17.203208ms)
✔ spine verify phase23-exit CLI is wired (5.083083ms)
✔ runScenariosList prints empty registry message (2.088792ms)
✔ runScenariosList returns sorted scenarios as JSON (10.250708ms)
✔ runScenariosShow returns scenario details (1.115125ms)
✔ runScenariosShow rejects unknown scenario (0.918625ms)
✔ loadScenarioFixture reads incident fixture from registry entry (1.495042ms)
✔ loadScenarioFixture rejects recipe kind (0.248708ms)
✔ materializeFixtureToProject writes batch-state and journal tail (154.566292ms)
✔ assertMaterializeAllowed blocks when batch-state exists (146.964875ms)
✔ runScenariosMaterialize blocks active batch without --force (145.90275ms)
✔ runScenariosMaterialize writes fixture with --force (144.10825ms)
✔ runScenariosMaterialize rejects recipe scenarios (1.102667ms)
✔ spine scenarios CLI routes list and materialize (356.734916ms)
✔ parseSequenceArgs defaults scope to pending and stopOnFailure to true (0.538459ms)
✔ parseSequenceArgs honors wave and attached flags (0.092042ms)
✔ formatSequenceResult emits JSON when requested (0.446458ms)
✔ spine run sequence pending --dry-run prints per-wave land loop commands (376.03225ms)
✔ spine run sequence pending --dry-run --json returns structured payload (416.057125ms)
✔ spine run sequence pending --from-wave 1 limits dry-run to later waves (392.7125ms)
✔ runSpineSequence rejects invalid through-wave with non-zero exit (234.106834ms)
✔ spine run pending still aliases batch start (296.913334ms)
✔ buildSuggestedCommand for state_drift uses retry with task id (0.574583ms)
✔ buildSuggestedCommand for state_drift while running suggests pause then retry (0.070958ms)
✔ buildSuggestedCommand for state_drift without task id falls back to diagnose (0.063084ms)
✔ assembleHandoffData returns idle shape when no active batch (165.166333ms)
✔ assembleHandoffData includes reconciliation fields for active batch (1094.454334ms)
✔ assembleHandoffData redacts secret-like payload fields in journal tail (1045.024667ms)
✔ paused batch handoff lists pending tasks and spine batch resume (1111.080792ms)
✔ renderHandoffMarkdown matches golden snapshot structure (1116.737667ms)
✔ redactHandoffText removes KEY TOKEN and SECRET value patterns (0.219875ms)
✔ recordHandoffWritten appends handoff.written journal event (245.267334ms)
✔ handleNext appends handoff path hint when handoff file exists (1050.40575ms)
✔ runSpineHandoff --json writes handoff file and returns structured output (1089.979ms)
✔ runInit copies rules profile, discovers manifest, standards default [] (17.161125ms)
✔ runInit dry-run plans rules files without writing (2.220333ms)
✔ rules-manifest.json is not listed in .gitignore (0.327ms)
✔ parseIssueDraftArgs applies defaults and flags (0.589292ms)
✔ buildIssueDraftBody works in idle repo without batch context (4662.284292ms)
✔ runSpineIssueDraft writes draft file and prints human output by default (4802.071375ms)
✔ runSpineIssueDraft --json returns structured payload without writing file (5288.9555ms)
✔ runSpineIssueDraft --create fails clearly when gh is missing (359.194625ms)
✔ runSpineIssue rejects unknown subcommands (241.072959ms)
✔ spine issue draft routes through spine.mjs help and dispatch (6692.857541ms)
✔ buildIssueDraftBody redacts secret-like values (4705.5915ms)
✔ get-version helpers use spawnSync without shell (10.683709ms)
✔ spine help and version route through thin CLI entry (866.428292ms)
✔ spine rejects unknown commands (113.60125ms)
✔ router dispatches plan, status, batch, gate, and integrate (804.006792ms)
✔ spine rules --help lists subcommands (109.797917ms)
✔ runSpineRules discover writes manifest in initialized project (196.653292ms)
✔ runSpineRules select rejects invalid PROMPT before manifest check (165.711833ms)
✔ runSpineRules select uses validated file scope (174.478458ms)
✔ runSpineRules select requires manifest (183.042166ms)
✔ spine rules sync via CLI exits zero in pi-spine repo (143.015875ms)
✔ parseRulesArgv defaults role to worker (0.101459ms)
✔ parseRulesArgv requires review-type for reviewer role (0.297458ms)
✔ runSpineRules select worker default unchanged (204.85225ms)
✔ runSpineRules select reviewer plan uses PROMPT file scope (192.751042ms)
✔ runSpineRules select reviewer final returns empty scope (178.806959ms)
✔ runSpineRules select reviewer code honors baseline (401.123708ms)
✔ parseUntilDiagnoses accepts land-loop pseudo diagnoses (0.908875ms)
✔ parseUntilDiagnoses still rejects unknown diagnoses (0.238125ms)
✔ deriveWaitPseudoDiagnoses detects gate_open from integrate gate approve suggestion (0.112083ms)
✔ deriveWaitPseudoDiagnoses detects post_merge_limbo before gate opens (0.069667ms)
✔ reconciliationMatchesUntil matches gate_open pseudo diagnosis (0.1005ms)
✔ reconciliationMatchesUntil matches taxonomy diagnosis unchanged (0.056208ms)
✔ sanitizeRetrySuggestedCommand replaces bare retry --force with task id (0.082042ms)
✔ sanitizeRetrySuggestedCommand falls back to diagnose without task id (0.082791ms)
✔ buildSuggestedCommand for state_drift never suggests bare retry --force (0.197667ms)
✔ buildSuggestedCommand sanitizes stale salvage retry --force payloads (0.135666ms)
✔ spine status prints macro phase for idle repo (202.310584ms)
✔ spine status prints macro phase for active batch (1096.57625ms)
✔ spine status --diagnose verbose signals include macroPhase (1100.562959ms)
✔ spine status --json includes macroPhase fields (1015.1425ms)
✔ parseDurationMs accepts plain seconds and suffix forms (0.768292ms)
✔ parseDurationMs rejects invalid values (0.241959ms)
✔ parseUntilDiagnoses parses comma-separated diagnoses (0.428ms)
✔ parseUntilDiagnoses rejects unknown diagnoses (0.094ms)
✔ parseUntilDiagnoses accepts gate_open pseudo diagnosis (0.068125ms)
✔ parseWaitArgs requires --until and applies defaults (0.104ms)
✔ parseWaitArgs accepts timeout interval and json (0.08625ms)
✔ parseWaitArgs rejects unknown flags (0.08125ms)
✔ diagnosisMatchesUntil matches only non-null diagnoses in set (0.084125ms)
✔ runSpineWait exits 0 when gate_open pseudo diagnosis matches (0.26225ms)
✔ reconciliationMatchesUntil matches gate_open without taxonomy diagnosis (0.083833ms)
✔ runSpineWait exits 0 when diagnosis matches (0.189208ms)
✔ runSpineWait exits 1 on timeout and emits final json snapshot (0.164ms)
✔ runSpineWait polls until diagnosis changes (0.139959ms)
✔ spine wait --json exits 0 when diagnosis matches fixture (1238.913541ms)
✔ spine wait times out with exit 1 (3140.510125ms)
✔ spine wait rejects missing --until (116.959833ms)
✔ spine help lists wait command (127.3355ms)
✔ parseWatchArgs defaults (0.668792ms)
✔ parseWatchArgs accepts interval json and once (0.07625ms)
✔ parseWatchArgs rejects invalid interval (0.231959ms)
✔ parseWatchArgs rejects unknown flags (0.06775ms)
✔ formatWatchHumanLine renders compact reconcile summary (0.081125ms)
✔ formatWatchHumanLine uses idle placeholders when batch absent (0.121917ms)
✔ buildWatchSnapshot includes core fields and progress block when present (0.486667ms)
✔ buildWatchSnapshot prefers explicit progress object (0.09275ms)
✔ runSpineWatch --once human mode prints one line (0.204917ms)
✔ runSpineWatch --once json mode prints NDJSON snapshot (0.182ms)
✔ runSpineWatch polls until once breaks loop without extra reconcile calls (0.113291ms)
✔ spine watch --once integrates with reconcileBatch in idle repo (329.440708ms)
✔ spine watch --json --once emits reconcile snapshot for active batch (1197.722958ms)
✔ spine watch rejects invalid interval (105.666416ms)
✔ spine help lists watch command (109.748458ms)
✔ DIAGNOSIS_TAXONOMY includes needs_replan (0.524292ms)
✔ needs_replan diagnosis messaging matches handoff §9.1 shape (0.68525ms)
✔ buildDiagnosisOutput bundles needs_replan operator fields (0.139833ms)
✔ deriveDiagnosis prefers needs_replan over needs_retry for replan failures (0.303916ms)
✔ needs_replan blocks needs_merge diagnosis when replan task remains (0.080208ms)
✔ reconcileBatch surfaces needs_replan with edit-PROMPT suggestion (1076.604459ms)
✔ I-01 progress signals extend stall deadline past hard timeout (0.583667ms)
✔ I-02 spine batch retry resets task and segment with pendingSegments > 0 (240.720166ms)
✔ I-03 spine state validate rejects corrupt batch-state (10.597417ms)
✔ I-04 spine batch abort archives batch-state before clearing active file (203.844792ms)
✔ I-05 wave merge blocked on failed/pending tasks; force-merge override exists (204.1265ms)
✔ I-06 retry refused while batch phase is executing or merging (220.966125ms)
✔ I-07 stall logic uses STATUS, lane commit, and file-scope mtime signals (208.802167ms)
✔ I-08 post-mortem does not claim success when failures exist (1225.09875ms)
✔ I-09 CONTEXT documents serial bootstrap and preflight execution policy (0.696042ms)
✔ I-10 runStepReview fail-closed when review tool unavailable at level > 0 (3.610208ms)
✔ CONFIG_V2_SECTION_DEFAULTS match handoff §6.2 (0.878917ms)
✔ applyConfigDefaults merges missing v2 sections without overwriting existing keys (0.242166ms)
✔ loadSpineConfig merges defaults for legacy config missing v2 keys (9.259708ms)
✔ init scaffold includes v2 config sections from template (3.574917ms)
✔ CONTRACT_DEFAULTS match handoff §3.1 (0.915417ms)
✔ applyConfigDefaults merges contract section (0.225334ms)
✔ validateContractConfig rejects invalid mode (0.144458ms)
✔ validateContractConfig rejects non-array legacyTaskIdPrefixes (0.062917ms)
✔ validateSpineConfig accepts valid contract block (0.227958ms)
✔ validateSpineConfig rejects invalid contract.mode via validateSpineConfig (0.063208ms)
✔ discoverCursorRules returns empty manifest when rules root is missing (4.055084ms)
✔ discoverCursorRules excludes brutal-audit rules via profile patterns (13.523958ms)
✔ discoverCursorRules records parse warn entries in manifest rules (2.183833ms)
✔ discoverCursorRules manifest round-trip via atomic write (4.089208ms)
✔ classifyCursorRuleSpineClass prefers always over globs (0.173917ms)
✔ getCursorRuleExclusionReason matches excludeRelPaths exactly (0.16ms)
✔ expandFileScopeProbes returns empty for empty scope (0.993959ms)
✔ expandFileScopeProbes adds synthetic probes for dir/* and dir/** (0.612334ms)
✔ expandFileScopeProbes keeps literal file paths (0.146541ms)
✔ expandFileScopeProbes expands in-path wildcards (0.07ms)
✔ ruleGlobsMatchFileScope is false for empty file scope (0.114041ms)
✔ ruleGlobsMatchFileScope matches **/* when file scope is non-empty (0.091584ms)
✔ ruleGlobsMatchFileScope matches JS globs against mjs scope (0.586791ms)
✔ ruleGlobsMatchFileScope matches scope glob entries against rule globs (0.849333ms)
✔ parseCursorRuleFrontmatter returns skip when frontmatter missing (1.408375ms)
✔ parseCursorRuleFrontmatter parses array globs fixture (0.863167ms)
✔ parseCursorRuleFrontmatter splits comma-separated globs (0.58025ms)
✔ parseCursorRuleFrontmatter treats empty globs array as no patterns (0.419583ms)
✔ parseCursorRuleFrontmatter defaults missing globs key to empty array (0.376958ms)
✔ parseCursorRuleFrontmatter coerces alwaysApply booleans (0.288584ms)
✔ parseCursorRuleFrontmatter matches repo comma-separated task authoring layout (0.163291ms)
✔ parseCursorRuleFrontmatter matches general-llm alwaysApply true layout (0.078833ms)
✔ parseCursorRuleFrontmatter matches audit-workflow empty globs layout (0.11025ms)
✔ parseCursorRuleFrontmatter warns on invalid alwaysApply and bad globs (0.20325ms)
✔ DEFAULT_RULES_PROFILE seeds worker include and discovery excludes (0.602833ms)
✔ loadRulesProfile returns built-in defaults when file missing (3.632708ms)
✔ mergeRulesProfile applies neverInclude over alwaysInclude (0.182666ms)
✔ mergeRulesProfile applies reviewer defaults when file omits reviewer (0.076791ms)
✔ mergeRulesProfile applies reviewer neverInclude over alwaysInclude (0.198834ms)
✔ loadRulesProfile rejects invalid JSON with RULES_PROFILE_INVALID (6.579291ms)
✔ validateRulesProfile rejects unsupported profileVersion (0.180708ms)
✔ loadRulesProfile merges partial file overrides (2.393083ms)
✔ validateRulesProfile rejects schema and path traversal errors (0.357458ms)
✔ loadRulesProfile rejects validated file errors (1.497875ms)
✔ selectRulesForReviewer returns empty when reviewer.enabled is false (2.54575ms)
✔ selectRulesForReviewer never selects taskplane-worker-cursor.mdc (0.358584ms)
✔ selectRulesForReviewer selects glob rules when scopePaths match (0.633583ms)
✔ selectRulesForReviewer appends standards without duplicates (0.239458ms)
✔ selectRulesForReviewer respects neverLoad (0.127042ms)
✔ selectRulesForReviewer uses profile.reviewer.maxRules cap (8.580292ms)
✔ context path helpers round-trip under .cursor/rules (0.548167ms)
✔ selectRulesForWorker includes alwaysInclude and always-class rules (1.632959ms)
✔ selectRulesForWorker selects JS globs and excludes Swift for JS-only scope (14.810875ms)
✔ selectRulesForWorker matches OWASP for bin/*.mjs scope via scope glob (0.262833ms)
✔ selectRulesForWorker appends standards without duplicates (0.218959ms)
✔ selectRulesForWorker respects neverLoad and neverInclude (0.130375ms)
✔ selectRulesForWorker exports journal-friendly entries shape (0.089ms)
✔ normalizeTasksRootFromEnv accepts relative and rejects parent traversal (0.655917ms)
✔ applyEnvOverrides: SPINE_MAX_LANES overrides file value (0.302541ms)
✔ applyEnvOverrides: SPINE_TASKS_ROOT overrides paths.tasksRoot (0.101833ms)
✔ applyEnvOverrides rejects invalid SPINE_MAX_LANES (0.136166ms)
✔ loadSpineConfig applies env overrides after file load (240.645417ms)
✔ SPINE_TASKS_ROOT env discovers tasks under alternate root in plan (274.17775ms)
✔ spine settings show reports env source for overridden lanes.maxParallel (361.422667ms)
✔ runDoctorChecks lists effective config with env source (4886.087291ms)
✔ DEFAULT_REVIEWER_CONTEXT_BYTE_CAP is 16KiB (0.521083ms)
✔ buildReviewerContext skips when .cursor/rules is missing (2.755459ms)
✔ buildReviewerContext does not inject referenceDocs (6.59975ms)
✔ buildReviewerContext truncates at byte cap (12.082208ms)
✔ buildReviewerContext emits reviewer.rules_selected journal event (20.20275ms)
✔ buildReviewerContext degrades gracefully on invalid rules profile (13.677833ms)
✔ buildReviewerContext selects rules for scoped plan review (3.847416ms)
✔ emitReviewerRulesSelected is no-op without journal context (0.158667ms)
✔ SETTINGS_FIELDS lists editable paths including reviewer per-type pins (1.049166ms)
✔ listEditableFields returns shallow copies (0.119209ms)
✔ parseSettingPath rejects unknown path (0.125ms)
✔ parseSettingPath accepts registered path (0.058875ms)
✔ lanes.maxParallel accepts valid integer and coerces string (0.1295ms)
✔ lanes.maxParallel rejects below min and above max (0.078625ms)
✔ gates.requireBeforeIntegrate accepts booleans and CLI strings (0.127625ms)
✔ agents.worker.model accepts inherit and optional empty (0.080667ms)
✔ agents.worker.thinking accepts enum values case-insensitively (0.121833ms)
✔ agents.reviewer.model accepts inherit and optional empty (0.11ms)
✔ agents.reviewer.thinking accepts inherit and enum values (0.07425ms)
✔ agents.reviewer.plan.model accepts per-type override values (0.057542ms)
✔ agents.reviewer.code.thinking accepts per-type inherit (0.044583ms)
✔ dashboard.port accepts valid port range (0.06075ms)
✔ lanes.workerBackend accepts registered enum values (0.057ms)
✔ validateSettingValue rejects unknown path (0.193291ms)
✔ src/cli and src/migrate do not import from bin/ (24.784667ms)
✔ src/** has no bin/ imports (19.403875ms)
✔ spine-config template defaults mirror package.json script patterns (0.919791ms)
✔ init applies testing defaults including coverage command (5.542625ms)
✔ dogfood spine-config has non-empty testing fields (0.324667ms)
✔ buildTestingEvidenceDoctorChecks warns on empty build when collectBuildEvidence (0.127333ms)
✔ buildTestingEvidenceDoctorChecks warns on empty test when collectTestEvidence (0.17575ms)
✔ buildTestingEvidenceDoctorChecks passes when commands configured (0.499791ms)
✔ buildTestingEvidenceDoctorChecks treats collectTestEvidence default as enabled (0.078667ms)
✔ SPINE_GITIGNORE_ENTRIES includes run-metrics.jsonl (0.479583ms)
✔ ensureGitignoreEntries adds run-metrics path on fresh init (6.600666ms)
✔ isMergeOriginMainTask detects merge-origin-main packet shapes (0.560917ms)
✔ checkOrchMergeConflictWarn passes without pending merge-origin-main tasks (849.605083ms)
✔ checkOrchMergeConflictWarn warns on PRD + manifest divergence with merge-origin-main pending (817.077625ms)
✔ runBatchPreflight and plan check surface orch merge conflict warning (2267.460042ms)
✔ checkPrelandedFileScopeWarn passes when no stale pending tasks (417.434334ms)
✔ checkPrelandedFileScopeWarn warns for prelanded fileScopeMustChange (551.847958ms)
✔ runBatchPreflight and plan check surface prelanded file-scope warning (1544.69175ms)
✔ checkGitClean passes when only metrics file has append-only drift (432.489834ms)
✔ checkGitClean fails when metrics file content is truncated (361.901834ms)
✔ checkGitClean passes when metrics file is gitignored and not tracked (269.729167ms)
✔ runDoctorChecks warns when metrics file is git-tracked (5024.425709ms)
✔ tsconfig.batch.json scopes checkJs hot paths (2.012375ms)
✔ npm run typecheck validates extensions and batch hot paths (4184.662541ms)
✔ normalizeContextPathList rejects non-arrays (0.9615ms)
✔ buildWorkerContext honors neverLoad and byte cap (5.16475ms)
✔ buildWorkerTailPrompt injects configured standards (3.259625ms)
✔ buildWorkerContextAsync uses auto selection when cursor rules exist (15.165875ms)
✔ spine init defaults standards to [] for auto-discovery (SP-093) (9.94ms)
✔ validateSpineConfig rejects invalid referenceDocs (0.19175ms)
✔ loadContextDocEntries stops at byte cap (2.281084ms)
✔ DEFAULT_WORKER_CONTEXT_BYTE_CAP is 32KiB (0.157625ms)
✔ validateWorkerLaunchScriptPath accepts ./scripts/ prefix when file exists (4.605666ms)
✔ validateWorkerLaunchScriptPath rejects ./scripts/../ traversal (0.912042ms)
✔ COVERAGE_THRESHOLD is 77 (0.558417ms)
✔ COVERAGE_INCLUDES scopes src, bin, and extensions (0.453459ms)
✔ FILE_COVERAGE_THRESHOLDS enforces slash-commands.ts floor (0.060792ms)
✔ TEST_GLOBS has bidirectional parity with package.json test script (0.29ms)
✔ parseAggregateLineCoverage reads all files line percent (0.194292ms)
✔ parseAggregateLineCoverage returns null when summary missing (0.163834ms)
✔ parseAggregateLineCoverage reads coverage:check summary line (0.07975ms)
✔ parsePerFileLineCoverage reads per-file rows (0.323625ms)
✔ findFileCoverageFailures reports missing and below-threshold files (0.179375ms)
node:internal/modules/cjs/loader:1572
  throw err;
  ^

Error: Cannot find module '/Users/cdelgado/Documents/github/pi-spine/.worktrees/spine-20260706T052912/lane-2/tests/dashboard'
    at Module._resolveFilename (node:internal/modules/cjs/loader:1568:15)
    at wrapResolveFilename (node:internal/modules/cjs/loader:1122:27)
    at defaultResolveImplForCJSLoading (node:internal/modules/cjs/loader:1146:10)
    at resolveForCJSWithHooks (node:internal/modules/cjs/loader:1173:12)
    at Module._load (node:internal/modules/cjs/loader:1345:5)
    at wrapModuleLoad (node:internal/modules/cjs/loader:260:19)
    at Module.executeUserEntryPoint [as runMain] (node:internal/modules/run_main:154:5)
    at node:internal/main/run_main_module:33:47 {
  code: 'MODULE_NOT_FOUND',
  requireStack: []
}

Node.js v26.4.0
✖ tests/dashboard (46.038209ms)
✔ formatDashboardStartupMessage includes URL, port, and operator hints (0.680875ms)
✔ formatDashboardStartupMessage notes --port source (0.092292ms)
✔ resolveDashboardPortWithSource prefers CLI over config (232.862291ms)

pi-spine dashboard

  Open in browser: http://127.0.0.1:61106/
  Listen:          127.0.0.1:0 (--port)

  While running:   keep this terminal open; dashboard updates via SSE (~2s)

  In another terminal:
    spine status
    spine batch start <task-id>

  → Open http://127.0.0.1:61106/ in your browser

  API:  http://127.0.0.1:61106/api/snapshot
        http://127.0.0.1:61106/api/events

  Stop: Ctrl+C

✔ runSpineDashboard writes startup to stdout before shutdown (478.628709ms)
✔ spine dashboard CLI prints URL before process exits (3202.956417ms)
✔ emptyLaneThroughputStats returns zeroed task-based fields (1.44425ms)
✔ computeThroughputTasksPerHour is task-based and guards zero elapsed (0.111667ms)
✔ deriveLaneThroughputStats counts completed and failed journal events per lane (1.940667ms)
✔ deriveLaneThroughputStats includes open running task elapsed through now (0.126708ms)
✔ deriveLaneThroughputStats prefers run-metrics duration when present (0.117958ms)
✔ deriveLaneThroughputStats falls back to journal when metrics missing (0.0935ms)
✔ deriveLaneThroughputStats maps tasks by laneNumber when lane metadata is sparse (0.105375ms)
✔ deriveLanesThroughput returns isolated stats per lane (0.163917ms)
✔ summarizeLaneThroughput aggregates counts and recomputes rate from totals (0.146791ms)
✔ NFR-OBS-02: dashboard SSE poll interval defaults to 2s (0.506875ms)
✔ parity: idle — no batch (276.349833ms)
✔ parity: running batch (2051.249334ms)
✔ parity: needs_retry (2124.540542ms)
✔ parity: limbo_stale (2348.884542ms)
✔ parity: completed_manual after manual merge (3097.084959ms)
✔ parity: needs_integrate (3295.202834ms)
✔ parity: completed after integrate (2254.940166ms)
✔ parity: failed phase still reconciles consistently (1955.855708ms)
✔ assertLoopbackHost throws for 0.0.0.0 (0.670125ms)
✔ formatSseDataFrame valid data: line (0.223333ms)
✔ dashboard server serves browser view-model dependency graph (286.68925ms)
✔ dashboard server serves snapshot and one SSE frame (250.494833ms)
✔ resolveLaneActivityPhase: heartbeat pi → worker (0.688ms)
✔ resolveLaneActivityPhase: open code review.started → code review (0.136833ms)
✔ resolveLaneActivityPhase: open final review.started → final review (0.070542ms)
✔ resolveLaneActivityPhase: closed review.started falls through to worker heartbeat (0.083125ms)
✔ resolveLaneActivityPhase: lane.completed code_rework → rework (0.07725ms)
✔ resolveLaneActivityPhase: no active tasks → em dash (0.06125ms)
✔ buildLaneRows exposes activityPhase fields (1.077375ms)
✔ computeActiveTaskIdsForLane returns running/pending tasks in current wave only (0.943416ms)
✔ computeRunningTaskIdForLane returns at most one running task in current wave (0.109458ms)
✔ computeQueuedTaskIdsForLane returns pending tasks in lane.taskIds order (0.087125ms)
✔ buildLaneRows exposes runningTaskId, queuedTaskIds, and deprecated activeTaskIds union (0.78325ms)
✔ buildLaneRows exposes activeTaskIds separate from batch assignment (0.182ms)
✔ buildLaneRows attaches per-lane throughput stats from journal (1.6625ms)
✔ resolveLaneHeartbeatMeta reads latest lane heartbeat kind and phase (0.975083ms)
✔ formatLaneHeartbeatDisplay shows launching instead of age (0.115625ms)
✔ dashboard snapshot exposes launching heartbeat display from journal (1104.954958ms)
✔ buildDefaultViewStatus exposes gate missing affordance for needs_integrate (0.276583ms)
✔ idle snapshot diagnosis null matches reconcile (209.972667ms)
✔ running batch fixture has lanes and waves (1158.437375ms)
✔ truncateWorktreePath keeps trailing segments (0.160542ms)
✔ classifyLaneStatus stale when heartbeat old (0.096584ms)
✔ classifyLaneStatus does not mark lane completed when doneInLane but cache pending under engine_orphaned (0.138458ms)
✔ buildWaveProgress marks prior waves completed (0.113958ms)
✔ buildWaveProgress marks last wave completed when all tasks terminal-success (0.078834ms)
✔ buildWaveProgress keeps in-flight current wave active (0.061959ms)
✔ diagnosisBadgeClass maps needs_integrate separately from running (0.976417ms)
✔ idle snapshot uses reconcile headline (1.070458ms)
✔ buildActionChips exposes copyable primary and alternatives (0.411917ms)
✔ needs_integrate banner ignores completed phase for badge color (0.140375ms)
✔ needs_integrate without gate record shows default gate affordance (0.188875ms)
✔ buildDashboardViewModel includes all §16.1 panels (0.397167ms)
✔ buildLaneTableModel exposes throughput columns for lanes (0.091541ms)
✔ buildLaneTableSummaryModel aggregates when multiple lanes present (0.086625ms)
✔ buildLaneTableSummaryModel is null for single lane (0.082292ms)
✔ lane-throughput-multi-lane fixture drives throughput column values (2.893709ms)
✔ lane-throughput-multi-lane fixture documents SP-327 throughput field contract (0.822708ms)
✔ buildLaneTableModel exposes heartbeatDisplay for launching lanes (0.116125ms)
✔ dashboard.js uses heartbeatDisplay without double-formatting (0.571667ms)
✔ buildBannerModel uses finalizing badge and macro phase during tail state (0.135291ms)
✔ buildBannerModel reflects gating macro phase during post-merge tail (0.1625ms)
✔ buildBannerModel keeps running badge when workers are active (0.124042ms)
✔ resolveTailActivityLabel prefers recent journal over macro phase during tail (0.180792ms)
✔ buildTailActivityModel exposes lane table subline when lanes are idle during tail (0.109333ms)
✔ resolveTailActivityLabel returns null when running task is active (0.052375ms)
✔ dashboard.js renders lane table tail activity footer row (0.155417ms)
✔ banner uses diagnosis badge class, not macro phase (0.054542ms)
✔ resolveStaticAsset serves dashboard public files and view.mjs (0.37575ms)
✔ dashboard server GET / returns HTML shell (187.109209ms)
✔ running batch view model exposes journal for bottom panel (0.201375ms)
✔ idle snapshot has empty journal via idle flag (0.058833ms)
✔ buildLaneDetailModel exposes recent events and log tail (0.053208ms)
✔ buildLaneTableModel includes lane detail on each row (0.053667ms)
✔ buildLaneRecentEvents returns last five lane-scoped journal entries (0.086084ms)
✔ buildJournalModel filters by lane id (0.046875ms)
✔ buildJournalLaneFilterOptions lists lane ids (0.434417ms)
✔ buildLaneRows attaches recentEvents and logTail from snapshot inputs (163.03475ms)
✔ resolveLaneWorkerLog prefers live log over terminal output (189.667667ms)
✔ dashboard.js builds gate status without innerHTML (0.603084ms)
✔ dashboard.js uses textContent for gate status badge and kind label (0.154542ms)
✔ dashboard HTML exposes lane detail and journal lane filter hooks (0.526291ms)
✔ dashboard server HTML includes journal lane filter (217.99025ms)
✔ spineAgentsUseInherit is true when worker or reviewer effective pin inherits (0.609375ms)
✔ formatReviewerEffectivePins shows resolved per-type model and thinking (0.180292ms)
✔ buildReviewerPerTypePinsDoctorCheck reports effective per-type pins (0.088209ms)
✔ resolvePiDefaultProvider prefers project settings over global (6.387334ms)
✔ buildAgentModelInheritDoctorCheck warns on inherit + lmstudio (0.342208ms)
✔ buildAgentModelInheritDoctorCheck passes when models pinned (0.11425ms)
✔ buildAgentModelInheritDoctorCheck passes when inherit but pi not lmstudio (0.078084ms)
✔ readPiSettingsFile returns null for missing or invalid JSON (0.088792ms)
✔ countMediumLargeTasks counts only M and L sizes with per-size breakdown (24.849ms)
✔ buildBatchSizeGuidanceWarning returns null below threshold (2.579459ms)
✔ buildBatchSizeGuidanceWarning M-only batch does not mention L (3.493ms)
✔ formatPlanHuman appends batch size guidance warning (3.735ms)
✔ buildBatchSizeGuidanceWarning mixed batch shows both M and L counts (4.322583ms)
✔ appendBatchSizeGuidanceToPlanOutput skips warning in stub mode (2.8145ms)
✔ isPiWebAccessPackageSource matches npm and path entries (0.585458ms)
✔ detectPiWebAccessExtensionConflict flags npm plus local checkout (1.8305ms)
✔ detectPiWebAccessExtensionConflict ok with single source (0.855792ms)
✔ buildPiExtensionConflictDoctorCheck warns with actionable command (1.350041ms)
✔ shouldWorkerUsePiNoExtensions mirrors conflict assessment (1.445125ms)
✔ isPiExtensionConflictOutput detects worker spawn conflict text (0.199542ms)
✔ resolvePiPackageSourcePath resolves npm and relative entries (0.085084ms)
✔ readPiPackageSources returns empty for missing settings (0.474292ms)
✔ isAuthErrorText detects authentication failures (0.703666ms)
✔ parsePiListModelsRows and listModelsForProvider filter by provider (0.829625ms)
✔ resolveModelIdForProvider prefers defaultModel when provider matches (0.092959ms)
✔ buildInheritProviderAuthDoctorCheck passes when agents pinned to cursor/auto (0.199667ms)
✔ buildInheritProviderAuthDoctorCheck passes when inherit resolves to cursor (0.098375ms)
✔ buildInheritProviderAuthDoctorCheck fails when probe reports 401 (6.361875ms)
✔ buildInheritProviderAuthDoctorCheck fails when provider has no authenticated models (4.975ms)
✔ probeInheritProviderAuth succeeds when list and probe pass (4.914458ms)
✔ INTEGRATE_DEFAULTS match issue #91 config sketch (1.084791ms)
✔ applyConfigDefaults merges integrate section (0.232375ms)
✔ buildConcurrentDevDoctorCheck passes with no active batch (221.88825ms)
✔ buildConcurrentDevDoctorCheck passes when human is on a feature branch (2151.975833ms)
✔ buildConcurrentDevDoctorCheck warns on active batch + dirty main (warn mode) (2472.107209ms)
✔ buildConcurrentDevDoctorCheck fails on active batch + dirty main (block mode) (3084.758833ms)
✔ buildConcurrentDevDoctorCheck passes when allowHumanOnBaseBranch=allow (420.958834ms)
✔ runDoctorChecks surfaces concurrent-dev warning when configured (9146.415625ms)
✔ isDisplayLabel matches pi TUI display labels (0.903584ms)
✔ isDisplayLabel rejects canonical ids and invalid strings (0.083083ms)
✔ displayLabelToCanonical converts to provider/model (0.077666ms)
✔ displayLabelToCanonical returns null for non-labels (0.073917ms)
✔ isCanonicalModelId validates provider/model format (0.150542ms)
✔ isCanonicalModelId rejects non-canonical strings (0.06525ms)
✔ normalizeModelId passes canonical ids through (0.078041ms)
✔ normalizeModelId converts display labels to canonical (0.059958ms)
✔ normalizeModelId passes special values through (0.548042ms)
✔ normalizeModelId rejects unrecognized formats (0.205042ms)
✔ normalizeModelId rejects non-string input (0.074708ms)
✔ validateModelIdFormat accepts canonical ids (0.094917ms)
✔ validateModelIdFormat accepts special values and non-strings (0.061292ms)
✔ validateModelIdFormat flags display labels with canonical hint (0.05475ms)
✔ validateModelIdFormat flags unrecognized formats (0.046416ms)
✔ buildAgentModelIdsDoctorCheck passes when all pins are canonical (0.157375ms)
✔ buildAgentModelIdsDoctorCheck fails when display label is in config (0.129625ms)
✔ buildAgentModelIdsDoctorCheck fails on invalid format (0.065125ms)
✔ buildAgentModelIdsDoctorCheck passes when no models configured (0.043416ms)
✔ buildAgentModelIdsDoctorCheck skips inherit and empty values (0.053833ms)
✔ settings set normalizes display label to canonical id (7.84175ms)
✔ settings set passes canonical id through unchanged (0.1525ms)
✔ settings set rejects invalid model id format (0.0675ms)
✔ settings set allows inherit for model fields (0.087417ms)
✔ settings set rejects invalid model id in JSON mode (0.077458ms)
✔ settings set normalizes worker model display label (0.073334ms)
✔ settings set normalizes per-type reviewer model display label (0.099458ms)
✔ fingerprintRulesManifest ignores generatedAt (0.586042ms)
✔ buildRulesManifestDoctorCheck warns when manifest missing (3.732917ms)
✔ buildRulesManifestDoctorCheck warns when manifest stale (7.250459ms)
✔ resolveSpineOnPath uses which by default (0.569375ms)
✔ readPackageVersion reads package.json version (0.487875ms)
✔ buildStalePathDoctorCheck warns when spine not on PATH (0.1825ms)
✔ buildStalePathDoctorCheck ok when PATH matches package bin (0.124875ms)
✔ buildStalePathDoctorCheck warns on version mismatch (1.321916ms)
✔ buildStalePathDoctorCheck warns on mtime mismatch only (1.063792ms)
✔ isStalePathSpineBlocking true only for stale PATH label (0.114625ms)
✔ isStalePathSpinePreflightBlocking requires version mismatch detail (0.084833ms)
✔ readSpineCliVersion parses spine --version output (784.486791ms)
✔ resolveInProgressSpineBatchId returns batchId for running batch (176.841292ms)
✔ resolveInProgressSpineBatchId returns null for completed batch (171.373375ms)
✔ listStaleSpineWorktreeBatchIds flags dirs without matching active batch (177.036209ms)
✔ buildStaleWorktreesDoctorCheck warns on stale worktree dirs (190.300625ms)
✔ buildStaleWorktreesDoctorCheck passes when only active batch dir exists (170.372375ms)
✔ runDoctorChecks includes stale worktrees warning (10577.501125ms)
✔ buildStallConfigDoctorCheck warns when stall timeout unset for real pi (1.111834ms)
✔ buildStallConfigDoctorCheck passes when stall timeout configured high (0.119417ms)
✔ isStubWorkerMode respects SPINE_WORKER_STUB (0.06575ms)
✔ resolveConfiguredStallMinutes returns null when missing (0.063291ms)
✔ suggestMaxParallel(4) → 2 (0.507166ms)
✔ suggestMaxParallel(8) → 4 (0.079375ms)
✔ suggestMaxParallel(1) → 1 (0.073125ms)
✔ suggestMaxParallel(2) → 1 (0.0505ms)
✔ buildMaxParallelDoctorCheck warns when configured exceeds suggested + 1 (0.161334ms)
✔ buildMaxParallelDoctorCheck no warning when configured matches suggested (0.061042ms)
✔ buildMaxParallelDoctorCheck no warning at default 3 when suggested is 2 (4-core) (0.052292ms)
✔ supervisor settings paths are registered (0.592166ms)
✔ agents.supervisor.enabled accepts booleans and CLI strings (0.147875ms)
✔ agents.supervisor.pollIntervalMs enforces minimum 1000ms (0.179375ms)
✔ agents.supervisor.model accepts inherit and optional empty (0.0845ms)
✔ agents.supervisor.autoNudge accepts booleans (0.063958ms)
✔ buildSupervisorConfigDoctorCheck passes when disabled (0.124666ms)
✔ buildSupervisorConfigDoctorCheck fails when enabled and template missing (4.240791ms)
✔ buildSupervisorConfigDoctorCheck fails when enabled and model invalid (2.865959ms)
✔ buildSupervisorConfigDoctorCheck passes when enabled with template and valid model (2.289917ms)
✔ collectTaskPacketSizeIssues flags XL and too many steps on pending packet (3.041792ms)
✔ collectTaskPacketSizeIssues ignores tasks with .DONE (1.344708ms)
✔ classifyBatchStateSource uses path and content markers (0.625125ms)
✔ assessOrchestratorCoexistence passes when no batch-state files (224.438708ms)
✔ assessOrchestratorCoexistence fails on active Taskplane batch in .pi (2218.991417ms)
✔ assessOrchestratorCoexistence fails when spine and Taskplane batches both active (5499.494791ms)
✔ buildCoexistencePreflightCheck blocks spine start when Taskplane batch active (2411.83975ms)
✔ runBatchPreflight fails with orchestrator-coexistence when Taskplane batch active (3777.19825ms)
✔ runDoctorChecks reports mutual exclusion failure for Taskplane batch (6883.6585ms)
✔ buildCoexistenceDoctorCheck passes when only pi-spine batch is active (1445.102458ms)
✔ buildWorktreeHealthDoctorCheck passes with no worktrees (226.793292ms)
✔ buildWorktreeHealthDoctorCheck flags absolute gitdir (240.182209ms)
✔ /spine-status reports idle reconciliation on clean repo (373.527375ms)
✔ /spine-deps delegates to CLI and notifies graph output (348.007542ms)
✔ /spine-plan succeeds after preflight passes (7939.076333ms)
✔ /spine-dismiss archives limbo batch state (1417.657ms)
✔ /spine-pause pauses a running spine batch (408.198375ms)
✔ /spine-resume resumes a paused spine batch (1278.199209ms)
✔ /spine-retry-task resets a failed task (315.805375ms)
✔ /spine-skip-task skips a failed task (333.864583ms)
✔ /spine-abort archives an active spine batch (321.710917ms)
✔ /spine-next prints reconciliation suggestion (296.126625ms)
✔ /spine-validate checks pending task packets (344.770125ms)
✔ /spine-handoff writes operator note and notifies (2095.982541ms)
✔ /spine-gate inspects integrate gate state (341.067ms)
✔ /spine-integrate dry-run reports merge preview (642.403958ms)
✔ /spine-settings shows interactive configuration menu (158.876458ms)
✔ /spine-dashboard notifies listen URL and port source (184.45525ms)
✔ /spine entry warns on limbo_stale diagnosis (990.579583ms)
✔ /spine entry warns on needs_retry diagnosis (946.395ms)
✔ /spine entry reports running batch headline (890.996334ms)
✔ /spine entry starts batch when scope provided after preflight (8380.64ms)
✔ /spine-deps truncates very large dependency output (1163.866709ms)
✔ parseSpineOrchestrateArgs defaults to pending scope and wave 0 (0.938292ms)
✔ formatOrchestratePrompt includes wave tasks, outer loop, and skill link (0.787375ms)
✔ formatOrchestratePrompt states no auto gate approve or integrate (0.144167ms)
✔ formatOrchestratePrompt respects --from-wave filter (0.093917ms)
✔ formatOrchestratePrompt reports empty plan guidance (0.078541ms)
✔ /spine-orchestrate emits structured prompt from spine plan (8197.88ms)
✔ /spine-orchestrate does not invoke gate or integrate CLI (6242.09525ms)
✔ /spine-orchestrate fails when preflight fails (4817.161334ms)
✔ spine-config template documents commented worktreeSetupHook example (0.927541ms)
✔ stripTemplateOnlyKeys removes _examples from init output (0.117917ms)
✔ extractPubspecAssetPaths parses flutter asset entries (0.654459ms)
✔ runInit copies Flutter worktree setup hook template to scripts/ (13.483208ms)
✔ copyFlutterWorktreeSetupHookTemplate skips existing hook without force (2.176875ms)
✔ findGitignoredPubspecAssetsOnMain detects gitignored assets present on main (191.363792ms)
✔ buildGitignoredPubspecAssetsDoctorCheck warns when hook not configured (175.146584ms)
✔ buildGitignoredPubspecAssetsDoctorCheck warns when lane missing gitignored assets (167.850792ms)
✔ parseMigrateArgs rejects --source without value (0.628542ms)
✔ runMigrateFromTaskplane fails when source file is missing (3.590334ms)
✔ runMigrateFromTaskplane refuses overwrite without force (4.941292ms)
✔ runMigrateFromTaskplane dry-run does not write config (1.145959ms)
✔ loadTaskplaneConfig reads repo fixture (0.704917ms)
✔ mapTaskplaneToSpine maps repo fixture to valid spine config (0.797375ms)
✔ mapTaskplaneToSpine honors tasksRootOverride (0.36625ms)
✔ mapTaskplaneToSpine ignores unknown keys (0.288959ms)
✔ mapMaxParallel clamps invalid and excessive values (0.067542ms)
✔ loadTaskplaneConfig fails loud on missing file (0.244875ms)
✔ DEFAULT_TASKPLANE_SOURCE_PATH matches repo layout (0.103209ms)
✔ normalizeFileScopePath strips trailing globs and normalizes separators (0.718542ms)
✔ pathsOverlap detects parent/child and rejects unrelated prefixes (0.084958ms)
✔ fileScopesOverlap detects parent/child directory overlap (1.998875ms)
✔ fileScopesOverlap detects exact file overlap in same wave scenario (0.098542ms)
✔ fileScopePatternsOverlap handles wildcard file globs (0.305542ms)
✔ fileScopePatternsOverlap does not treat dotted sibling paths as overlapping (0.616583ms)
✔ fileScopePatternsOverlap handles literal paths with regex metacharacters (0.89675ms)
✔ expandFileScopeProbes produces nested paths for directory globs (0.176666ms)
✔ findWaveFileScopeOverlaps returns pairs within the same wave only (0.584083ms)
✔ findWaveFileScopeOverlaps matches issue #31 parent/child safety paths (0.115791ms)
✔ findWaveFileScopeOverlaps ignores single-task waves (0.254708ms)
✔ planWaves serializes two tasks with the same file to one virtual lane (0.275125ms)
✔ assignLanesToWaves uses glob-aware overlap for wildcard scopes (0.092209ms)
✔ formatFileScopeOverlapWarnings lists wave and task pairs (0.116833ms)
✔ buildPlan reports file-scope overlaps and serializes conflicting tasks (19.223375ms)
✔ formatPlanHuman shows serial lane as bullet list with titles (0.745792ms)
✔ formatPlanHuman shows parallel lanes and omits tick jargon (0.10775ms)
✔ formatPlanHuman includes start hints for multi-wave plans (0.105708ms)
✔ topoWaves groups tasks into deterministic dependency waves (0.999792ms)
✔ buildGraph includes nodes that only appear as dependencies (0.100458ms)
✔ findCyclePath returns a closed cycle path (0.904125ms)
✔ repo spine-tasks plan has wave0 TP-006||TP-007 and wave1 TP-008 (32.392125ms)
✔ TP-034/038/041 disjoint scopes get three virtual lanes in tick 0 (1.185958ms)
✔ overlapping file scopes share one virtual lane (serialized) (0.113709ms)
✔ buildPlan for TP-034 TP-038 TP-041 lists three lanes in human output (26.762458ms)
✔ spine plan CLI shows three lanes for TP-034 TP-038 TP-041 (172.089792ms)
✔ assignLanesToWaves assigns disjoint file scopes to separate virtual lanes (0.730834ms)
✔ assignLanesToWaves packs overlapping file scopes into same virtual lane (0.131334ms)
✔ assignLanesToWaves respects maxParallel by queueing excess virtual lanes into ticks (0.116875ms)
✔ filterPendingTaskIds excludes tasks with .DONE marker (16.467708ms)
✔ parseScope pending mode returns pending IDs and excluded count (5.778542ms)
✔ parseScope pending throws when all tasks are done (3.806625ms)
✔ buildPlan pending scope preserves dependency waves (8.573917ms)
✔ filterPendingTaskIds excludes tasks with .SUPERSEDED marker (5.467375ms)
✔ summarizePendingScope counts excluded tasks (3.944959ms)
✔ runSpinePlan pending with all .DONE returns exit 0 informational output (57.529666ms)
✔ runSpinePlan pending JSON with all .DONE returns synthetic plan (8.119916ms)
✔ runSpinePlan pending with all .DONE does not throw (3.724167ms)
✔ parseScope pending empty error carries structured metadata (6.903375ms)
✔ runSpinePlan pending output includes maxParallel from config (6.409834ms)
✔ buildPlan rejects invalid heading separator (6.807292ms)
✔ buildPlan rejects missing testing coverage (4.742875ms)
✔ buildPlan rejects missing File Scope section (4.045125ms)
✔ runSpinePlan exits with validation errors for invalid PROMPT (5.249833ms)
✔ buildPlan accepts valid PROMPT packets (6.443041ms)
✔ parseScope glob escapes literal dots in path patterns (4.274709ms)
✔ parseScope glob escapes literal parentheses in path patterns (1.538ms)
✔ parseScope glob with plus in path pattern matches literally (2.578916ms)
✔ parseScope TP-* glob scopes remain unchanged (3.832416ms)
✔ parseScope('all') selects all discovered tasks (13.819875ms)
✔ parseScope('TP-002') selects explicit task IDs (3.157667ms)
✔ parseScope supports glob path patterns (3.072833ms)
✔ resolveWaveTaskIds returns wave task IDs (0.871125ms)
✔ resolveWaveTaskIds rejects out-of-range and empty waves (0.140084ms)
✔ filterPlanToWave narrows plan to one wave (0.818292ms)
✔ parseBatchStartWaveFilter accepts --wave and --through-wave (0.194916ms)
✔ parseBatchStartWaveFilter rejects conflicting and invalid flags (0.101125ms)
✔ registerSpineSlashCommands registers all PRD §15.1 command names (0.70375ms)
✔ /spine-retry-task without task id notifies usage error (0.151958ms)
✔ /spine-skip-task without task id notifies usage error (0.119625ms)
✔ /spine-plan notifies error when preflight fails (7682.123583ms)
✔ /spine handler runs preflight before batch guidance (6041.627416ms)
✔ buildDepsReport returns empty graph for isolated task with no deps (211.438708ms)
✔ buildDepsReport detects synthetic dependency cycle (206.681208ms)
✔ cycleNodesFromPath deduplicates closing node (0.195584ms)
✔ depsToEdges and formatDepsHuman render dependency flow (0.180125ms)
✔ repo fixture TP-031 scope shows TP-030 dependency edge (12.650542ms)
✔ spine deps CLI emits JSON shape with nodes, edges, cycles, waves (388.4035ms)
✔ spine deps CLI exits 1 when cycle detected (371.964ms)
✔ findCyclePath returns path for cyclic graph (0.234458ms)
✔ init --preset taskplane-compat --tasks-root taskplane-tasks --dry-run produces expected keys (6.545791ms)
✔ init --preset taskplane-compat defaults tasksRoot to taskplane-tasks (1.890583ms)
✔ plain init applies spine defaults without preset flag (1.843458ms)
✔ init rejects unknown preset (1.005708ms)
✔ fresh init creates config, agents, tasks root, and gitignore entries (14.291417ms)
✔ init skips constitution.md when it already exists without --force (7.64025ms)
✔ buildConstitutionMd substitutes project title from directory name (0.33725ms)
✔ init without --force refuses when spine-config.json exists (7.877542ms)
✔ --tasks-root taskplane-tasks sets paths.tasksRoot correctly (7.589167ms)
✔ --dry-run makes no filesystem changes (3.120208ms)
✔ init skips CONTEXT.md when it already exists without --force (7.650958ms)
✔ init --force overwrites existing CONTEXT.md (13.166333ms)
✔ buildContextMd substitutes project title from directory name (0.447167ms)
✔ --dry-run plans CONTEXT.md create without writing files (2.78125ms)
✔ ensureGitignoreEntries appends only missing entries (1.206ms)
✔ runPreflightPlanCheck builds wave plan during preflight (1541.728125ms)
✔ runReconciliationCheck returns real diagnosis for running batch (1571.29925ms)
✔ checkDoctor fails when doctor reports issues (0.271416ms)
✔ checkStalePathSpine fails when PATH spine version is stale (5.850625ms)
✔ checkGitClean lists up to 20 dirty paths (132.715667ms)
✔ checkNoActiveBatch passes when no batch-state file exists (293.681708ms)
✔ checkNoActiveBatch calls reconciliation when batch-state exists (276.105042ms)
✔ checkTasksRoot validates discoverable task folders (338.674959ms)
✔ checkDependenciesJson validates version and task IDs (338.73025ms)
✔ runBatchPreflight passes on initialized clean fixture (1901.65275ms)
✔ runBatchPreflight fails when git working tree is dirty (1270.447292ms)
✔ runPreflightPlanCheck validates pending scope only (SP-122) (293.705041ms)
✔ checkTasksValidate exposes distinct tasks-validate check id (314.115625ms)
✔ runBatchPreflight includes tasks-validate check distinct from plan (1209.200708ms)
✔ runBatchPreflight fails on limbo fixture with dismiss suggestion (3692.64675ms)
✔ runBatchPreflight passes when all tasks have .DONE (zero pending) (1043.697792ms)
✔ checkGitClean passes when only rules-manifest generatedAt drifted (255.266ms)
✔ checkGitClean still fails when rules-manifest rules[] differ (261.06875ms)
✔ spine run pending is alias for batch start pending (568.838375ms)
✔ spine run all dry-run matches pending-filtered batch start (438.321ms)
✔ applySetting merges nested dotted paths (0.703417ms)
✔ runSettingsSetOperation rejects unknown path (0.208542ms)
✔ runSettingsSetOperation rejects invalid value (0.134792ms)
✔ runSettingsSetOperation returns merged config on success (0.472958ms)
✔ writeSpineConfigAtomic writes valid JSON atomically (242.395917ms)
✔ spine settings set updates maxParallel on disk (691.440584ms)
✔ spine settings set rejects bad value (443.988875ms)
✔ spine settings set --dry-run leaves config unchanged (476.363792ms)
✔ spine settings set --json reports write metadata (474.312167ms)
✔ spine settings set exits 1 with suggestedCommand when config missing (609.706791ms)
✔ getValueAtPath reads nested config values (0.590959ms)
✔ formatSettingsShow lists all editable fields in human mode (0.387292ms)
✔ formatSettingsShow returns JSON fields array for all settings (0.537125ms)
✔ formatSettingsShow single path mode prints one value (0.109417ms)
✔ formatSettingsShow rejects unknown path (0.094791ms)
✔ buildSettingsShowFields mirrors registry order (0.692625ms)
✔ spine settings show CLI prints editable fields from temp config (485.775042ms)
✔ spine settings show CLI single path and JSON modes (574.870917ms)
✔ spine settings show CLI exits 1 with suggestedCommand when config missing (649.935417ms)
✔ formatSettingsSlashMenu lists at least five editable fields with set hints (0.731667ms)
✔ runSpineSettingsSlash notifies menu with live config fields (287.863166ms)
✔ runSpineSettingsSlash set subcommand persists a valid change (364.980083ms)
✔ runSpineSettingsSlash set reports usage error without path and value (313.940125ms)
✔ runSpineSettingsSlash reports missing config with suggested init (247.469667ms)
✔ fileScopesOverlap detects parent/child path overlap (0.717625ms)
✔ extractExploreSlugsFromContext finds explore findings paths (0.502375ms)
✔ collectWaveMCountFindings warns when a wave has more than four M tasks (0.123125ms)
✔ collectPromptJsonDepsDriftFindings reports missing JSON entry (0.105416ms)
✔ runSpineTasksAnalyze exits 0 for clean scope (294.066708ms)
✔ runSpineTasksAnalyze reports parallel file-scope overlap as blocking (298.607083ms)
✔ runSpineTasksAnalyze reports dependency cycle as blocking (332.236375ms)
✔ runSpineTasksAnalyze exits 0 when only warnings are present (424.021291ms)
✔ runSpineTasksAnalyze warns for missing explore findings referenced in CONTEXT (547.679167ms)
✔ runSpineTasksAnalyze --json emits AnalyzeTasksResult (297.077208ms)
✔ spine tasks analyze CLI exits 1 for blocking overlap (449.024125ms)
✔ spine tasks analyze CLI exits 0 for warnings-only scope (464.858709ms)
✔ spine help tasks documents analyze subcommand (128.592959ms)
✔ parseContract extracts all five contract fields from a valid table (2.401208ms)
✔ validateContract passes for a valid contract table (1.835541ms)
✔ parseContract and validateContract handle an empty contract table (0.1755ms)
✔ validateContract warns on unknown contract fields (0.107084ms)
✔ parseContract reports duplicate field rows as errors (0.124542ms)
✔ parseContract accepts plain-text testCommand values (0.071625ms)
✔ parseContract returns hasSection false when Contract heading is absent (0.080291ms)
✔ CONTRACT_FIELD_NAMES lists all normative contract fields (0.063041ms)
✔ parseContract resolves see File Scope to File Scope bullet paths (0.134791ms)
✔ parseContract excludes optional File Scope bullets from see File Scope expansion (0.130708ms)
✔ validateContract errors on em-dash placeholders in required mode (0.1075ms)
✔ validateContract errors on see File Scope with empty File Scope section in required mode (0.20275ms)
✔ validateContract warns on placeholders in optional mode (0.075208ms)
✔ parseContract treats em dash contract cells as empty path lists (0.088042ms)
✔ parseContract splits comma-separated paths inside a single backtick wrapper (SP-396) (0.098042ms)
✔ parseContract splits comma-separated artifacts inside a single backtick wrapper (0.07ms)
✔ validateContract warns on comma-in-single-backtick path lists in optional mode (0.16ms)
✔ validateContract errors on comma-in-single-backtick path lists in required mode (0.108416ms)
✔ mergeDeps unions identical sets from PROMPT and JSON (1.076125ms)
✔ mergeDeps JSON wins when PROMPT and JSON disagree (0.089625ms)
✔ mergeTaskDeps uses golden fixtures end-to-end (3.778833ms)
✔ mergeDeps returns PROMPT deps when JSON has no entry (0.092375ms)
✔ TASK_HEADING_RE requires em dash (U+2014) (0.59925ms)
✔ parsePrompt extracts required sections and steps from golden S fixture (1.403166ms)
✔ validatePrompt rejects hyphen separator in heading (0.587125ms)
✔ discoverTasks finds three golden fixtures (9.208208ms)
✔ parsePromptDependencies parses list and Requires forms (0.495291ms)
✔ parseStatus mirrors step numbers and checkbox state (1.584542ms)
✔ getStepProgress aggregates checkbox completion (0.547417ms)
✔ listIncompleteSteps returns unchecked items per step (0.787625ms)
✔ FX-invalid-no-testing fails validatePrompt for missing Testing step (2.1375ms)
✔ FX-missing-contract fails validatePrompt in required contract mode (0.559208ms)
✔ FX-valid-contract passes validatePrompt in required contract mode (1.241875ms)
✔ FX-final-replan has Review Level >= 1 for REPLAN integration path (0.619958ms)
✔ formatTasksValidateHuman prefixes summary before failure details (0.761167ms)
✔ runSpineTasksValidate exits 0 for valid PROMPT packets (496.13175ms)
✔ runSpineTasksValidate reports same failure message as planner for invalid PROMPT (561.827708ms)
✔ runSpineTasksValidate returns exit 2 for missing config (265.616041ms)
✔ runSpineTasksValidate returns exit 2 for unresolved scope (278.075ms)
✔ spine tasks validate CLI exits 0 for valid scope (454.205ms)
✔ spine tasks validate CLI exits 1 for invalid PROMPT (452.054666ms)
✔ buildTasksValidateResult matches TasksValidateResult schema (0.283416ms)
✔ collectTaskAdvisoryWarnings reports folder, STATUS, and deps mismatches (0.307291ms)
✔ runSpineTasksValidate --json emits TasksValidateResult (247.070125ms)
✔ runSpineTasksValidate --warnings-only keeps exit 0 for advisory issues (197.516ms)
✔ spine tasks validate CLI --json exits 0 for valid scope (319.900833ms)
✔ spine help tasks documents validate subcommand (122.582625ms)
✔ spine tasks validate CLI exits 2 for config error (336.467542ms)
✔ validateContract warns when fileScopeMustNotChange includes spine-tasks/** (4.207875ms)
✔ validateContract warns when pattern matches current task folder only (0.585792ms)
✔ validateContract is quiet for parallel product-path guards (0.493459ms)
✔ collectFileScopeMustNotChangeWarnings dedupes broad spine-tasks ban over task folder (0.146667ms)
✔ collectFileScopeMustNotChangeWarnings ignores other task folders (0.206542ms)
✔ collectFileScopeMustNotChangeWarnings respects custom tasksRoot (0.13975ms)
✔ collectFileScopeMustNotChangeWarnings skips current-task check without taskId (0.158666ms)
✔ collectStaleFileScopeMustChangeWarnings is quiet when scope paths unchanged since task intro (757.453708ms)
✔ collectStaleFileScopeMustChangeWarnings warns when scope paths changed on main after task intro (605.697833ms)
✔ collectStaleFileScopeMustChangeWarnings ignores tasks without fileScopeMustChange (449.149584ms)
✔ parseReportProgressArgs reads step and checkbox flags (0.556625ms)
✔ reportTaskProgress appends task.step_completed with metadata (2.198458ms)
✔ reportTaskProgress writes journal line on disk (19.603375ms)
✔ reportTaskProgress fails closed without batch context (0.186417ms)
✔ runSpineReportProgress returns non-zero when batchId missing (0.219916ms)
✔ runSpineReportProgress does not write with attach env when attach suppressed (0.923584ms)
✔ requestWorkerGate fails closed without batch context (0.687041ms)
✔ requestWorkerGate returns not_supported for integrate gate (22.041208ms)
✔ requestWorkerGate returns not_supported when no gate record (manual deferred) (2.136875ms)
✔ buildReviewStepCliArgs maps params and adds --stub when SPINE_WORKER_STUB=1 (0.880542ms)
✔ executeSpineReviewStep fails closed without SPINE_TASK_FOLDER (0.235417ms)
✔ spine_review_step handler returns APPROVE via stub review (30.993792ms)
✔ spine_review_step handler marks stub spawn failure as tool error (11.358667ms)
✔ spine_review_step skips nested reviewer spawn inside worker session (32.050125ms)
✔ registerSpineWorkerTools registers all three PRD worker tools (0.907083ms)
✔ executeSpineReportProgress appends task.step_completed via tool handler (21.953833ms)
✔ executeSpineReportProgress fails closed without batch context (0.371792ms)
✔ spine_request_gate tool returns structured not_supported shape (5.260583ms)
✔ executeSpineRequestGate fails closed without batch context (0.259916ms)
ℹ tests 1732
ℹ suites 0
ℹ pass 1731
ℹ fail 1
ℹ cancelled 0
ℹ skipped 0
ℹ todo 0
ℹ duration_ms 141473.849458

✖ failing tests:

test at tests/dashboard:1:1
✖ tests/dashboard (46.038209ms)
  'test failed'

