Contract testCommand failure log
Command: npm run typecheck && SPINE_WORKER_STUB=1 npm test -- tests/dashboard/ && npm run coverage:check
Exit code: 1
Attempt: 2 of 2
Timestamp: 2026-07-06T16:19:19.478Z
Buffer overflow: no
---

> pi-spine@1.7.0 typecheck
> tsc --project tsconfig.json --noEmit && tsc --project tsconfig.batch.json --noEmit


> pi-spine@1.7.0 test
> SPINE_SUPPRESS_JOURNAL_ATTACH=1 node --experimental-strip-types --test tests/*.test.mjs tests/cli/*.test.mjs tests/compat/*.test.mjs tests/tasks/*.test.mjs tests/config/*.test.mjs tests/config/cursor-rules/*.test.mjs tests/planner/*.test.mjs tests/batch/*.test.mjs tests/agents/*.test.mjs tests/adoption/*.test.mjs tests/dashboard/*.test.mjs tests/doctor/*.test.mjs tests/init/*.test.mjs tests/migrate/*.test.mjs tests/worker-tools/*.test.mjs tests/coverage/*.test.mjs tests/extensions/*.test.mjs tests/dashboard/

✔ adoption fixture: init, plan, stub batch AD-001 creates .DONE (15182.324083ms)
✔ adoption integration: REPLAN final verdict surfaces needs_replan diagnosis (14664.949416ms)
✔ worker.md documents spine tools, stall checkpoint, and coverage policy (1.123833ms)
✔ worker.md documents engine-owned code and final review after .DONE (0.329708ms)
✔ reviewer.md documents final PASS REVISE REPLAN verdicts (0.221542ms)
✔ worker-prompt tail aligns with worker.md commit and review conventions (0.128917ms)
✔ buildWorkerTailPrompt does not contradict worker.md on commit format (14.570458ms)
✔ buildAgentSessionWorkerPrompt includes review hint when level > 0 (4.603916ms)
✔ buildWorkerPiArgs omits -ne when no pi-web-access conflict (24.924833ms)
✔ buildWorkerPiArgs includes -ne before -p when extension conflict detected (20.8705ms)
✔ formatPiExtensionConflictHint surfaces pi-web-access remediation (0.32725ms)
✔ abortBatch archives batch-state before clearing active file (1309.192459ms)
✔ abortBatch journals batch.aborted and preserves prior journal tail (1132.592208ms)
✔ abortBatch writes abort signal without killing on graceful abort (1276.5075ms)
✔ hard abort removes lane worktree when cleanup enabled (1190.118375ms)
✔ hard abort keeps worktree when cleanupOnHardAbort is false (503.272917ms)
✔ abortBatch fails when no active batch (346.510416ms)
✔ mergeLaneToOrch auto-resolves disjoint adoption doc edits without force-merge (3984.033292ms)
✔ mergeLaneToOrch fails adoption doc merge with recovery commands when hunks overlap (2524.315083ms)
✔ formatAdoptionDocMergeFailure names file and wave recovery (0.239458ms)
✔ agent session abort failure journals lane.worker_abort_failed (1410.884291ms)
✔ formatAttachedMilestoneLine renders land-loop journal types (0.555458ms)
[spine] batch.started
[spine] task.started SP-343
[spine] task.completed SP-343
[spine] batch.merge_started wave=0
[spine] batch.merge_completed wave=0
[spine] gate.opened
[spine] gate.evidence_collecting
[spine] gate.evidence_completed
[spine] batch.completed
[spine] batch.land_loop_finalized

Batch started

Batch 20260706T161700 completed: SP-343 succeeded; merged to orch/spine-20260706T161700.
  → spine gate status
  → spine gate approve
  → spine integrate
  → spine batch complete

Batch 20260706T161700 ready to integrate orch branch to main

  → spine integrate

  Alternatives:
    • /spine-integrate
    • /spine-gate
    • spine status --diagnose

  Batch: 20260706T161700
  Task: SP-343
✔ runSpineBatch attached start returns integrate handoff without process.exit in tests (13769.773958ms)
✔ attached batch CLI subprocess exits after completed with stdout milestones (10733.799167ms)
✔ formatAttachedBatchCliResult includes diagnosis suggested command (0.341834ms)
✔ enforceAttachedEngineSingleOwner fails fast when engine PID is alive (1228.960167ms)
✔ enforceAttachedEngineSingleOwner orphans prior engine with --force (1011.764167ms)
✔ resumeBatch rejects second attached resume when engine PID is alive (1250.142333ms)
✔ resumeBatchDetached rejects spawn when attached engine PID is alive (935.79975ms)
✔ runAttachedBatchEngine blocks attached start when engine PID is alive (704.390291ms)
✔ isLastWaveIndex matches batch 20260618T000943 wave plan (0.521125ms)
✔ maybeFinalizeAfterWaveMerge opens gate for last-wave post-merge limbo (4393.899625ms)
✔ resumeMultiTaskBatch finalizes post-merge limbo even with stale engine pid (2517.691792ms)
✔ terminateStaleDetachedEngine still clears stale engine during post-merge limbo resume handoff (514.496792ms)
✔ startBatch multi-wave attached path opens gate after wave 1 without resume (16580.112916ms)
✔ attached milestone types include batch.merge_blocked (0.567958ms)
✔ formatAttachedBatchCliResult prints merge failure headline and exits non-zero for merge_blocked (3244.387542ms)
✔ runAttachedBatchEngine streams merge_blocked milestone before merge failure CLI output (4034.961875ms)
✔ mergeEngineStateWithDiskPause adopts operator pause from disk (1277.383333ms)
✔ saveEngineBatchState does not clobber phase paused during heartbeat-style saves (1097.758834ms)
✔ enforceOperatorPauseOnDisk re-asserts paused after engine overwrite (3274.842375ms)
✔ pauseBatch confirms when attached engine heartbeat saves honor pause (2430.513209ms)
✔ batch 20260620T194352 fixture is post-merge limbo without gate (863.987958ms)
✔ attemptPostMergeLandLoopHandoff finalizes in-process after SIGTERM-shaped limbo (3971.209792ms)
✔ finalizeAttachedPostMergeLimbo is idempotent when gate already open (1963.790083ms)
✔ resume after orphan_terminated journal opens gate for batch 20260620T194352 pattern (2374.406ms)
✔ installAttachedEngineShutdownHandlers finalizes on SIGTERM without manual resume (2519.565291ms)
✔ terminateStaleDetachedEngine during post-merge limbo still allows resume finalize (2625.071167ms)
✔ shouldAutoIntegrateAfterWave is false by default (0.480334ms)
✔ shouldAutoIntegrateAfterWave is true when configured and not last wave (0.072417ms)
✔ shouldAutoIntegrateAfterWave is false on last wave (0.056709ms)
✔ issue #25: retry unblocks failed phase when only pending tasks remain (6655.754625ms)
✔ issue #25: failed phase with pending-only limbo resumes without --force (2115.329541ms)
✔ retry keeps failed phase when other failed tasks remain (830.508417ms)
✔ diagnosis suggests resume --force for failed-phase pending-only limbo (0.208416ms)
✔ parseSupersededReplacementIds extracts child task IDs (1.196666ms)
✔ assertBatchStartTasksNotSuperseded rejects superseded IDs (1794.001625ms)
✔ assertBatchStartTasksNotSuperseded allows pending IDs (1476.192042ms)
✔ assertBatchStartTasksNotSuperseded honors --force-superseded (1236.249667ms)
✔ resolveBatchStartScope rejects explicit superseded task IDs (723.416834ms)
✔ resolveBatchStartScope allows superseded IDs with forceSuperseded (523.58875ms)
✔ startBatch dry-run rejects superseded explicit scope (434.643125ms)
✔ startBatch dry-run allows superseded scope with forceSuperseded (396.015792ms)
✔ parseBatchArgs maps --wave on start to waveFilter (0.667833ms)
✔ parseBatchArgs strips --wave value from scope for wave 0 (0.096958ms)
✔ buildAttachedBatchStartArgv forwards waveFilter to detached engine (0.505875ms)
✔ startBatch dry-run with pending scope and --wave 0 selects planner wave 0 (1796.285ms)
✔ startBatch dry-run with --wave selects planner wave task IDs (1612.690667ms)
✔ wave-filtered dry-run matches explicit wave task scope dry-run (1314.130666ms)
✔ complete handoff preserves newer active batch (073511 vs 073937 race) (5.560875ms)
✔ clearStaleTerminalBatchStateForStart removes completed batch-state pointer (4.657375ms)
✔ assertNoActiveBatch clears stale completed pointer before start handoff (10.745209ms)
✔ runBatchComplete clears active batch-state when no newer batch took over (4009.551041ms)
✔ new batch save replaces terminal completed cache with different batchId (3.825667ms)
✔ evaluateBatchStateWriteGuard rejects writes from non-owner live engine (13.444416ms)
✔ saveSpineBatchState rejects resurrecting archived batch cache (12.357125ms)
✔ resolveStallConfig defaults checkpoint warning and no file-scope grace extension (0.611959ms)
✔ file-scope mtime is activity only — does not extend stall deadline by default (0.190083ms)
✔ checkpoint signals extend grace; STATUS update moves deadline (0.07075ms)
✔ shouldEmitCheckpointWarning after activity without checkpoint threshold (0.111167ms)
✔ resolveScopedDirtyPaths limits porcelain to file scope and task folder (590.816916ms)
✔ lane.checkpoint_warning journal event and diagnose hints (30.715667ms)
✔ extractJournalDiagnosisHints omits stale checkpoint_warning older than 30 minutes (1.757583ms)
✔ collectProgressSignals includes dirtyPaths for scoped changes (563.907042ms)
✔ verifyContract uses base-satisfied when scope predates task PROMPT on base (2736.394084ms)
✔ verifyContract passes when scope is on base and lane has zero implementation diff (2150.54675ms)
✔ verifyContract fails base-satisfied scope when testCommand fails (5876.817875ms)
✔ verifyStubFileScopeMustChange passes when base already satisfies scope (1548.811333ms)
✔ isBaseScopeSatisfied is false when base lacks scope changes (897.556667ms)
✔ runFinalReviewPhase fails fast with contract_failed and does not consume finalAttempts (7529.283375ms)
✔ reconcileBatch surfaces contract_failed headline for failed task (1583.453875ms)
✔ verifyContract satisfies pre-landed fileScopeMustChange when testCommand and artifacts pass (2786.65775ms)
✔ verifyContract still fails pre-landed scope when testCommand fails (7150.14525ms)
✔ verifyStubFileScopeMustChange passes delivery-only STATUS when source scope pre-landed (995.267042ms)
✔ verifyContract passes delivery-only STATUS.md fileScopeMustChange contract (1441.6245ms)
✔ resolvePromptRelPath derives task PROMPT from spine-tasks delivery changes (431.739292ms)
✔ isFileScopePatternPrelanded detects scope changed on main after task intro (1062.676083ms)
✔ resolveTaskStartCommit ignores resumed task.started after same-task lane.committed (1.353333ms)
✔ verifyContract passes fileScopeMustChange after pause/retry/resume when lane commit exists (2333.787584ms)
✔ testCommand fails once then succeeds on retry — contract passes (83.290375ms)
✔ testCommand fails all retries — contract_failed as before (120.270917ms)
✔ retry count configurable via spine-config contract.testRetries (343.317916ms)
✔ failed output captured to .reviews/ directory (96.991917ms)
✔ no retry when testCommand succeeds first time (no performance cost) (90.931ms)
✔ writeContractFailureLog creates log file with header (53.349292ms)
✔ writeContractFailureLog returns null when taskFolder is undefined (0.170084ms)
✔ CONTRACT_TEST_DEFAULT_RETRIES is 1 (0.054542ms)
✔ CONTRACT_TEST_RETRY_DELAY_MS is 5000 (0.061834ms)
✔ multiple failure logs captured across retry attempts (270.154959ms)
✔ parseContract extracts stallTimeoutMinutes and extendGraceOnFileScope (1.169583ms)
✔ resolveTaskStallMinutes uses max of global, size floor, and contract override (0.112458ms)
✔ resolveStallConfigForTask applies contract stallTimeoutMinutes to stallTimeoutMs (0.123125ms)
✔ resolveStallConfigForTask honors contract extendGraceOnFileScope (0.072625ms)
✔ resolveWorkerPiTimeoutMs aligns with contract stall budget (0.096125ms)
✔ runWorker with contract stall override survives beyond global stall budget (scaled) (5154.094792ms)
✔ runWorker without contract override stalls at scaled global budget (5138.299958ms)
✔ isDeliveryArtifactPath accepts STATUS.md-only patterns (0.828625ms)
✔ isDeliveryArtifactPath accepts .DONE-only patterns (0.259ms)
✔ isDeliveryArtifactPath accepts task-folder delivery globs (0.258625ms)
✔ isDeliveryArtifactPath rejects implementation and tasks-root paths (0.140625ms)
✔ isImplementationScopePattern detects source and tooling roots (0.083416ms)
✔ isStubDeliveryOnlyScope is true for delivery-only pattern sets (0.122042ms)
✔ isStubDeliveryOnlyScope rejects mixed implementation and delivery patterns (0.068166ms)
✔ isStubDeliveryOnlyScope rejects empty pattern lists (0.047291ms)
✔ isDeliveryArtifactPath honors custom tasksRoot (0.207ms)
✔ resolveTaskStartCommit returns distinct start commits for serialized lane tasks (0.62925ms)
✔ resolveTaskStartCommit prefers task.started payload commit over prior lane.committed (0.099416ms)
✔ resolveTaskStartCommit returns null when task.started is missing (main...HEAD fallback) (0.078041ms)
✔ resolveTaskStartCommit resolves git HEAD at task.started timestamp when journal lacks commit (1169.451083ms)
✔ CONTRACT_TEST_COMMAND_MAX_BUFFER exceeds legacy 256KB limit (1.014875ms)
✔ runContractTestCommand captures large stdout without killing child (75.41625ms)
✔ runContractTestCommand surfaces ENOBUFS with scoped testCommand guidance (60.764583ms)
✔ verifyContract reports buffer overflow with scoped testCommand guidance (5468.302458ms)
✔ buildContractTestEnv moves SPINE_BATCH_ID to SPINE_PARENT_BATCH_ID (0.482625ms)
✔ detectNestedWorkerContext blocks parent batch in lane worktree (0.218041ms)
✔ startBatch blocks nested spawn when SPINE_PARENT_BATCH_ID set in lane worktree (25.944208ms)
✔ buildContractTestEnv allows isolated fixture batch start without parent batch id (0.910208ms)
✔ listChangedFiles with sinceCommit scopes diff to commits after anchor (808.571417ms)
✔ listChangedFiles without sinceCommit preserves baseBranch...HEAD (494.729208ms)
✔ verifyContract with sinceCommit ignores prior same-lane task fileScopeMustNotChange violations (864.210666ms)
✔ verifyContract without sinceCommit preserves cumulative lane branch behavior (456.401167ms)
✔ buildContractTestEnv removes worker-only keys (0.511125ms)
✔ runContractTestCommand subprocess does not inherit SPINE_IS_WORKER (71.158958ms)
✔ verifyContract testCommand passes under worker env when subprocess is sanitized (94.016708ms)
✔ verifyContract passes when testCommand exits 0 (43.217166ms)
✔ verifyContract fails when testCommand exits non-zero (39.9665ms)
✔ verifyContract checks artifactsMustExist paths in worktree (37.451792ms)
✔ verifyContract expands glob patterns in artifactsMustExist (88.203875ms)
✔ verifyContract returns ok with empty checks when contract has no verify fields (102.800166ms)
✔ verifyContract enforces fileScopeMustChange and fileScopeMustNotChange (654.680208ms)
✔ verifyContract checks minLineCoverage from command output (59.989875ms)
✔ shouldRunContractVerify skips legacy TP-* tasks and absent contract sections (0.262959ms)
✔ matchesContractPattern supports glob paths (0.21175ms)
✔ parseAggregateLineCoverage parses coverage table rows (0.152833ms)
✔ SP-193-shaped placeholder contract fails validateContract in required mode (1.347833ms)
✔ verifyContract passes SP-193-shaped contract when scoped files changed (906.943042ms)
✔ fileScopeMustChange trailing-slash pattern matches files under directory prefix (811.622458ms)
✔ fileScopeMustChange trailing-slash pattern fails when no files under prefix changed (737.723417ms)
✔ fileScopeMustChange exact-path and glob behavior preserved alongside trailing-slash (877.283625ms)
✔ waitForDetachedBatchResume waits for integrate gate after batch completes (667.401792ms)
✔ waitForDetachedBatchResume completes without gate when integrate gate not required (413.656167ms)
✔ prepareDetachedResumeEngineHandoff terminates stale engine before resume spawn (41.564959ms)
✔ resolveDefaultResumeWaitTerminal returns true for engine_orphaned without flags (0.470459ms)
✔ resolveDefaultResumeWaitTerminal respects explicit flags (0.094083ms)
✔ detectPostMergeLimboForResume matches journal-only limbo for batch 20260629T210738 (1282.964417ms)
✔ postMergeLimbo diagnosis suggests spine batch resume --force (0.252542ms)
✔ resumeBatchDetached --force finalizes journal-only limbo without spawning engine (3672.642292ms)
✔ detached batch start opens integrate gate after stub engine completes (9888.496417ms)
✔ timeout_waiting_for_batch with dead enginePid reconciles as engine_orphaned not running (1798.537ms)
✔ startBatchDetached persists spawn enginePid before wait on timeout failure path (31493.399375ms)
✔ parseBatchArgs defaults to detached start (attached flag off) (0.722417ms)
✔ parseBatchArgs --attached opts into foreground engine (0.081792ms)
✔ buildAttachedBatchStartArgv forwards scope and skip-preflight (0.508416ms)
✔ formatDetachedBatchStartOutput includes monitor hints (0.201625ms)
✔ batch start returns quickly and runs engine in background (10204.174667ms)
✔ parseBatchArgs resume defaults to detached (attached flag off) (0.162958ms)
✔ buildAttachedBatchResumeArgv forwards force (0.096416ms)
✔ formatDetachedEngineOutput includes resume wording (0.113375ms)
✔ waitForDetachedBatchResume returns engine_started by default (690.306708ms)
✔ waitForDetachedBatchResume with waitTerminal returns resume_completed (883.60525ms)
✔ collectDetachedFailureDiagnostics includes task.failed summary and log tails (215.606958ms)
✔ parseBatchArgs accepts --wait-terminal (0.163458ms)
✔ batch resume returns quickly and runs engine in background (10049.856792ms)
✔ inferLaunchFailureKind ignores DirtyWorktree exitReason (0.573667ms)
✔ buildHeadline prefers DirtyWorktree over worker launch (0.308042ms)
✔ buildSuggestedCommand for DirtyWorktree suggests coverage cleanup and retry (0.148875ms)
✔ buildHeadline surfaces review_exhausted primary failure (0.104666ms)
✔ buildSuggestedCommand for review_exhausted suggests batch retry (0.076542ms)
✔ buildHeadline surfaces contract_failed primary failure (0.070917ms)
✔ buildSuggestedCommand for contract_failed suggests PROMPT edit and retry (0.055166ms)
✔ buildDiagnosisOutput bundles primary failure class without launch headline (0.117667ms)
✔ reconcileBatch aligns hasFailedTasks with segment drift and DirtyWorktree headline (1768.292ms)
✔ reconcileBatch diagnoses review_exhausted from failed task exitReason (1831.138542ms)
✔ buildHeadline surfaces PI_SPINE_ROOT launch failure (0.681209ms)
✔ buildHeadline surfaces lane commit failures after worker completion (0.10325ms)
✔ buildSuggestedCommand prefers spine doctor for launch failures (0.179417ms)
✔ inferLaunchFailureKind reads worker output hints from journal (0.163709ms)
✔ extractJournalDiagnosisHints prioritizes setup hook and merge blocked events (0.977708ms)
✔ formatMixedOutcomeMessage lists succeeded tasks and spine batch retry guidance (0.117583ms)
✔ reconcileBatch diagnoses launch failure wave from fixture (1775.84225ms)
✔ buildDiagnosisOutput bundles launch failure headline and command (0.187083ms)
✔ DIAGNOSIS_TAXONOMY includes worker_orphaned distinct from needs_retry (0.5385ms)
✔ inferLaunchFailureFromWorkerOutputTail reads PI_SPINE_ROOT hints from log tail (0.105584ms)
✔ buildSuggestedCommand prefers abort for ghost running cluster (0.119833ms)
✔ buildHeadline surfaces worker_orphaned launch failure from worker output context (0.224167ms)
✔ worker_orphaned after plan review nested_spawn_blocked suggests batch retry (0.090125ms)
✔ dead lane workerPid diagnoses worker_orphaned not needs_retry (1689.280042ms)
✔ dead workerPid after lane.completed does not diagnose worker_orphaned (1972.440375ms)
✔ worker_orphaned enriches launch headline from worker output log without task.failed (1938.687042ms)
✔ multiple ghost running tasks on one lane prefer spine batch abort (1897.347875ms)
✔ segment drift still diagnoses needs_retry (1362.398042ms)
✔ buildDiagnosisOutput bundles worker_orphaned headline and command (0.215208ms)
✔ isRunningWithoutActiveWorkers is false when workers are active (0.582542ms)
✔ isRunningWithoutActiveWorkers detects all-terminal tail state (0.08575ms)
✔ buildRunningTailHeadline maps macroPhase merging to operator text (0.193334ms)
✔ buildRunningTailHeadline maps gating / post-merge limbo (0.126583ms)
✔ buildHeadline preserves generic running when workers are active (0.18425ms)
✔ deriveMacroPhase uses journal merge tail when diagnosis is running without workers (0.212166ms)
✔ deriveMacroPhase stays executing when workers are active (0.06425ms)
✔ tail-state fixture reconciles without bare is running headline (1588.013208ms)
✔ tail-state headline matches batch 20260701T031142 shape via buildHeadline (0.209583ms)
✔ isCoverageArtifactPath matches extension/coverage and root coverage dirs (0.566459ms)
✔ isPathInFileScope matches exact paths and directory prefixes (0.114292ms)
✔ filterOutOfScopeCoveragePorcelain drops modified coverage outside file scope (0.1325ms)
✔ filterOutOfScopeCoveragePorcelain keeps in-scope coverage modifications (0.072583ms)
✔ restoreOutOfScopeCoverageArtifacts resets tracked coverage files (702.484417ms)
✔ resolvePostLaneCommitPorcelain restores and filters out-of-scope coverage (836.83525ms)
✔ commitLaneAndValidateWorktree succeeds when only out-of-scope coverage is dirty (1562.659209ms)
✔ commitLaneAndValidateWorktree fails when dirty without .DONE (875.350709ms)
✔ isWorktreeDeletionPorcelainLine matches unstaged deletions (0.477875ms)
✔ isSymlinkOnlyDriftPorcelain is true only for deletion-only porcelain (0.096792ms)
✔ filterSetupHookSymlinkDriftPorcelain clears deletion-only drift (0.068708ms)
✔ parseLaneWorktreeIdentity extracts batch and lane from worktree path (0.459125ms)
✔ resolvePostLaneCommitPorcelain repairs hook symlink drift (1780.143958ms)
✔ commitLaneAndValidateWorktree succeeds when hook symlink drifts after PASS (2114.335334ms)
✔ dismissBatch kills live stub worker PID and journals lane.worker_terminated (1917.197917ms)
✔ shouldRunCodeReview requires review level 2 or higher (0.5695ms)
✔ findCodeReviewStepNumber prefers step with code review checkpoint (5.004416ms)
✔ findCompletedCodeReview honors journal review.completed code APPROVE (10.080834ms)
✔ findCompletedCodeReview honors step artifact APPROVE for code review step (13.6515ms)
✔ runTaskOnLane runs engine code review for RL2 without worker nested spawn (6316.379958ms)
✔ runTaskOnLane skips engine code review when review level is 0 (5905.717916ms)
✔ runTaskOnLane skips engine code review when review level is 1 (6133.494542ms)
✔ runTaskOnLane honors journal review.completed code APPROVE without duplicate spawn (6223.489208ms)
✔ runTaskOnLane re-invokes worker after code REVISE and succeeds on APPROVE (11397.196833ms)
✔ resolveReviewSpawnTimeoutMs aligns with stall budget for M tasks (0.54325ms)
✔ runStepReview journals review.failed with review_timeout on hung spawn (325.917375ms)
✔ async reviewer spawn does not block the event loop while waiting for timeout (322.157333ms)
✔ startBatch opens integrate gate before batch.completed journal event (9189.259ms)
✔ startBatch serializes multiple tasks on one physical lane (15510.840458ms)
✔ startBatch runs disjoint-scope tasks on separate lanes in parallel (10081.350417ms)
✔ startBatch records lane commit before task.completed (9614.177833ms)
✔ runTaskOnLane emits task.failed not task.completed when lane commit fails (5918.986375ms)
✔ validateSpineConfig accepts worktreeSetupIgnorePaths (0.24575ms)
✔ engine_orphaned diagnosis suggests retry when task id known, attached resume otherwise (0.573208ms)
✔ dead engine with phase running passes validateMultiTaskResume without pause (1035.529917ms)
✔ running phase with live engine pid rejects resume without force (894.321125ms)
✔ reconcile engine_orphaned recommends attached resume for batch 20260618T191236 pattern (1871.710959ms)
✔ engine_orphaned with failedTaskId suggests retry (SP-315) (0.529542ms)
✔ reconcileOrphanRunningState transitions running task to failed with journal events (1012.788667ms)
✔ retryTask succeeds on orphan without manual pause (issue #20 trap) (757.484375ms)
✔ diagnose then retry: suggestedCommand matches working recovery path (1624.087334ms)
✔ resume --force allowed after orphan reconcile when phase was running (772.010542ms)
✔ terminateStaleDetachedEngine SIGTERM stale pid on failed resume (24.917333ms)
✔ runStepReview honors existing final PASS without re-spawn (10.422459ms)
✔ runStepReview skips review.failed journal when batch already completed (22.256084ms)
✔ startBatch lane branch has commit before merge when stub touches files (9348.715ms)
✔ startBatch completes single task with stub worker (8556.673417ms)
✔ isExplicitBatchScope treats pending as explicit (0.234625ms)
✔ startBatch all dry-run allows multi-wave pending backlog (259.112917ms)
✔ startBatch pending dry-run excludes done tasks (394.602917ms)
✔ startBatch all fails when every task has .DONE (285.303625ms)
✔ startBatch skips worker when .DONE exists on disk (2797.478541ms)
✔ resolveBatchStartScope normalizes all to pending IDs (432.057583ms)
✔ startBatch explicit IDs still allow multi-wave when scope is not bare all (305.434917ms)
✔ startBatch completes two-lane wave with stub workers (9513.032709ms)
✔ startBatch blocks merge on mixed outcomes (6148.853875ms)
✔ assessWaveMergeEligibility blocks failed and pending tasks (0.23825ms)
✔ collectCoreEvidenceBundle writes summary without complete marker (1835.202459ms)
✔ openIntegrateGate persists gate before extended evidence and journals milestones (1609.716958ms)
✔ openIntegrateGate keeps gate when extended evidence command fails (1422.438458ms)
✔ collectExtendedEvidenceBundle appends to existing refs (1070.066291ms)
✔ parseEvidenceCommandArgv accepts npm run test (1.706875ms)
✔ parseEvidenceCommandArgv preserves quoted arguments (0.142542ms)
✔ parseEvidenceCommandArgv rejects shell command chaining (0.239208ms)
✔ parseEvidenceCommandArgv rejects unknown binary (0.089917ms)
✔ runEvidenceCommand executes allowlisted argv without shell (145.17325ms)
✔ runEvidenceCommand rejects malicious config strings (0.24ms)
✔ runEvidenceCommand skips empty command (0.092417ms)
✔ runEvidenceCommand rejects disallowed build binary (0.113792ms)
✔ parseEvidenceCommandArgv rejects subshell injection (0.12325ms)
✔ collectEvidenceBundle writes summary and .complete marker atomically (1592.8775ms)
✔ collectEvidenceBundle writes rejected output for unsafe testing.test (1146.897542ms)
✔ findCompletedFinalReview honors journal review.completed final PASS (2.423875ms)
✔ findCompletedFinalReview honors latest final artifact PASS (6.270375ms)
✔ runTaskOnLane honors pre-existing worker final review without spawn failure (6522.937417ms)
✔ runTaskOnLane honors journal review.completed final PASS without duplicate spawn (6303.369ms)
✔ parseFinalReviewVerdict accepts PASS, REVISE, and REPLAN (0.875792ms)
✔ shouldRunFinalReview skips when review level is 0 (0.097959ms)
✔ runTaskOnLane skips final review when review level is 0 (6380.924458ms)
✔ runTaskOnLane journals task.verdict_recorded on PASS final review (6497.09275ms)
✔ runTaskOnLane re-invokes worker after REVISE and succeeds on PASS (11277.644875ms)
✔ runTaskOnLane caps REVISE at maxFinalAttempts with review_exhausted (15610.975375ms)
✔ runTaskOnLane fails with needs_replan and does not keep .DONE (5360.878125ms)
✔ mergeWaveLanesToOrch blocks when a wave task has exitReason needs_replan (139.38825ms)
✔ runEngineFinalReview stub writes final artifact path (1.369417ms)
✔ isUnscopedFlutterAnalyzeSegment detects bare and compound analyze commands (0.754041ms)
✔ isUnscopedFlutterAnalyzeCommand handles compound shell commands (0.138708ms)
✔ isFlutterAnalyzeTestCompoundCommand matches analyze plus test (0.109458ms)
✔ shouldCleanFlutterBuildBeforeAnalyze respects config opt-out (0.089791ms)
✔ sanitizeFlutterBuildBeforeAnalyze removes polluted build directory (310.377708ms)
✔ sanitizeFlutterBuildBeforeAnalyze is no-op when build is absent (294.997333ms)
✔ prepareContractVerifyEnvironment removes polluted build for compound analyze command (244.18425ms)
✔ polluted build does not fail verify after hygiene (242.802458ms)
✔ verifyContract cleans polluted build before unscoped flutter analyze testCommand (449.7535ms)
✔ buildTaskScorecard lists task rows (0.60225ms)
✔ openIntegrateGate persists pending gate and journals gate.opened (1575.574292ms)
✔ collectEvidenceBundle writes summary and diff-stat (1567.925209ms)
✔ approve and reject enforce gate FSM (1245.125959ms)
✔ rejectIntegrateGate journals gate.rejected (1383.1475ms)
✔ checkIntegrateGate blocks until approved (exit 2) (1176.6755ms)
✔ integrateOrchToBase fails with exit 2 when gate pending (1771.490958ms)
✔ integrateOrchToBase succeeds after gate approval (2547.264458ms)
✔ force integrate requires SPINE_ALLOW_FORCE=1 (820.914333ms)
✔ openIntegrateGateAfterBatchComplete skips non-completed batches (362.151792ms)
✔ runSpineGate CLI approve updates gate record (1407.036917ms)
✔ isGitignoredArtifactPath matches extension/coverage and node_modules (0.587458ms)
✔ listGitignoredArtifactRoots deduplicates nested artifact dirs (0.506959ms)
✔ sanitizeGitignoredArtifactsBeforeLaneCommit removes worktree-only coverage (587.45975ms)
✔ sanitizeGitignoredArtifactsBeforeLaneCommit skips when disabled (346.852625ms)
✔ commitLaneAndValidateWorktree succeeds when only extension/coverage is gitignored dirty (801.547708ms)
✔ commitLaneAndValidateWorktree succeeds when only node_modules is gitignored dirty (691.351208ms)
✔ sanitizeGitignoredArtifactsBeforeLaneCommit does not clean index-tracked gitignored paths (573.418333ms)
✔ commitLaneWorktree still fails for index-tracked gitignored coverage (510.204416ms)
✔ classifyGitignoredPaths returns empty arrays for empty input (385.799375ms)
✔ classifyGitignoredPaths detects index-tracked gitignored paths (435.378333ms)
✔ classifyGitignoredPaths detects worktree-only gitignored paths (397.152083ms)
✔ classifyGitignoredPaths handles mixed index-tracked and worktree-only (395.751959ms)
✔ formatGitignoredRemediationMessage: worktree-only does not suggest git rm --cached (0.274792ms)
✔ formatGitignoredRemediationMessage: index-tracked suggests git rm --cached (0.063458ms)
✔ formatGitignoredRemediationMessage: mixed suggests both remediation paths (0.069917ms)
✔ commitLaneWorktree: worktree-only gitignored does not suggest git rm --cached (561.978292ms)
✔ commitLaneWorktree: index-tracked gitignored still suggests git rm --cached (662.1135ms)
✔ regression: SP-011 worktree-only coverage after npm test does not suggest git rm --cached (525.201709ms)
✔ isGitignoredArtifactPath matches graphify-out hook output (0.516584ms)
✔ listGitignoredArtifactRoots deduplicates nested graphify-out paths (0.583291ms)
✔ sanitizeGitignoredArtifactsBeforeLaneCommit removes worktree-only graphify-out (451.764458ms)
✔ commitLaneAndValidateWorktree succeeds when only graphify-out is gitignored dirty (777.828875ms)
✔ resolveHeartbeatKind marks launching as worker_alive only (0.662916ms)
✔ shouldEmitCheckpointWarning skips launching phase (0.153458ms)
✔ buildHeartbeatPayloadFields omits stale checkpoint signals during launching (0.087833ms)
✔ recordLaneHeartbeat journals kind and phase (125.498ms)
✔ runWorker launching heartbeat does not journal stale STATUS mtime on fast-fail retry (5291.201125ms)
✔ resolveStallConfig applies lane overrides (0.204375ms)
✔ progressSignalsChanged detects STATUS mtime updates (148.741667ms)
✔ computeStallDeadline extends past hard timeout after progress (0.191625ms)
✔ stall false positive avoided when STATUS updates extend deadline (I-01) (0.121542ms)
✔ findLatestStepCompletedMs returns newest matching task.step_completed (0.176333ms)
✔ progressSignalsChanged detects journal task.step_completed (silent tools) (229.124625ms)
✔ activitySignalsChanged detects file-scope mtime updates (FR-WORK-10 / FR-STALL-02) (208.643125ms)
✔ startBatch records lane.heartbeat during stub worker delay (8569.86575ms)
✔ startBatch persists baseBranchHeadAtStart and journals batch.base_snapshot (9086.844959ms)
✔ isFastForwardCapableIntegrate detects orch ahead of main (#93) (661.055583ms)
✔ integrateOrchToBase fast-forwards when orch is strictly ahead (#93 batch 20260702T071449) (3380.830042ms)
✔ integrateOrchToBase fast-forwards with generatedAt-only rules-manifest drift on main (#93) (3157.237208ms)
✔ recordBatchBaseSnapshot stores head sha and journals batch.base_snapshot (489.430125ms)
✔ integrateOrchToBase succeeds with uncommitted edits on main (2646.048959ms)
✔ integrateOrchToBase conflict path leaves human checkout and files unchanged (2675.834667ms)
✔ integrateOrchToBase succeeds with uncommitted edits on feature branch (non-base) (3318.709667ms)
✔ integrateOrchToBase dry-run advertises isolated merge plan (725.107625ms)
✔ resolveRulesManifestIntegrateDrift restores main when worker manifest matches orch (#22) (984.324917ms)
✔ integrateOrchToBase succeeds with worker manifest drift on main matching orch (#22) (3046.495959ms)
✔ resolveRulesManifestIntegrateDrift blocks unrelated dirty files on main (565.589083ms)
✔ resolveRulesManifestIntegrateDrift blocks substantive manifest drift not matching orch (521.778167ms)
✔ resolveRulesManifestIntegrateDrift still clears generatedAt-only drift on main (778.764167ms)
✔ resolveRulesManifestIntegrateDrift clears generatedAt-only dirty manifest on main (729.230167ms)
✔ integrateOrchToBase succeeds with dirty generatedAt-only rules-manifest on main (2952.52625ms)
✔ inspectHumanBaseSync reports integrate_isolated_ok after plumbing integrate leaves HEAD behind (5108.812083ms)
✔ inspectHumanBaseSync reports human_base_diverged when human commits overlap orch paths (2334.1945ms)
✔ spine sync-base CLI merges landed main into feature branch (3237.822125ms)
✔ DEFAULT_SYNC_TIMEOUT_MS is 60 seconds (0.480625ms)
✔ syncPlumbingMergePathsToWorktree returns ok: true on successful sync (591.829584ms)
✔ syncPlumbingMergePathsToWorktree returns ok: false with timedOut on timeout (406.379333ms)
✔ integrateOrchToBase emits integrate.failed with IntegrateTimeout on sync timeout (3071.624167ms)
✔ successful integrate still emits integrate.completed (regression) (2485.048875ms)
✔ partial sync failure returns ok: false with correct failureClass from integrateOrchToBase (2216.582541ms)
✔ syncPlumbingMergePathsToWorktree succeeds when worktree has paths not in HEAD (861.481834ms)
✔ syncPlumbingMergePathsToWorktree restores paths that exist in merge commit (963.031167ms)
✔ syncPlumbingMergePathsToWorktree skips diff paths absent from merge commit (980.625625ms)
✔ assertOrchIntegratable refuses empty orch when mergeResults claim success (342.766416ms)
✔ assertOrchIntegratable requires integrate when orch is ahead of base (731.140167ms)
✔ reconcileBatch reports needs_integrate when batch completed but orch not on main (1666.594792ms)
✔ completeBatch refuses when orch is ahead but not integrated (1393.921ms)
✔ integrateOrchToBase merges orch into main and journals events (2377.014ms)
✔ integrateOrchToBase dry-run does not change main HEAD (701.228708ms)
✔ completeBatch succeeds after integrate lands orch on main (3527.231125ms)
✔ integrateOrchToBase aborts merge on conflict and restores checkout (2311.272167ms)
✔ integrateOrchToBase fails when batch state is missing (0.254208ms)
✔ runSpineIntegrate CLI succeeds when orch tip already matches main (354.285583ms)
✔ PRD §20.2 planner yields wave0 {A,C} and wave1 {B} (767.357833ms)
✔ PRD §20.2 two-lane stub batch completes ABC waves (16224.587708ms)
✔ PRD §20.2 mixed-outcome blocks merge; retry resets wave B for resume (12393.721833ms)
✔ runStepReview with worker attach env does not journal when attach suppressed (16.2985ms)
✔ runSpineReviewStep with worker attach env does not journal when attach suppressed (4.616167ms)
✔ runSpineReportProgress with worker attach env does not journal when attach suppressed (1.109292ms)
✔ readJournalEventsCached returns same events as readJournalEvents (20.652375ms)
✔ readJournalEventsCached returns cached copy on second call without file change (10.061375ms)
✔ readJournalEventsCached invalidates when file mtime changes (15.008208ms)
✔ readJournalEventsCached returns empty array for missing file (1.384333ms)
✔ clearJournalCache forces re-read on next call (25.5725ms)
✔ invalidateJournalCache with matching path clears cache (15.367708ms)
✔ invalidateJournalCache with non-matching path preserves cache (11.228583ms)
✔ readJournalEventsCached handles transition from missing to existing file (16.83525ms)
✔ readJournalEventsCached handles switch between different batch IDs (17.812958ms)
✔ runSpineJournal replay exits non-zero when journal missing (5.106709ms)
✔ runSpineJournal replay prints human table (59.6265ms)
✔ runSpineJournal replay --json returns events array (44.050375ms)
✔ exportJournalJsonl returns null when journal missing (2.90825ms)
✔ runSpineJournal export exits non-zero when journal missing (0.879667ms)
✔ runSpineJournal export writes jsonl to stdout (30.142958ms)
✔ runSpineJournal export --output writes file (23.042333ms)
✔ exportJournalMarkdown returns null when journal missing (3.291791ms)
✔ formatJournalMarkdownTimeline produces stable table shape (1.468ms)
✔ formatJournalMarkdownTimeline escapes pipe characters in summary (0.109542ms)
✔ runSpineJournal export markdown exits non-zero when journal missing (7.032125ms)
✔ runSpineJournal export writes markdown to stdout (28.514583ms)
✔ runSpineJournal export markdown --output writes file (12.796792ms)
✔ detectBatchStateDrift flags running cache when reconcile sees doneInLane without journal terminal (0.73775ms)
✔ deriveStructuralBatchStateFromJournal rebuilds multi-lane skeleton without cache seed (1.993875ms)
✔ resume-parallel-lane-orphan fixture: journal-only rebuild marks resumed tasks running (1.200625ms)
✔ orphan-running-resume fixture: structural + lifecycle rebuild without seed (0.431375ms)
✔ pidless-ghost-running fixture: post-resume task.started wins over historical failure (0.284542ms)
✔ resume-orphan-historical-failure fixture: rebuild ignores pre-resume failure for active task (0.257041ms)
✔ retry-clears-failed-classification fixture: rebuild fixes stale failed cache (0.420541ms)
✔ retry-clears-failed-classification fixture: detectBatchStateDrift flags cache vs journal (0.531792ms)
✔ incident fixtures rebuild from disk matches in-memory journal rebuild (288.190584ms)
✔ readJournalTimeline filters task and batch lifecycle events (0.504166ms)
✔ rebuildBatchStateFromJournal applies task.completed over stale failed cache (1.088583ms)
✔ detectBatchStateDrift flags journal completed vs cache failed (0.288291ms)
✔ detectBatchStateDrift ignores incomplete journal when cache failed (0.136ms)
✔ incident orphan-running fixture: journal timeline is readable (315.09375ms)
✔ appendJournalEvent writes schema v1 with ISO timestamp and payload (30.1405ms)
✔ readLastTaskFailedEvent returns most recent task.failed (25.470083ms)
✔ redactSecrets masks sensitive keys (0.36975ms)
✔ capPayloadSize truncates oversized payloads (0.153417ms)
✔ normalizeJournalEvent upgrades legacy lines (0.094375ms)
✔ readJournalEvents reads mixed legacy and v1 lines (9.941375ms)
✔ extractJournalDiagnosisHints surfaces failure events from tail (0.343667ms)
✔ commitLaneWorktree commits dirty worktree when .DONE exists (745.900041ms)
✔ commitLaneWorktree fails loud when dirty without .DONE (375.465667ms)
✔ filterPorcelain drops lines matching ignore patterns by full path (0.252042ms)
✔ filterPorcelain drops lines matching ignore patterns by basename (0.086875ms)
✔ filterPorcelain keeps rename targets when only source matches ignore (0.073917ms)
✔ filterPorcelain returns empty for empty input (0.06025ms)
✔ mergeLaneToOrch rejects empty merge when lane commits were required (486.445917ms)
✔ mergeLaneToOrch prefers orch for conflicts outside lane file scope (1231.864583ms)
✔ mergeLaneToOrch does not auto-resolve in-scope lane conflicts (1077.681375ms)
✔ dismiss archives batch-state before clearing active file (1116.484625ms)
✔ complete with --detect-manual-merge succeeds when orch merged to main (1353.96475ms)
✔ complete refused when mergeResults succeeded but orch not on main (4422.322917ms)
✔ dismiss refused when diagnosis is running without --force (975.102417ms)
✔ isPostMergeLimbo is true when tasks and merges succeeded with open orch branch (0.4875ms)
✔ isPostMergeLimbo rejects non-running or ended batches (0.080333ms)
✔ isPostMergeLimbo rejects empty or partial task/merge state (0.070792ms)
✔ isPostMergeLimbo respects git orch branch signals (0.5545ms)
✔ isPostMergeLimbo rejects null or non-object state (0.065417ms)
✔ resolveWorkerOutputConfig defaults live log streaming off (0.5975ms)
✔ workerLiveLogPath matches runtime layout (0.089416ms)
✔ truncateLiveLogBytes applies truncation marker when over cap (0.160042ms)
✔ appendWorkerLiveLogChunk redacts secrets and enforces byte cap (5.367125ms)
✔ createWorkerLiveLogWriter returns null when streaming disabled (0.212709ms)
✔ runWorker streams subprocess stub output to live log when enabled (5042.751167ms)
✔ runWorker skips live log when streamWorkerOutputLive is false (5051.227791ms)
✔ runWorker still writes terminal failure log when live streaming enabled (5099.577125ms)
✔ startAgentSessionWorker flushes transcript chunks to live log (17.304125ms)
✔ appendWorkerLiveLogChunk rolls file with truncation marker when over max bytes (1.912ms)
✔ MACRO_PHASES exports all eleven lifecycle values (0.932625ms)
✔ deriveMacroPhase: idle when no batch signals (0.098ms)
✔ deriveMacroPhase: planning from batch phase (0.111875ms)
✔ deriveMacroPhase: executing for active running batch (0.092625ms)
✔ deriveMacroPhase: merging phase and needs_merge diagnosis (0.062292ms)
✔ deriveMacroPhase: reviewing when review.started is open (0.130458ms)
✔ deriveMacroPhase: gating for pending gate or post-merge limbo (0.062334ms)
✔ deriveMacroPhase: integrating for needs_integrate and open integrate.started (0.087792ms)
✔ deriveMacroPhase: completed, failed, aborted, paused terminal phases (0.091792ms)
✔ fixture running-batch.json reconciles to executing macro-phase (1184.357167ms)
✔ fixture taskplane-executing.json maps to executing (0.361041ms)
✔ fixture needs-retry-batch.json maps to failed macro-phase (1047.239209ms)
✔ fixture limbo-stale maps to completed macro-phase (1252.378375ms)
✔ all macro-phase enum values are reachable via deriveMacroPhase (0.252417ms)
✔ recordMergeBlocked sets terminal merge_blocked phase and clears enginePid (226.52375ms)
✔ reconcileBatch diagnoses merge_blocked as failed merge, not needs_merge (1169.878666ms)
✔ legacy merging phase with endedAt and failed mergeResults reconciles as failed (1128.29175ms)
✔ findResumableWave skips succeeded merged waves when later wave has pending tasks (0.537917ms)
✔ validateMultiTaskResume allows force resume from merge_blocked (667.063166ms)
✔ buildSuggestedCommand recommends resume --force for merge_blocked phase (0.2835ms)
✔ summarizeMergeFailures extracts failed wave and lane from mergeResults (0.589875ms)
✔ buildMergeFailureHeadline uses 1-based wave number and lane label (0.15325ms)
✔ buildHeadline for failed diagnosis surfaces merge conflict instead of zero failed tasks (0.202958ms)
✔ buildSuggestedCommand for merge failure suggests resume --force (0.122875ms)
✔ buildDiagnosisOutput bundles merge failure headline and command (0.177792ms)
✔ reconcileBatch surfaces merge failure fields distinct from failedTasks (1175.284166ms)
✔ spine status --json includes merge failure fields for monitors (1390.266042ms)
✔ spine status --diagnose prints merge failure details in text output (1149.018416ms)
✔ filterGitignoredPaths separates ignored and stageable paths (383.844542ms)
✔ gitAddFilteredPaths skips gitignored paths without failing (551.068166ms)
✔ mergeLaneToOrch succeeds when task branch committed gitignored coverage (1956.55575ms)
✔ commitLaneWorktree refuses gitignored-only dirty paths (527.779125ms)
✔ commitLaneWorktree commits tracked files while skipping gitignored dirty paths (694.860584ms)
✔ inferMergeGitignoredFailure detects gitignored merge and lane commit failures (0.240167ms)
✔ buildSuggestedCommand returns git rm --cached repair for gitignored merge failures (0.204875ms)
✔ reconcileBatch surfaces gitignored merge repair command from journal (1056.184791ms)
✔ filterPorcelain remains unchanged for SP-104 ignore patterns (0.341291ms)
✔ mergeLaneToOrch auto-resolves additive docs/PRD.md after origin/main merge task (1982.12875ms)
✔ mergeLaneToOrch fails PRD merge with recovery commands when hunks overlap (1322.3615ms)
✔ formatPrdDocMergeFailure names file and wave recovery (0.213875ms)
✔ isActiveWorkerSession true when SPINE_WORKER_RUNNER is set (0.618708ms)
✔ isActiveWorkerSession false outside worker context (0.085208ms)
✔ runStepReview skips nested reviewer spawn when worker env is set (54.016875ms)
✔ runStepReview skips nested plan review spawn when worker env is set (39.6065ms)
✔ runStepReview stub path still works inside worker session (5.462458ms)
✔ runStepReview reaches pi availability check when worker env absent (4.716125ms)
✔ engine parent with leaked worker runner reaches reviewer spawn (3.110167ms)
✔ batch 20260619T020951 SP-306 plan step 0 journals review.skipped not review.failed (23.829ms)
✔ detectNestedWorkerContext returns reason when SPINE_IS_WORKER=1 (0.595625ms)
✔ detectNestedWorkerContext returns reason when projectRoot is inside .worktrees/spine-* (0.126292ms)
✔ detectNestedWorkerContext returns null for normal projectRoot without worker env (0.113041ms)
✔ startBatch returns error when SPINE_IS_WORKER=1 (9.447333ms)
✔ startBatch returns error when projectRoot is inside .worktrees/spine-* (13.14175ms)
✔ startBatch succeeds normally (no env, normal CWD) — regression (8944.73025ms)
✔ buildWorkerChildEnv includes SPINE_IS_WORKER=1 (2.497709ms)
✔ journalEventsSinceResume excludes pre-resume terminal events (1.196583ms)
✔ detectOrphanRunning: historical task.failed + post-resume silence + dead engine (0.457542ms)
✔ resume orphan with historical failure fixture is not diagnosed as running (1422.736209ms)
✔ terminal event within scoped window still suppresses engine orphan (0.60525ms)
✔ journalIndicatesStalledSession: post-resume start without terminal (0.686792ms)
✔ detectOrphanRunning: PID-less ghost running with post-resume journal stall (0.376334ms)
✔ pidless ghost fixture reconcile is engine_orphaned, not running (1063.164459ms)
✔ terminal event within scoped window suppresses PID-less ghost signal (0.356375ms)
✔ isProcessAlive returns false for absent pid (0.527292ms)
✔ resume parallel lane orphan fixture: multiple running on lane 1 (0.823583ms)
✔ resume parallel lane orphan fixture: reconcile is actionable after scoped orphan detect (1082.094083ms)
✔ searchATon orphan incident fixture: dead workerPid is not diagnosed as running (1096.662625ms)
✔ dead workerPid with running task is not diagnosed as running (1044.392583ms)
✔ dead enginePid mid-resume without terminal journal is engine_orphaned (1125.427041ms)
✔ running batch without recorded pids still reports running (1104.17725ms)
✔ detectOrphanRunning ignores dead engine when terminal journal exists (0.204042ms)
✔ recordBatchEnginePid persists under resilience and clears on terminal save (263.040084ms)
✔ confirmed pause records batch.paused only after engine persists phase (207.580666ms)
✔ unconfirmed pause does not leave orphan batch.paused journal entry (442.702542ms)
✔ pauseBatch succeeds immediately when no attached engine is alive (184.437042ms)
✔ pauseBatch fails loud when attached engine keeps phase running (533.849ms)
✔ waitForPauseConfirmation returns true when phase stays paused (273.262833ms)
✔ retryTask succeeds when batch phase is paused (193.689042ms)
✔ retryTask rejects when batch phase is running (186.483708ms)
✔ resolveAttachedMilestonePollMs defaults to 2000ms when config omitted (0.523625ms)
✔ resolveSequencePollMs defaults to 5000ms when config omitted (0.094541ms)
✔ resolveDashboardPollMs defaults to 2000ms when config omitted (0.068542ms)
✔ resolveAttachedMilestonePollMs honors orchestrator.attachedMilestonePollMs override (0.0665ms)
✔ resolveSequencePollMs honors orchestrator.sequencePollMs override (0.064541ms)
✔ resolveDashboardPollMs honors orchestrator.dashboardPollMs override (0.059125ms)
✔ validateOrchestratorConfig rejects invalid poll values (0.149459ms)
✔ validateSpineConfig accepts orchestrator poll overrides (0.242125ms)
✔ waitForSequenceBatchTerminal uses 5000ms default poll interval (0.081333ms)
✔ batch 20260630T212050 orphan-after-merge fixture describes GitHub #59 incident (0.707458ms)
✔ batch 20260630T212050 journal fixture is limbo via resume detect but not bare state (529.59325ms)
✔ hydrateMergeResultsFromJournal enables state limbo detection for batch 20260630T212050 (248.345167ms)
✔ finalizeAttachedLandLoopBeforeExit opens gate for batch 20260630T212050 journal limbo (2056.227166ms)
✔ installAttachedExitFinalizeHandlers finalizes journal limbo on SIGTERM without manual resume (2391.349792ms)
✔ batch 20260629T021550 fixture is post-merge limbo without gate (287.589459ms)
✔ attemptPostMergeLandLoopHandoff finalizes batch 20260629T021550 limbo after SIGTERM (1356.163792ms)
✔ resumeBatchDetached --force finalizes post-merge limbo without spawning engine (1677.032833ms)
✔ resumeBatch attached path finalizes batch 20260629T021550 limbo immediately (1741.772791ms)
✔ resumeMultiTaskBatch still finalizes batch 20260629T021550 after orphan_terminated (1652.17975ms)
✔ finalizeResumePostMergeLimbo clears stale engine pid during post-merge limbo (1378.174208ms)
✔ isPostMergeLimbo detects running phase with successful merges (0.502291ms)
✔ deriveDiagnosis returns needs_integrate for post-merge limbo (0.404875ms)
✔ finalizeBatchForIntegrate opens gate from post-merge limbo without resume (1227.877875ms)
✔ resumeMultiTaskBatch opens gate from post-merge limbo without re-running tasks (1476.80475ms)
✔ mixed-outcome post-mortem lists failed IDs and retry hint, not smooth success (1081.042334ms)
✔ false-success reconciliation headline is overridden when failures exist (0.381083ms)
✔ listFailedTaskIds prefers classified terminal-failure tasks (0.54275ms)
✔ collectEvidenceBundle summary.md is honest post-mortem markdown (1191.681958ms)
✔ dismissBatch writes post-mortem path into batch history (1276.177834ms)
✔ writeBatchPostMortem persists markdown under runtime batch dir (1293.362542ms)
✔ spine status --verbose includes post-mortem section for active batch (1072.142041ms)
✔ resolveStallConfig defaults progressSnapshotIntervalMinutes to 2 (0.537333ms)
✔ resolveStallConfig applies progressSnapshotIntervalMinutes override (0.07625ms)
✔ buildProgressSnapshotPayload is bounded and omits dirty path lists (0.51175ms)
✔ progressSnapshotPayloadChanged detects field deltas (0.101042ms)
✔ shouldEmitProgressSnapshot respects interval (0.076667ms)
✔ recordLaneProgressSnapshot journals bounded payload (71.956375ms)
✔ runWorker emits lane.progress_snapshot on interval and dedupes unchanged signals (10109.2105ms)
✔ startBatch fails closed on invalid PROMPT before batch starts (295.026209ms)
fatal: malformed object name missing-base-branch
✔ inspectGitState records gitInspectionError when merged-branch scan fails (327.414125ms)
✔ deriveDiagnosis returns git_unavailable when git inspection failed (0.432459ms)
✔ reconcileBatch surfaces git_unavailable instead of limbo_stale on git failure (1046.429958ms)
fatal: malformed object name missing-base-branch
✔ reconcileBatch records count_commits_ahead git errors from real git refs (1434.535083ms)
✔ idle-no-batch returns healthy idle state (236.574958ms)
✔ limbo_stale detected from incident fixture (1158.101916ms)
✔ completed_manual when orch branch merged to main (1382.648291ms)
✔ needs_retry when a task failed (1105.900375ms)
✔ running diagnosis for active batch (1134.229625ms)
✔ runReconciliationCheck matches reconcileBatch output shape (1064.513833ms)
✔ reconcileBatch includes journal hints when journal exists (928.168833ms)
✔ reconcileBatch exposes macroPhase for running batch (852.061792ms)
✔ reconcileBatch exposes macroPhase for limbo_stale (913.664458ms)
✔ failBatchFromEngineError writes batch.failed and clears enginePid (276.864042ms)
✔ reconcileGhostRunningTasks marks running tasks failed without worker (0.211125ms)
✔ resumeMultiTaskBatch fail-closed when post-commit gitPorcelain throws (6385.442125ms)
✔ resumeBatch opens integrate gate before batch.completed journal event (7268.937458ms)
✔ refreshLaneHeartbeatsOnResume aligns lane heartbeats to engineStartedAt (0.573083ms)
✔ taskAlreadyComplete returns false for failed task with stale .DONE on disk (0.521666ms)
✔ resumeBatch after failed retry runs contract verification before succeed (2941.248709ms)
✔ resumeBatch continues paused 2-task 2-lane batch with stub workers (8903.718708ms)
✔ resumeBatch multi path requires existing lane worktrees (369.302792ms)
✔ multi-task batch start → pause → resume completes both tasks (9496.95175ms)
✔ paused multi-task batch diagnose suggests multi-task resume (1035.378167ms)
✔ multi-task startBatch completes two-lane stub batch (start path) (7872.42875ms)
✔ resumeBatch serializes four tasks on one lane (23955.767166ms)
✔ resumeBatch runs two lanes with two tasks each in parallel (14558.37825ms)
✔ validateMultiTaskResume accepts paused 2-task 2-lane batch (640.764541ms)
✔ validateMultiTaskResume rejects batch with zero tasks (303.420541ms)
✔ validateMultiTaskResume rejects missing worktree per lane (510.177625ms)
✔ validateMultiTaskResume allows force resume when wave merge is pending (666.817375ms)
✔ validateResumeBatch delegates to multi validator for single-task batch (461.913875ms)
✔ resolveDetachedWaitTimeoutMs uses long default for wait-terminal orphan resume (0.513833ms)
✔ prepareOrphanResumeHandoff clears stale workerPid before orphan resume (246.486334ms)
✔ clearStaleLaneWorkerPids preserves live worker pid (191.748708ms)
✔ dual-dead lane+engine orphan reconciles as engine_orphaned with attached resume (1154.589916ms)
✔ attached resume --force completes stuck task after plan review orphan stall (8086.279542ms)
✔ detached resume with wait-terminal uses extended timeout constant (0.157792ms)
✔ taskTerminalSuccessInBatch requires succeeded status and journal task.completed (0.542041ms)
✔ resume --force after partial retry does not review.start succeeded task IDs (9121.517792ms)
✔ resume-validation leaf does not import reconcile.mjs (0.795875ms)
✔ isTaskResumable accepts pending, running, and resumable segments (0.139709ms)
✔ computePendingTasks filters to resumable tasks only (0.083584ms)
✔ findResumableWave skips succeeded merged waves when later wave has pending tasks (0.178708ms)
✔ detectPostMergeLimboFromResumeSignals uses state mergeResults without journal (0.176792ms)
✔ detectPostMergeLimboFromResumeSignals detects journal-only limbo when mergeResults empty (0.084958ms)
✔ detectPostMergeLimboFromResumeSignals rejects when gate already exists (0.065667ms)
✔ classifyTasksForOrphanDetect maps running status to running classification (0.502708ms)
✔ pauseBatch sets phase paused and journals batch.paused (274.666417ms)
✔ resumeBatch continues paused single-lane batch (7529.79675ms)
✔ paused spine batch reconciliation suggests spine batch resume (915.608167ms)
✔ validateBatchState requires segments aligned with tasks (0.23475ms)
✔ retryTask clears stale failure metadata before re-run (232.324875ms)
✔ retry then task.completed updates counters and reconcile diagnosis (1024.380709ms)
✔ retry-clears-failed-classification fixture reconciles after success state (867.501125ms)
✔ retryTask atomically resets task and segment records (284.67275ms)
✔ retryTask fixes segment drift (GAP-RETRY-01) (215.935875ms)
✔ resumeBatch refuses segment drift without retry (286.668166ms)
✔ skipTask marks task skipped and updates counters (161.039ms)
✔ retryTask rejects when batch is running (137.8825ms)
✔ defaultSegmentId used in segment records (0.166291ms)
✔ detectOrphanedReviewStarted finds orphaned review.started with no matching review.completed (0.671125ms)
✔ detectOrphanedReviewStarted returns empty when review.completed exists (0.0895ms)
✔ detectOrphanedReviewStarted distinguishes code and final review types (0.076625ms)
✔ reconcileOrphanedReviewEvents synthesizes completion when APPROVE artifact on disk (22.574333ms)
✔ reconcileOrphanedReviewEvents does NOT synthesize when no artifact on disk (2.627333ms)
✔ reconcileOrphanedReviewEvents does NOT synthesize for REVISE verdict (2.636333ms)
✔ findCompletedCodeReview honors artifact at attempt > 0 (1.955667ms)
✔ normal review flow (no crash) still works correctly (0.156042ms)
✔ reconcileOrphanedReviewEvents handles final review with PASS verdict (18.9135ms)
✔ buildReviewerSystemPrompt includes project standards when rules manifest exists (17.980583ms)
✔ buildReviewerSystemPrompt emits reviewer.rules_selected journal event (12.445542ms)
✔ buildReviewRequest user prompt does not include injected standards block (0.269125ms)
✔ runStepReview stub path does not emit reviewer.rules_selected (15.789916ms)
✔ isNoiseReviewScopePath matches runtime artifact paths (0.647667ms)
✔ filterReviewScopeNoise dedupes and drops noise (0.485375ms)
✔ resolvePlanReviewScopePaths returns PROMPT File Scope minus noise (1.565875ms)
✔ resolveReviewScopePaths plan uses task PROMPT file scope (1.1105ms)
✔ resolveReviewScopePaths final returns empty scope (0.077417ms)
✔ resolveCodeReviewScopePaths uses baseline..HEAD when baseline provided (226.601334ms)
✔ resolveCodeReviewScopePaths falls back to git diff --name-only without baseline (202.847792ms)
✔ resolveReviewScopePaths code honors injectable git runner (0.242417ms)
✔ resolveCodeReviewScopePaths returns empty array when git fails (0.0955ms)
✔ parseReviewLevel reads PROMPT heading (0.63275ms)
✔ isReviewTypeRequired follows Taskplane rubric (0.077708ms)
✔ formatReviewTimestamp strips separators from ISO time (1.067208ms)
✔ buildReviewArtifactPath uses step-timestamp pattern (0.33975ms)
✔ buildFinalReviewArtifactPath uses final-timestamp pattern (0.1835ms)
✔ normalizeVerdict maps enums by review type (0.091167ms)
✔ normalizeFinalVerdict and normalizeCodeVerdict are type-specific aliases (0.076459ms)
✔ parseReviewVerdict reads JSON and markdown verdicts (0.50075ms)
✔ parseReviewVerdict accepts PASS REVISE REPLAN when reviewType is final (0.101333ms)
✔ parseReviewVerdict step mode rejects final-only verdict enums (0.167708ms)
✔ parseFinalReviewVerdict accepts PASS, REVISE, and REPLAN (0.124834ms)
✔ parseFinalReviewVerdict omits heading summary unlike parseReviewVerdict (0.092875ms)
✔ shouldRunCodeReview requires review level 2 or higher (0.065459ms)
✔ shouldRunFinalReview skips when review level is 0 (0.061708ms)
✔ DEFAULT_REVIEW_SPAWN_TIMEOUT_MS is 90 minutes (0.449291ms)
✔ honorReviewSpawnFailureWhenEligible honors final review when contract passed (2.392875ms)
✔ honorReviewSpawnFailureWhenEligible skips when contract failed (0.503917ms)
✔ honorReviewSpawnFailureWhenEligible honors code review with .DONE (1.181125ms)
✔ buildReviewerPiArgs includes --model when config pins reviewer (3.580209ms)
✔ buildReviewerPiArgs omits --model when reviewer model is inherit (1.426792ms)
✔ buildReviewerPiArgs uses per-type model override for matching reviewType (1.306333ms)
✔ buildReviewerPiArgs falls back to top-level reviewer pin when per-type block missing (1.243875ms)
✔ buildReviewerPiArgs cascades per-type inherit to top-level reviewer pin (1.232375ms)
✔ spawnReviewerPi fails closed when pi unavailable via SPINE_REVIEW_TEST_NO_PI (1.346ms)
✔ buildReviewerChildEnv strips SPINE_WORKER_RUNNER from reviewer child env (0.358417ms)
✔ shouldBlockNestedReviewerSpawn false when only worker runner leaked on engine (0.099666ms)
✔ spawnReviewerPi allows engine spawn when worker runner leaked without journal attach (1.621375ms)
✔ shouldBlockNestedReviewerSpawn true inside live worker child session (0.182458ms)
✔ parseReviewLevel reads PROMPT heading (0.678125ms)
✔ isReviewTypeRequired follows Taskplane rubric (0.083666ms)
✔ buildReviewArtifactPath uses step-timestamp pattern (1.38825ms)
✔ buildFinalReviewArtifactPath uses final-timestamp pattern (0.151375ms)
✔ parseReviewVerdict reads JSON and markdown verdicts (0.553833ms)
✔ parseReviewVerdict accepts PASS REVISE REPLAN when reviewType is final (0.154959ms)
✔ parseReviewVerdict step mode rejects final-only verdict enums (0.097375ms)
✔ parseReviewVerdict accepts PASS REVISE REPLAN for final review type (0.068292ms)
✔ resolveBatchJournalContext ignores SPINE_BATCH_ID without SPINE_JOURNAL_ATTACH (0.19675ms)
✔ isJournalAttachBlocked honors SPINE_SUPPRESS_JOURNAL_ATTACH (0.128792ms)
✔ resolveBatchJournalContext blocked when attach suppressed (0.106ms)
✔ runStepReview ignores SPINE_REVIEW_STUB_FAIL without stub mode (9.922ms)
✔ runStepReview stub APPROVE writes artifact and journal events (17.966125ms)
✔ runStepReview stub REVISE returns exitCode 2 (3.058667ms)
✔ runStepReview fail-closed on stub spawn failure (13.6395ms)
✔ runStepReview skips when review level does not require type (2.117417ms)
✔ runStepReview final stub PASS writes final artifact path (3.657375ms)
✔ runStepReview final spawn failure exits non-zero at review level >= 1 (2.296958ms)
✔ runSpineReviewStep CLI --type final emits JSON verdict (2.74625ms)
✔ runSpineReviewStep CLI emits JSON verdict (14.542625ms)
✔ assertReviewToolAvailable fails closed without pi at review level > 0 (2.660459ms)
✔ runWorker fails closed when review tool unavailable at level > 0 (11.987334ms)
✔ stub worker stops when enforced review spawn fails (69.019917ms)
✔ DEFAULT_REVIEW_SPAWN_TIMEOUT_MS remains 90 minutes (backstop unchanged) (0.441834ms)
✔ runStepReview honors on-disk APPROVE while pi hangs — seconds not stall timeout (272.043834ms)
✔ resolveReviewerModelPin returns per-type override when set (0.556875ms)
✔ resolveReviewerModelPin falls back to top-level when per-type block missing (0.165333ms)
✔ resolveReviewerModelPin cascades per-type inherit to top-level pin (0.070958ms)
✔ resolveReviewerModelPin returns null for top-level inherit (0.0825ms)
✔ resolveReviewerModelPin returns null when reviewer block absent (0.074667ms)
✔ resolveReviewerThinkingPin returns per-type override when set (0.089875ms)
✔ resolveReviewerThinkingPin falls back to top-level when per-type block missing (0.059625ms)
✔ resolveReviewerThinkingPin cascades per-type inherit to top-level pin (0.050167ms)
✔ resolveReviewerThinkingPin returns null for off at any level (0.080875ms)
✔ resolveReviewerThinkingPin returns null when reviewer block absent (0.112375ms)
✔ resolveRulesManifestGeneratedAtMerge keeps newest generatedAt (0.626375ms)
✔ resolveRulesManifestGeneratedAtMerge fails when rules differ (0.091084ms)
✔ fingerprintRulesManifest ignores generatedAt (0.067625ms)
✔ mergeLaneToOrch clears generatedAt-only dirty rules-manifest before merge (1273.051333ms)
✔ mergeLaneToOrch auto-resolves generatedAt-only rules-manifest conflict (1155.886208ms)
✔ mergeLaneToOrch fails loud when rules[] differ (1317.496292ms)
✔ mergeLaneToOrch does not auto-resolve when other paths conflict (1036.337667ms)
✔ tryAutoResolveRulesManifestMergeConflict resolves in-progress merge (763.89575ms)
✔ appendTaskMetric writes TaskMetricRecord JSONL line (5.598709ms)
✔ buildTaskMetricRecord includes laneNumber and durationMs when available (0.221958ms)
✔ buildTaskMetricRecord omits laneNumber when not a positive lane (0.128833ms)
✔ metrics.enabled false skips append without error (1.617916ms)
✔ resolveTaskMetricOutcome maps skipped_done_on_disk to skipped (0.188625ms)
✔ appendTaskMetric redacts secret-like fields and omits prompt text (1.727334ms)
✔ skipTaskDoneOnDisk records skipped task metric (25.691666ms)
✔ appendBatchMetric writes BatchMetricRecord JSONL line (6.806625ms)
✔ recordBatchTerminalMetric skips when metrics disabled (0.60975ms)
✔ dismissBatch appends batch metric line (698.57675ms)
✔ spine metrics show filters by batch and formats table output (2.031834ms)
✔ spine metrics show CLI filters by batch id (95.01375ms)
✔ resolveSalvageConfig defaults autoCommitOnStall to false (0.533625ms)
✔ validateSpineConfig rejects non-boolean autoCommitOnStall (0.475917ms)
✔ recordTaskFailureSalvage with autoCommitOnStall commits scoped paths on lane branch (626.167125ms)
✔ recordTaskFailureSalvage without autoCommitOnStall does not commit (385.58ms)
✔ salvage commit refuses merge_in_progress and index_conflicts (535.705292ms)
✔ salvage commit refuses pre-commit hook failure (466.995167ms)
✔ atomic retry retains salvage WIP commit on lane branch (664.188542ms)
✔ inspectLaneSalvage scopes porcelain to file scope and task folder (217.307792ms)
✔ recordTaskFailureSalvage journals inspection and writes evidence without committing (422.995125ms)
✔ writeSalvageEvidence writes pretty JSON atomically without temp files (185.258625ms)
✔ startBatch worker failure with dirty scoped file emits salvage and diagnose hint (7403.025916ms)
✔ parseSequenceArgs honors --auto-approve-gate and --force (0.634292ms)
✔ spine run sequence --auto-approve-gate dry-run succeeds under stub (380.388292ms)
✔ spine run sequence --auto-approve-gate refused for real pi without --force (418.159458ms)
✔ spine run sequence --auto-approve-gate --force dry-run succeeds for real pi (367.853958ms)
✔ validateSequenceAutoApproveGate allows stub mode without force (0.637333ms)
✔ validateSequenceAutoApproveGate blocks real pi without force (0.1825ms)
✔ validateSequenceAutoApproveGate allows real pi with force (0.078ms)
✔ validateSequenceAutoApproveGate skips check when flag is false (0.074209ms)
✔ buildSequenceAutoApproveDoctorCheck warns for real pi (0.0895ms)
✔ buildSequenceAutoApproveDoctorCheck passes for stub mode (0.062ms)
✔ runSequence refuses auto-approve on dry-run for real pi (1.371416ms)
✔ runSequence allows auto-approve dry-run with force on real pi (0.57175ms)
✔ readCurrentBatchLogTail returns null for missing file (0.558542ms)
✔ readCurrentBatchLogTail filters to last batch session header (1.090125ms)
✔ readCurrentBatchLogTail returns full content when no header exists (0.661958ms)
✔ readCurrentBatchLogTail respects lineCount limit (0.564583ms)
✔ waitForSequenceBatchTerminal returns settled when batch completes before timeout (1044.088958ms)
✔ waitForSequenceBatchTerminal does not exit while engine PID is alive (2694.535333ms)
✔ waitForSequenceBatchTerminal returns failure diagnosis even with alive engine (854.862458ms)
✔ isMergeBlockedBatchOutcome detects mixed-outcome and merge_blocked phases (0.493833ms)
✔ evaluateWaveTaskDependencies filters runnable tasks by satisfied deps (0.50425ms)
✔ formatSequenceWaveSkipMessage names blocked dependencies per §17.4 (0.167292ms)
✔ resolveWaveAfterMergeBlocked continues wave 1 and skips wave 2 tasks (0.152792ms)
✔ planSequenceWaveTasks skips wave when no deps are satisfied (0.09475ms)
✔ 3-wave sequence continues wave 1 after wave 0 merge_blocked and skips wave 2 (17979.459084ms)
✔ isPiSessionMetadataPath matches .pi session roots and children (1.101041ms)
✔ checkGitClean ignores untracked .pi/ session metadata (231.449708ms)
✔ checkGitClean still fails when non-.pi paths are dirty (236.687292ms)
✔ runSequence with only .pi/ dirty passes preflight (15290.779625ms)
✔ runSequence surfaces preflight failure on stderr-equivalent output (5979.593625ms)
✔ resolveResumeFromWave continues after last completed wave (0.470125ms)
✔ sequence persists fromWave, completedWaves, and lastBatchId after wave 0 (11106.351167ms)
✔ resume after interrupted wave 0 integrate completes remaining waves (25551.353417ms)
✔ sequence halts on wave failure with --stop-on-failure and preserves completed waves (12693.218959ms)
✔ resolveWaveTaskIds and resolveSequenceWaves honor planner waves (0.957875ms)
✔ diagnosis helpers classify settled, waiting, and failure states (0.088417ms)
✔ dry-run prints operator-equivalent land loop commands per wave (0.237208ms)
✔ 2-wave stub sequence completes with auto-approve land loop (23235.683ms)
✔ buildSequencePlan resolves pending scope for dry-run integration (249.125ms)
✔ skipTask leaves phase paused when all tasks terminal without merge (1551.102583ms)
✔ skipTask clears failed segment drift for reconcile (1517.945166ms)
✔ resolveWorkerOutputConfig applies lane defaults and overrides (0.578625ms)
✔ captureWorkerOutputTail keeps last lines and marks byte truncation (0.272917ms)
✔ redactWorkerOutput applies built-in and config deny patterns (0.371416ms)
✔ runWorker stall_timeout captures stderr, persists log, journals stall_killed (5068.011209ms)
✔ collectEvidenceBundle references persisted worker output logs (4.588875ms)
✔ successful worker skips log unless retainWorkerOutputOnSuccess (5033.894375ms)
✔ SAT-020 replay: checkpoint_warning → stall_killed → salvage_inspection → task.failed (61758.266417ms)
✔ regression: stub worker still requires .DONE for batch success (7154.091375ms)
✔ recordTaskTransition writes batch-state then journal in order (161.851333ms)
✔ saveSpineBatchState leaves prior JSON intact when atomic write fails (134.174833ms)
✔ saveGateRecord leaves prior JSON intact when atomic write fails (122.391ms)
✔ validateBatchState accepts healthy schema v1 state (0.724625ms)
✔ validateBatchState rejects counter drift (0.145458ms)
✔ runSpineState validate passes on archived batch-state (4.272459ms)
✔ runSpineState validate fails loud on corrupt active state (1.986166ms)
✔ computeStatusProgress derives wave and task counts from batch raw (0.903459ms)
✔ computeStatusProgress returns null without batch raw (0.094542ms)
✔ formatStatusJson includes documented progress field names (0.144958ms)
✔ spine status --json includes task and wave progress for active batch (878.722708ms)
✔ spine status --json omits progress counts when no batch is active (161.026875ms)
✔ reconcileBatch exposes progress fields for spine watch consumers (879.963833ms)
✔ classifyTaskDoneSemantics distinguishes lane vs main .DONE (issue #35) (172.458208ms)
✔ spine status --diagnose --json exposes explicit done flags mid-batch (1036.358583ms)
✔ verifyStubFileScopeMustChange fails when contract paths are unchanged (287.972125ms)
✔ verifyStubFileScopeMustChange passes when contract path changed (302.580375ms)
✔ verifyStubFileScopeMustChange passes for comma-in-single-backtick fileScopeMustChange (SP-396) (313.649084ms)
✔ commitLaneWorktree rejects stub completion without fileScopeMustChange diffs (327.403458ms)
✔ commitLaneWorktree allows stub completion when fileScopeMustChange is satisfied (545.119917ms)
✔ stub contract helpers detect release-critical contracts and legacy markers (0.309292ms)
✔ shouldEnforceStubContractAtLaneCommit uses env or legacy .DONE marker (156.064917ms)
✔ stub cannot succeed merge/version task without file-scope changes (422.252583ms)
✔ checkStubReleaseCritical warns when stub mode has pending fileScopeMustChange tasks (199.660334ms)
✔ diagnosis surfaces exitReason stub for M/L legacy stub .DONE markers (0.90325ms)
✔ reconcileBatch surfaces exitReason stub for succeeded M/L tasks with legacy stub .DONE (958.85875ms)
✔ applyStubDeliveryStatusBlock updates existing header lines (0.652458ms)
✔ applyStubDeliveryStatusBlock appends block when header lines are missing (0.108375ms)
✔ writeStubDeliveryStatusIfNeeded updates STATUS for delivery-only contracts (2.338958ms)
✔ writeStubDeliveryStatusIfNeeded skips implementation scopes (1.883458ms)
✔ stub worker auto-writes STATUS for delivery-only fileScopeMustChange (72.285208ms)
✔ stub worker does not auto-write STATUS for implementation fileScopeMustChange (75.721041ms)
✔ stub worker STATUS delivery satisfies verifyStubFileScopeMustChange (382.375167ms)
✔ isSupervisorSpawnEnabled defaults to false (0.553ms)
✔ resolveSupervisorPollIntervalMs uses default and honors config (0.090667ms)
✔ resolveSupervisorModel returns inherit by default (0.077084ms)
✔ shouldEmitSupervisorNudge covers actionable diagnoses (0.079208ms)
✔ buildSupervisorObservationPayload shapes reconcile fields (0.127708ms)
✔ buildSupervisorNudgePayload includes headline and suggestedCommand (0.372458ms)
✔ isSupervisorMonitorTerminal detects terminal phases and diagnoses (0.069583ms)
✔ spawnDetachedSupervisor does not spawn when disabled (192.602167ms)
✔ enabled:true journals supervisor.started and supervisor.stopped on terminal (1035.970875ms)
✔ enabled:false produces no supervisor journal events via maybeSpawnSupervisorOnDetachedStart (231.149375ms)
✔ killSupervisor journals supervisor.stopped and clears state (190.688ms)
✔ spawnDetachedSupervisor spawns monitor child when enabled (296.894542ms)
✔ parseTaskSizeFromMarkdown reads Size line (1.0195ms)
✔ resolveTaskStallMinutes uses max of config and size floor (0.117167ms)
✔ resolveStallConfigForTask applies minutes to stallTimeoutMs (0.123167ms)
✔ journalTaskAwaitingFirstHeartbeat: true after task.started before lane.heartbeat (0.550916ms)
✔ journalTaskAwaitingFirstHeartbeat: false after matching lane.heartbeat (0.079ms)
✔ detectOrphanRunning suppresses lane orphan during first-heartbeat debounce when engine alive (0.318625ms)
✔ detectOrphanRunning still reports lane orphan before heartbeat when engine is dead (0.125042ms)
✔ detectOrphanRunning still reports lane orphan after first heartbeat (0.122125ms)
✔ reconcileBatch: transient dead workerPid mid-start diagnoses running not worker_orphaned (1037.86925ms)
✔ reconcileOrphanRunningState does not fail running task during debounce window (195.970959ms)
✔ post-heartbeat dead pid still worker_orphaned with retry (1061.041292ms)
✔ hasPendingWaveMerge is true when an intermediate wave lacks mergeResults (0.574625ms)
✔ hasPendingWaveMerge is false when every terminal wave is recorded (0.402708ms)
✔ recordWaveMergeResult records forceMerged flag and updates existing wave row (0.129708ms)
✔ resolveWorkerBackend defaults to subprocess (0.646875ms)
✔ resolveWorkerBackend honors agentSession flag (0.062667ms)
✔ validateWorkerBackendConfig rejects invalid values (0.104792ms)
✔ validateSpineConfig accepts optional workerBackend (0.251792ms)
✔ settings registry validates workerBackend enum case-sensitively (0.161458ms)
✔ buildAgentSessionWorkerPrompt includes PROMPT reference and review hint (2.496583ms)
✔ createStubAgentSession writes .DONE (3.184625ms)
✔ startAgentSessionWorker completes with injected mock session (2.717583ms)
✔ runWorker uses agentSession backend with mock factory (5030.258916ms)
✔ runWorker keeps subprocess default when workerBackend unset (5020.090834ms)
✔ WORKER_BACKENDS lists supported values (0.583875ms)
✔ buildWorkerBackendDoctorCheck reports subprocess as production default (0.143833ms)
✔ buildWorkerBackendDoctorCheck warns or fails on opt-in agentSession (0.276167ms)
✔ buildWorkerBackendDoctorCheck falls back to subprocess for invalid config (0.040667ms)
✔ DIAGNOSIS_TAXONOMY includes worker_done_missing distinct from worker_orphaned and needs_retry (0.507125ms)
✔ outputIndicatesWorkerDoneMissing matches runner stderr message (0.109417ms)
✔ inferWorkerDoneMissingFailure reads task.failed payload from journal (0.185166ms)
✔ buildHeadline and buildSuggestedCommand for worker_done_missing cite worker log (0.343875ms)
✔ reconcileBatch diagnoses worker_done_missing for issue #18 journal pattern (1078.185541ms)
✔ buildDiagnosisOutput bundles worker_done_missing headline and retry command (0.248334ms)
✔ resolvePiSpineRoot defaults to pi-spine package root (0.706958ms)
✔ resolvePiSpineRoot honors development.piSpineRoot override (3.35125ms)
✔ buildWorkerChildEnv sets PI_SPINE_ROOT for worker spawn (1.254375ms)
✔ validateWorkerLaunchScriptPath requires scripts/ prefix (2.929708ms)
✔ validateWorkerLaunchScriptPath rejects traversal (0.725791ms)
✔ validateWorkerLaunchScriptPath rejects symlink escape (1.900209ms)
✔ resolveSafeWorkerLaunchScript returns default when present (1.401375ms)
✔ validateSpineConfig rejects unsafe development.workerLaunchScript (0.495791ms)
✔ DEFAULT_WORKER_LAUNCH_SCRIPT matches conventional path (0.093709ms)
✔ runWorker classifies launch script fast-fail as launch_failed (5054.35275ms)
✔ appendWorkerAgentModelArgs adds --model when configured and not inherit (0.519917ms)
✔ appendWorkerAgentModelArgs omits --model for inherit and empty (0.088292ms)
✔ appendWorkerAgentModelArgs adds --thinking when set and not off (0.06125ms)
✔ buildWorkerPiArgs includes --model cursor/auto from spine-config (6.362583ms)
✔ buildWorkerPiArgs omits --model when agents.worker.model is inherit (2.800333ms)
✔ parseWorkerDoneMarker accepts legacy empty and text markers (1.820834ms)
✔ parseWorkerDoneMarker accepts structured JSON markers (0.165583ms)
✔ parseWorkerDoneMarker rejects partial JSON markers (0.080167ms)
✔ isWorkerDoneMarkerValid mirrors parseWorkerDoneMarker (0.072833ms)
✔ writeWorkerDoneMarker writes atomic structured JSON (6.636ms)
✔ readWorkerDoneMarker reports absent marker (4.622791ms)
✔ persistWorkerOutputLog writes atomically without temp leftovers (23.39775ms)
✔ resolveWorkerPiTimeoutMs uses per-size stall floor (0.546084ms)
✔ resolveWorkerPiTimeoutMs honors SPINE_WORKER_PI_TIMEOUT_MS override (0.098916ms)
✔ buildWorkerChildEnv sets SPINE_WORKER_PI_TIMEOUT_MS from stall budget (0.419709ms)
✔ buildPiWorkerTimeoutDoctorCheck reports stall-aligned timeout for M floor (0.188791ms)
✔ runWorker terminates hung child after .DONE and returns ok: true (10055.084708ms)
✔ runWorker pre-.DONE stall_timeout still works (5087.67375ms)
✔ buildWorkerTailPrompt includes critical-rules for JS-scoped task (20.295791ms)
✔ buildWorkerContextAsync appends config.standards end-to-end (1.817459ms)
✔ buildWorkerContextAsync emits worker.rules_selected journal event (18.042083ms)
✔ buildWorkerContextAsync falls back to static context without .cursor/rules (2.435125ms)
✔ buildReviewLevelHint delegates code and final review to engine (0.638375ms)
✔ buildCommitBoundaryHint uses SP-064 feat(taskId) convention (0.091291ms)
✔ buildDoneCheckpointHint references done path and uncommitted failure (0.167291ms)
✔ buildWorkerTailPrompt includes tools hint and task id from folder (0.66825ms)
✔ buildWorkerTailPrompt appends worker agent and PROMPT when present (5.557541ms)
✔ shouldSlideStallAnchorOnHeartbeat only slides worker_alive in pi phase (0.447584ms)
✔ computeStallDeadline slides silent stall window when lastAliveAt advances (0.1645ms)
✔ nextStallAnchorAt advances only on pi worker_alive (0.076583ms)
✔ runWorker worker_alive heartbeats extend stall deadline past initial window (10094.0935ms)
✔ runWorker silent stall still fails without heartbeats (5087.96775ms)
✔ SP-190 wedge fixture describes hung-child-after-.DONE incident (0.562209ms)
✔ SP-190 wedge class: engine completes within post-done grace (SP-193) (10067.475833ms)
✔ completeBatch removes lane worktrees and journals batch.worktrees_cleaned (1122.75ms)
✔ dismissBatch removes lane worktrees and journals batch.worktrees_cleaned (965.546042ms)
✔ completeBatch keeps worktree when cleanupWorktreesOnComplete is false (1078.224042ms)
✔ provisionLaneWorktree normalizes git metadata to relative posix paths (304.975667ms)
✔ repairLaneWorktreeGitMetadata fixes broken absolute gitdir pointers (349.99ms)
✔ normalizeLaneWorktreeGitPaths is idempotent (245.729334ms)
✔ validateMultiTaskResume repairs unhealthy lane worktree git metadata (378.0585ms)
✔ validateWorktreeSetupHookPath accepts ./scripts/ prefix when file exists (5.346208ms)
✔ validateWorktreeSetupHookPath rejects ./scripts/../ traversal (1.836625ms)
✔ validateSpineConfig rejects unsafe worktreeSetupHook (0.493458ms)
✔ checkWorktreeSetupHook fails preflight for unsafe hook path (4.522042ms)
✔ runWorktreeSetupHook succeeds with JSON stdout (286.424208ms)
✔ runWorktreeSetupHook throws when hook returns ok false (275.814708ms)
✔ runWorktreeSetupHook throws on malformed JSON stdout (242.599416ms)
✔ runWorktreeSetupHook is no-op when hook not configured (0.941333ms)
✔ batch help helpers detect help invocations (0.49825ms)
✔ printBatchHelp returns usage text (0.116875ms)
✔ runSpineBatch exits 0 for help without starting a batch (157.390958ms)
✔ spine batch start --help does not create batch state (251.578167ms)
✔ isCliEntrypoint returns true when argv[1] is a symlink to the module (0.997083ms)
✔ isCliEntrypoint returns false for an unrelated script path (0.179ms)
✔ isCliEntrypoint returns false when argv[1] is missing (0.193875ms)
✔ spine help via symlink produces stdout and exit 0 (92.700542ms)
✔ spine version via symlink produces stdout and exit 0 (608.302166ms)
✔ HANDOFF_DEFAULTS autoWriteOn includes session_start (0.809625ms)
✔ /spine auto-writes handoff on session_start when batch needs attention (1752.241584ms)
✔ /spine skips auto-write when autoWriteOn excludes session_start (968.116166ms)
✔ /spine skips auto-write for idle diagnosis even with session_start enabled (5604.900959ms)
✔ /spine merges default autoWriteOn when config omits handoff.autoWriteOn (2157.914334ms)
✔ formatIssueDraftMarkdown renders all issue checklist sections (0.781125ms)
✔ formatIssueDraftMarkdown applies redaction to section content (0.122125ms)
✔ buildIssueDraftBody returns title, body, and labels for idle repo (3931.097334ms)
✔ buildIssueDraftBody includes batch context and journal tail (10087.934416ms)
✔ buildIssueDraftBody maps issueType to GitHub labels (17236.048083ms)
✔ buildIssueDraftBody rejects invalid issueType (181.491042ms)
✔ buildIssueDraftBody redacts sk- token patterns in title and body (4096.6005ms)
✔ parseJournalFollowArgs reads batch, lane, and json flags (0.888333ms)
✔ resolveFollowBatchId uses reconcile then batch-state (631.108083ms)
✔ formatJournalFollowLine uses summarizeJournalEvent (1.12925ms)
✔ formatJournalFollowOutputLine filters by lane and supports json passthrough (0.179125ms)
✔ readJournalFollowSnapshot prints header once in human mode (15.773ms)
✔ runJournalFollow exits non-zero when journal missing (0.581625ms)
✔ runJournalFollow exits non-zero when no batch can be resolved (0.548875ms)
✔ runJournalFollow prints existing events without following (14.805625ms)
✔ runJournalFollow defaults batch from batch-state (644.813875ms)
✔ spine journal follow exits non-zero when journal missing (97.095875ms)
✔ parseLaneNumber accepts positive integers (0.588958ms)
✔ parseLaneLogsArgs reads lane, task, batch, and follow flags (0.480458ms)
✔ extractTaskIdFromLogFilename parses worker log names (0.077666ms)
✔ resolveLaneLogPath prefers live log when present (6.137ms)
✔ resolveLaneLogPath falls back to worker-output log (3.064834ms)
✔ findMostRecentLogTaskId picks newest log in lane directory (2.68575ms)
✔ resolveLaneLogTaskId uses explicit task id (0.42175ms)
✔ resolveLaneLogTaskId infers running task from batch state (1.555125ms)
✔ runLaneLogs exits non-zero when lane is missing (0.766791ms)
✔ runLaneLogs exits non-zero when no batch can be resolved (0.917584ms)
✔ runLaneLogs prints existing log without following (673.416625ms)
✔ runLaneLogs prefers live log content (699.213542ms)
✔ spine lane logs exits non-zero when log file missing (857.170583ms)
✔ isExitVerificationTask detects exit verification headings (0.631958ms)
✔ shouldRunContractVerifyForWorker skips stub for normal tasks (0.848916ms)
✔ shouldRunContractVerifyForWorker runs stub contract for exit tasks (0.2075ms)
✔ runPhase23ExitVerify --skip-test passes structural checks in repo (16.118833ms)
✔ spine verify phase23-exit CLI is wired (5.298ms)
✔ runScenariosList prints empty registry message (1.992708ms)
✔ runScenariosList returns sorted scenarios as JSON (9.672292ms)
✔ runScenariosShow returns scenario details (0.953333ms)
✔ runScenariosShow rejects unknown scenario (0.7925ms)
✔ loadScenarioFixture reads incident fixture from registry entry (1.509625ms)
✔ loadScenarioFixture rejects recipe kind (0.257209ms)
✔ materializeFixtureToProject writes batch-state and journal tail (178.19525ms)
✔ assertMaterializeAllowed blocks when batch-state exists (137.603875ms)
✔ runScenariosMaterialize blocks active batch without --force (150.992125ms)
✔ runScenariosMaterialize writes fixture with --force (166.415667ms)
✔ runScenariosMaterialize rejects recipe scenarios (1.26275ms)
✔ spine scenarios CLI routes list and materialize (391.515625ms)
✔ parseSequenceArgs defaults scope to pending and stopOnFailure to true (0.538125ms)
✔ parseSequenceArgs honors wave and attached flags (0.082917ms)
✔ formatSequenceResult emits JSON when requested (0.456541ms)
✔ spine run sequence pending --dry-run prints per-wave land loop commands (353.876083ms)
✔ spine run sequence pending --dry-run --json returns structured payload (381.676625ms)
✔ spine run sequence pending --from-wave 1 limits dry-run to later waves (383.645917ms)
✔ runSpineSequence rejects invalid through-wave with non-zero exit (285.669333ms)
✔ spine run pending still aliases batch start (297.991542ms)
✔ buildSuggestedCommand for state_drift uses retry with task id (0.557375ms)
✔ buildSuggestedCommand for state_drift while running suggests pause then retry (0.069917ms)
✔ buildSuggestedCommand for state_drift without task id falls back to diagnose (0.061667ms)
✔ assembleHandoffData returns idle shape when no active batch (216.681417ms)
✔ assembleHandoffData includes reconciliation fields for active batch (1022.798625ms)
✔ assembleHandoffData redacts secret-like payload fields in journal tail (1040.775375ms)
✔ paused batch handoff lists pending tasks and spine batch resume (1133.7725ms)
✔ renderHandoffMarkdown matches golden snapshot structure (1122.026583ms)
✔ redactHandoffText removes KEY TOKEN and SECRET value patterns (0.225791ms)
✔ recordHandoffWritten appends handoff.written journal event (216.822416ms)
✔ handleNext appends handoff path hint when handoff file exists (1007.983959ms)
✔ runSpineHandoff --json writes handoff file and returns structured output (1100.385125ms)
✔ runInit copies rules profile, discovers manifest, standards default [] (13.633542ms)
✔ runInit dry-run plans rules files without writing (1.491542ms)
✔ rules-manifest.json is not listed in .gitignore (0.198167ms)
✔ parseIssueDraftArgs applies defaults and flags (0.574625ms)
✔ buildIssueDraftBody works in idle repo without batch context (4581.623125ms)
✔ runSpineIssueDraft writes draft file and prints human output by default (4824.369916ms)
✔ runSpineIssueDraft --json returns structured payload without writing file (4963.8675ms)
✔ runSpineIssueDraft --create fails clearly when gh is missing (258.247375ms)
✔ runSpineIssue rejects unknown subcommands (318.682375ms)
✔ spine issue draft routes through spine.mjs help and dispatch (7829.090958ms)
✔ buildIssueDraftBody redacts secret-like values (4782.014375ms)
✔ get-version helpers use spawnSync without shell (9.685416ms)
✔ spine help and version route through thin CLI entry (848.949459ms)
✔ spine rejects unknown commands (110.163083ms)
✔ router dispatches plan, status, batch, gate, and integrate (769.515917ms)
✔ spine rules --help lists subcommands (116.390125ms)
✔ runSpineRules discover writes manifest in initialized project (180.986041ms)
✔ runSpineRules select rejects invalid PROMPT before manifest check (213.728375ms)
✔ runSpineRules select uses validated file scope (203.4465ms)
✔ runSpineRules select requires manifest (170.410583ms)
✔ spine rules sync via CLI exits zero in pi-spine repo (133.979916ms)
✔ parseRulesArgv defaults role to worker (0.096833ms)
✔ parseRulesArgv requires review-type for reviewer role (0.290042ms)
✔ runSpineRules select worker default unchanged (177.356ms)
✔ runSpineRules select reviewer plan uses PROMPT file scope (177.417291ms)
✔ runSpineRules select reviewer final returns empty scope (192.04875ms)
✔ runSpineRules select reviewer code honors baseline (442.448ms)
✔ parseUntilDiagnoses accepts land-loop pseudo diagnoses (0.917792ms)
✔ parseUntilDiagnoses still rejects unknown diagnoses (0.244917ms)
✔ deriveWaitPseudoDiagnoses detects gate_open from integrate gate approve suggestion (0.097416ms)
✔ deriveWaitPseudoDiagnoses detects post_merge_limbo before gate opens (0.068ms)
✔ reconciliationMatchesUntil matches gate_open pseudo diagnosis (0.100875ms)
✔ reconciliationMatchesUntil matches taxonomy diagnosis unchanged (0.057167ms)
✔ sanitizeRetrySuggestedCommand replaces bare retry --force with task id (0.085333ms)
✔ sanitizeRetrySuggestedCommand falls back to diagnose without task id (0.074208ms)
✔ buildSuggestedCommand for state_drift never suggests bare retry --force (0.184542ms)
✔ buildSuggestedCommand sanitizes stale salvage retry --force payloads (0.146125ms)
✔ spine status prints macro phase for idle repo (208.021209ms)
✔ spine status prints macro phase for active batch (1199.23725ms)
✔ spine status --diagnose verbose signals include macroPhase (1085.092333ms)
✔ spine status --json includes macroPhase fields (1056.441167ms)
✔ parseDurationMs accepts plain seconds and suffix forms (0.798833ms)
✔ parseDurationMs rejects invalid values (0.264709ms)
✔ parseUntilDiagnoses parses comma-separated diagnoses (0.456458ms)
✔ parseUntilDiagnoses rejects unknown diagnoses (0.09975ms)
✔ parseUntilDiagnoses accepts gate_open pseudo diagnosis (0.071583ms)
✔ parseWaitArgs requires --until and applies defaults (0.10975ms)
✔ parseWaitArgs accepts timeout interval and json (0.085291ms)
✔ parseWaitArgs rejects unknown flags (0.084916ms)
✔ diagnosisMatchesUntil matches only non-null diagnoses in set (0.089625ms)
✔ runSpineWait exits 0 when gate_open pseudo diagnosis matches (0.305583ms)
✔ reconciliationMatchesUntil matches gate_open without taxonomy diagnosis (0.071458ms)
✔ runSpineWait exits 0 when diagnosis matches (0.192666ms)
✔ runSpineWait exits 1 on timeout and emits final json snapshot (0.156292ms)
✔ runSpineWait polls until diagnosis changes (0.142167ms)
✔ spine wait --json exits 0 when diagnosis matches fixture (1290.323417ms)
✔ spine wait times out with exit 1 (3217.1275ms)
✔ spine wait rejects missing --until (109.328792ms)
✔ spine help lists wait command (139.402167ms)
✔ parseWatchArgs defaults (0.677958ms)
✔ parseWatchArgs accepts interval json and once (0.071208ms)
✔ parseWatchArgs rejects invalid interval (0.221375ms)
✔ parseWatchArgs rejects unknown flags (0.064875ms)
✔ formatWatchHumanLine renders compact reconcile summary (0.076542ms)
✔ formatWatchHumanLine uses idle placeholders when batch absent (0.116417ms)
✔ buildWatchSnapshot includes core fields and progress block when present (0.449834ms)
✔ buildWatchSnapshot prefers explicit progress object (0.097041ms)
✔ runSpineWatch --once human mode prints one line (0.209958ms)
✔ runSpineWatch --once json mode prints NDJSON snapshot (0.183333ms)
✔ runSpineWatch polls until once breaks loop without extra reconcile calls (0.114375ms)
✔ spine watch --once integrates with reconcileBatch in idle repo (328.066666ms)
✔ spine watch --json --once emits reconcile snapshot for active batch (1197.010625ms)
✔ spine watch rejects invalid interval (105.224209ms)
✔ spine help lists watch command (107.52475ms)
✔ DIAGNOSIS_TAXONOMY includes needs_replan (0.545041ms)
✔ needs_replan diagnosis messaging matches handoff §9.1 shape (0.709583ms)
✔ buildDiagnosisOutput bundles needs_replan operator fields (0.144041ms)
✔ deriveDiagnosis prefers needs_replan over needs_retry for replan failures (0.297ms)
✔ needs_replan blocks needs_merge diagnosis when replan task remains (0.087375ms)
✔ reconcileBatch surfaces needs_replan with edit-PROMPT suggestion (1053.81175ms)
✔ I-01 progress signals extend stall deadline past hard timeout (0.618625ms)
✔ I-02 spine batch retry resets task and segment with pendingSegments > 0 (209.797125ms)
✔ I-03 spine state validate rejects corrupt batch-state (2.575ms)
✔ I-04 spine batch abort archives batch-state before clearing active file (259.991708ms)
✔ I-05 wave merge blocked on failed/pending tasks; force-merge override exists (215.739125ms)
✔ I-06 retry refused while batch phase is executing or merging (245.032167ms)
✔ I-07 stall logic uses STATUS, lane commit, and file-scope mtime signals (211.992334ms)
✔ I-08 post-mortem does not claim success when failures exist (1265.331916ms)
✔ I-09 CONTEXT documents serial bootstrap and preflight execution policy (0.58775ms)
✔ I-10 runStepReview fail-closed when review tool unavailable at level > 0 (3.412917ms)
✔ CONFIG_V2_SECTION_DEFAULTS match handoff §6.2 (0.839708ms)
✔ applyConfigDefaults merges missing v2 sections without overwriting existing keys (0.257375ms)
✔ loadSpineConfig merges defaults for legacy config missing v2 keys (4.748958ms)
✔ init scaffold includes v2 config sections from template (3.389959ms)
✔ CONTRACT_DEFAULTS match handoff §3.1 (0.847ms)
✔ applyConfigDefaults merges contract section (0.222333ms)
✔ validateContractConfig rejects invalid mode (0.143917ms)
✔ validateContractConfig rejects non-array legacyTaskIdPrefixes (0.05975ms)
✔ validateSpineConfig accepts valid contract block (0.23ms)
✔ validateSpineConfig rejects invalid contract.mode via validateSpineConfig (0.06125ms)
✔ discoverCursorRules returns empty manifest when rules root is missing (6.124625ms)
✔ discoverCursorRules excludes brutal-audit rules via profile patterns (36.024ms)
✔ discoverCursorRules records parse warn entries in manifest rules (41.733833ms)
✔ discoverCursorRules manifest round-trip via atomic write (6.024416ms)
✔ classifyCursorRuleSpineClass prefers always over globs (0.222667ms)
✔ getCursorRuleExclusionReason matches excludeRelPaths exactly (0.18225ms)
✔ expandFileScopeProbes returns empty for empty scope (0.807458ms)
✔ expandFileScopeProbes adds synthetic probes for dir/* and dir/** (0.174958ms)
✔ expandFileScopeProbes keeps literal file paths (0.145875ms)
✔ expandFileScopeProbes expands in-path wildcards (0.06625ms)
✔ ruleGlobsMatchFileScope is false for empty file scope (0.101709ms)
✔ ruleGlobsMatchFileScope matches **/* when file scope is non-empty (0.089375ms)
✔ ruleGlobsMatchFileScope matches JS globs against mjs scope (0.579625ms)
✔ ruleGlobsMatchFileScope matches scope glob entries against rule globs (0.860958ms)
✔ parseCursorRuleFrontmatter returns skip when frontmatter missing (1.301875ms)
✔ parseCursorRuleFrontmatter parses array globs fixture (1.127084ms)
✔ parseCursorRuleFrontmatter splits comma-separated globs (0.91975ms)
✔ parseCursorRuleFrontmatter treats empty globs array as no patterns (1.057708ms)
✔ parseCursorRuleFrontmatter defaults missing globs key to empty array (0.92575ms)
✔ parseCursorRuleFrontmatter coerces alwaysApply booleans (1.083ms)
✔ parseCursorRuleFrontmatter matches repo comma-separated task authoring layout (0.120125ms)
✔ parseCursorRuleFrontmatter matches general-llm alwaysApply true layout (0.094042ms)
✔ parseCursorRuleFrontmatter matches audit-workflow empty globs layout (0.093833ms)
✔ parseCursorRuleFrontmatter warns on invalid alwaysApply and bad globs (0.201375ms)
✔ DEFAULT_RULES_PROFILE seeds worker include and discovery excludes (0.59425ms)
✔ loadRulesProfile returns built-in defaults when file missing (2.767625ms)
✔ mergeRulesProfile applies neverInclude over alwaysInclude (0.171917ms)
✔ mergeRulesProfile applies reviewer defaults when file omits reviewer (0.085958ms)
✔ mergeRulesProfile applies reviewer neverInclude over alwaysInclude (0.104125ms)
✔ loadRulesProfile rejects invalid JSON with RULES_PROFILE_INVALID (17.039708ms)
✔ validateRulesProfile rejects unsupported profileVersion (0.186292ms)
✔ loadRulesProfile merges partial file overrides (34.039084ms)
✔ validateRulesProfile rejects schema and path traversal errors (0.411791ms)
✔ loadRulesProfile rejects validated file errors (16.803042ms)
✔ selectRulesForReviewer returns empty when reviewer.enabled is false (1.913833ms)
✔ selectRulesForReviewer never selects taskplane-worker-cursor.mdc (0.352708ms)
✔ selectRulesForReviewer selects glob rules when scopePaths match (0.585333ms)
✔ selectRulesForReviewer appends standards without duplicates (0.198083ms)
✔ selectRulesForReviewer respects neverLoad (0.122958ms)
✔ selectRulesForReviewer uses profile.reviewer.maxRules cap (8.275875ms)
✔ context path helpers round-trip under .cursor/rules (0.537167ms)
✔ selectRulesForWorker includes alwaysInclude and always-class rules (1.422042ms)
✔ selectRulesForWorker selects JS globs and excludes Swift for JS-only scope (14.064958ms)
✔ selectRulesForWorker matches OWASP for bin/*.mjs scope via scope glob (0.249792ms)
✔ selectRulesForWorker appends standards without duplicates (0.21675ms)
✔ selectRulesForWorker respects neverLoad and neverInclude (0.141208ms)
✔ selectRulesForWorker exports journal-friendly entries shape (0.278833ms)
✔ normalizeTasksRootFromEnv accepts relative and rejects parent traversal (0.651209ms)
✔ applyEnvOverrides: SPINE_MAX_LANES overrides file value (0.287916ms)
✔ applyEnvOverrides: SPINE_TASKS_ROOT overrides paths.tasksRoot (0.099833ms)
✔ applyEnvOverrides rejects invalid SPINE_MAX_LANES (0.144083ms)
✔ loadSpineConfig applies env overrides after file load (206.779583ms)
✔ SPINE_TASKS_ROOT env discovers tasks under alternate root in plan (264.949ms)
✔ spine settings show reports env source for overridden lanes.maxParallel (426.552875ms)
✔ runDoctorChecks lists effective config with env source (4918.256542ms)
✔ DEFAULT_REVIEWER_CONTEXT_BYTE_CAP is 16KiB (0.508041ms)
✔ buildReviewerContext skips when .cursor/rules is missing (2.569916ms)
✔ buildReviewerContext does not inject referenceDocs (6.420375ms)
✔ buildReviewerContext truncates at byte cap (11.699ms)
✔ buildReviewerContext emits reviewer.rules_selected journal event (23.730834ms)
✔ buildReviewerContext degrades gracefully on invalid rules profile (8.778708ms)
✔ buildReviewerContext selects rules for scoped plan review (4.139625ms)
✔ emitReviewerRulesSelected is no-op without journal context (0.142125ms)
✔ SETTINGS_FIELDS lists editable paths including reviewer per-type pins (0.998042ms)
✔ listEditableFields returns shallow copies (0.123209ms)
✔ parseSettingPath rejects unknown path (0.127917ms)
✔ parseSettingPath accepts registered path (0.0635ms)
✔ lanes.maxParallel accepts valid integer and coerces string (0.132292ms)
✔ lanes.maxParallel rejects below min and above max (0.075417ms)
✔ gates.requireBeforeIntegrate accepts booleans and CLI strings (0.150542ms)
✔ agents.worker.model accepts inherit and optional empty (0.106334ms)
✔ agents.worker.thinking accepts enum values case-insensitively (0.120667ms)
✔ agents.reviewer.model accepts inherit and optional empty (0.109791ms)
✔ agents.reviewer.thinking accepts inherit and enum values (0.070375ms)
✔ agents.reviewer.plan.model accepts per-type override values (0.054125ms)
✔ agents.reviewer.code.thinking accepts per-type inherit (0.045291ms)
✔ dashboard.port accepts valid port range (0.061584ms)
✔ lanes.workerBackend accepts registered enum values (0.149792ms)
✔ validateSettingValue rejects unknown path (0.202042ms)
✔ src/cli and src/migrate do not import from bin/ (23.284417ms)
✔ src/** has no bin/ imports (21.26175ms)
✔ spine-config template defaults mirror package.json script patterns (0.795666ms)
✔ init applies testing defaults including coverage command (9.043125ms)
✔ dogfood spine-config has non-empty testing fields (0.380167ms)
✔ buildTestingEvidenceDoctorChecks warns on empty build when collectBuildEvidence (0.126875ms)
✔ buildTestingEvidenceDoctorChecks warns on empty test when collectTestEvidence (0.081625ms)
✔ buildTestingEvidenceDoctorChecks passes when commands configured (0.429333ms)
✔ buildTestingEvidenceDoctorChecks treats collectTestEvidence default as enabled (0.057917ms)
✔ SPINE_GITIGNORE_ENTRIES includes run-metrics.jsonl (0.428167ms)
✔ ensureGitignoreEntries adds run-metrics path on fresh init (3.136083ms)
✔ isMergeOriginMainTask detects merge-origin-main packet shapes (0.582958ms)
✔ checkOrchMergeConflictWarn passes without pending merge-origin-main tasks (941.128916ms)
✔ checkOrchMergeConflictWarn warns on PRD + manifest divergence with merge-origin-main pending (832.30625ms)
✔ runBatchPreflight and plan check surface orch merge conflict warning (2179.210375ms)
✔ checkPrelandedFileScopeWarn passes when no stale pending tasks (442.156917ms)
✔ checkPrelandedFileScopeWarn warns for prelanded fileScopeMustChange (653.177583ms)
✔ runBatchPreflight and plan check surface prelanded file-scope warning (1446.693291ms)
✔ checkGitClean passes when only metrics file has append-only drift (461.742709ms)
✔ checkGitClean fails when metrics file content is truncated (461.630625ms)
✔ checkGitClean passes when metrics file is gitignored and not tracked (277.390625ms)
✔ runDoctorChecks warns when metrics file is git-tracked (4888.650209ms)
✔ tsconfig.batch.json scopes checkJs hot paths (2.139875ms)
✔ npm run typecheck validates extensions and batch hot paths (3904.158083ms)
✔ normalizeContextPathList rejects non-arrays (1.172792ms)
✔ buildWorkerContext honors neverLoad and byte cap (18.693ms)
✔ buildWorkerTailPrompt injects configured standards (17.842458ms)
✔ buildWorkerContextAsync uses auto selection when cursor rules exist (48.61125ms)
✔ spine init defaults standards to [] for auto-discovery (SP-093) (19.44375ms)
✔ validateSpineConfig rejects invalid referenceDocs (0.210666ms)
✔ loadContextDocEntries stops at byte cap (1.879041ms)
✔ DEFAULT_WORKER_CONTEXT_BYTE_CAP is 32KiB (0.138167ms)
✔ validateWorkerLaunchScriptPath accepts ./scripts/ prefix when file exists (4.721208ms)
✔ validateWorkerLaunchScriptPath rejects ./scripts/../ traversal (1.087916ms)
✔ COVERAGE_THRESHOLD is 77 (0.569375ms)
✔ COVERAGE_INCLUDES scopes src, bin, and extensions (0.452417ms)
✔ FILE_COVERAGE_THRESHOLDS enforces slash-commands.ts floor (0.06475ms)
✔ TEST_GLOBS has bidirectional parity with package.json test script (0.40225ms)
✔ parseAggregateLineCoverage reads all files line percent (0.193625ms)
✔ parseAggregateLineCoverage returns null when summary missing (0.164334ms)
✔ parseAggregateLineCoverage reads coverage:check summary line (0.0795ms)
✔ parsePerFileLineCoverage reads per-file rows (0.328667ms)
✔ findFileCoverageFailures reports missing and below-threshold files (0.175583ms)
node:internal/modules/cjs/loader:1572
  throw err;
  ^

Error: Cannot find module '/Users/cdelgado/Documents/github/pi-spine/.worktrees/spine-20260706T052912/lane-2/tests/dashboard'
    at Module._resolveFilename (node:internal/modules/cjs/loader:1568:15)
    at wrapResolveFilename (node:internal/modules/cjs/loader:1122:27)
    at defaultResolveImplForCJSLoading (node:internal/modules/cjs/loader:1146:10)
    at resolveForCJSWithHooks (node:internal/modules/cjs/loader:1173:12)
    at Module._load (node:internal/modules/cjs/loader:1345:5)
    at wrapModuleLoad (node:internal/modules/cjs/loader:260:19)
    at Module.executeUserEntryPoint [as runMain] (node:internal/modules/run_main:154:5)
    at node:internal/main/run_main_module:33:47 {
  code: 'MODULE_NOT_FOUND',
  requireStack: []
}

Node.js v26.4.0
✖ tests/dashboard (51.536417ms)
✔ formatDashboardStartupMessage includes URL, port, and operator hints (0.67825ms)
✔ formatDashboardStartupMessage notes --port source (0.112375ms)
✔ resolveDashboardPortWithSource prefers CLI over config (206.930583ms)

pi-spine dashboard

  Open in browser: http://127.0.0.1:61426/
  Listen:          127.0.0.1:0 (--port)

  While running:   keep this terminal open; dashboard updates via SSE (~2s)

  In another terminal:
    spine status
    spine batch start <task-id>

  → Open http://127.0.0.1:61426/ in your browser

  API:  http://127.0.0.1:61426/api/snapshot
        http://127.0.0.1:61426/api/events

  Stop: Ctrl+C

✔ runSpineDashboard writes startup to stdout before shutdown (391.607375ms)
✔ spine dashboard CLI prints URL before process exits (3265.796917ms)
✔ emptyLaneThroughputStats returns zeroed task-based fields (1.524792ms)
✔ computeThroughputTasksPerHour is task-based and guards zero elapsed (0.1165ms)
✔ deriveLaneThroughputStats counts completed and failed journal events per lane (1.298709ms)
✔ deriveLaneThroughputStats includes open running task elapsed through now (0.114292ms)
✔ deriveLaneThroughputStats prefers run-metrics duration when present (0.117625ms)
✔ deriveLaneThroughputStats falls back to journal when metrics missing (0.089875ms)
✔ deriveLaneThroughputStats maps tasks by laneNumber when lane metadata is sparse (0.095541ms)
✔ deriveLanesThroughput returns isolated stats per lane (0.153416ms)
✔ summarizeLaneThroughput aggregates counts and recomputes rate from totals (0.208709ms)
✔ NFR-OBS-02: dashboard SSE poll interval defaults to 2s (0.527959ms)
✔ parity: idle — no batch (324.661042ms)
✔ parity: running batch (2017.885958ms)
✔ parity: needs_retry (2078.3435ms)
✔ parity: limbo_stale (2377.549042ms)
✔ parity: completed_manual after manual merge (3156.54ms)
✔ parity: needs_integrate (4185.209125ms)
✔ parity: completed after integrate (2271.041333ms)
✔ parity: failed phase still reconciles consistently (2004.548958ms)
✔ assertLoopbackHost throws for 0.0.0.0 (0.637333ms)
✔ formatSseDataFrame valid data: line (0.215375ms)
✔ dashboard server serves browser view-model dependency graph (339.099625ms)
✔ dashboard server serves snapshot and one SSE frame (203.683417ms)
✔ resolveLaneActivityPhase: heartbeat pi → worker (0.7495ms)
✔ resolveLaneActivityPhase: open code review.started → code review (0.121958ms)
✔ resolveLaneActivityPhase: open final review.started → final review (0.095875ms)
✔ resolveLaneActivityPhase: closed review.started falls through to worker heartbeat (0.087584ms)
✔ resolveLaneActivityPhase: lane.completed code_rework → rework (0.076458ms)
✔ resolveLaneActivityPhase: no active tasks → em dash (0.064958ms)
✔ buildLaneRows exposes activityPhase fields (0.814583ms)
✔ computeActiveTaskIdsForLane returns running/pending tasks in current wave only (0.940042ms)
✔ computeRunningTaskIdForLane returns at most one running task in current wave (0.106417ms)
✔ computeQueuedTaskIdsForLane returns pending tasks in lane.taskIds order (0.11075ms)
✔ buildLaneRows exposes runningTaskId, queuedTaskIds, and deprecated activeTaskIds union (0.737792ms)
✔ buildLaneRows exposes activeTaskIds separate from batch assignment (0.172583ms)
✔ buildLaneRows attaches per-lane throughput stats from journal (1.364916ms)
✔ resolveLaneHeartbeatMeta reads latest lane heartbeat kind and phase (0.958708ms)
✔ formatLaneHeartbeatDisplay shows launching instead of age (0.108208ms)
✔ dashboard snapshot exposes launching heartbeat display from journal (1115.287417ms)
✔ buildDefaultViewStatus exposes gate missing affordance for needs_integrate (0.235666ms)
✔ idle snapshot diagnosis null matches reconcile (209.410291ms)
✔ running batch fixture has lanes and waves (1183.031625ms)
✔ truncateWorktreePath keeps trailing segments (0.164625ms)
✔ classifyLaneStatus stale when heartbeat old (0.108208ms)
✔ classifyLaneStatus does not mark lane completed when doneInLane but cache pending under engine_orphaned (0.139292ms)
✔ buildWaveProgress marks prior waves completed (0.113666ms)
✔ buildWaveProgress marks last wave completed when all tasks terminal-success (0.074167ms)
✔ buildWaveProgress keeps in-flight current wave active (0.058208ms)
✔ diagnosisBadgeClass maps needs_integrate separately from running (1.4745ms)
✔ idle snapshot uses reconcile headline (0.533792ms)
✔ buildActionChips exposes copyable primary and alternatives (0.221292ms)
✔ needs_integrate banner ignores completed phase for badge color (0.104041ms)
✔ needs_integrate without gate record shows default gate affordance (0.1735ms)
✔ buildDashboardViewModel includes all §16.1 panels (0.362167ms)
✔ buildLaneTableModel exposes throughput columns for lanes (0.088ms)
✔ buildLaneTableSummaryModel aggregates when multiple lanes present (0.085ms)
✔ buildLaneTableSummaryModel is null for single lane (0.066625ms)
✔ lane-throughput-multi-lane fixture drives throughput column values (2.714084ms)
✔ lane-throughput-multi-lane fixture documents SP-327 throughput field contract (0.448417ms)
✔ buildLaneTableModel exposes heartbeatDisplay for launching lanes (0.090708ms)
✔ dashboard.js uses heartbeatDisplay without double-formatting (0.191708ms)
✔ buildBannerModel uses finalizing badge and macro phase during tail state (0.131625ms)
✔ buildBannerModel reflects gating macro phase during post-merge tail (0.109458ms)
✔ buildBannerModel keeps running badge when workers are active (0.063458ms)
✔ resolveTailActivityLabel prefers recent journal over macro phase during tail (0.146375ms)
✔ buildTailActivityModel exposes lane table subline when lanes are idle during tail (0.095584ms)
✔ resolveTailActivityLabel returns null when running task is active (0.041708ms)
✔ dashboard.js renders lane table tail activity footer row (0.135ms)
✔ banner uses diagnosis badge class, not macro phase (0.054292ms)
✔ resolveStaticAsset serves dashboard public files and view.mjs (0.424791ms)
✔ dashboard server GET / returns HTML shell (198.478417ms)
✔ running batch view model exposes journal for bottom panel (0.210542ms)
✔ idle snapshot has empty journal via idle flag (0.059792ms)
✔ buildLaneDetailModel exposes recent events and log tail (0.055042ms)
✔ buildLaneTableModel includes lane detail on each row (0.056209ms)
✔ buildLaneRecentEvents returns last five lane-scoped journal entries (0.090833ms)
✔ buildJournalModel filters by lane id (0.053458ms)
✔ buildJournalLaneFilterOptions lists lane ids (0.438334ms)
✔ buildLaneRows attaches recentEvents and logTail from snapshot inputs (202.126375ms)
✔ resolveLaneWorkerLog prefers live log over terminal output (199.040208ms)
✔ dashboard.js builds gate status without innerHTML (0.452875ms)
✔ dashboard.js uses textContent for gate status badge and kind label (0.144ms)
✔ dashboard HTML exposes lane detail and journal lane filter hooks (0.289125ms)
✔ dashboard server HTML includes journal lane filter (199.519792ms)
✔ spineAgentsUseInherit is true when worker or reviewer effective pin inherits (0.586583ms)
✔ formatReviewerEffectivePins shows resolved per-type model and thinking (0.168ms)
✔ buildReviewerPerTypePinsDoctorCheck reports effective per-type pins (0.085ms)
✔ resolvePiDefaultProvider prefers project settings over global (7.609125ms)
✔ buildAgentModelInheritDoctorCheck warns on inherit + lmstudio (0.25325ms)
✔ buildAgentModelInheritDoctorCheck passes when models pinned (0.077541ms)
✔ buildAgentModelInheritDoctorCheck passes when inherit but pi not lmstudio (0.077959ms)
✔ readPiSettingsFile returns null for missing or invalid JSON (0.101583ms)
✔ countMediumLargeTasks counts only M and L sizes with per-size breakdown (12.757708ms)
✔ buildBatchSizeGuidanceWarning returns null below threshold (2.3725ms)
✔ buildBatchSizeGuidanceWarning M-only batch does not mention L (3.346625ms)
✔ formatPlanHuman appends batch size guidance warning (3.021666ms)
✔ buildBatchSizeGuidanceWarning mixed batch shows both M and L counts (2.684542ms)
✔ appendBatchSizeGuidanceToPlanOutput skips warning in stub mode (2.4815ms)
✔ isPiWebAccessPackageSource matches npm and path entries (0.608958ms)
✔ detectPiWebAccessExtensionConflict flags npm plus local checkout (1.332708ms)
✔ detectPiWebAccessExtensionConflict ok with single source (0.528875ms)
✔ buildPiExtensionConflictDoctorCheck warns with actionable command (1.047541ms)
✔ shouldWorkerUsePiNoExtensions mirrors conflict assessment (1.228625ms)
✔ isPiExtensionConflictOutput detects worker spawn conflict text (0.138292ms)
✔ resolvePiPackageSourcePath resolves npm and relative entries (0.073334ms)
✔ readPiPackageSources returns empty for missing settings (0.532208ms)
✔ isAuthErrorText detects authentication failures (0.717791ms)
✔ parsePiListModelsRows and listModelsForProvider filter by provider (1.009042ms)
✔ resolveModelIdForProvider prefers defaultModel when provider matches (0.113208ms)
✔ buildInheritProviderAuthDoctorCheck passes when agents pinned to cursor/auto (0.228875ms)
✔ buildInheritProviderAuthDoctorCheck passes when inherit resolves to cursor (0.10875ms)
✔ buildInheritProviderAuthDoctorCheck fails when probe reports 401 (5.52625ms)
✔ buildInheritProviderAuthDoctorCheck fails when provider has no authenticated models (6.843333ms)
✔ probeInheritProviderAuth succeeds when list and probe pass (14.252083ms)
✔ INTEGRATE_DEFAULTS match issue #91 config sketch (0.892416ms)
✔ applyConfigDefaults merges integrate section (0.191209ms)
✔ buildConcurrentDevDoctorCheck passes with no active batch (224.99075ms)
✔ buildConcurrentDevDoctorCheck passes when human is on a feature branch (2160.503ms)
✔ buildConcurrentDevDoctorCheck warns on active batch + dirty main (warn mode) (2450.389416ms)
✔ buildConcurrentDevDoctorCheck fails on active batch + dirty main (block mode) (2997.836375ms)
✔ buildConcurrentDevDoctorCheck passes when allowHumanOnBaseBranch=allow (583.766958ms)
✔ runDoctorChecks surfaces concurrent-dev warning when configured (10076.399292ms)
✔ isDisplayLabel matches pi TUI display labels (0.989166ms)
✔ isDisplayLabel rejects canonical ids and invalid strings (0.07025ms)
✔ displayLabelToCanonical converts to provider/model (0.081625ms)
✔ displayLabelToCanonical returns null for non-labels (0.065375ms)
✔ isCanonicalModelId validates provider/model format (0.146958ms)
✔ isCanonicalModelId rejects non-canonical strings (0.058458ms)
✔ normalizeModelId passes canonical ids through (0.073709ms)
✔ normalizeModelId converts display labels to canonical (0.067083ms)
✔ normalizeModelId passes special values through (0.48675ms)
✔ normalizeModelId rejects unrecognized formats (0.317291ms)
✔ normalizeModelId rejects non-string input (0.085167ms)
✔ validateModelIdFormat accepts canonical ids (0.1075ms)
✔ validateModelIdFormat accepts special values and non-strings (0.078791ms)
✔ validateModelIdFormat flags display labels with canonical hint (0.066625ms)
✔ validateModelIdFormat flags unrecognized formats (0.042542ms)
✔ buildAgentModelIdsDoctorCheck passes when all pins are canonical (0.122583ms)
✔ buildAgentModelIdsDoctorCheck fails when display label is in config (0.115875ms)
✔ buildAgentModelIdsDoctorCheck fails on invalid format (0.07075ms)
✔ buildAgentModelIdsDoctorCheck passes when no models configured (0.038666ms)
✔ buildAgentModelIdsDoctorCheck skips inherit and empty values (0.035833ms)
✔ settings set normalizes display label to canonical id (0.875166ms)
✔ settings set passes canonical id through unchanged (0.071542ms)
✔ settings set rejects invalid model id format (0.056625ms)
✔ settings set allows inherit for model fields (0.062084ms)
✔ settings set rejects invalid model id in JSON mode (0.07925ms)
✔ settings set normalizes worker model display label (0.072375ms)
✔ settings set normalizes per-type reviewer model display label (0.08075ms)
✔ fingerprintRulesManifest ignores generatedAt (0.546167ms)
✔ buildRulesManifestDoctorCheck warns when manifest missing (4.482375ms)
✔ buildRulesManifestDoctorCheck warns when manifest stale (6.435875ms)
✔ resolveSpineOnPath uses which by default (0.533458ms)
✔ readPackageVersion reads package.json version (0.454167ms)
✔ buildStalePathDoctorCheck warns when spine not on PATH (0.323458ms)
✔ buildStalePathDoctorCheck ok when PATH matches package bin (0.140541ms)
✔ buildStalePathDoctorCheck warns on version mismatch (0.895833ms)
✔ buildStalePathDoctorCheck warns on mtime mismatch only (1.159792ms)
✔ isStalePathSpineBlocking true only for stale PATH label (0.100834ms)
✔ isStalePathSpinePreflightBlocking requires version mismatch detail (0.082583ms)
✔ readSpineCliVersion parses spine --version output (818.784083ms)
✔ resolveInProgressSpineBatchId returns batchId for running batch (221.692292ms)
✔ resolveInProgressSpineBatchId returns null for completed batch (184.526042ms)
✔ listStaleSpineWorktreeBatchIds flags dirs without matching active batch (197.067917ms)
✔ buildStaleWorktreesDoctorCheck warns on stale worktree dirs (180.601166ms)
✔ buildStaleWorktreesDoctorCheck passes when only active batch dir exists (172.549333ms)
✔ runDoctorChecks includes stale worktrees warning (11470.526625ms)
✔ buildStallConfigDoctorCheck warns when stall timeout unset for real pi (0.666583ms)
✔ buildStallConfigDoctorCheck passes when stall timeout configured high (0.101917ms)
✔ isStubWorkerMode respects SPINE_WORKER_STUB (0.067375ms)
✔ resolveConfiguredStallMinutes returns null when missing (0.061ms)
✔ suggestMaxParallel(4) → 2 (0.553625ms)
✔ suggestMaxParallel(8) → 4 (0.063166ms)
✔ suggestMaxParallel(1) → 1 (0.113167ms)
✔ suggestMaxParallel(2) → 1 (0.06625ms)
✔ buildMaxParallelDoctorCheck warns when configured exceeds suggested + 1 (0.213167ms)
✔ buildMaxParallelDoctorCheck no warning when configured matches suggested (0.073167ms)
✔ buildMaxParallelDoctorCheck no warning at default 3 when suggested is 2 (4-core) (0.063958ms)
✔ supervisor settings paths are registered (0.535834ms)
✔ agents.supervisor.enabled accepts booleans and CLI strings (0.137959ms)
✔ agents.supervisor.pollIntervalMs enforces minimum 1000ms (0.156209ms)
✔ agents.supervisor.model accepts inherit and optional empty (0.081375ms)
✔ agents.supervisor.autoNudge accepts booleans (0.065125ms)
✔ buildSupervisorConfigDoctorCheck passes when disabled (0.130125ms)
✔ buildSupervisorConfigDoctorCheck fails when enabled and template missing (6.477166ms)
✔ buildSupervisorConfigDoctorCheck fails when enabled and model invalid (22.948292ms)
✔ buildSupervisorConfigDoctorCheck passes when enabled with template and valid model (7.722792ms)
✔ collectTaskPacketSizeIssues flags XL and too many steps on pending packet (2.655458ms)
✔ collectTaskPacketSizeIssues ignores tasks with .DONE (1.264958ms)
✔ classifyBatchStateSource uses path and content markers (0.586208ms)
✔ assessOrchestratorCoexistence passes when no batch-state files (202.142917ms)
✔ assessOrchestratorCoexistence fails on active Taskplane batch in .pi (2129.316125ms)
✔ assessOrchestratorCoexistence fails when spine and Taskplane batches both active (5398.97825ms)
✔ buildCoexistencePreflightCheck blocks spine start when Taskplane batch active (3437.352167ms)
✔ runBatchPreflight fails with orchestrator-coexistence when Taskplane batch active (3883.554708ms)
✔ runDoctorChecks reports mutual exclusion failure for Taskplane batch (6853.937875ms)
✔ buildCoexistenceDoctorCheck passes when only pi-spine batch is active (1433.7165ms)
✔ buildWorktreeHealthDoctorCheck passes with no worktrees (217.94325ms)
✔ buildWorktreeHealthDoctorCheck flags absolute gitdir (195.932917ms)
✔ /spine-status reports idle reconciliation on clean repo (287.916166ms)
✔ /spine-deps delegates to CLI and notifies graph output (310.58175ms)
✔ /spine-plan succeeds after preflight passes (8556.377292ms)
✔ /spine-dismiss archives limbo batch state (1536.121208ms)
✔ /spine-pause pauses a running spine batch (445.759ms)
✔ /spine-resume resumes a paused spine batch (1243.178166ms)
✔ /spine-retry-task resets a failed task (315.196ms)
✔ /spine-skip-task skips a failed task (329.358708ms)
✔ /spine-abort archives an active spine batch (318.684209ms)
✔ /spine-next prints reconciliation suggestion (307.993792ms)
✔ /spine-validate checks pending task packets (343.307917ms)
✔ /spine-handoff writes operator note and notifies (2114.07225ms)
✔ /spine-gate inspects integrate gate state (349.952167ms)
✔ /spine-integrate dry-run reports merge preview (626.250584ms)
✔ /spine-settings shows interactive configuration menu (173.594916ms)
✔ /spine-dashboard notifies listen URL and port source (192.230959ms)
✔ /spine entry warns on limbo_stale diagnosis (978.586417ms)
✔ /spine entry warns on needs_retry diagnosis (961.937959ms)
✔ /spine entry reports running batch headline (886.145208ms)
✔ /spine entry starts batch when scope provided after preflight (8372.668709ms)
✔ /spine-deps truncates very large dependency output (1190.496833ms)
✔ parseSpineOrchestrateArgs defaults to pending scope and wave 0 (1.434459ms)
✔ formatOrchestratePrompt includes wave tasks, outer loop, and skill link (0.316541ms)
✔ formatOrchestratePrompt states no auto gate approve or integrate (0.132834ms)
✔ formatOrchestratePrompt respects --from-wave filter (0.081667ms)
✔ formatOrchestratePrompt reports empty plan guidance (0.078916ms)
✔ /spine-orchestrate emits structured prompt from spine plan (8653.805459ms)
✔ /spine-orchestrate does not invoke gate or integrate CLI (6617.476708ms)
✔ /spine-orchestrate fails when preflight fails (4820.884292ms)
✔ spine-config template documents commented worktreeSetupHook example (0.796167ms)
✔ stripTemplateOnlyKeys removes _examples from init output (0.118334ms)
✔ extractPubspecAssetPaths parses flutter asset entries (0.608125ms)
✔ runInit copies Flutter worktree setup hook template to scripts/ (27.170042ms)
✔ copyFlutterWorktreeSetupHookTemplate skips existing hook without force (1.891625ms)
✔ findGitignoredPubspecAssetsOnMain detects gitignored assets present on main (211.98725ms)
✔ buildGitignoredPubspecAssetsDoctorCheck warns when hook not configured (176.807333ms)
✔ buildGitignoredPubspecAssetsDoctorCheck warns when lane missing gitignored assets (170.605791ms)
✔ parseMigrateArgs rejects --source without value (0.605708ms)
✔ runMigrateFromTaskplane fails when source file is missing (4.808333ms)
✔ runMigrateFromTaskplane refuses overwrite without force (7.41225ms)
✔ runMigrateFromTaskplane dry-run does not write config (1.290375ms)
✔ loadTaskplaneConfig reads repo fixture (0.668666ms)
✔ mapTaskplaneToSpine maps repo fixture to valid spine config (0.838ms)
✔ mapTaskplaneToSpine honors tasksRootOverride (0.280666ms)
✔ mapTaskplaneToSpine ignores unknown keys (0.218708ms)
✔ mapMaxParallel clamps invalid and excessive values (0.067042ms)
✔ loadTaskplaneConfig fails loud on missing file (0.260583ms)
✔ DEFAULT_TASKPLANE_SOURCE_PATH matches repo layout (0.116208ms)
✔ normalizeFileScopePath strips trailing globs and normalizes separators (0.749875ms)
✔ pathsOverlap detects parent/child and rejects unrelated prefixes (0.151917ms)
✔ fileScopesOverlap detects parent/child directory overlap (1.866167ms)
✔ fileScopesOverlap detects exact file overlap in same wave scenario (0.1055ms)
✔ fileScopePatternsOverlap handles wildcard file globs (0.310084ms)
✔ fileScopePatternsOverlap does not treat dotted sibling paths as overlapping (0.609833ms)
✔ fileScopePatternsOverlap handles literal paths with regex metacharacters (1.021333ms)
✔ expandFileScopeProbes produces nested paths for directory globs (0.222792ms)
✔ findWaveFileScopeOverlaps returns pairs within the same wave only (0.63875ms)
✔ findWaveFileScopeOverlaps matches issue #31 parent/child safety paths (0.1225ms)
✔ findWaveFileScopeOverlaps ignores single-task waves (0.247917ms)
✔ planWaves serializes two tasks with the same file to one virtual lane (0.267875ms)
✔ assignLanesToWaves uses glob-aware overlap for wildcard scopes (0.094917ms)
✔ formatFileScopeOverlapWarnings lists wave and task pairs (0.117292ms)
✔ buildPlan reports file-scope overlaps and serializes conflicting tasks (27.515833ms)
✔ formatPlanHuman shows serial lane as bullet list with titles (0.723792ms)
✔ formatPlanHuman shows parallel lanes and omits tick jargon (0.104916ms)
✔ formatPlanHuman includes start hints for multi-wave plans (0.103292ms)
✔ topoWaves groups tasks into deterministic dependency waves (1.005ms)
✔ buildGraph includes nodes that only appear as dependencies (0.097166ms)
✔ findCyclePath returns a closed cycle path (0.731125ms)
✔ repo spine-tasks plan has wave0 TP-006||TP-007 and wave1 TP-008 (28.418709ms)
✔ TP-034/038/041 disjoint scopes get three virtual lanes in tick 0 (1.202583ms)
✔ overlapping file scopes share one virtual lane (serialized) (0.127542ms)
✔ buildPlan for TP-034 TP-038 TP-041 lists three lanes in human output (25.013209ms)
✔ spine plan CLI shows three lanes for TP-034 TP-038 TP-041 (143.66825ms)
✔ assignLanesToWaves assigns disjoint file scopes to separate virtual lanes (0.755291ms)
✔ assignLanesToWaves packs overlapping file scopes into same virtual lane (0.129167ms)
✔ assignLanesToWaves respects maxParallel by queueing excess virtual lanes into ticks (0.116542ms)
✔ filterPendingTaskIds excludes tasks with .DONE marker (34.002959ms)
✔ parseScope pending mode returns pending IDs and excluded count (5.027667ms)
✔ parseScope pending throws when all tasks are done (4.300459ms)
✔ buildPlan pending scope preserves dependency waves (7.001083ms)
✔ filterPendingTaskIds excludes tasks with .SUPERSEDED marker (3.234667ms)
✔ summarizePendingScope counts excluded tasks (3.410959ms)
✔ runSpinePlan pending with all .DONE returns exit 0 informational output (54.611792ms)
✔ runSpinePlan pending JSON with all .DONE returns synthetic plan (7.29475ms)
✔ runSpinePlan pending with all .DONE does not throw (4.0155ms)
✔ parseScope pending empty error carries structured metadata (7.74675ms)
✔ runSpinePlan pending output includes maxParallel from config (8.806916ms)
✔ buildPlan rejects invalid heading separator (5.820083ms)
✔ buildPlan rejects missing testing coverage (3.939ms)
✔ buildPlan rejects missing File Scope section (7.832833ms)
✔ runSpinePlan exits with validation errors for invalid PROMPT (5.244292ms)
✔ buildPlan accepts valid PROMPT packets (7.018209ms)
✔ parseScope glob escapes literal dots in path patterns (6.342667ms)
✔ parseScope glob escapes literal parentheses in path patterns (1.933125ms)
✔ parseScope glob with plus in path pattern matches literally (1.94275ms)
✔ parseScope TP-* glob scopes remain unchanged (4.388167ms)
✔ parseScope('all') selects all discovered tasks (16.007583ms)
✔ parseScope('TP-002') selects explicit task IDs (4.038417ms)
✔ parseScope supports glob path patterns (4.961041ms)
✔ resolveWaveTaskIds returns wave task IDs (0.850416ms)
✔ resolveWaveTaskIds rejects out-of-range and empty waves (0.131458ms)
✔ filterPlanToWave narrows plan to one wave (0.755458ms)
✔ parseBatchStartWaveFilter accepts --wave and --through-wave (0.195958ms)
✔ parseBatchStartWaveFilter rejects conflicting and invalid flags (0.096875ms)
✔ registerSpineSlashCommands registers all PRD §15.1 command names (0.759625ms)
✔ /spine-retry-task without task id notifies usage error (0.1655ms)
✔ /spine-skip-task without task id notifies usage error (0.58825ms)
✔ /spine-plan notifies error when preflight fails (8504.026625ms)
✔ /spine handler runs preflight before batch guidance (6137.346958ms)
✔ buildDepsReport returns empty graph for isolated task with no deps (214.96425ms)
✔ buildDepsReport detects synthetic dependency cycle (200.517708ms)
✔ cycleNodesFromPath deduplicates closing node (0.202167ms)
✔ depsToEdges and formatDepsHuman render dependency flow (0.183458ms)
✔ repo fixture TP-031 scope shows TP-030 dependency edge (11.468875ms)
✔ spine deps CLI emits JSON shape with nodes, edges, cycles, waves (345.58675ms)
✔ spine deps CLI exits 1 when cycle detected (365.700125ms)
✔ findCyclePath returns path for cyclic graph (0.22825ms)
✔ init --preset taskplane-compat --tasks-root taskplane-tasks --dry-run produces expected keys (5.954542ms)
✔ init --preset taskplane-compat defaults tasksRoot to taskplane-tasks (2.532084ms)
✔ plain init applies spine defaults without preset flag (1.886875ms)
✔ init rejects unknown preset (1.093958ms)
✔ fresh init creates config, agents, tasks root, and gitignore entries (16.818917ms)
✔ init skips constitution.md when it already exists without --force (7.115375ms)
✔ buildConstitutionMd substitutes project title from directory name (0.539375ms)
✔ init without --force refuses when spine-config.json exists (9.417666ms)
✔ --tasks-root taskplane-tasks sets paths.tasksRoot correctly (10.463333ms)
✔ --dry-run makes no filesystem changes (2.481125ms)
✔ init skips CONTEXT.md when it already exists without --force (9.041041ms)
✔ init --force overwrites existing CONTEXT.md (11.048375ms)
✔ buildContextMd substitutes project title from directory name (0.464541ms)
✔ --dry-run plans CONTEXT.md create without writing files (2.163583ms)
✔ ensureGitignoreEntries appends only missing entries (1.332625ms)
✔ runPreflightPlanCheck builds wave plan during preflight (1543.500583ms)
✔ runReconciliationCheck returns real diagnosis for running batch (1417.673416ms)
✔ checkDoctor fails when doctor reports issues (0.254542ms)
✔ checkStalePathSpine fails when PATH spine version is stale (1.706166ms)
✔ checkGitClean lists up to 20 dirty paths (201.156875ms)
✔ checkNoActiveBatch passes when no batch-state file exists (302.808667ms)
✔ checkNoActiveBatch calls reconciliation when batch-state exists (326.72325ms)
✔ checkTasksRoot validates discoverable task folders (237.388458ms)
✔ checkDependenciesJson validates version and task IDs (385.91425ms)
✔ runBatchPreflight passes on initialized clean fixture (2588.987625ms)
✔ runBatchPreflight fails when git working tree is dirty (1662.783917ms)
✔ runPreflightPlanCheck validates pending scope only (SP-122) (397.718958ms)
✔ checkTasksValidate exposes distinct tasks-validate check id (400.114292ms)
✔ runBatchPreflight includes tasks-validate check distinct from plan (1086.282167ms)
✔ runBatchPreflight fails on limbo fixture with dismiss suggestion (3676.82ms)
✔ runBatchPreflight passes when all tasks have .DONE (zero pending) (1023.581541ms)
✔ checkGitClean passes when only rules-manifest generatedAt drifted (284.085417ms)
✔ checkGitClean still fails when rules-manifest rules[] differ (280.587166ms)
✔ spine run pending is alias for batch start pending (549.923ms)
✔ spine run all dry-run matches pending-filtered batch start (427.191083ms)
✔ applySetting merges nested dotted paths (0.697208ms)
✔ runSettingsSetOperation rejects unknown path (0.216833ms)
✔ runSettingsSetOperation rejects invalid value (0.129583ms)
✔ runSettingsSetOperation returns merged config on success (0.329708ms)
✔ writeSpineConfigAtomic writes valid JSON atomically (242.363709ms)
✔ spine settings set updates maxParallel on disk (713.127708ms)
✔ spine settings set rejects bad value (378.246542ms)
✔ spine settings set --dry-run leaves config unchanged (375.210208ms)
✔ spine settings set --json reports write metadata (425.039583ms)
✔ spine settings set exits 1 with suggestedCommand when config missing (682.743417ms)
✔ getValueAtPath reads nested config values (0.615916ms)
✔ formatSettingsShow lists all editable fields in human mode (0.407625ms)
✔ formatSettingsShow returns JSON fields array for all settings (0.553667ms)
✔ formatSettingsShow single path mode prints one value (0.12075ms)
✔ formatSettingsShow rejects unknown path (0.080792ms)
✔ buildSettingsShowFields mirrors registry order (0.247417ms)
✔ spine settings show CLI prints editable fields from temp config (554.70775ms)
✔ spine settings show CLI single path and JSON modes (500.238ms)
✔ spine settings show CLI exits 1 with suggestedCommand when config missing (593.914084ms)
✔ formatSettingsSlashMenu lists at least five editable fields with set hints (0.696709ms)
✔ runSpineSettingsSlash notifies menu with live config fields (256.609792ms)
✔ runSpineSettingsSlash set subcommand persists a valid change (346.128208ms)
✔ runSpineSettingsSlash set reports usage error without path and value (271.086959ms)
✔ runSpineSettingsSlash reports missing config with suggested init (335.558292ms)
✔ fileScopesOverlap detects parent/child path overlap (0.686292ms)
✔ extractExploreSlugsFromContext finds explore findings paths (0.498792ms)
✔ collectWaveMCountFindings warns when a wave has more than four M tasks (0.125375ms)
✔ collectPromptJsonDepsDriftFindings reports missing JSON entry (0.102083ms)
✔ runSpineTasksAnalyze exits 0 for clean scope (349.895166ms)
✔ runSpineTasksAnalyze reports parallel file-scope overlap as blocking (306.697458ms)
✔ runSpineTasksAnalyze reports dependency cycle as blocking (255.457417ms)
✔ runSpineTasksAnalyze exits 0 when only warnings are present (563.563625ms)
✔ runSpineTasksAnalyze warns for missing explore findings referenced in CONTEXT (560.8ms)
✔ runSpineTasksAnalyze --json emits AnalyzeTasksResult (465.720916ms)
✔ spine tasks analyze CLI exits 1 for blocking overlap (573.914875ms)
✔ spine tasks analyze CLI exits 0 for warnings-only scope (1091.545708ms)
✔ spine help tasks documents analyze subcommand (224.19925ms)
✔ parseContract extracts all five contract fields from a valid table (2.392709ms)
✔ validateContract passes for a valid contract table (1.895209ms)
✔ parseContract and validateContract handle an empty contract table (0.177292ms)
✔ validateContract warns on unknown contract fields (0.11425ms)
✔ parseContract reports duplicate field rows as errors (0.105958ms)
✔ parseContract accepts plain-text testCommand values (0.078875ms)
✔ parseContract returns hasSection false when Contract heading is absent (0.078375ms)
✔ CONTRACT_FIELD_NAMES lists all normative contract fields (0.059625ms)
✔ parseContract resolves see File Scope to File Scope bullet paths (0.132709ms)
✔ parseContract excludes optional File Scope bullets from see File Scope expansion (0.128209ms)
✔ validateContract errors on em-dash placeholders in required mode (0.10575ms)
✔ validateContract errors on see File Scope with empty File Scope section in required mode (0.236583ms)
✔ validateContract warns on placeholders in optional mode (0.070208ms)
✔ parseContract treats em dash contract cells as empty path lists (0.077209ms)
✔ parseContract splits comma-separated paths inside a single backtick wrapper (SP-396) (0.08325ms)
✔ parseContract splits comma-separated artifacts inside a single backtick wrapper (0.138875ms)
✔ validateContract warns on comma-in-single-backtick path lists in optional mode (0.1855ms)
✔ validateContract errors on comma-in-single-backtick path lists in required mode (0.109792ms)
✔ mergeDeps unions identical sets from PROMPT and JSON (0.855917ms)
✔ mergeDeps JSON wins when PROMPT and JSON disagree (0.077917ms)
✔ mergeTaskDeps uses golden fixtures end-to-end (1.238625ms)
✔ mergeDeps returns PROMPT deps when JSON has no entry (0.214708ms)
✔ TASK_HEADING_RE requires em dash (U+2014) (0.656083ms)
✔ parsePrompt extracts required sections and steps from golden S fixture (1.194917ms)
✔ validatePrompt rejects hyphen separator in heading (0.5975ms)
✔ discoverTasks finds three golden fixtures (8.936375ms)
✔ parsePromptDependencies parses list and Requires forms (0.439583ms)
✔ parseStatus mirrors step numbers and checkbox state (1.088917ms)
✔ getStepProgress aggregates checkbox completion (0.77425ms)
✔ listIncompleteSteps returns unchecked items per step (0.4735ms)
✔ FX-invalid-no-testing fails validatePrompt for missing Testing step (1.416ms)
✔ FX-missing-contract fails validatePrompt in required contract mode (1.007833ms)
✔ FX-valid-contract passes validatePrompt in required contract mode (0.987875ms)
✔ FX-final-replan has Review Level >= 1 for REPLAN integration path (0.384583ms)
✔ formatTasksValidateHuman prefixes summary before failure details (0.696084ms)
✔ runSpineTasksValidate exits 0 for valid PROMPT packets (494.836ms)
✔ runSpineTasksValidate reports same failure message as planner for invalid PROMPT (530.465541ms)
✔ runSpineTasksValidate returns exit 2 for missing config (465.618375ms)
✔ runSpineTasksValidate returns exit 2 for unresolved scope (439.167667ms)
✔ spine tasks validate CLI exits 0 for valid scope (544.539041ms)
✔ spine tasks validate CLI exits 1 for invalid PROMPT (1012.599ms)
✔ buildTasksValidateResult matches TasksValidateResult schema (0.288458ms)
✔ collectTaskAdvisoryWarnings reports folder, STATUS, and deps mismatches (0.271167ms)
✔ runSpineTasksValidate --json emits TasksValidateResult (308.993042ms)
✔ runSpineTasksValidate --warnings-only keeps exit 0 for advisory issues (266.191ms)
✔ spine tasks validate CLI --json exits 0 for valid scope (335.000584ms)
✔ spine help tasks documents validate subcommand (119.163708ms)
✔ spine tasks validate CLI exits 2 for config error (332.278834ms)
✔ validateContract warns when fileScopeMustNotChange includes spine-tasks/** (3.203375ms)
✔ validateContract warns when pattern matches current task folder only (1.345917ms)
✔ validateContract is quiet for parallel product-path guards (0.616458ms)
✔ collectFileScopeMustNotChangeWarnings dedupes broad spine-tasks ban over task folder (0.169666ms)
✔ collectFileScopeMustNotChangeWarnings ignores other task folders (0.185458ms)
✔ collectFileScopeMustNotChangeWarnings respects custom tasksRoot (0.163833ms)
✔ collectFileScopeMustNotChangeWarnings skips current-task check without taskId (0.172041ms)
✔ collectStaleFileScopeMustChangeWarnings is quiet when scope paths unchanged since task intro (937.567334ms)
✔ collectStaleFileScopeMustChangeWarnings warns when scope paths changed on main after task intro (898.627541ms)
✔ collectStaleFileScopeMustChangeWarnings ignores tasks without fileScopeMustChange (820.479916ms)
✔ parseReportProgressArgs reads step and checkbox flags (0.544458ms)
✔ reportTaskProgress appends task.step_completed with metadata (2.000541ms)
✔ reportTaskProgress writes journal line on disk (19.982334ms)
✔ reportTaskProgress fails closed without batch context (0.210458ms)
✔ runSpineReportProgress returns non-zero when batchId missing (0.226959ms)
✔ runSpineReportProgress does not write with attach env when attach suppressed (2.728208ms)
✔ requestWorkerGate fails closed without batch context (0.574541ms)
✔ requestWorkerGate returns not_supported for integrate gate (5.249375ms)
✔ requestWorkerGate returns not_supported when no gate record (manual deferred) (1.187167ms)
✔ buildReviewStepCliArgs maps params and adds --stub when SPINE_WORKER_STUB=1 (0.884875ms)
✔ executeSpineReviewStep fails closed without SPINE_TASK_FOLDER (1.602ms)
✔ spine_review_step handler returns APPROVE via stub review (30.718125ms)
✔ spine_review_step handler marks stub spawn failure as tool error (11.964416ms)
✔ spine_review_step skips nested reviewer spawn inside worker session (59.046333ms)
✔ registerSpineWorkerTools registers all three PRD worker tools (0.879625ms)
✔ executeSpineReportProgress appends task.step_completed via tool handler (25.140792ms)
✔ executeSpineReportProgress fails closed without batch context (0.34ms)
✔ spine_request_gate tool returns structured not_supported shape (4.234ms)
✔ executeSpineRequestGate fails closed without batch context (0.273541ms)
ℹ tests 1732
ℹ suites 0
ℹ pass 1731
ℹ fail 1
ℹ cancelled 0
ℹ skipped 0
ℹ todo 0
ℹ duration_ms 140813.769291

✖ failing tests:

test at tests/dashboard:1:1
✖ tests/dashboard (51.536417ms)
  'test failed'

