Contract testCommand failure log
Command: npm run typecheck && SPINE_WORKER_STUB=1 npm test -- tests/dashboard/ && npm run coverage:check
Exit code: 1
Attempt: 1 of 2
Timestamp: 2026-07-06T16:16:50.156Z
Buffer overflow: no
---

> pi-spine@1.7.0 typecheck
> tsc --project tsconfig.json --noEmit && tsc --project tsconfig.batch.json --noEmit


> pi-spine@1.7.0 test
> SPINE_SUPPRESS_JOURNAL_ATTACH=1 node --experimental-strip-types --test tests/*.test.mjs tests/cli/*.test.mjs tests/compat/*.test.mjs tests/tasks/*.test.mjs tests/config/*.test.mjs tests/config/cursor-rules/*.test.mjs tests/planner/*.test.mjs tests/batch/*.test.mjs tests/agents/*.test.mjs tests/adoption/*.test.mjs tests/dashboard/*.test.mjs tests/doctor/*.test.mjs tests/init/*.test.mjs tests/migrate/*.test.mjs tests/worker-tools/*.test.mjs tests/coverage/*.test.mjs tests/extensions/*.test.mjs tests/dashboard/

✔ adoption fixture: init, plan, stub batch AD-001 creates .DONE (29314.773208ms)
✔ adoption integration: REPLAN final verdict surfaces needs_replan diagnosis (24223.332875ms)
✔ worker.md documents spine tools, stall checkpoint, and coverage policy (0.765083ms)
✔ worker.md documents engine-owned code and final review after .DONE (0.3685ms)
✔ reviewer.md documents final PASS REVISE REPLAN verdicts (1.014083ms)
✔ worker-prompt tail aligns with worker.md commit and review conventions (0.189042ms)
✔ buildWorkerTailPrompt does not contradict worker.md on commit format (16.038792ms)
✔ buildAgentSessionWorkerPrompt includes review hint when level > 0 (6.959333ms)
✔ buildWorkerPiArgs omits -ne when no pi-web-access conflict (22.122084ms)
✔ buildWorkerPiArgs includes -ne before -p when extension conflict detected (26.678792ms)
✔ formatPiExtensionConflictHint surfaces pi-web-access remediation (0.344583ms)
✔ abortBatch archives batch-state before clearing active file (2414.272833ms)
✔ abortBatch journals batch.aborted and preserves prior journal tail (1752.495ms)
✔ abortBatch writes abort signal without killing on graceful abort (2034.865833ms)
✔ hard abort removes lane worktree when cleanup enabled (1687.79625ms)
✔ hard abort keeps worktree when cleanupOnHardAbort is false (2631.841667ms)
✔ abortBatch fails when no active batch (1635.726916ms)
✔ mergeLaneToOrch auto-resolves disjoint adoption doc edits without force-merge (7297.70325ms)
✔ mergeLaneToOrch fails adoption doc merge with recovery commands when hunks overlap (9184.656666ms)
✔ formatAdoptionDocMergeFailure names file and wave recovery (0.218834ms)
✔ agent session abort failure journals lane.worker_abort_failed (1995.905208ms)
✔ formatAttachedMilestoneLine renders land-loop journal types (0.547709ms)
[spine] batch.started
[spine] task.started SP-343
[spine] task.completed SP-343
[spine] batch.merge_started wave=0
[spine] batch.merge_completed wave=0
[spine] gate.opened
[spine] gate.evidence_collecting
[spine] gate.evidence_completed
[spine] batch.completed
[spine] batch.land_loop_finalized

Batch started

Batch 20260706T161335 completed: SP-343 succeeded; merged to orch/spine-20260706T161335.
  → spine gate status
  → spine gate approve
  → spine integrate
  → spine batch complete

Batch 20260706T161335 ready to integrate orch branch to main

  → spine integrate

  Alternatives:
    • /spine-integrate
    • /spine-gate
    • spine status --diagnose

  Batch: 20260706T161335
  Task: SP-343
✔ runSpineBatch attached start returns integrate handoff without process.exit in tests (27972.459208ms)
✔ attached batch CLI subprocess exits after completed with stdout milestones (22930.871708ms)
✔ formatAttachedBatchCliResult includes diagnosis suggested command (0.308125ms)
✔ enforceAttachedEngineSingleOwner fails fast when engine PID is alive (1977.637708ms)
✔ enforceAttachedEngineSingleOwner orphans prior engine with --force (1997.59425ms)
✔ resumeBatch rejects second attached resume when engine PID is alive (1925.042583ms)
✔ resumeBatchDetached rejects spawn when attached engine PID is alive (1269.310875ms)
✔ runAttachedBatchEngine blocks attached start when engine PID is alive (1777.19075ms)
✔ isLastWaveIndex matches batch 20260618T000943 wave plan (0.495708ms)
✔ maybeFinalizeAfterWaveMerge opens gate for last-wave post-merge limbo (7449.192375ms)
✔ resumeMultiTaskBatch finalizes post-merge limbo even with stale engine pid (7487.47025ms)
✔ terminateStaleDetachedEngine still clears stale engine during post-merge limbo resume handoff (2499.793ms)
✔ startBatch multi-wave attached path opens gate after wave 1 without resume (32593.157042ms)
✔ attached milestone types include batch.merge_blocked (0.500625ms)
✔ formatAttachedBatchCliResult prints merge failure headline and exits non-zero for merge_blocked (5540.977583ms)
✔ runAttachedBatchEngine streams merge_blocked milestone before merge failure CLI output (6463.514209ms)
✔ mergeEngineStateWithDiskPause adopts operator pause from disk (2387.09175ms)
✔ saveEngineBatchState does not clobber phase paused during heartbeat-style saves (2152.213125ms)
✔ enforceOperatorPauseOnDisk re-asserts paused after engine overwrite (3953.012708ms)
✔ pauseBatch confirms when attached engine heartbeat saves honor pause (3920.868ms)
✔ batch 20260620T194352 fixture is post-merge limbo without gate (1712.139459ms)
✔ attemptPostMergeLandLoopHandoff finalizes in-process after SIGTERM-shaped limbo (7232.599125ms)
✔ finalizeAttachedPostMergeLimbo is idempotent when gate already open (6633.675583ms)
✔ resume after orphan_terminated journal opens gate for batch 20260620T194352 pattern (7649.061917ms)
✔ installAttachedEngineShutdownHandlers finalizes on SIGTERM without manual resume (6360.634125ms)
✔ terminateStaleDetachedEngine during post-merge limbo still allows resume finalize (6079.174125ms)
✔ shouldAutoIntegrateAfterWave is false by default (0.483334ms)
✔ shouldAutoIntegrateAfterWave is true when configured and not last wave (0.081959ms)
✔ shouldAutoIntegrateAfterWave is false on last wave (0.056042ms)
✔ issue #25: retry unblocks failed phase when only pending tasks remain (13111.175083ms)
✔ issue #25: failed phase with pending-only limbo resumes without --force (7003.1175ms)
✔ retry keeps failed phase when other failed tasks remain (2758.547875ms)
✔ diagnosis suggests resume --force for failed-phase pending-only limbo (2.230042ms)
✔ parseSupersededReplacementIds extracts child task IDs (1.111291ms)
✔ assertBatchStartTasksNotSuperseded rejects superseded IDs (3104.419375ms)
✔ assertBatchStartTasksNotSuperseded allows pending IDs (2454.13325ms)
✔ assertBatchStartTasksNotSuperseded honors --force-superseded (1886.648ms)
✔ resolveBatchStartScope rejects explicit superseded task IDs (2542.925958ms)
✔ resolveBatchStartScope allows superseded IDs with forceSuperseded (2545.152417ms)
✔ startBatch dry-run rejects superseded explicit scope (2691.851ms)
✔ startBatch dry-run allows superseded scope with forceSuperseded (2523.597459ms)
✔ parseBatchArgs maps --wave on start to waveFilter (0.717792ms)
✔ parseBatchArgs strips --wave value from scope for wave 0 (0.089375ms)
✔ buildAttachedBatchStartArgv forwards waveFilter to detached engine (0.492791ms)
✔ startBatch dry-run with pending scope and --wave 0 selects planner wave 0 (2907.809042ms)
✔ startBatch dry-run with --wave selects planner wave task IDs (2391.614792ms)
✔ wave-filtered dry-run matches explicit wave task scope dry-run (1712.355709ms)
✔ complete handoff preserves newer active batch (073511 vs 073937 race) (13.845875ms)
✔ clearStaleTerminalBatchStateForStart removes completed batch-state pointer (8.205041ms)
✔ assertNoActiveBatch clears stale completed pointer before start handoff (3.02725ms)
✔ runBatchComplete clears active batch-state when no newer batch took over (6612.477167ms)
✔ new batch save replaces terminal completed cache with different batchId (30.424792ms)
✔ evaluateBatchStateWriteGuard rejects writes from non-owner live engine (22.320791ms)
✔ saveSpineBatchState rejects resurrecting archived batch cache (68.346375ms)
✔ resolveStallConfig defaults checkpoint warning and no file-scope grace extension (0.579875ms)
✔ file-scope mtime is activity only — does not extend stall deadline by default (0.185125ms)
✔ checkpoint signals extend grace; STATUS update moves deadline (0.07175ms)
✔ shouldEmitCheckpointWarning after activity without checkpoint threshold (0.105208ms)
✔ resolveScopedDirtyPaths limits porcelain to file scope and task folder (1310.321667ms)
✔ lane.checkpoint_warning journal event and diagnose hints (33.442583ms)
✔ extractJournalDiagnosisHints omits stale checkpoint_warning older than 30 minutes (0.133333ms)
✔ collectProgressSignals includes dirtyPaths for scoped changes (1800.607416ms)
✔ verifyContract uses base-satisfied when scope predates task PROMPT on base (4827.994166ms)
✔ verifyContract passes when scope is on base and lane has zero implementation diff (3940.327458ms)
✔ verifyContract fails base-satisfied scope when testCommand fails (9691.283917ms)
✔ verifyStubFileScopeMustChange passes when base already satisfies scope (3510.817708ms)
✔ isBaseScopeSatisfied is false when base lacks scope changes (2938.734792ms)
✔ runFinalReviewPhase fails fast with contract_failed and does not consume finalAttempts (9367.838042ms)
✔ reconcileBatch surfaces contract_failed headline for failed task (5152.525875ms)
✔ verifyContract satisfies pre-landed fileScopeMustChange when testCommand and artifacts pass (4503.318417ms)
✔ verifyContract still fails pre-landed scope when testCommand fails (8995.939125ms)
✔ verifyStubFileScopeMustChange passes delivery-only STATUS when source scope pre-landed (4466.533375ms)
✔ verifyContract passes delivery-only STATUS.md fileScopeMustChange contract (3252.466208ms)
✔ resolvePromptRelPath derives task PROMPT from spine-tasks delivery changes (2440.44175ms)
✔ isFileScopePatternPrelanded detects scope changed on main after task intro (2486.485792ms)
✔ resolveTaskStartCommit ignores resumed task.started after same-task lane.committed (1.229875ms)
✔ verifyContract passes fileScopeMustChange after pause/retry/resume when lane commit exists (3973.792042ms)
✔ testCommand fails once then succeeds on retry — contract passes (171.220083ms)
✔ testCommand fails all retries — contract_failed as before (327.185667ms)
✔ retry count configurable via spine-config contract.testRetries (521.639167ms)
✔ failed output captured to .reviews/ directory (465.873542ms)
✔ no retry when testCommand succeeds first time (no performance cost) (246.160625ms)
✔ writeContractFailureLog creates log file with header (101.562666ms)
✔ writeContractFailureLog returns null when taskFolder is undefined (0.637041ms)
✔ CONTRACT_TEST_DEFAULT_RETRIES is 1 (0.087125ms)
✔ CONTRACT_TEST_RETRY_DELAY_MS is 5000 (0.260792ms)
✔ multiple failure logs captured across retry attempts (458.839125ms)
✔ parseContract extracts stallTimeoutMinutes and extendGraceOnFileScope (1.137625ms)
✔ resolveTaskStallMinutes uses max of global, size floor, and contract override (0.124375ms)
✔ resolveStallConfigForTask applies contract stallTimeoutMinutes to stallTimeoutMs (0.126875ms)
✔ resolveStallConfigForTask honors contract extendGraceOnFileScope (0.079625ms)
✔ resolveWorkerPiTimeoutMs aligns with contract stall budget (0.103292ms)
✔ runWorker with contract stall override survives beyond global stall budget (scaled) (5404.183125ms)
✔ runWorker without contract override stalls at scaled global budget (5445.864708ms)
✔ isDeliveryArtifactPath accepts STATUS.md-only patterns (0.698125ms)
✔ isDeliveryArtifactPath accepts .DONE-only patterns (0.169417ms)
✔ isDeliveryArtifactPath accepts task-folder delivery globs (0.115792ms)
✔ isDeliveryArtifactPath rejects implementation and tasks-root paths (0.097417ms)
✔ isImplementationScopePattern detects source and tooling roots (0.086042ms)
✔ isStubDeliveryOnlyScope is true for delivery-only pattern sets (0.098833ms)
✔ isStubDeliveryOnlyScope rejects mixed implementation and delivery patterns (0.059417ms)
✔ isStubDeliveryOnlyScope rejects empty pattern lists (0.048333ms)
✔ isDeliveryArtifactPath honors custom tasksRoot (0.173625ms)
✔ resolveTaskStartCommit returns distinct start commits for serialized lane tasks (0.651958ms)
✔ resolveTaskStartCommit prefers task.started payload commit over prior lane.committed (0.111334ms)
✔ resolveTaskStartCommit returns null when task.started is missing (main...HEAD fallback) (0.070916ms)
✔ resolveTaskStartCommit resolves git HEAD at task.started timestamp when journal lacks commit (1949.475916ms)
✔ CONTRACT_TEST_COMMAND_MAX_BUFFER exceeds legacy 256KB limit (0.507834ms)
✔ runContractTestCommand captures large stdout without killing child (89.534958ms)
✔ runContractTestCommand surfaces ENOBUFS with scoped testCommand guidance (262.9655ms)
✔ verifyContract reports buffer overflow with scoped testCommand guidance (5549.47575ms)
✔ buildContractTestEnv moves SPINE_BATCH_ID to SPINE_PARENT_BATCH_ID (0.523584ms)
✔ detectNestedWorkerContext blocks parent batch in lane worktree (0.235209ms)
✔ startBatch blocks nested spawn when SPINE_PARENT_BATCH_ID set in lane worktree (169.388875ms)
✔ buildContractTestEnv allows isolated fixture batch start without parent batch id (5.704709ms)
✔ listChangedFiles with sinceCommit scopes diff to commits after anchor (3669.978583ms)
✔ listChangedFiles without sinceCommit preserves baseBranch...HEAD (3001.297958ms)
✔ verifyContract with sinceCommit ignores prior same-lane task fileScopeMustNotChange violations (4221.340709ms)
✔ verifyContract without sinceCommit preserves cumulative lane branch behavior (3059.253ms)
✔ buildContractTestEnv removes worker-only keys (0.489791ms)
✔ runContractTestCommand subprocess does not inherit SPINE_IS_WORKER (282.628375ms)
✔ verifyContract testCommand passes under worker env when subprocess is sanitized (205.383375ms)
✔ verifyContract passes when testCommand exits 0 (147.818333ms)
✔ verifyContract fails when testCommand exits non-zero (349.8885ms)
✔ verifyContract checks artifactsMustExist paths in worktree (149.93825ms)
✔ verifyContract expands glob patterns in artifactsMustExist (223.364ms)
✔ verifyContract returns ok with empty checks when contract has no verify fields (174.071791ms)
✔ verifyContract enforces fileScopeMustChange and fileScopeMustNotChange (4060.064833ms)
✔ verifyContract checks minLineCoverage from command output (219.679875ms)
✔ shouldRunContractVerify skips legacy TP-* tasks and absent contract sections (0.239834ms)
✔ matchesContractPattern supports glob paths (0.201709ms)
✔ parseAggregateLineCoverage parses coverage table rows (0.611333ms)
✔ SP-193-shaped placeholder contract fails validateContract in required mode (1.4375ms)
✔ verifyContract passes SP-193-shaped contract when scoped files changed (3712.895ms)
✔ fileScopeMustChange trailing-slash pattern matches files under directory prefix (2896.826792ms)
✔ fileScopeMustChange trailing-slash pattern fails when no files under prefix changed (2490.685458ms)
✔ fileScopeMustChange exact-path and glob behavior preserved alongside trailing-slash (2854.669042ms)
✔ waitForDetachedBatchResume waits for integrate gate after batch completes (2356.546416ms)
✔ waitForDetachedBatchResume completes without gate when integrate gate not required (2454.330958ms)
✔ prepareDetachedResumeEngineHandoff terminates stale engine before resume spawn (51.761542ms)
✔ resolveDefaultResumeWaitTerminal returns true for engine_orphaned without flags (0.48225ms)
✔ resolveDefaultResumeWaitTerminal respects explicit flags (0.110875ms)
✔ detectPostMergeLimboForResume matches journal-only limbo for batch 20260629T210738 (5395.644083ms)
✔ postMergeLimbo diagnosis suggests spine batch resume --force (0.246791ms)
✔ resumeBatchDetached --force finalizes journal-only limbo without spawning engine (10092.350625ms)
✔ detached batch start opens integrate gate after stub engine completes (19678.99825ms)
✔ timeout_waiting_for_batch with dead enginePid reconciles as engine_orphaned not running (5209.054458ms)
✔ startBatchDetached persists spawn enginePid before wait on timeout failure path (34128.014792ms)
✔ parseBatchArgs defaults to detached start (attached flag off) (0.796708ms)
✔ parseBatchArgs --attached opts into foreground engine (0.084416ms)
✔ buildAttachedBatchStartArgv forwards scope and skip-preflight (0.688417ms)
✔ formatDetachedBatchStartOutput includes monitor hints (0.240833ms)
✔ batch start returns quickly and runs engine in background (22330.907417ms)
✔ parseBatchArgs resume defaults to detached (attached flag off) (0.194417ms)
✔ buildAttachedBatchResumeArgv forwards force (0.081083ms)
✔ formatDetachedEngineOutput includes resume wording (0.104833ms)
✔ waitForDetachedBatchResume returns engine_started by default (1478.48425ms)
✔ waitForDetachedBatchResume with waitTerminal returns resume_completed (2012.835583ms)
✔ collectDetachedFailureDiagnostics includes task.failed summary and log tails (1332.536459ms)
✔ parseBatchArgs accepts --wait-terminal (0.19ms)
✔ batch resume returns quickly and runs engine in background (17879.682125ms)
✔ inferLaunchFailureKind ignores DirtyWorktree exitReason (0.585542ms)
✔ buildHeadline prefers DirtyWorktree over worker launch (0.306458ms)
✔ buildSuggestedCommand for DirtyWorktree suggests coverage cleanup and retry (0.1475ms)
✔ buildHeadline surfaces review_exhausted primary failure (0.104958ms)
✔ buildSuggestedCommand for review_exhausted suggests batch retry (0.059708ms)
✔ buildHeadline surfaces contract_failed primary failure (0.070292ms)
✔ buildSuggestedCommand for contract_failed suggests PROMPT edit and retry (0.054375ms)
✔ buildDiagnosisOutput bundles primary failure class without launch headline (0.114334ms)
✔ reconcileBatch aligns hasFailedTasks with segment drift and DirtyWorktree headline (5282.262584ms)
✔ reconcileBatch diagnoses review_exhausted from failed task exitReason (4605.669958ms)
✔ buildHeadline surfaces PI_SPINE_ROOT launch failure (0.658125ms)
✔ buildHeadline surfaces lane commit failures after worker completion (0.109333ms)
✔ buildSuggestedCommand prefers spine doctor for launch failures (0.205583ms)
✔ inferLaunchFailureKind reads worker output hints from journal (0.186917ms)
✔ extractJournalDiagnosisHints prioritizes setup hook and merge blocked events (15.102583ms)
✔ formatMixedOutcomeMessage lists succeeded tasks and spine batch retry guidance (0.155083ms)
✔ reconcileBatch diagnoses launch failure wave from fixture (5303.53075ms)
✔ buildDiagnosisOutput bundles launch failure headline and command (0.553ms)
✔ DIAGNOSIS_TAXONOMY includes worker_orphaned distinct from needs_retry (0.565416ms)
✔ inferLaunchFailureFromWorkerOutputTail reads PI_SPINE_ROOT hints from log tail (0.12375ms)
✔ buildSuggestedCommand prefers abort for ghost running cluster (0.139375ms)
✔ buildHeadline surfaces worker_orphaned launch failure from worker output context (0.231542ms)
✔ worker_orphaned after plan review nested_spawn_blocked suggests batch retry (0.108708ms)
✔ dead lane workerPid diagnoses worker_orphaned not needs_retry (4662.241375ms)
✔ dead workerPid after lane.completed does not diagnose worker_orphaned (4451.518084ms)
✔ worker_orphaned enriches launch headline from worker output log without task.failed (4863.690917ms)
✔ multiple ghost running tasks on one lane prefer spine batch abort (4304.931292ms)
✔ segment drift still diagnoses needs_retry (3532.585583ms)
✔ buildDiagnosisOutput bundles worker_orphaned headline and command (0.442875ms)
✔ isRunningWithoutActiveWorkers is false when workers are active (0.579083ms)
✔ isRunningWithoutActiveWorkers detects all-terminal tail state (0.076458ms)
✔ buildRunningTailHeadline maps macroPhase merging to operator text (0.204333ms)
✔ buildRunningTailHeadline maps gating / post-merge limbo (0.117541ms)
✔ buildHeadline preserves generic running when workers are active (0.347459ms)
✔ deriveMacroPhase uses journal merge tail when diagnosis is running without workers (0.281125ms)
✔ deriveMacroPhase stays executing when workers are active (0.096666ms)
✔ tail-state fixture reconciles without bare is running headline (5398.506458ms)
✔ tail-state headline matches batch 20260701T031142 shape via buildHeadline (0.422584ms)
✔ isCoverageArtifactPath matches extension/coverage and root coverage dirs (32.07225ms)
✔ isPathInFileScope matches exact paths and directory prefixes (0.191416ms)
✔ filterOutOfScopeCoveragePorcelain drops modified coverage outside file scope (0.162125ms)
✔ filterOutOfScopeCoveragePorcelain keeps in-scope coverage modifications (0.290833ms)
✔ restoreOutOfScopeCoverageArtifacts resets tracked coverage files (2704.84025ms)
✔ resolvePostLaneCommitPorcelain restores and filters out-of-scope coverage (2884.169083ms)
✔ commitLaneAndValidateWorktree succeeds when only out-of-scope coverage is dirty (4011.657584ms)
✔ commitLaneAndValidateWorktree fails when dirty without .DONE (3768.822792ms)
✔ isWorktreeDeletionPorcelainLine matches unstaged deletions (0.512625ms)
✔ isSymlinkOnlyDriftPorcelain is true only for deletion-only porcelain (0.1015ms)
✔ filterSetupHookSymlinkDriftPorcelain clears deletion-only drift (0.087375ms)
✔ parseLaneWorktreeIdentity extracts batch and lane from worktree path (0.496ms)
✔ resolvePostLaneCommitPorcelain repairs hook symlink drift (4546.038083ms)
✔ commitLaneAndValidateWorktree succeeds when hook symlink drifts after PASS (5127.594209ms)
✔ dismissBatch kills live stub worker PID and journals lane.worker_terminated (4904.49725ms)
✔ shouldRunCodeReview requires review level 2 or higher (0.5495ms)
✔ findCodeReviewStepNumber prefers step with code review checkpoint (3.520584ms)
✔ findCompletedCodeReview honors journal review.completed code APPROVE (9.632458ms)
✔ findCompletedCodeReview honors step artifact APPROVE for code review step (62.024ms)
✔ runTaskOnLane runs engine code review for RL2 without worker nested spawn (10025.459208ms)
✔ runTaskOnLane skips engine code review when review level is 0 (9002.291875ms)
✔ runTaskOnLane skips engine code review when review level is 1 (9013.3945ms)
✔ runTaskOnLane honors journal review.completed code APPROVE without duplicate spawn (8821.319417ms)
✔ runTaskOnLane re-invokes worker after code REVISE and succeeds on APPROVE (14710.192041ms)
✔ resolveReviewSpawnTimeoutMs aligns with stall budget for M tasks (0.585834ms)
✔ runStepReview journals review.failed with review_timeout on hung spawn (629.618958ms)
✔ async reviewer spawn does not block the event loop while waiting for timeout (369.85875ms)
✔ startBatch opens integrate gate before batch.completed journal event (19333.812625ms)
✔ startBatch serializes multiple tasks on one physical lane (27283.649ms)
✔ startBatch runs disjoint-scope tasks on separate lanes in parallel (22146.345875ms)
✔ startBatch records lane commit before task.completed (19319.505833ms)
✔ runTaskOnLane emits task.failed not task.completed when lane commit fails (7916.725292ms)
✔ validateSpineConfig accepts worktreeSetupIgnorePaths (0.358417ms)
✔ engine_orphaned diagnosis suggests retry when task id known, attached resume otherwise (1.1195ms)
✔ dead engine with phase running passes validateMultiTaskResume without pause (3437.15625ms)
✔ running phase with live engine pid rejects resume without force (3208.210375ms)
✔ reconcile engine_orphaned recommends attached resume for batch 20260618T191236 pattern (4217.53075ms)
✔ engine_orphaned with failedTaskId suggests retry (SP-315) (0.6225ms)
✔ reconcileOrphanRunningState transitions running task to failed with journal events (3550.579459ms)
✔ retryTask succeeds on orphan without manual pause (issue #20 trap) (2364.426666ms)
✔ diagnose then retry: suggestedCommand matches working recovery path (4696.017542ms)
✔ resume --force allowed after orphan reconcile when phase was running (2634.088583ms)
✔ terminateStaleDetachedEngine SIGTERM stale pid on failed resume (49.850958ms)
✔ runStepReview honors existing final PASS without re-spawn (35.36425ms)
✔ runStepReview skips review.failed journal when batch already completed (144.202958ms)
✔ startBatch lane branch has commit before merge when stub touches files (18895.186208ms)
✔ startBatch completes single task with stub worker (17987.5945ms)
✔ isExplicitBatchScope treats pending as explicit (0.214291ms)
✔ startBatch all dry-run allows multi-wave pending backlog (1866.285ms)
✔ startBatch pending dry-run excludes done tasks (2152.18275ms)
✔ startBatch all fails when every task has .DONE (1791.188291ms)
✔ startBatch skips worker when .DONE exists on disk (9698.662792ms)
✔ resolveBatchStartScope normalizes all to pending IDs (1942.804875ms)
✔ startBatch explicit IDs still allow multi-wave when scope is not bare all (2175.74575ms)
✔ startBatch completes two-lane wave with stub workers (19642.062875ms)
✔ startBatch blocks merge on mixed outcomes (8766.520375ms)
✔ assessWaveMergeEligibility blocks failed and pending tasks (0.526709ms)
✔ collectCoreEvidenceBundle writes summary without complete marker (5354.947375ms)
✔ openIntegrateGate persists gate before extended evidence and journals milestones (4717.026208ms)
✔ openIntegrateGate keeps gate when extended evidence command fails (5010.403583ms)
✔ collectExtendedEvidenceBundle appends to existing refs (3178.703916ms)
✔ parseEvidenceCommandArgv accepts npm run test (1.674875ms)
✔ parseEvidenceCommandArgv preserves quoted arguments (0.14ms)
✔ parseEvidenceCommandArgv rejects shell command chaining (0.226375ms)
✔ parseEvidenceCommandArgv rejects unknown binary (0.089917ms)
✔ runEvidenceCommand executes allowlisted argv without shell (210.864833ms)
✔ runEvidenceCommand rejects malicious config strings (0.32675ms)
✔ runEvidenceCommand skips empty command (0.200208ms)
✔ runEvidenceCommand rejects disallowed build binary (0.258625ms)
✔ parseEvidenceCommandArgv rejects subshell injection (0.259833ms)
✔ collectEvidenceBundle writes summary and .complete marker atomically (5167.531875ms)
✔ collectEvidenceBundle writes rejected output for unsafe testing.test (3478.660917ms)
✔ findCompletedFinalReview honors journal review.completed final PASS (2.878333ms)
✔ findCompletedFinalReview honors latest final artifact PASS (7.040541ms)
✔ runTaskOnLane honors pre-existing worker final review without spawn failure (10206.030583ms)
✔ runTaskOnLane honors journal review.completed final PASS without duplicate spawn (9606.819958ms)
✔ parseFinalReviewVerdict accepts PASS, REVISE, and REPLAN (0.9005ms)
✔ shouldRunFinalReview skips when review level is 0 (0.096458ms)
✔ runTaskOnLane skips final review when review level is 0 (9835.279666ms)
✔ runTaskOnLane journals task.verdict_recorded on PASS final review (9351.394ms)
✔ runTaskOnLane re-invokes worker after REVISE and succeeds on PASS (15145.635125ms)
✔ runTaskOnLane caps REVISE at maxFinalAttempts with review_exhausted (18666.697125ms)
✔ runTaskOnLane fails with needs_replan and does not keep .DONE (7981.895708ms)
✔ mergeWaveLanesToOrch blocks when a wave task has exitReason needs_replan (1760.50425ms)
✔ runEngineFinalReview stub writes final artifact path (9.731709ms)
✔ isUnscopedFlutterAnalyzeSegment detects bare and compound analyze commands (1.242916ms)
✔ isUnscopedFlutterAnalyzeCommand handles compound shell commands (0.144792ms)
✔ isFlutterAnalyzeTestCompoundCommand matches analyze plus test (0.116291ms)
✔ shouldCleanFlutterBuildBeforeAnalyze respects config opt-out (0.076291ms)
✔ sanitizeFlutterBuildBeforeAnalyze removes polluted build directory (1442.495042ms)
✔ sanitizeFlutterBuildBeforeAnalyze is no-op when build is absent (1165.253209ms)
✔ prepareContractVerifyEnvironment removes polluted build for compound analyze command (1005.533125ms)
✔ polluted build does not fail verify after hygiene (1445.694958ms)
✔ verifyContract cleans polluted build before unscoped flutter analyze testCommand (1542.581459ms)
✔ buildTaskScorecard lists task rows (0.7035ms)
✔ openIntegrateGate persists pending gate and journals gate.opened (4990.503625ms)
✔ collectEvidenceBundle writes summary and diff-stat (5032.462542ms)
✔ approve and reject enforce gate FSM (4348.463459ms)
✔ rejectIntegrateGate journals gate.rejected (3706.371041ms)
✔ checkIntegrateGate blocks until approved (exit 2) (3756.645667ms)
✔ integrateOrchToBase fails with exit 2 when gate pending (5723.143041ms)
✔ integrateOrchToBase succeeds after gate approval (9723.854833ms)
✔ force integrate requires SPINE_ALLOW_FORCE=1 (2550.448208ms)
✔ openIntegrateGateAfterBatchComplete skips non-completed batches (1181.659ms)
✔ runSpineGate CLI approve updates gate record (4492.621292ms)
✔ isGitignoredArtifactPath matches extension/coverage and node_modules (0.579334ms)
✔ listGitignoredArtifactRoots deduplicates nested artifact dirs (0.49675ms)
✔ sanitizeGitignoredArtifactsBeforeLaneCommit removes worktree-only coverage (1707.082416ms)
✔ sanitizeGitignoredArtifactsBeforeLaneCommit skips when disabled (1829.645584ms)
✔ commitLaneAndValidateWorktree succeeds when only extension/coverage is gitignored dirty (3261.573667ms)
✔ commitLaneAndValidateWorktree succeeds when only node_modules is gitignored dirty (2729.399959ms)
✔ sanitizeGitignoredArtifactsBeforeLaneCommit does not clean index-tracked gitignored paths (2503.384875ms)
✔ commitLaneWorktree still fails for index-tracked gitignored coverage (3365.767417ms)
✔ classifyGitignoredPaths returns empty arrays for empty input (1136.257416ms)
✔ classifyGitignoredPaths detects index-tracked gitignored paths (1898.230166ms)
✔ classifyGitignoredPaths detects worktree-only gitignored paths (1599.549583ms)
✔ classifyGitignoredPaths handles mixed index-tracked and worktree-only (1777.859333ms)
✔ formatGitignoredRemediationMessage: worktree-only does not suggest git rm --cached (0.30025ms)
✔ formatGitignoredRemediationMessage: index-tracked suggests git rm --cached (0.065292ms)
✔ formatGitignoredRemediationMessage: mixed suggests both remediation paths (0.063375ms)
✔ commitLaneWorktree: worktree-only gitignored does not suggest git rm --cached (1946.807042ms)
✔ commitLaneWorktree: index-tracked gitignored still suggests git rm --cached (2693.011292ms)
✔ regression: SP-011 worktree-only coverage after npm test does not suggest git rm --cached (3453.82775ms)
✔ isGitignoredArtifactPath matches graphify-out hook output (0.54875ms)
✔ listGitignoredArtifactRoots deduplicates nested graphify-out paths (0.499708ms)
✔ sanitizeGitignoredArtifactsBeforeLaneCommit removes worktree-only graphify-out (2345.316542ms)
✔ commitLaneAndValidateWorktree succeeds when only graphify-out is gitignored dirty (3316.343917ms)
✔ resolveHeartbeatKind marks launching as worker_alive only (0.606041ms)
✔ shouldEmitCheckpointWarning skips launching phase (0.205584ms)
✔ buildHeartbeatPayloadFields omits stale checkpoint signals during launching (0.0965ms)
✔ recordLaneHeartbeat journals kind and phase (582.581708ms)
✔ runWorker launching heartbeat does not journal stale STATUS mtime on fast-fail retry (6094.45875ms)
✔ resolveStallConfig applies lane overrides (0.176791ms)
✔ progressSignalsChanged detects STATUS mtime updates (777.877875ms)
✔ computeStallDeadline extends past hard timeout after progress (0.125167ms)
✔ stall false positive avoided when STATUS updates extend deadline (I-01) (0.107708ms)
✔ findLatestStepCompletedMs returns newest matching task.step_completed (0.126875ms)
✔ progressSignalsChanged detects journal task.step_completed (silent tools) (832.401917ms)
✔ activitySignalsChanged detects file-scope mtime updates (FR-WORK-10 / FR-STALL-02) (640.42375ms)
✔ startBatch records lane.heartbeat during stub worker delay (19028.922167ms)
✔ startBatch persists baseBranchHeadAtStart and journals batch.base_snapshot (17785.843875ms)
✔ isFastForwardCapableIntegrate detects orch ahead of main (#93) (2809.356625ms)
✔ integrateOrchToBase fast-forwards when orch is strictly ahead (#93 batch 20260702T071449) (11983.085125ms)
✔ integrateOrchToBase fast-forwards with generatedAt-only rules-manifest drift on main (#93) (11438.136083ms)
✔ recordBatchBaseSnapshot stores head sha and journals batch.base_snapshot (1560.577084ms)
✔ integrateOrchToBase succeeds with uncommitted edits on main (9361.039834ms)
✔ integrateOrchToBase conflict path leaves human checkout and files unchanged (10478.261042ms)
✔ integrateOrchToBase succeeds with uncommitted edits on feature branch (non-base) (10797.519667ms)
✔ integrateOrchToBase dry-run advertises isolated merge plan (4548.363166ms)
✔ resolveRulesManifestIntegrateDrift restores main when worker manifest matches orch (#22) (3565.839541ms)
✔ integrateOrchToBase succeeds with worker manifest drift on main matching orch (#22) (10242.274666ms)
✔ resolveRulesManifestIntegrateDrift blocks unrelated dirty files on main (3246.645417ms)
✔ resolveRulesManifestIntegrateDrift blocks substantive manifest drift not matching orch (3500.112ms)
✔ resolveRulesManifestIntegrateDrift still clears generatedAt-only drift on main (2579.698084ms)
✔ resolveRulesManifestIntegrateDrift clears generatedAt-only dirty manifest on main (3485.75725ms)
✔ integrateOrchToBase succeeds with dirty generatedAt-only rules-manifest on main (10896.130875ms)
✔ inspectHumanBaseSync reports integrate_isolated_ok after plumbing integrate leaves HEAD behind (16200.153833ms)
✔ inspectHumanBaseSync reports human_base_diverged when human commits overlap orch paths (7462.759791ms)
✔ spine sync-base CLI merges landed main into feature branch (14555.997917ms)
✔ DEFAULT_SYNC_TIMEOUT_MS is 60 seconds (0.512959ms)
✔ syncPlumbingMergePathsToWorktree returns ok: true on successful sync (2321.939958ms)
✔ syncPlumbingMergePathsToWorktree returns ok: false with timedOut on timeout (2084.1525ms)
✔ integrateOrchToBase emits integrate.failed with IntegrateTimeout on sync timeout (8762.093125ms)
✔ successful integrate still emits integrate.completed (regression) (10911.043166ms)
✔ partial sync failure returns ok: false with correct failureClass from integrateOrchToBase (10575.665042ms)
✔ syncPlumbingMergePathsToWorktree succeeds when worktree has paths not in HEAD (2316.267333ms)
✔ syncPlumbingMergePathsToWorktree restores paths that exist in merge commit (3116.950042ms)
✔ syncPlumbingMergePathsToWorktree skips diff paths absent from merge commit (2701.707583ms)
✔ assertOrchIntegratable refuses empty orch when mergeResults claim success (1434.236333ms)
✔ assertOrchIntegratable requires integrate when orch is ahead of base (1827.265125ms)
✔ reconcileBatch reports needs_integrate when batch completed but orch not on main (4585.484833ms)
✔ completeBatch refuses when orch is ahead but not integrated (4402.4375ms)
✔ integrateOrchToBase merges orch into main and journals events (10593.827458ms)
✔ integrateOrchToBase dry-run does not change main HEAD (4193.676583ms)
✔ completeBatch succeeds after integrate lands orch on main (13664.246375ms)
✔ integrateOrchToBase aborts merge on conflict and restores checkout (7257.657417ms)
✔ integrateOrchToBase fails when batch state is missing (0.280958ms)
✔ runSpineIntegrate CLI succeeds when orch tip already matches main (1622.968375ms)
✔ PRD §20.2 planner yields wave0 {A,C} and wave1 {B} (1588.239958ms)
✔ PRD §20.2 two-lane stub batch completes ABC waves (34062.760208ms)
✔ PRD §20.2 mixed-outcome blocks merge; retry resets wave B for resume (19649.875708ms)
✔ runStepReview with worker attach env does not journal when attach suppressed (32.347875ms)
✔ runSpineReviewStep with worker attach env does not journal when attach suppressed (16.508583ms)
✔ runSpineReportProgress with worker attach env does not journal when attach suppressed (3.128042ms)
✔ readJournalEventsCached returns same events as readJournalEvents (85.387833ms)
✔ readJournalEventsCached returns cached copy on second call without file change (135.6215ms)
✔ readJournalEventsCached invalidates when file mtime changes (109.997291ms)
✔ readJournalEventsCached returns empty array for missing file (18.828167ms)
✔ clearJournalCache forces re-read on next call (92.002917ms)
✔ invalidateJournalCache with matching path clears cache (67.343416ms)
✔ invalidateJournalCache with non-matching path preserves cache (77.857875ms)
✔ readJournalEventsCached handles transition from missing to existing file (122.169375ms)
✔ readJournalEventsCached handles switch between different batch IDs (84.74725ms)
✔ runSpineJournal replay exits non-zero when journal missing (4.083167ms)
✔ runSpineJournal replay prints human table (74.674875ms)
✔ runSpineJournal replay --json returns events array (86.65825ms)
✔ exportJournalJsonl returns null when journal missing (21.481ms)
✔ runSpineJournal export exits non-zero when journal missing (7.230333ms)
✔ runSpineJournal export writes jsonl to stdout (90.1ms)
✔ runSpineJournal export --output writes file (61.245084ms)
✔ exportJournalMarkdown returns null when journal missing (7.44075ms)
✔ formatJournalMarkdownTimeline produces stable table shape (2.578666ms)
✔ formatJournalMarkdownTimeline escapes pipe characters in summary (0.112709ms)
✔ runSpineJournal export markdown exits non-zero when journal missing (1.712042ms)
✔ runSpineJournal export writes markdown to stdout (116.426167ms)
✔ runSpineJournal export markdown --output writes file (87.291333ms)
✔ detectBatchStateDrift flags running cache when reconcile sees doneInLane without journal terminal (0.751792ms)
✔ deriveStructuralBatchStateFromJournal rebuilds multi-lane skeleton without cache seed (5.694042ms)
✔ resume-parallel-lane-orphan fixture: journal-only rebuild marks resumed tasks running (9.853083ms)
✔ orphan-running-resume fixture: structural + lifecycle rebuild without seed (3.183958ms)
✔ pidless-ghost-running fixture: post-resume task.started wins over historical failure (1.474875ms)
✔ resume-orphan-historical-failure fixture: rebuild ignores pre-resume failure for active task (5.38425ms)
✔ retry-clears-failed-classification fixture: rebuild fixes stale failed cache (1.9285ms)
✔ retry-clears-failed-classification fixture: detectBatchStateDrift flags cache vs journal (0.871583ms)
✔ incident fixtures rebuild from disk matches in-memory journal rebuild (1098.179541ms)
✔ readJournalTimeline filters task and batch lifecycle events (0.593958ms)
✔ rebuildBatchStateFromJournal applies task.completed over stale failed cache (0.861333ms)
✔ detectBatchStateDrift flags journal completed vs cache failed (0.262209ms)
✔ detectBatchStateDrift ignores incomplete journal when cache failed (0.108208ms)
✔ incident orphan-running fixture: journal timeline is readable (1074.185458ms)
✔ appendJournalEvent writes schema v1 with ISO timestamp and payload (145.687208ms)
✔ readLastTaskFailedEvent returns most recent task.failed (141.951708ms)
✔ redactSecrets masks sensitive keys (2.004542ms)
✔ capPayloadSize truncates oversized payloads (0.17175ms)
✔ normalizeJournalEvent upgrades legacy lines (0.102959ms)
✔ readJournalEvents reads mixed legacy and v1 lines (48.8125ms)
✔ extractJournalDiagnosisHints surfaces failure events from tail (5.445708ms)
✔ commitLaneWorktree commits dirty worktree when .DONE exists (4295.42625ms)
✔ commitLaneWorktree fails loud when dirty without .DONE (2106.328125ms)
✔ filterPorcelain drops lines matching ignore patterns by full path (0.303125ms)
✔ filterPorcelain drops lines matching ignore patterns by basename (0.106125ms)
✔ filterPorcelain keeps rename targets when only source matches ignore (0.075583ms)
✔ filterPorcelain returns empty for empty input (0.054083ms)
✔ mergeLaneToOrch rejects empty merge when lane commits were required (2595.246042ms)
✔ mergeLaneToOrch prefers orch for conflicts outside lane file scope (7474.2655ms)
✔ mergeLaneToOrch does not auto-resolve in-scope lane conflicts (5650.9905ms)
✔ dismiss archives batch-state before clearing active file (3697.843333ms)
✔ complete with --detect-manual-merge succeeds when orch merged to main (5378.060958ms)
✔ complete refused when mergeResults succeeded but orch not on main (15814.898875ms)
✔ dismiss refused when diagnosis is running without --force (3829.243125ms)
✔ isPostMergeLimbo is true when tasks and merges succeeded with open orch branch (0.567083ms)
✔ isPostMergeLimbo rejects non-running or ended batches (0.096625ms)
✔ isPostMergeLimbo rejects empty or partial task/merge state (0.088792ms)
✔ isPostMergeLimbo respects git orch branch signals (16.684792ms)
✔ isPostMergeLimbo rejects null or non-object state (2.288667ms)
✔ resolveWorkerOutputConfig defaults live log streaming off (0.602ms)
✔ workerLiveLogPath matches runtime layout (0.0975ms)
✔ truncateLiveLogBytes applies truncation marker when over cap (0.161ms)
✔ appendWorkerLiveLogChunk redacts secrets and enforces byte cap (33.653125ms)
✔ createWorkerLiveLogWriter returns null when streaming disabled (0.236291ms)
✔ runWorker streams subprocess stub output to live log when enabled (5473.740792ms)
✔ runWorker skips live log when streamWorkerOutputLive is false (5273.473167ms)
✔ runWorker still writes terminal failure log when live streaming enabled (5441.787458ms)
✔ startAgentSessionWorker flushes transcript chunks to live log (56.475334ms)
✔ appendWorkerLiveLogChunk rolls file with truncation marker when over max bytes (31.936916ms)
✔ MACRO_PHASES exports all eleven lifecycle values (1.043833ms)
✔ deriveMacroPhase: idle when no batch signals (0.112208ms)
✔ deriveMacroPhase: planning from batch phase (0.1275ms)
✔ deriveMacroPhase: executing for active running batch (0.104459ms)
✔ deriveMacroPhase: merging phase and needs_merge diagnosis (0.090417ms)
✔ deriveMacroPhase: reviewing when review.started is open (0.100917ms)
✔ deriveMacroPhase: gating for pending gate or post-merge limbo (0.060166ms)
✔ deriveMacroPhase: integrating for needs_integrate and open integrate.started (0.089166ms)
✔ deriveMacroPhase: completed, failed, aborted, paused terminal phases (0.080958ms)
✔ fixture running-batch.json reconciles to executing macro-phase (4221.200791ms)
✔ fixture taskplane-executing.json maps to executing (1.108791ms)
✔ fixture needs-retry-batch.json maps to failed macro-phase (4040.875459ms)
✔ fixture limbo-stale maps to completed macro-phase (4350.62025ms)
✔ all macro-phase enum values are reachable via deriveMacroPhase (0.239375ms)
✔ recordMergeBlocked sets terminal merge_blocked phase and clears enginePid (1382.463041ms)
✔ reconcileBatch diagnoses merge_blocked as failed merge, not needs_merge (3878.057916ms)
✔ legacy merging phase with endedAt and failed mergeResults reconciles as failed (4167.097458ms)
✔ findResumableWave skips succeeded merged waves when later wave has pending tasks (0.626916ms)
✔ validateMultiTaskResume allows force resume from merge_blocked (3133.982042ms)
✔ buildSuggestedCommand recommends resume --force for merge_blocked phase (0.621583ms)
✔ summarizeMergeFailures extracts failed wave and lane from mergeResults (0.614667ms)
✔ buildMergeFailureHeadline uses 1-based wave number and lane label (0.160916ms)
✔ buildHeadline for failed diagnosis surfaces merge conflict instead of zero failed tasks (0.205375ms)
✔ buildSuggestedCommand for merge failure suggests resume --force (0.124459ms)
✔ buildDiagnosisOutput bundles merge failure headline and command (0.14175ms)
✔ reconcileBatch surfaces merge failure fields distinct from failedTasks (4167.267791ms)
✔ spine status --json includes merge failure fields for monitors (4001.832ms)
✔ spine status --diagnose prints merge failure details in text output (4568.178708ms)
✔ filterGitignoredPaths separates ignored and stageable paths (1555.785125ms)
✔ gitAddFilteredPaths skips gitignored paths without failing (3177.725083ms)
✔ mergeLaneToOrch succeeds when task branch committed gitignored coverage (9406.559708ms)
✔ commitLaneWorktree refuses gitignored-only dirty paths (3321.383292ms)
✔ commitLaneWorktree commits tracked files while skipping gitignored dirty paths (4775.163833ms)
✔ inferMergeGitignoredFailure detects gitignored merge and lane commit failures (0.738416ms)
✔ buildSuggestedCommand returns git rm --cached repair for gitignored merge failures (4.274541ms)
✔ reconcileBatch surfaces gitignored merge repair command from journal (3074.689ms)
✔ filterPorcelain remains unchanged for SP-104 ignore patterns (0.318042ms)
✔ mergeLaneToOrch auto-resolves additive docs/PRD.md after origin/main merge task (9049.938958ms)
✔ mergeLaneToOrch fails PRD merge with recovery commands when hunks overlap (8376.33825ms)
✔ formatPrdDocMergeFailure names file and wave recovery (1.15425ms)
✔ isActiveWorkerSession true when SPINE_WORKER_RUNNER is set (0.574083ms)
✔ isActiveWorkerSession false outside worker context (0.087292ms)
✔ runStepReview skips nested reviewer spawn when worker env is set (200.716ms)
✔ runStepReview skips nested plan review spawn when worker env is set (75.757292ms)
✔ runStepReview stub path still works inside worker session (47.620834ms)
✔ runStepReview reaches pi availability check when worker env absent (17.266125ms)
✔ engine parent with leaked worker runner reaches reviewer spawn (15.268791ms)
✔ batch 20260619T020951 SP-306 plan step 0 journals review.skipped not review.failed (158.982167ms)
✔ detectNestedWorkerContext returns reason when SPINE_IS_WORKER=1 (0.609292ms)
✔ detectNestedWorkerContext returns reason when projectRoot is inside .worktrees/spine-* (0.138ms)
✔ detectNestedWorkerContext returns null for normal projectRoot without worker env (0.120125ms)
✔ startBatch returns error when SPINE_IS_WORKER=1 (14.884292ms)
✔ startBatch returns error when projectRoot is inside .worktrees/spine-* (102.900917ms)
✔ startBatch succeeds normally (no env, normal CWD) — regression (20418.448542ms)
✔ buildWorkerChildEnv includes SPINE_IS_WORKER=1 (5.574417ms)
✔ journalEventsSinceResume excludes pre-resume terminal events (2.511333ms)
✔ detectOrphanRunning: historical task.failed + post-resume silence + dead engine (3.037ms)
✔ resume orphan with historical failure fixture is not diagnosed as running (3824.2535ms)
✔ terminal event within scoped window still suppresses engine orphan (1.332041ms)
✔ journalIndicatesStalledSession: post-resume start without terminal (1.34475ms)
✔ detectOrphanRunning: PID-less ghost running with post-resume journal stall (0.958625ms)
✔ pidless ghost fixture reconcile is engine_orphaned, not running (3966.299875ms)
✔ terminal event within scoped window suppresses PID-less ghost signal (1.824667ms)
✔ isProcessAlive returns false for absent pid (0.581125ms)
✔ resume parallel lane orphan fixture: multiple running on lane 1 (2.215958ms)
✔ resume parallel lane orphan fixture: reconcile is actionable after scoped orphan detect (4237.31375ms)
✔ searchATon orphan incident fixture: dead workerPid is not diagnosed as running (4377.755375ms)
✔ dead workerPid with running task is not diagnosed as running (4184.696042ms)
✔ dead enginePid mid-resume without terminal journal is engine_orphaned (4784.612875ms)
✔ running batch without recorded pids still reports running (2741.146666ms)
✔ detectOrphanRunning ignores dead engine when terminal journal exists (0.235958ms)
✔ recordBatchEnginePid persists under resilience and clears on terminal save (497.974458ms)
✔ confirmed pause records batch.paused only after engine persists phase (1429.113166ms)
✔ unconfirmed pause does not leave orphan batch.paused journal entry (1975.416709ms)
✔ pauseBatch succeeds immediately when no attached engine is alive (1709.217875ms)
✔ pauseBatch fails loud when attached engine keeps phase running (1836.967959ms)
✔ waitForPauseConfirmation returns true when phase stays paused (1581.858791ms)
✔ retryTask succeeds when batch phase is paused (1748.978375ms)
✔ retryTask rejects when batch phase is running (1300.740125ms)
✔ resolveAttachedMilestonePollMs defaults to 2000ms when config omitted (7.391458ms)
✔ resolveSequencePollMs defaults to 5000ms when config omitted (9.990875ms)
✔ resolveDashboardPollMs defaults to 2000ms when config omitted (0.168375ms)
✔ resolveAttachedMilestonePollMs honors orchestrator.attachedMilestonePollMs override (0.084458ms)
✔ resolveSequencePollMs honors orchestrator.sequencePollMs override (0.064208ms)
✔ resolveDashboardPollMs honors orchestrator.dashboardPollMs override (0.053875ms)
✔ validateOrchestratorConfig rejects invalid poll values (0.140958ms)
✔ validateSpineConfig accepts orchestrator poll overrides (0.249042ms)
✔ waitForSequenceBatchTerminal uses 5000ms default poll interval (0.078042ms)
✔ batch 20260630T212050 orphan-after-merge fixture describes GitHub #59 incident (2.355875ms)
✔ batch 20260630T212050 journal fixture is limbo via resume detect but not bare state (2976.328708ms)
✔ hydrateMergeResultsFromJournal enables state limbo detection for batch 20260630T212050 (2361.835583ms)
✔ finalizeAttachedLandLoopBeforeExit opens gate for batch 20260630T212050 journal limbo (8929.286958ms)
✔ installAttachedExitFinalizeHandlers finalizes journal limbo on SIGTERM without manual resume (4836.923209ms)
✔ batch 20260629T021550 fixture is post-merge limbo without gate (1588.466959ms)
✔ attemptPostMergeLandLoopHandoff finalizes batch 20260629T021550 limbo after SIGTERM (5994.3295ms)
✔ resumeBatchDetached --force finalizes post-merge limbo without spawning engine (6768.468083ms)
✔ resumeBatch attached path finalizes batch 20260629T021550 limbo immediately (3611.715709ms)
✔ resumeMultiTaskBatch still finalizes batch 20260629T021550 after orphan_terminated (5103.01675ms)
✔ finalizeResumePostMergeLimbo clears stale engine pid during post-merge limbo (4132.378458ms)
✔ isPostMergeLimbo detects running phase with successful merges (0.61375ms)
✔ deriveDiagnosis returns needs_integrate for post-merge limbo (1.036625ms)
✔ finalizeBatchForIntegrate opens gate from post-merge limbo without resume (5164.082834ms)
✔ resumeMultiTaskBatch opens gate from post-merge limbo without re-running tasks (5645.663458ms)
✔ mixed-outcome post-mortem lists failed IDs and retry hint, not smooth success (4564.809792ms)
✔ false-success reconciliation headline is overridden when failures exist (0.39425ms)
✔ listFailedTaskIds prefers classified terminal-failure tasks (0.557416ms)
✔ collectEvidenceBundle summary.md is honest post-mortem markdown (4518.517292ms)
✔ dismissBatch writes post-mortem path into batch history (3829.073ms)
✔ writeBatchPostMortem persists markdown under runtime batch dir (2406.104292ms)
✔ spine status --verbose includes post-mortem section for active batch (3125.619083ms)
✔ resolveStallConfig defaults progressSnapshotIntervalMinutes to 2 (0.558083ms)
✔ resolveStallConfig applies progressSnapshotIntervalMinutes override (0.077375ms)
✔ buildProgressSnapshotPayload is bounded and omits dirty path lists (0.508416ms)
✔ progressSnapshotPayloadChanged detects field deltas (0.090458ms)
✔ shouldEmitProgressSnapshot respects interval (0.071875ms)
✔ recordLaneProgressSnapshot journals bounded payload (386.922833ms)
✔ runWorker emits lane.progress_snapshot on interval and dedupes unchanged signals (10480.58125ms)
✔ startBatch fails closed on invalid PROMPT before batch starts (1688.314958ms)
fatal: malformed object name missing-base-branch
✔ inspectGitState records gitInspectionError when merged-branch scan fails (1625.160584ms)
✔ deriveDiagnosis returns git_unavailable when git inspection failed (0.593166ms)
✔ reconcileBatch surfaces git_unavailable instead of limbo_stale on git failure (4479.72075ms)
fatal: malformed object name missing-base-branch
✔ reconcileBatch records count_commits_ahead git errors from real git refs (3855.198292ms)
✔ idle-no-batch returns healthy idle state (1148.529458ms)
✔ limbo_stale detected from incident fixture (5040.835583ms)
✔ completed_manual when orch branch merged to main (3243.259792ms)
✔ needs_retry when a task failed (2947.637958ms)
✔ running diagnosis for active batch (3510.374125ms)
✔ runReconciliationCheck matches reconcileBatch output shape (3271.187959ms)
✔ reconcileBatch includes journal hints when journal exists (2950.409625ms)
✔ reconcileBatch exposes macroPhase for running batch (2591.993584ms)
✔ reconcileBatch exposes macroPhase for limbo_stale (1596.838334ms)
✔ failBatchFromEngineError writes batch.failed and clears enginePid (1628.358167ms)
✔ reconcileGhostRunningTasks marks running tasks failed without worker (0.265459ms)
✔ resumeMultiTaskBatch fail-closed when post-commit gitPorcelain throws (11748.696666ms)
✔ resumeBatch opens integrate gate before batch.completed journal event (15740.374791ms)
✔ refreshLaneHeartbeatsOnResume aligns lane heartbeats to engineStartedAt (1.450541ms)
✔ taskAlreadyComplete returns false for failed task with stale .DONE on disk (0.538084ms)
✔ resumeBatch after failed retry runs contract verification before succeed (9196.111792ms)
✔ resumeBatch continues paused 2-task 2-lane batch with stub workers (19419.083916ms)
✔ resumeBatch multi path requires existing lane worktrees (1064.153375ms)
✔ multi-task batch start → pause → resume completes both tasks (20192.424ms)
✔ paused multi-task batch diagnose suggests multi-task resume (2108.461084ms)
✔ multi-task startBatch completes two-lane stub batch (start path) (10015.074334ms)
✔ resumeBatch serializes four tasks on one lane (29279.660792ms)
✔ resumeBatch runs two lanes with two tasks each in parallel (15063.682084ms)
✔ validateMultiTaskResume accepts paused 2-task 2-lane batch (1468.4095ms)
✔ validateMultiTaskResume rejects batch with zero tasks (1388.021292ms)
✔ validateMultiTaskResume rejects missing worktree per lane (1669.052167ms)
✔ validateMultiTaskResume allows force resume when wave merge is pending (2369.174125ms)
✔ validateResumeBatch delegates to multi validator for single-task batch (1645.892875ms)
✔ resolveDetachedWaitTimeoutMs uses long default for wait-terminal orphan resume (0.546416ms)
✔ prepareOrphanResumeHandoff clears stale workerPid before orphan resume (539.065292ms)
✔ clearStaleLaneWorkerPids preserves live worker pid (645.698541ms)
✔ dual-dead lane+engine orphan reconciles as engine_orphaned with attached resume (3772.401708ms)
✔ attached resume --force completes stuck task after plan review orphan stall (12996.731625ms)
✔ detached resume with wait-terminal uses extended timeout constant (0.247083ms)
✔ taskTerminalSuccessInBatch requires succeeded status and journal task.completed (0.654875ms)
✔ resume --force after partial retry does not review.start succeeded task IDs (16375.322834ms)
✔ resume-validation leaf does not import reconcile.mjs (1.22625ms)
✔ isTaskResumable accepts pending, running, and resumable segments (0.151584ms)
✔ computePendingTasks filters to resumable tasks only (0.081375ms)
✔ findResumableWave skips succeeded merged waves when later wave has pending tasks (0.175167ms)
✔ detectPostMergeLimboFromResumeSignals uses state mergeResults without journal (0.166125ms)
✔ detectPostMergeLimboFromResumeSignals detects journal-only limbo when mergeResults empty (0.088334ms)
✔ detectPostMergeLimboFromResumeSignals rejects when gate already exists (0.062833ms)
✔ classifyTasksForOrphanDetect maps running status to running classification (0.546292ms)
✔ pauseBatch sets phase paused and journals batch.paused (930.480209ms)
✔ resumeBatch continues paused single-lane batch (12667.300458ms)
✔ paused spine batch reconciliation suggests spine batch resume (1805.099125ms)
✔ validateBatchState requires segments aligned with tasks (0.286584ms)
✔ retryTask clears stale failure metadata before re-run (1069.32675ms)
✔ retry then task.completed updates counters and reconcile diagnosis (3528.848083ms)
✔ retry-clears-failed-classification fixture reconciles after success state (3242.341833ms)
✔ retryTask atomically resets task and segment records (1013.854583ms)
✔ retryTask fixes segment drift (GAP-RETRY-01) (1071.218792ms)
✔ resumeBatch refuses segment drift without retry (1211.342333ms)
✔ skipTask marks task skipped and updates counters (511.56675ms)
✔ retryTask rejects when batch is running (1167.456625ms)
✔ defaultSegmentId used in segment records (0.400833ms)
✔ detectOrphanedReviewStarted finds orphaned review.started with no matching review.completed (0.6135ms)
✔ detectOrphanedReviewStarted returns empty when review.completed exists (0.083792ms)
✔ detectOrphanedReviewStarted distinguishes code and final review types (0.078666ms)
✔ reconcileOrphanedReviewEvents synthesizes completion when APPROVE artifact on disk (134.935834ms)
✔ reconcileOrphanedReviewEvents does NOT synthesize when no artifact on disk (145.555292ms)
✔ reconcileOrphanedReviewEvents does NOT synthesize for REVISE verdict (40.194ms)
✔ findCompletedCodeReview honors artifact at attempt > 0 (37.177917ms)
✔ normal review flow (no crash) still works correctly (0.202959ms)
✔ reconcileOrphanedReviewEvents handles final review with PASS verdict (91.192625ms)
✔ buildReviewerSystemPrompt includes project standards when rules manifest exists (29.407291ms)
✔ buildReviewerSystemPrompt emits reviewer.rules_selected journal event (52.567584ms)
✔ buildReviewRequest user prompt does not include injected standards block (0.325458ms)
✔ runStepReview stub path does not emit reviewer.rules_selected (113.928375ms)
✔ isNoiseReviewScopePath matches runtime artifact paths (0.661ms)
✔ filterReviewScopeNoise dedupes and drops noise (0.496459ms)
✔ resolvePlanReviewScopePaths returns PROMPT File Scope minus noise (23.15425ms)
✔ resolveReviewScopePaths plan uses task PROMPT file scope (44.07825ms)
✔ resolveReviewScopePaths final returns empty scope (0.125459ms)
✔ resolveCodeReviewScopePaths uses baseline..HEAD when baseline provided (1565.050916ms)
✔ resolveCodeReviewScopePaths falls back to git diff --name-only without baseline (864.99725ms)
✔ resolveReviewScopePaths code honors injectable git runner (0.311125ms)
✔ resolveCodeReviewScopePaths returns empty array when git fails (0.104708ms)
✔ parseReviewLevel reads PROMPT heading (0.776708ms)
✔ isReviewTypeRequired follows Taskplane rubric (0.096208ms)
✔ formatReviewTimestamp strips separators from ISO time (1.964208ms)
✔ buildReviewArtifactPath uses step-timestamp pattern (0.204416ms)
✔ buildFinalReviewArtifactPath uses final-timestamp pattern (0.112917ms)
✔ normalizeVerdict maps enums by review type (1.244083ms)
✔ normalizeFinalVerdict and normalizeCodeVerdict are type-specific aliases (0.139542ms)
✔ parseReviewVerdict reads JSON and markdown verdicts (0.56475ms)
✔ parseReviewVerdict accepts PASS REVISE REPLAN when reviewType is final (0.103542ms)
✔ parseReviewVerdict step mode rejects final-only verdict enums (0.177084ms)
✔ parseFinalReviewVerdict accepts PASS, REVISE, and REPLAN (0.126417ms)
✔ parseFinalReviewVerdict omits heading summary unlike parseReviewVerdict (0.327458ms)
✔ shouldRunCodeReview requires review level 2 or higher (0.110625ms)
✔ shouldRunFinalReview skips when review level is 0 (0.06875ms)
✔ DEFAULT_REVIEW_SPAWN_TIMEOUT_MS is 90 minutes (0.490667ms)
✔ honorReviewSpawnFailureWhenEligible honors final review when contract passed (34.243125ms)
✔ honorReviewSpawnFailureWhenEligible skips when contract failed (20.396166ms)
✔ honorReviewSpawnFailureWhenEligible honors code review with .DONE (29.781958ms)
✔ buildReviewerPiArgs includes --model when config pins reviewer (60.4935ms)
✔ buildReviewerPiArgs omits --model when reviewer model is inherit (115.316583ms)
✔ buildReviewerPiArgs uses per-type model override for matching reviewType (66.713375ms)
✔ buildReviewerPiArgs falls back to top-level reviewer pin when per-type block missing (13.366042ms)
✔ buildReviewerPiArgs cascades per-type inherit to top-level reviewer pin (16.313333ms)
✔ spawnReviewerPi fails closed when pi unavailable via SPINE_REVIEW_TEST_NO_PI (10.978041ms)
✔ buildReviewerChildEnv strips SPINE_WORKER_RUNNER from reviewer child env (1.075042ms)
✔ shouldBlockNestedReviewerSpawn false when only worker runner leaked on engine (0.246958ms)
✔ spawnReviewerPi allows engine spawn when worker runner leaked without journal attach (19.953541ms)
✔ shouldBlockNestedReviewerSpawn true inside live worker child session (0.570791ms)
✔ parseReviewLevel reads PROMPT heading (0.645875ms)
✔ isReviewTypeRequired follows Taskplane rubric (0.083084ms)
✔ buildReviewArtifactPath uses step-timestamp pattern (3.323958ms)
✔ buildFinalReviewArtifactPath uses final-timestamp pattern (0.309333ms)
✔ parseReviewVerdict reads JSON and markdown verdicts (2.757584ms)
✔ parseReviewVerdict accepts PASS REVISE REPLAN when reviewType is final (0.165833ms)
✔ parseReviewVerdict step mode rejects final-only verdict enums (0.104375ms)
✔ parseReviewVerdict accepts PASS REVISE REPLAN for final review type (0.074667ms)
✔ resolveBatchJournalContext ignores SPINE_BATCH_ID without SPINE_JOURNAL_ATTACH (0.199833ms)
✔ isJournalAttachBlocked honors SPINE_SUPPRESS_JOURNAL_ATTACH (0.130042ms)
✔ resolveBatchJournalContext blocked when attach suppressed (0.102625ms)
✔ runStepReview ignores SPINE_REVIEW_STUB_FAIL without stub mode (117.353917ms)
✔ runStepReview stub APPROVE writes artifact and journal events (61.503458ms)
✔ runStepReview stub REVISE returns exitCode 2 (38.337042ms)
✔ runStepReview fail-closed on stub spawn failure (157.286625ms)
✔ runStepReview skips when review level does not require type (75.146625ms)
✔ runStepReview final stub PASS writes final artifact path (20.547583ms)
✔ runStepReview final spawn failure exits non-zero at review level >= 1 (27.319333ms)
✔ runSpineReviewStep CLI --type final emits JSON verdict (39.618125ms)
✔ runSpineReviewStep CLI emits JSON verdict (42.532625ms)
✔ assertReviewToolAvailable fails closed without pi at review level > 0 (15.362084ms)
✔ runWorker fails closed when review tool unavailable at level > 0 (59.937875ms)
✔ stub worker stops when enforced review spawn fails (144.6355ms)
✔ DEFAULT_REVIEW_SPAWN_TIMEOUT_MS remains 90 minutes (backstop unchanged) (0.510708ms)
✔ runStepReview honors on-disk APPROVE while pi hangs — seconds not stall timeout (468.916167ms)
✔ resolveReviewerModelPin returns per-type override when set (0.578833ms)
✔ resolveReviewerModelPin falls back to top-level when per-type block missing (0.112667ms)
✔ resolveReviewerModelPin cascades per-type inherit to top-level pin (0.062333ms)
✔ resolveReviewerModelPin returns null for top-level inherit (0.059542ms)
✔ resolveReviewerModelPin returns null when reviewer block absent (0.065ms)
✔ resolveReviewerThinkingPin returns per-type override when set (0.079625ms)
✔ resolveReviewerThinkingPin falls back to top-level when per-type block missing (0.064959ms)
✔ resolveReviewerThinkingPin cascades per-type inherit to top-level pin (0.0575ms)
✔ resolveReviewerThinkingPin returns null for off at any level (0.099167ms)
✔ resolveReviewerThinkingPin returns null when reviewer block absent (0.101958ms)
✔ resolveRulesManifestGeneratedAtMerge keeps newest generatedAt (0.636708ms)
✔ resolveRulesManifestGeneratedAtMerge fails when rules differ (0.096417ms)
✔ fingerprintRulesManifest ignores generatedAt (0.069583ms)
✔ mergeLaneToOrch clears generatedAt-only dirty rules-manifest before merge (4956.626542ms)
✔ mergeLaneToOrch auto-resolves generatedAt-only rules-manifest conflict (3782.508125ms)
✔ mergeLaneToOrch fails loud when rules[] differ (1771.790417ms)
✔ mergeLaneToOrch does not auto-resolve when other paths conflict (2331.850708ms)
✔ tryAutoResolveRulesManifestMergeConflict resolves in-progress merge (1227.216666ms)
✔ appendTaskMetric writes TaskMetricRecord JSONL line (24.915625ms)
✔ buildTaskMetricRecord includes laneNumber and durationMs when available (0.252875ms)
✔ buildTaskMetricRecord omits laneNumber when not a positive lane (0.118667ms)
✔ metrics.enabled false skips append without error (3.347208ms)
✔ resolveTaskMetricOutcome maps skipped_done_on_disk to skipped (0.249708ms)
✔ appendTaskMetric redacts secret-like fields and omits prompt text (17.327167ms)
✔ skipTaskDoneOnDisk records skipped task metric (53.840917ms)
✔ appendBatchMetric writes BatchMetricRecord JSONL line (12.151ms)
✔ recordBatchTerminalMetric skips when metrics disabled (23.582792ms)
✔ dismissBatch appends batch metric line (2333.568458ms)
✔ spine metrics show filters by batch and formats table output (21.074292ms)
✔ spine metrics show CLI filters by batch id (210.636917ms)
✔ resolveSalvageConfig defaults autoCommitOnStall to false (0.560042ms)
✔ validateSpineConfig rejects non-boolean autoCommitOnStall (0.583958ms)
✔ recordTaskFailureSalvage with autoCommitOnStall commits scoped paths on lane branch (2167.097ms)
✔ recordTaskFailureSalvage without autoCommitOnStall does not commit (1594.98825ms)
✔ salvage commit refuses merge_in_progress and index_conflicts (2084.515083ms)
✔ salvage commit refuses pre-commit hook failure (1270.911417ms)
✔ atomic retry retains salvage WIP commit on lane branch (1472.876583ms)
✔ inspectLaneSalvage scopes porcelain to file scope and task folder (663.101459ms)
✔ recordTaskFailureSalvage journals inspection and writes evidence without committing (1586.507959ms)
✔ writeSalvageEvidence writes pretty JSON atomically without temp files (615.86925ms)
✔ startBatch worker failure with dirty scoped file emits salvage and diagnose hint (10663.849875ms)
✔ parseSequenceArgs honors --auto-approve-gate and --force (0.584375ms)
✔ spine run sequence --auto-approve-gate dry-run succeeds under stub (1175.053708ms)
✔ spine run sequence --auto-approve-gate refused for real pi without --force (1449.850709ms)
✔ spine run sequence --auto-approve-gate --force dry-run succeeds for real pi (1413.373583ms)
✔ validateSequenceAutoApproveGate allows stub mode without force (0.596334ms)
✔ validateSequenceAutoApproveGate blocks real pi without force (0.136583ms)
✔ validateSequenceAutoApproveGate allows real pi with force (0.071083ms)
✔ validateSequenceAutoApproveGate skips check when flag is false (0.071042ms)
✔ buildSequenceAutoApproveDoctorCheck warns for real pi (0.0825ms)
✔ buildSequenceAutoApproveDoctorCheck passes for stub mode (0.062208ms)
✔ runSequence refuses auto-approve on dry-run for real pi (4.912583ms)
✔ runSequence allows auto-approve dry-run with force on real pi (1.4695ms)
✔ readCurrentBatchLogTail returns null for missing file (0.575667ms)
✔ readCurrentBatchLogTail filters to last batch session header (0.742583ms)
✔ readCurrentBatchLogTail returns full content when no header exists (0.783208ms)
✔ readCurrentBatchLogTail respects lineCount limit (0.762166ms)
✔ waitForSequenceBatchTerminal returns settled when batch completes before timeout (3208.151791ms)
✔ waitForSequenceBatchTerminal does not exit while engine PID is alive (5584.123208ms)
✔ waitForSequenceBatchTerminal returns failure diagnosis even with alive engine (2018.021041ms)
✔ isMergeBlockedBatchOutcome detects mixed-outcome and merge_blocked phases (0.5485ms)
✔ evaluateWaveTaskDependencies filters runnable tasks by satisfied deps (0.604459ms)
✔ formatSequenceWaveSkipMessage names blocked dependencies per §17.4 (0.200167ms)
✔ resolveWaveAfterMergeBlocked continues wave 1 and skips wave 2 tasks (0.150291ms)
✔ planSequenceWaveTasks skips wave when no deps are satisfied (0.096ms)
✔ 3-wave sequence continues wave 1 after wave 0 merge_blocked and skips wave 2 (22107.100917ms)
✔ isPiSessionMetadataPath matches .pi session roots and children (0.972666ms)
✔ checkGitClean ignores untracked .pi/ session metadata (1249.367042ms)
✔ checkGitClean still fails when non-.pi paths are dirty (933.441375ms)
✔ runSequence with only .pi/ dirty passes preflight (20907.993292ms)
✔ runSequence surfaces preflight failure on stderr-equivalent output (7388.052958ms)
✔ resolveResumeFromWave continues after last completed wave (0.498125ms)
✔ sequence persists fromWave, completedWaves, and lastBatchId after wave 0 (15187.7355ms)
✔ resume after interrupted wave 0 integrate completes remaining waves (27537.306625ms)
✔ sequence halts on wave failure with --stop-on-failure and preserves completed waves (11328.565875ms)
✔ resolveWaveTaskIds and resolveSequenceWaves honor planner waves (1.091208ms)
✔ diagnosis helpers classify settled, waiting, and failure states (0.088458ms)
✔ dry-run prints operator-equivalent land loop commands per wave (0.213208ms)
✔ 2-wave stub sequence completes with auto-approve land loop (27754.062541ms)
✔ buildSequencePlan resolves pending scope for dry-run integration (468.465ms)
✔ skipTask leaves phase paused when all tasks terminal without merge (3146.488542ms)
✔ skipTask clears failed segment drift for reconcile (2889.187333ms)
✔ resolveWorkerOutputConfig applies lane defaults and overrides (0.570125ms)
✔ captureWorkerOutputTail keeps last lines and marks byte truncation (0.268583ms)
✔ redactWorkerOutput applies built-in and config deny patterns (0.382375ms)
✔ runWorker stall_timeout captures stderr, persists log, journals stall_killed (5158.280042ms)
✔ collectEvidenceBundle references persisted worker output logs (14.411833ms)
✔ successful worker skips log unless retainWorkerOutputOnSuccess (5039.8625ms)
✔ SAT-020 replay: checkpoint_warning → stall_killed → salvage_inspection → task.failed (62858.393708ms)
✔ regression: stub worker still requires .DONE for batch success (7156.657792ms)
✔ recordTaskTransition writes batch-state then journal in order (586.471667ms)
✔ saveSpineBatchState leaves prior JSON intact when atomic write fails (599.159625ms)
✔ saveGateRecord leaves prior JSON intact when atomic write fails (288.920208ms)
✔ validateBatchState accepts healthy schema v1 state (0.761792ms)
✔ validateBatchState rejects counter drift (0.145833ms)
✔ runSpineState validate passes on archived batch-state (7.113ms)
✔ runSpineState validate fails loud on corrupt active state (4.634083ms)
✔ computeStatusProgress derives wave and task counts from batch raw (1.141292ms)
✔ computeStatusProgress returns null without batch raw (0.099167ms)
✔ formatStatusJson includes documented progress field names (0.155792ms)
✔ spine status --json includes task and wave progress for active batch (1552.801708ms)
✔ spine status --json omits progress counts when no batch is active (422.797166ms)
✔ reconcileBatch exposes progress fields for spine watch consumers (1485.858ms)
✔ classifyTaskDoneSemantics distinguishes lane vs main .DONE (issue #35) (232.250958ms)
✔ spine status --diagnose --json exposes explicit done flags mid-batch (1363.447667ms)
✔ verifyStubFileScopeMustChange fails when contract paths are unchanged (545.228917ms)
✔ verifyStubFileScopeMustChange passes when contract path changed (602.232458ms)
✔ verifyStubFileScopeMustChange passes for comma-in-single-backtick fileScopeMustChange (SP-396) (680.967916ms)
✔ commitLaneWorktree rejects stub completion without fileScopeMustChange diffs (792.564833ms)
✔ commitLaneWorktree allows stub completion when fileScopeMustChange is satisfied (852.548167ms)
✔ stub contract helpers detect release-critical contracts and legacy markers (0.33925ms)
✔ shouldEnforceStubContractAtLaneCommit uses env or legacy .DONE marker (249.937042ms)
✔ stub cannot succeed merge/version task without file-scope changes (798.733292ms)
✔ checkStubReleaseCritical warns when stub mode has pending fileScopeMustChange tasks (500.705959ms)
✔ diagnosis surfaces exitReason stub for M/L legacy stub .DONE markers (1.186209ms)
✔ reconcileBatch surfaces exitReason stub for succeeded M/L tasks with legacy stub .DONE (1598.540583ms)
✔ applyStubDeliveryStatusBlock updates existing header lines (0.671166ms)
✔ applyStubDeliveryStatusBlock appends block when header lines are missing (0.094333ms)
✔ writeStubDeliveryStatusIfNeeded updates STATUS for delivery-only contracts (3.261791ms)
✔ writeStubDeliveryStatusIfNeeded skips implementation scopes (2.836083ms)
✔ stub worker auto-writes STATUS for delivery-only fileScopeMustChange (115.587041ms)
✔ stub worker does not auto-write STATUS for implementation fileScopeMustChange (90.600834ms)
✔ stub worker STATUS delivery satisfies verifyStubFileScopeMustChange (721.693208ms)
✔ isSupervisorSpawnEnabled defaults to false (0.579167ms)
✔ resolveSupervisorPollIntervalMs uses default and honors config (0.090834ms)
✔ resolveSupervisorModel returns inherit by default (0.073333ms)
✔ shouldEmitSupervisorNudge covers actionable diagnoses (0.076667ms)
✔ buildSupervisorObservationPayload shapes reconcile fields (0.106917ms)
✔ buildSupervisorNudgePayload includes headline and suggestedCommand (0.428458ms)
✔ isSupervisorMonitorTerminal detects terminal phases and diagnoses (0.089917ms)
✔ spawnDetachedSupervisor does not spawn when disabled (370.988959ms)
✔ enabled:true journals supervisor.started and supervisor.stopped on terminal (1357.431166ms)
✔ enabled:false produces no supervisor journal events via maybeSpawnSupervisorOnDetachedStart (258.339292ms)
✔ killSupervisor journals supervisor.stopped and clears state (329.127584ms)
✔ spawnDetachedSupervisor spawns monitor child when enabled (398.105417ms)
✔ parseTaskSizeFromMarkdown reads Size line (0.602541ms)
✔ resolveTaskStallMinutes uses max of config and size floor (0.181625ms)
✔ resolveStallConfigForTask applies minutes to stallTimeoutMs (0.138458ms)
✔ journalTaskAwaitingFirstHeartbeat: true after task.started before lane.heartbeat (0.585459ms)
✔ journalTaskAwaitingFirstHeartbeat: false after matching lane.heartbeat (0.084709ms)
✔ detectOrphanRunning suppresses lane orphan during first-heartbeat debounce when engine alive (0.323417ms)
✔ detectOrphanRunning still reports lane orphan before heartbeat when engine is dead (0.126625ms)
✔ detectOrphanRunning still reports lane orphan after first heartbeat (0.1025ms)
✔ reconcileBatch: transient dead workerPid mid-start diagnoses running not worker_orphaned (1377.698458ms)
✔ reconcileOrphanRunningState does not fail running task during debounce window (279.578458ms)
✔ post-heartbeat dead pid still worker_orphaned with retry (1301.73675ms)
✔ hasPendingWaveMerge is true when an intermediate wave lacks mergeResults (0.621458ms)
✔ hasPendingWaveMerge is false when every terminal wave is recorded (0.443458ms)
✔ recordWaveMergeResult records forceMerged flag and updates existing wave row (0.12625ms)
✔ resolveWorkerBackend defaults to subprocess (0.632667ms)
✔ resolveWorkerBackend honors agentSession flag (0.076291ms)
✔ validateWorkerBackendConfig rejects invalid values (0.105709ms)
✔ validateSpineConfig accepts optional workerBackend (0.255ms)
✔ settings registry validates workerBackend enum case-sensitively (0.158167ms)
✔ buildAgentSessionWorkerPrompt includes PROMPT reference and review hint (2.143291ms)
✔ createStubAgentSession writes .DONE (4.423167ms)
✔ startAgentSessionWorker completes with injected mock session (3.459125ms)
✔ runWorker uses agentSession backend with mock factory (5032.875458ms)
✔ runWorker keeps subprocess default when workerBackend unset (5021.218625ms)
✔ WORKER_BACKENDS lists supported values (0.643417ms)
✔ buildWorkerBackendDoctorCheck reports subprocess as production default (0.139792ms)
✔ buildWorkerBackendDoctorCheck warns or fails on opt-in agentSession (0.287666ms)
✔ buildWorkerBackendDoctorCheck falls back to subprocess for invalid config (0.046709ms)
✔ DIAGNOSIS_TAXONOMY includes worker_done_missing distinct from worker_orphaned and needs_retry (0.531292ms)
✔ outputIndicatesWorkerDoneMissing matches runner stderr message (0.116667ms)
✔ inferWorkerDoneMissingFailure reads task.failed payload from journal (0.19775ms)
✔ buildHeadline and buildSuggestedCommand for worker_done_missing cite worker log (0.332625ms)
✔ reconcileBatch diagnoses worker_done_missing for issue #18 journal pattern (1363.346834ms)
✔ buildDiagnosisOutput bundles worker_done_missing headline and retry command (0.241875ms)
✔ resolvePiSpineRoot defaults to pi-spine package root (0.789584ms)
✔ resolvePiSpineRoot honors development.piSpineRoot override (3.844ms)
✔ buildWorkerChildEnv sets PI_SPINE_ROOT for worker spawn (1.5465ms)
✔ validateWorkerLaunchScriptPath requires scripts/ prefix (7.150625ms)
✔ validateWorkerLaunchScriptPath rejects traversal (0.931625ms)
✔ validateWorkerLaunchScriptPath rejects symlink escape (5.703209ms)
✔ resolveSafeWorkerLaunchScript returns default when present (2.357167ms)
✔ validateSpineConfig rejects unsafe development.workerLaunchScript (0.558125ms)
✔ DEFAULT_WORKER_LAUNCH_SCRIPT matches conventional path (0.105ms)
✔ runWorker classifies launch script fast-fail as launch_failed (5057.239708ms)
✔ appendWorkerAgentModelArgs adds --model when configured and not inherit (0.618833ms)
✔ appendWorkerAgentModelArgs omits --model for inherit and empty (0.162459ms)
✔ appendWorkerAgentModelArgs adds --thinking when set and not off (0.074334ms)
✔ buildWorkerPiArgs includes --model cursor/auto from spine-config (17.555583ms)
✔ buildWorkerPiArgs omits --model when agents.worker.model is inherit (3.499584ms)
✔ parseWorkerDoneMarker accepts legacy empty and text markers (1.480708ms)
✔ parseWorkerDoneMarker accepts structured JSON markers (0.137209ms)
✔ parseWorkerDoneMarker rejects partial JSON markers (0.087042ms)
✔ isWorkerDoneMarkerValid mirrors parseWorkerDoneMarker (0.086625ms)
✔ writeWorkerDoneMarker writes atomic structured JSON (5.921625ms)
✔ readWorkerDoneMarker reports absent marker (0.777542ms)
✔ persistWorkerOutputLog writes atomically without temp leftovers (9.054375ms)
✔ resolveWorkerPiTimeoutMs uses per-size stall floor (0.543708ms)
✔ resolveWorkerPiTimeoutMs honors SPINE_WORKER_PI_TIMEOUT_MS override (0.099042ms)
✔ buildWorkerChildEnv sets SPINE_WORKER_PI_TIMEOUT_MS from stall budget (0.485791ms)
✔ buildPiWorkerTimeoutDoctorCheck reports stall-aligned timeout for M floor (0.199958ms)
✔ runWorker terminates hung child after .DONE and returns ok: true (10055.402708ms)
✔ runWorker pre-.DONE stall_timeout still works (5074.143083ms)
✔ buildWorkerTailPrompt includes critical-rules for JS-scoped task (21.965333ms)
✔ buildWorkerContextAsync appends config.standards end-to-end (2.088542ms)
✔ buildWorkerContextAsync emits worker.rules_selected journal event (17.490333ms)
✔ buildWorkerContextAsync falls back to static context without .cursor/rules (2.441125ms)
✔ buildReviewLevelHint delegates code and final review to engine (0.600667ms)
✔ buildCommitBoundaryHint uses SP-064 feat(taskId) convention (0.082334ms)
✔ buildDoneCheckpointHint references done path and uncommitted failure (0.1565ms)
✔ buildWorkerTailPrompt includes tools hint and task id from folder (0.519834ms)
✔ buildWorkerTailPrompt appends worker agent and PROMPT when present (13.28075ms)
✔ shouldSlideStallAnchorOnHeartbeat only slides worker_alive in pi phase (0.493875ms)
✔ computeStallDeadline slides silent stall window when lastAliveAt advances (0.342084ms)
✔ nextStallAnchorAt advances only on pi worker_alive (0.157292ms)
✔ runWorker worker_alive heartbeats extend stall deadline past initial window (10149.821709ms)
✔ runWorker silent stall still fails without heartbeats (5099.887542ms)
✔ SP-190 wedge fixture describes hung-child-after-.DONE incident (0.928042ms)
✔ SP-190 wedge class: engine completes within post-done grace (SP-193) (10062.817333ms)
✔ completeBatch removes lane worktrees and journals batch.worktrees_cleaned (1422.544916ms)
✔ dismissBatch removes lane worktrees and journals batch.worktrees_cleaned (1158.028209ms)
✔ completeBatch keeps worktree when cleanupWorktreesOnComplete is false (1247.69625ms)
✔ provisionLaneWorktree normalizes git metadata to relative posix paths (418.944667ms)
✔ repairLaneWorktreeGitMetadata fixes broken absolute gitdir pointers (394.004708ms)
✔ normalizeLaneWorktreeGitPaths is idempotent (347.224958ms)
✔ validateMultiTaskResume repairs unhealthy lane worktree git metadata (425.670792ms)
✔ validateWorktreeSetupHookPath accepts ./scripts/ prefix when file exists (8.637083ms)
✔ validateWorktreeSetupHookPath rejects ./scripts/../ traversal (4.381125ms)
✔ validateSpineConfig rejects unsafe worktreeSetupHook (0.581209ms)
✔ checkWorktreeSetupHook fails preflight for unsafe hook path (1.023125ms)
✔ runWorktreeSetupHook succeeds with JSON stdout (216.447125ms)
✔ runWorktreeSetupHook throws when hook returns ok false (174.476875ms)
✔ runWorktreeSetupHook throws on malformed JSON stdout (178.508125ms)
✔ runWorktreeSetupHook is no-op when hook not configured (1.035958ms)
✔ batch help helpers detect help invocations (0.573ms)
✔ printBatchHelp returns usage text (0.123208ms)
✔ runSpineBatch exits 0 for help without starting a batch (189.469833ms)
✔ spine batch start --help does not create batch state (292.346916ms)
✔ isCliEntrypoint returns true when argv[1] is a symlink to the module (1.09675ms)
✔ isCliEntrypoint returns false for an unrelated script path (0.247959ms)
✔ isCliEntrypoint returns false when argv[1] is missing (0.177667ms)
✔ spine help via symlink produces stdout and exit 0 (105.034917ms)
✔ spine version via symlink produces stdout and exit 0 (659.825125ms)
✔ HANDOFF_DEFAULTS autoWriteOn includes session_start (0.846541ms)
✔ /spine auto-writes handoff on session_start when batch needs attention (1977.714042ms)
✔ /spine skips auto-write when autoWriteOn excludes session_start (1200.933208ms)
✔ /spine skips auto-write for idle diagnosis even with session_start enabled (6487.269958ms)
✔ /spine merges default autoWriteOn when config omits handoff.autoWriteOn (2260.618542ms)
✔ formatIssueDraftMarkdown renders all issue checklist sections (0.868584ms)
✔ formatIssueDraftMarkdown applies redaction to section content (0.110625ms)
✔ buildIssueDraftBody returns title, body, and labels for idle repo (4365.722334ms)
✔ buildIssueDraftBody includes batch context and journal tail (10688.5845ms)
✔ buildIssueDraftBody maps issueType to GitHub labels (16131.495958ms)
✔ buildIssueDraftBody rejects invalid issueType (149.954375ms)
✔ buildIssueDraftBody redacts sk- token patterns in title and body (4074.141375ms)
✔ parseJournalFollowArgs reads batch, lane, and json flags (0.908375ms)
✔ resolveFollowBatchId uses reconcile then batch-state (735.58875ms)
✔ formatJournalFollowLine uses summarizeJournalEvent (1.185083ms)
✔ formatJournalFollowOutputLine filters by lane and supports json passthrough (0.182709ms)
✔ readJournalFollowSnapshot prints header once in human mode (25.626875ms)
✔ runJournalFollow exits non-zero when journal missing (1.172875ms)
✔ runJournalFollow exits non-zero when no batch can be resolved (0.617625ms)
✔ runJournalFollow prints existing events without following (13.766459ms)
✔ runJournalFollow defaults batch from batch-state (741.2855ms)
✔ spine journal follow exits non-zero when journal missing (102.272875ms)
✔ parseLaneNumber accepts positive integers (0.64525ms)
✔ parseLaneLogsArgs reads lane, task, batch, and follow flags (0.503041ms)
✔ extractTaskIdFromLogFilename parses worker log names (0.079375ms)
✔ resolveLaneLogPath prefers live log when present (6.8965ms)
✔ resolveLaneLogPath falls back to worker-output log (3.609917ms)
✔ findMostRecentLogTaskId picks newest log in lane directory (3.873334ms)
✔ resolveLaneLogTaskId uses explicit task id (0.612583ms)
✔ resolveLaneLogTaskId infers running task from batch state (2.184375ms)
✔ runLaneLogs exits non-zero when lane is missing (0.709083ms)
✔ runLaneLogs exits non-zero when no batch can be resolved (0.973375ms)
✔ runLaneLogs prints existing log without following (697.996541ms)
✔ runLaneLogs prefers live log content (748.350459ms)
✔ spine lane logs exits non-zero when log file missing (899.797125ms)
✔ isExitVerificationTask detects exit verification headings (0.621792ms)
✔ shouldRunContractVerifyForWorker skips stub for normal tasks (0.841042ms)
✔ shouldRunContractVerifyForWorker runs stub contract for exit tasks (0.198917ms)
✔ runPhase23ExitVerify --skip-test passes structural checks in repo (16.865166ms)
✔ spine verify phase23-exit CLI is wired (4.819542ms)
✔ runScenariosList prints empty registry message (5.4465ms)
✔ runScenariosList returns sorted scenarios as JSON (26.855834ms)
✔ runScenariosShow returns scenario details (5.550625ms)
✔ runScenariosShow rejects unknown scenario (1.222875ms)
✔ loadScenarioFixture reads incident fixture from registry entry (2.09275ms)
✔ loadScenarioFixture rejects recipe kind (0.304875ms)
✔ materializeFixtureToProject writes batch-state and journal tail (206.916666ms)
✔ assertMaterializeAllowed blocks when batch-state exists (176.926917ms)
✔ runScenariosMaterialize blocks active batch without --force (160.51825ms)
✔ runScenariosMaterialize writes fixture with --force (167.546375ms)
✔ runScenariosMaterialize rejects recipe scenarios (4.132208ms)
✔ spine scenarios CLI routes list and materialize (406.43325ms)
✔ parseSequenceArgs defaults scope to pending and stopOnFailure to true (0.577875ms)
✔ parseSequenceArgs honors wave and attached flags (0.091083ms)
✔ formatSequenceResult emits JSON when requested (0.463125ms)
✔ spine run sequence pending --dry-run prints per-wave land loop commands (423.59ms)
✔ spine run sequence pending --dry-run --json returns structured payload (370.173333ms)
✔ spine run sequence pending --from-wave 1 limits dry-run to later waves (476.627833ms)
✔ runSpineSequence rejects invalid through-wave with non-zero exit (230.725667ms)
✔ spine run pending still aliases batch start (286.5105ms)
✔ buildSuggestedCommand for state_drift uses retry with task id (0.574542ms)
✔ buildSuggestedCommand for state_drift while running suggests pause then retry (0.072542ms)
✔ buildSuggestedCommand for state_drift without task id falls back to diagnose (0.063125ms)
✔ assembleHandoffData returns idle shape when no active batch (214.97075ms)
✔ assembleHandoffData includes reconciliation fields for active batch (1072.983792ms)
✔ assembleHandoffData redacts secret-like payload fields in journal tail (994.976833ms)
✔ paused batch handoff lists pending tasks and spine batch resume (1170.195ms)
✔ renderHandoffMarkdown matches golden snapshot structure (1297.489291ms)
✔ redactHandoffText removes KEY TOKEN and SECRET value patterns (0.204ms)
✔ recordHandoffWritten appends handoff.written journal event (243.837458ms)
✔ handleNext appends handoff path hint when handoff file exists (1348.204125ms)
✔ runSpineHandoff --json writes handoff file and returns structured output (1371.310459ms)
✔ runInit copies rules profile, discovers manifest, standards default [] (65.372167ms)
✔ runInit dry-run plans rules files without writing (9.336208ms)
✔ rules-manifest.json is not listed in .gitignore (1.347583ms)
✔ parseIssueDraftArgs applies defaults and flags (0.522667ms)
✔ buildIssueDraftBody works in idle repo without batch context (4974.245625ms)
✔ runSpineIssueDraft writes draft file and prints human output by default (5182.139458ms)
✔ runSpineIssueDraft --json returns structured payload without writing file (4880.215208ms)
✔ runSpineIssueDraft --create fails clearly when gh is missing (277.580625ms)
✔ runSpineIssue rejects unknown subcommands (259.50125ms)
✔ spine issue draft routes through spine.mjs help and dispatch (7077.367916ms)
✔ buildIssueDraftBody redacts secret-like values (4967.561667ms)
✔ get-version helpers use spawnSync without shell (8.869958ms)
✔ spine help and version route through thin CLI entry (839.845417ms)
✔ spine rejects unknown commands (102.804667ms)
✔ router dispatches plan, status, batch, gate, and integrate (848.067166ms)
✔ spine rules --help lists subcommands (105.217166ms)
✔ runSpineRules discover writes manifest in initialized project (202.460791ms)
✔ runSpineRules select rejects invalid PROMPT before manifest check (241.600625ms)
✔ runSpineRules select uses validated file scope (189.408667ms)
✔ runSpineRules select requires manifest (204.911959ms)
✔ spine rules sync via CLI exits zero in pi-spine repo (152.957292ms)
✔ parseRulesArgv defaults role to worker (0.10325ms)
✔ parseRulesArgv requires review-type for reviewer role (0.296084ms)
✔ runSpineRules select worker default unchanged (267.130666ms)
✔ runSpineRules select reviewer plan uses PROMPT file scope (303.819792ms)
✔ runSpineRules select reviewer final returns empty scope (239.608542ms)
✔ runSpineRules select reviewer code honors baseline (455.960375ms)
✔ parseUntilDiagnoses accepts land-loop pseudo diagnoses (0.90875ms)
✔ parseUntilDiagnoses still rejects unknown diagnoses (0.262459ms)
✔ deriveWaitPseudoDiagnoses detects gate_open from integrate gate approve suggestion (0.096333ms)
✔ deriveWaitPseudoDiagnoses detects post_merge_limbo before gate opens (0.067833ms)
✔ reconciliationMatchesUntil matches gate_open pseudo diagnosis (0.111833ms)
✔ reconciliationMatchesUntil matches taxonomy diagnosis unchanged (0.058666ms)
✔ sanitizeRetrySuggestedCommand replaces bare retry --force with task id (0.081458ms)
✔ sanitizeRetrySuggestedCommand falls back to diagnose without task id (0.089917ms)
✔ buildSuggestedCommand for state_drift never suggests bare retry --force (0.192125ms)
✔ buildSuggestedCommand sanitizes stale salvage retry --force payloads (0.144708ms)
✔ spine status prints macro phase for idle repo (268.972958ms)
✔ spine status prints macro phase for active batch (1268.819875ms)
✔ spine status --diagnose verbose signals include macroPhase (1308.722833ms)
✔ spine status --json includes macroPhase fields (1368.751541ms)
✔ parseDurationMs accepts plain seconds and suffix forms (0.814875ms)
✔ parseDurationMs rejects invalid values (0.257417ms)
✔ parseUntilDiagnoses parses comma-separated diagnoses (0.464084ms)
✔ parseUntilDiagnoses rejects unknown diagnoses (0.104917ms)
✔ parseUntilDiagnoses accepts gate_open pseudo diagnosis (0.07575ms)
✔ parseWaitArgs requires --until and applies defaults (0.121917ms)
✔ parseWaitArgs accepts timeout interval and json (0.087584ms)
✔ parseWaitArgs rejects unknown flags (0.162209ms)
✔ diagnosisMatchesUntil matches only non-null diagnoses in set (0.083125ms)
✔ runSpineWait exits 0 when gate_open pseudo diagnosis matches (0.285875ms)
✔ reconciliationMatchesUntil matches gate_open without taxonomy diagnosis (0.071958ms)
✔ runSpineWait exits 0 when diagnosis matches (0.221791ms)
✔ runSpineWait exits 1 on timeout and emits final json snapshot (0.161791ms)
✔ runSpineWait polls until diagnosis changes (0.151708ms)
✔ spine wait --json exits 0 when diagnosis matches fixture (1497.878375ms)
✔ spine wait times out with exit 1 (3470.343ms)
✔ spine wait rejects missing --until (118.780834ms)
✔ spine help lists wait command (130.474958ms)
✔ parseWatchArgs defaults (0.7325ms)
✔ parseWatchArgs accepts interval json and once (0.097708ms)
✔ parseWatchArgs rejects invalid interval (0.24225ms)
✔ parseWatchArgs rejects unknown flags (0.094542ms)
✔ formatWatchHumanLine renders compact reconcile summary (0.095042ms)
✔ formatWatchHumanLine uses idle placeholders when batch absent (0.127584ms)
✔ buildWatchSnapshot includes core fields and progress block when present (0.548875ms)
✔ buildWatchSnapshot prefers explicit progress object (0.091458ms)
✔ runSpineWatch --once human mode prints one line (0.259042ms)
✔ runSpineWatch --once json mode prints NDJSON snapshot (0.207417ms)
✔ runSpineWatch polls until once breaks loop without extra reconcile calls (0.120625ms)
✔ spine watch --once integrates with reconcileBatch in idle repo (364.5025ms)
✔ spine watch --json --once emits reconcile snapshot for active batch (1307.703208ms)
✔ spine watch rejects invalid interval (139.008875ms)
✔ spine help lists watch command (155.6905ms)
✔ DIAGNOSIS_TAXONOMY includes needs_replan (0.535084ms)
✔ needs_replan diagnosis messaging matches handoff §9.1 shape (0.711542ms)
✔ buildDiagnosisOutput bundles needs_replan operator fields (0.140208ms)
✔ deriveDiagnosis prefers needs_replan over needs_retry for replan failures (0.287959ms)
✔ needs_replan blocks needs_merge diagnosis when replan task remains (0.076167ms)
✔ reconcileBatch surfaces needs_replan with edit-PROMPT suggestion (1179.510208ms)
✔ I-01 progress signals extend stall deadline past hard timeout (0.616917ms)
✔ I-02 spine batch retry resets task and segment with pendingSegments > 0 (260.270791ms)
✔ I-03 spine state validate rejects corrupt batch-state (2.691ms)
✔ I-04 spine batch abort archives batch-state before clearing active file (195.580792ms)
✔ I-05 wave merge blocked on failed/pending tasks; force-merge override exists (186.967667ms)
✔ I-06 retry refused while batch phase is executing or merging (207.788667ms)
✔ I-07 stall logic uses STATUS, lane commit, and file-scope mtime signals (168.923708ms)
✔ I-08 post-mortem does not claim success when failures exist (1337.106708ms)
✔ I-09 CONTEXT documents serial bootstrap and preflight execution policy (0.640083ms)
✔ I-10 runStepReview fail-closed when review tool unavailable at level > 0 (3.378709ms)
✔ CONFIG_V2_SECTION_DEFAULTS match handoff §6.2 (1.05375ms)
✔ applyConfigDefaults merges missing v2 sections without overwriting existing keys (0.32075ms)
✔ loadSpineConfig merges defaults for legacy config missing v2 keys (5.104875ms)
✔ init scaffold includes v2 config sections from template (3.781708ms)
✔ CONTRACT_DEFAULTS match handoff §3.1 (0.876667ms)
✔ applyConfigDefaults merges contract section (0.246667ms)
✔ validateContractConfig rejects invalid mode (0.149209ms)
✔ validateContractConfig rejects non-array legacyTaskIdPrefixes (0.061792ms)
✔ validateSpineConfig accepts valid contract block (0.245334ms)
✔ validateSpineConfig rejects invalid contract.mode via validateSpineConfig (0.067292ms)
✔ discoverCursorRules returns empty manifest when rules root is missing (4.742459ms)
✔ discoverCursorRules excludes brutal-audit rules via profile patterns (28.532833ms)
✔ discoverCursorRules records parse warn entries in manifest rules (17.502459ms)
✔ discoverCursorRules manifest round-trip via atomic write (5.190584ms)
✔ classifyCursorRuleSpineClass prefers always over globs (0.18975ms)
✔ getCursorRuleExclusionReason matches excludeRelPaths exactly (0.184083ms)
✔ expandFileScopeProbes returns empty for empty scope (1.148083ms)
✔ expandFileScopeProbes adds synthetic probes for dir/* and dir/** (0.91025ms)
✔ expandFileScopeProbes keeps literal file paths (0.174791ms)
✔ expandFileScopeProbes expands in-path wildcards (0.082166ms)
✔ ruleGlobsMatchFileScope is false for empty file scope (0.122125ms)
✔ ruleGlobsMatchFileScope matches **/* when file scope is non-empty (0.092041ms)
✔ ruleGlobsMatchFileScope matches JS globs against mjs scope (0.585834ms)
✔ ruleGlobsMatchFileScope matches scope glob entries against rule globs (0.860042ms)
✔ parseCursorRuleFrontmatter returns skip when frontmatter missing (1.626084ms)
✔ parseCursorRuleFrontmatter parses array globs fixture (0.662208ms)
✔ parseCursorRuleFrontmatter splits comma-separated globs (0.314209ms)
✔ parseCursorRuleFrontmatter treats empty globs array as no patterns (0.2905ms)
✔ parseCursorRuleFrontmatter defaults missing globs key to empty array (0.255417ms)
✔ parseCursorRuleFrontmatter coerces alwaysApply booleans (0.234125ms)
✔ parseCursorRuleFrontmatter matches repo comma-separated task authoring layout (0.146292ms)
✔ parseCursorRuleFrontmatter matches general-llm alwaysApply true layout (0.0865ms)
✔ parseCursorRuleFrontmatter matches audit-workflow empty globs layout (0.117542ms)
✔ parseCursorRuleFrontmatter warns on invalid alwaysApply and bad globs (0.231583ms)
✔ DEFAULT_RULES_PROFILE seeds worker include and discovery excludes (0.614ms)
✔ loadRulesProfile returns built-in defaults when file missing (3.354875ms)
✔ mergeRulesProfile applies neverInclude over alwaysInclude (0.173583ms)
✔ mergeRulesProfile applies reviewer defaults when file omits reviewer (0.077334ms)
✔ mergeRulesProfile applies reviewer neverInclude over alwaysInclude (0.102083ms)
✔ loadRulesProfile rejects invalid JSON with RULES_PROFILE_INVALID (3.177667ms)
✔ validateRulesProfile rejects unsupported profileVersion (0.207042ms)
✔ loadRulesProfile merges partial file overrides (2.687083ms)
✔ validateRulesProfile rejects schema and path traversal errors (0.374209ms)
✔ loadRulesProfile rejects validated file errors (2.033459ms)
✔ selectRulesForReviewer returns empty when reviewer.enabled is false (2.330667ms)
✔ selectRulesForReviewer never selects taskplane-worker-cursor.mdc (0.347708ms)
✔ selectRulesForReviewer selects glob rules when scopePaths match (0.613958ms)
✔ selectRulesForReviewer appends standards without duplicates (0.218792ms)
✔ selectRulesForReviewer respects neverLoad (0.125208ms)
✔ selectRulesForReviewer uses profile.reviewer.maxRules cap (8.559667ms)
✔ context path helpers round-trip under .cursor/rules (0.570167ms)
✔ selectRulesForWorker includes alwaysInclude and always-class rules (1.510958ms)
✔ selectRulesForWorker selects JS globs and excludes Swift for JS-only scope (14.58ms)
✔ selectRulesForWorker matches OWASP for bin/*.mjs scope via scope glob (0.237083ms)
✔ selectRulesForWorker appends standards without duplicates (0.22075ms)
✔ selectRulesForWorker respects neverLoad and neverInclude (0.140708ms)
✔ selectRulesForWorker exports journal-friendly entries shape (0.100708ms)
✔ normalizeTasksRootFromEnv accepts relative and rejects parent traversal (0.647417ms)
✔ applyEnvOverrides: SPINE_MAX_LANES overrides file value (0.294125ms)
✔ applyEnvOverrides: SPINE_TASKS_ROOT overrides paths.tasksRoot (0.103666ms)
✔ applyEnvOverrides rejects invalid SPINE_MAX_LANES (0.533625ms)
✔ loadSpineConfig applies env overrides after file load (387.705042ms)
✔ SPINE_TASKS_ROOT env discovers tasks under alternate root in plan (286.721791ms)
✔ spine settings show reports env source for overridden lanes.maxParallel (326.30125ms)
✔ runDoctorChecks lists effective config with env source (4649.542041ms)
✔ DEFAULT_REVIEWER_CONTEXT_BYTE_CAP is 16KiB (0.510708ms)
✔ buildReviewerContext skips when .cursor/rules is missing (2.763875ms)
✔ buildReviewerContext does not inject referenceDocs (7.259916ms)
✔ buildReviewerContext truncates at byte cap (12.607333ms)
✔ buildReviewerContext emits reviewer.rules_selected journal event (27.525375ms)
✔ buildReviewerContext degrades gracefully on invalid rules profile (19.481541ms)
✔ buildReviewerContext selects rules for scoped plan review (4.059ms)
✔ emitReviewerRulesSelected is no-op without journal context (0.140875ms)
✔ SETTINGS_FIELDS lists editable paths including reviewer per-type pins (1.081667ms)
✔ listEditableFields returns shallow copies (0.118709ms)
✔ parseSettingPath rejects unknown path (0.129916ms)
✔ parseSettingPath accepts registered path (0.064542ms)
✔ lanes.maxParallel accepts valid integer and coerces string (0.135833ms)
✔ lanes.maxParallel rejects below min and above max (0.076625ms)
✔ gates.requireBeforeIntegrate accepts booleans and CLI strings (0.124417ms)
✔ agents.worker.model accepts inherit and optional empty (0.125208ms)
✔ agents.worker.thinking accepts enum values case-insensitively (0.144583ms)
✔ agents.reviewer.model accepts inherit and optional empty (0.113792ms)
✔ agents.reviewer.thinking accepts inherit and enum values (0.072833ms)
✔ agents.reviewer.plan.model accepts per-type override values (0.059958ms)
✔ agents.reviewer.code.thinking accepts per-type inherit (0.049042ms)
✔ dashboard.port accepts valid port range (0.06875ms)
✔ lanes.workerBackend accepts registered enum values (0.059791ms)
✔ validateSettingValue rejects unknown path (0.083125ms)
✔ src/cli and src/migrate do not import from bin/ (48.942083ms)
✔ src/** has no bin/ imports (19.5675ms)
✔ spine-config template defaults mirror package.json script patterns (1.241166ms)
✔ init applies testing defaults including coverage command (9.983542ms)
✔ dogfood spine-config has non-empty testing fields (0.871833ms)
✔ buildTestingEvidenceDoctorChecks warns on empty build when collectBuildEvidence (0.1015ms)
✔ buildTestingEvidenceDoctorChecks warns on empty test when collectTestEvidence (0.07425ms)
✔ buildTestingEvidenceDoctorChecks passes when commands configured (0.404708ms)
✔ buildTestingEvidenceDoctorChecks treats collectTestEvidence default as enabled (0.060667ms)
✔ SPINE_GITIGNORE_ENTRIES includes run-metrics.jsonl (0.486625ms)
✔ ensureGitignoreEntries adds run-metrics path on fresh init (3.239792ms)
✔ isMergeOriginMainTask detects merge-origin-main packet shapes (0.58125ms)
✔ checkOrchMergeConflictWarn passes without pending merge-origin-main tasks (887.419042ms)
✔ checkOrchMergeConflictWarn warns on PRD + manifest divergence with merge-origin-main pending (747.86325ms)
✔ runBatchPreflight and plan check surface orch merge conflict warning (2000.511542ms)
✔ checkPrelandedFileScopeWarn passes when no stale pending tasks (453.890333ms)
✔ checkPrelandedFileScopeWarn warns for prelanded fileScopeMustChange (459.9295ms)
✔ runBatchPreflight and plan check surface prelanded file-scope warning (1398.198708ms)
✔ checkGitClean passes when only metrics file has append-only drift (444.203792ms)
✔ checkGitClean fails when metrics file content is truncated (325.57025ms)
✔ checkGitClean passes when metrics file is gitignored and not tracked (237.851417ms)
✔ runDoctorChecks warns when metrics file is git-tracked (4888.72625ms)
✔ tsconfig.batch.json scopes checkJs hot paths (1.96725ms)
✔ npm run typecheck validates extensions and batch hot paths (3796.167542ms)
✔ normalizeContextPathList rejects non-arrays (0.91075ms)
✔ buildWorkerContext honors neverLoad and byte cap (5.079292ms)
✔ buildWorkerTailPrompt injects configured standards (2.337ms)
✔ buildWorkerContextAsync uses auto selection when cursor rules exist (14.9235ms)
✔ spine init defaults standards to [] for auto-discovery (SP-093) (12.695125ms)
✔ validateSpineConfig rejects invalid referenceDocs (0.22575ms)
✔ loadContextDocEntries stops at byte cap (1.5855ms)
✔ DEFAULT_WORKER_CONTEXT_BYTE_CAP is 32KiB (0.140542ms)
✔ validateWorkerLaunchScriptPath accepts ./scripts/ prefix when file exists (7.59375ms)
✔ validateWorkerLaunchScriptPath rejects ./scripts/../ traversal (1.539875ms)
✔ COVERAGE_THRESHOLD is 77 (0.56025ms)
✔ COVERAGE_INCLUDES scopes src, bin, and extensions (0.4405ms)
✔ FILE_COVERAGE_THRESHOLDS enforces slash-commands.ts floor (0.059291ms)
✔ TEST_GLOBS has bidirectional parity with package.json test script (0.294125ms)
✔ parseAggregateLineCoverage reads all files line percent (0.198417ms)
✔ parseAggregateLineCoverage returns null when summary missing (0.159042ms)
✔ parseAggregateLineCoverage reads coverage:check summary line (0.075708ms)
✔ parsePerFileLineCoverage reads per-file rows (0.321917ms)
✔ findFileCoverageFailures reports missing and below-threshold files (0.174666ms)
node:internal/modules/cjs/loader:1572
  throw err;
  ^

Error: Cannot find module '/Users/cdelgado/Documents/github/pi-spine/.worktrees/spine-20260706T052912/lane-2/tests/dashboard'
    at Module._resolveFilename (node:internal/modules/cjs/loader:1568:15)
    at wrapResolveFilename (node:internal/modules/cjs/loader:1122:27)
    at defaultResolveImplForCJSLoading (node:internal/modules/cjs/loader:1146:10)
    at resolveForCJSWithHooks (node:internal/modules/cjs/loader:1173:12)
    at Module._load (node:internal/modules/cjs/loader:1345:5)
    at wrapModuleLoad (node:internal/modules/cjs/loader:260:19)
    at Module.executeUserEntryPoint [as runMain] (node:internal/modules/run_main:154:5)
    at node:internal/main/run_main_module:33:47 {
  code: 'MODULE_NOT_FOUND',
  requireStack: []
}

Node.js v26.4.0
✖ tests/dashboard (61.081166ms)
✔ formatDashboardStartupMessage includes URL, port, and operator hints (0.5645ms)
✔ formatDashboardStartupMessage notes --port source (0.076042ms)
✔ resolveDashboardPortWithSource prefers CLI over config (199.281708ms)

pi-spine dashboard

  Open in browser: http://127.0.0.1:61325/
  Listen:          127.0.0.1:0 (--port)

  While running:   keep this terminal open; dashboard updates via SSE (~2s)

  In another terminal:
    spine status
    spine batch start <task-id>

  → Open http://127.0.0.1:61325/ in your browser

  API:  http://127.0.0.1:61325/api/snapshot
        http://127.0.0.1:61325/api/events

  Stop: Ctrl+C

✔ runSpineDashboard writes startup to stdout before shutdown (376.6005ms)
✔ spine dashboard CLI prints URL before process exits (3232.739791ms)
✔ emptyLaneThroughputStats returns zeroed task-based fields (1.343833ms)
✔ computeThroughputTasksPerHour is task-based and guards zero elapsed (0.106875ms)
✔ deriveLaneThroughputStats counts completed and failed journal events per lane (1.244042ms)
✔ deriveLaneThroughputStats includes open running task elapsed through now (0.117042ms)
✔ deriveLaneThroughputStats prefers run-metrics duration when present (0.115375ms)
✔ deriveLaneThroughputStats falls back to journal when metrics missing (0.091583ms)
✔ deriveLaneThroughputStats maps tasks by laneNumber when lane metadata is sparse (0.103208ms)
✔ deriveLanesThroughput returns isolated stats per lane (0.159291ms)
✔ summarizeLaneThroughput aggregates counts and recomputes rate from totals (0.129542ms)
✔ NFR-OBS-02: dashboard SSE poll interval defaults to 2s (0.522709ms)
✔ parity: idle — no batch (232.148333ms)
✔ parity: running batch (1893.058625ms)
✔ parity: needs_retry (2095.501209ms)
✔ parity: limbo_stale (2402.527792ms)
✔ parity: completed_manual after manual merge (3686.891709ms)
✔ parity: needs_integrate (2699.448333ms)
✔ parity: completed after integrate (2246.400334ms)
✔ parity: failed phase still reconciles consistently (1917.834166ms)
✔ assertLoopbackHost throws for 0.0.0.0 (0.671625ms)
✔ formatSseDataFrame valid data: line (0.221875ms)
✔ dashboard server serves browser view-model dependency graph (196.738ms)
✔ dashboard server serves snapshot and one SSE frame (184.656208ms)
✔ resolveLaneActivityPhase: heartbeat pi → worker (0.667916ms)
✔ resolveLaneActivityPhase: open code review.started → code review (0.114917ms)
✔ resolveLaneActivityPhase: open final review.started → final review (0.081667ms)
✔ resolveLaneActivityPhase: closed review.started falls through to worker heartbeat (0.080167ms)
✔ resolveLaneActivityPhase: lane.completed code_rework → rework (0.067625ms)
✔ resolveLaneActivityPhase: no active tasks → em dash (0.056917ms)
✔ buildLaneRows exposes activityPhase fields (0.793125ms)
✔ computeActiveTaskIdsForLane returns running/pending tasks in current wave only (0.978708ms)
✔ computeRunningTaskIdForLane returns at most one running task in current wave (0.172583ms)
✔ computeQueuedTaskIdsForLane returns pending tasks in lane.taskIds order (0.122334ms)
✔ buildLaneRows exposes runningTaskId, queuedTaskIds, and deprecated activeTaskIds union (0.809834ms)
✔ buildLaneRows exposes activeTaskIds separate from batch assignment (0.189167ms)
✔ buildLaneRows attaches per-lane throughput stats from journal (1.421958ms)
✔ resolveLaneHeartbeatMeta reads latest lane heartbeat kind and phase (0.98875ms)
✔ formatLaneHeartbeatDisplay shows launching instead of age (0.107708ms)
✔ dashboard snapshot exposes launching heartbeat display from journal (1082.389083ms)
✔ buildDefaultViewStatus exposes gate missing affordance for needs_integrate (0.217375ms)
✔ idle snapshot diagnosis null matches reconcile (196.055625ms)
✔ running batch fixture has lanes and waves (1106.279667ms)
✔ truncateWorktreePath keeps trailing segments (0.177208ms)
✔ classifyLaneStatus stale when heartbeat old (0.106125ms)
✔ classifyLaneStatus does not mark lane completed when doneInLane but cache pending under engine_orphaned (0.134666ms)
✔ buildWaveProgress marks prior waves completed (0.123ms)
✔ buildWaveProgress marks last wave completed when all tasks terminal-success (0.08475ms)
✔ buildWaveProgress keeps in-flight current wave active (0.06125ms)
✔ diagnosisBadgeClass maps needs_integrate separately from running (1.209ms)
✔ idle snapshot uses reconcile headline (0.480208ms)
✔ buildActionChips exposes copyable primary and alternatives (0.223083ms)
✔ needs_integrate banner ignores completed phase for badge color (0.099667ms)
✔ needs_integrate without gate record shows default gate affordance (0.160834ms)
✔ buildDashboardViewModel includes all §16.1 panels (0.370125ms)
✔ buildLaneTableModel exposes throughput columns for lanes (0.111458ms)
✔ buildLaneTableSummaryModel aggregates when multiple lanes present (0.097667ms)
✔ buildLaneTableSummaryModel is null for single lane (0.074166ms)
✔ lane-throughput-multi-lane fixture drives throughput column values (2.689917ms)
✔ lane-throughput-multi-lane fixture documents SP-327 throughput field contract (0.517333ms)
✔ buildLaneTableModel exposes heartbeatDisplay for launching lanes (0.099333ms)
✔ dashboard.js uses heartbeatDisplay without double-formatting (0.153583ms)
✔ buildBannerModel uses finalizing badge and macro phase during tail state (0.113ms)
✔ buildBannerModel reflects gating macro phase during post-merge tail (0.120375ms)
✔ buildBannerModel keeps running badge when workers are active (0.074ms)
✔ resolveTailActivityLabel prefers recent journal over macro phase during tail (0.151541ms)
✔ buildTailActivityModel exposes lane table subline when lanes are idle during tail (0.09925ms)
✔ resolveTailActivityLabel returns null when running task is active (0.051542ms)
✔ dashboard.js renders lane table tail activity footer row (0.135791ms)
✔ banner uses diagnosis badge class, not macro phase (0.051125ms)
✔ resolveStaticAsset serves dashboard public files and view.mjs (0.391667ms)
✔ dashboard server GET / returns HTML shell (195.92625ms)
✔ running batch view model exposes journal for bottom panel (0.21825ms)
✔ idle snapshot has empty journal via idle flag (0.057375ms)
✔ buildLaneDetailModel exposes recent events and log tail (0.058625ms)
✔ buildLaneTableModel includes lane detail on each row (0.061334ms)
✔ buildLaneRecentEvents returns last five lane-scoped journal entries (0.093792ms)
✔ buildJournalModel filters by lane id (0.054084ms)
✔ buildJournalLaneFilterOptions lists lane ids (0.578542ms)
✔ buildLaneRows attaches recentEvents and logTail from snapshot inputs (159.970583ms)
✔ resolveLaneWorkerLog prefers live log over terminal output (205.921042ms)
✔ dashboard.js builds gate status without innerHTML (0.41975ms)
✔ dashboard.js uses textContent for gate status badge and kind label (0.1465ms)
✔ dashboard HTML exposes lane detail and journal lane filter hooks (0.312417ms)
✔ dashboard server HTML includes journal lane filter (187.23375ms)
✔ spineAgentsUseInherit is true when worker or reviewer effective pin inherits (0.547875ms)
✔ formatReviewerEffectivePins shows resolved per-type model and thinking (0.154792ms)
✔ buildReviewerPerTypePinsDoctorCheck reports effective per-type pins (0.077791ms)
✔ resolvePiDefaultProvider prefers project settings over global (5.878375ms)
✔ buildAgentModelInheritDoctorCheck warns on inherit + lmstudio (0.271417ms)
✔ buildAgentModelInheritDoctorCheck passes when models pinned (0.081667ms)
✔ buildAgentModelInheritDoctorCheck passes when inherit but pi not lmstudio (0.082792ms)
✔ readPiSettingsFile returns null for missing or invalid JSON (0.081958ms)
✔ countMediumLargeTasks counts only M and L sizes with per-size breakdown (12.146458ms)
✔ buildBatchSizeGuidanceWarning returns null below threshold (1.791125ms)
✔ buildBatchSizeGuidanceWarning M-only batch does not mention L (2.934125ms)
✔ formatPlanHuman appends batch size guidance warning (2.692625ms)
✔ buildBatchSizeGuidanceWarning mixed batch shows both M and L counts (3.152083ms)
✔ appendBatchSizeGuidanceToPlanOutput skips warning in stub mode (2.259125ms)
✔ isPiWebAccessPackageSource matches npm and path entries (0.624666ms)
✔ detectPiWebAccessExtensionConflict flags npm plus local checkout (1.814333ms)
✔ detectPiWebAccessExtensionConflict ok with single source (0.669417ms)
✔ buildPiExtensionConflictDoctorCheck warns with actionable command (1.007292ms)
✔ shouldWorkerUsePiNoExtensions mirrors conflict assessment (0.952042ms)
✔ isPiExtensionConflictOutput detects worker spawn conflict text (0.143792ms)
✔ resolvePiPackageSourcePath resolves npm and relative entries (0.073375ms)
✔ readPiPackageSources returns empty for missing settings (0.453042ms)
✔ isAuthErrorText detects authentication failures (0.702ms)
✔ parsePiListModelsRows and listModelsForProvider filter by provider (0.817333ms)
✔ resolveModelIdForProvider prefers defaultModel when provider matches (0.089542ms)
✔ buildInheritProviderAuthDoctorCheck passes when agents pinned to cursor/auto (0.208042ms)
✔ buildInheritProviderAuthDoctorCheck passes when inherit resolves to cursor (0.097291ms)
✔ buildInheritProviderAuthDoctorCheck fails when probe reports 401 (7.261209ms)
✔ buildInheritProviderAuthDoctorCheck fails when provider has no authenticated models (7.465958ms)
✔ probeInheritProviderAuth succeeds when list and probe pass (6.275042ms)
✔ INTEGRATE_DEFAULTS match issue #91 config sketch (0.939958ms)
✔ applyConfigDefaults merges integrate section (0.208666ms)
✔ buildConcurrentDevDoctorCheck passes with no active batch (201.253375ms)
✔ buildConcurrentDevDoctorCheck passes when human is on a feature branch (2212.446709ms)
✔ buildConcurrentDevDoctorCheck warns on active batch + dirty main (warn mode) (2701.592583ms)
✔ buildConcurrentDevDoctorCheck fails on active batch + dirty main (block mode) (3294.904958ms)
✔ buildConcurrentDevDoctorCheck passes when allowHumanOnBaseBranch=allow (321.503375ms)
✔ runDoctorChecks surfaces concurrent-dev warning when configured (8440.479083ms)
✔ isDisplayLabel matches pi TUI display labels (0.910666ms)
✔ isDisplayLabel rejects canonical ids and invalid strings (0.078709ms)
✔ displayLabelToCanonical converts to provider/model (0.078208ms)
✔ displayLabelToCanonical returns null for non-labels (0.066542ms)
✔ isCanonicalModelId validates provider/model format (0.138166ms)
✔ isCanonicalModelId rejects non-canonical strings (0.056ms)
✔ normalizeModelId passes canonical ids through (0.073958ms)
✔ normalizeModelId converts display labels to canonical (0.059ms)
✔ normalizeModelId passes special values through (0.468833ms)
✔ normalizeModelId rejects unrecognized formats (0.18175ms)
✔ normalizeModelId rejects non-string input (0.062541ms)
✔ validateModelIdFormat accepts canonical ids (0.091291ms)
✔ validateModelIdFormat accepts special values and non-strings (0.057334ms)
✔ validateModelIdFormat flags display labels with canonical hint (0.0775ms)
✔ validateModelIdFormat flags unrecognized formats (0.039625ms)
✔ buildAgentModelIdsDoctorCheck passes when all pins are canonical (0.141ms)
✔ buildAgentModelIdsDoctorCheck fails when display label is in config (0.130958ms)
✔ buildAgentModelIdsDoctorCheck fails on invalid format (0.08225ms)
✔ buildAgentModelIdsDoctorCheck passes when no models configured (0.040834ms)
✔ buildAgentModelIdsDoctorCheck skips inherit and empty values (0.051584ms)
✔ settings set normalizes display label to canonical id (0.884875ms)
✔ settings set passes canonical id through unchanged (0.139ms)
✔ settings set rejects invalid model id format (0.063292ms)
✔ settings set allows inherit for model fields (0.071375ms)
✔ settings set rejects invalid model id in JSON mode (0.075625ms)
✔ settings set normalizes worker model display label (0.075917ms)
✔ settings set normalizes per-type reviewer model display label (0.080708ms)
✔ fingerprintRulesManifest ignores generatedAt (0.562667ms)
✔ buildRulesManifestDoctorCheck warns when manifest missing (3.331416ms)
✔ buildRulesManifestDoctorCheck warns when manifest stale (6.652417ms)
✔ resolveSpineOnPath uses which by default (0.589042ms)
✔ readPackageVersion reads package.json version (0.449042ms)
✔ buildStalePathDoctorCheck warns when spine not on PATH (0.185208ms)
✔ buildStalePathDoctorCheck ok when PATH matches package bin (0.125042ms)
✔ buildStalePathDoctorCheck warns on version mismatch (1.140083ms)
✔ buildStalePathDoctorCheck warns on mtime mismatch only (0.802958ms)
✔ isStalePathSpineBlocking true only for stale PATH label (0.074875ms)
✔ isStalePathSpinePreflightBlocking requires version mismatch detail (0.068417ms)
✔ readSpineCliVersion parses spine --version output (817.880958ms)
✔ resolveInProgressSpineBatchId returns batchId for running batch (188.657958ms)
✔ resolveInProgressSpineBatchId returns null for completed batch (186.346416ms)
✔ listStaleSpineWorktreeBatchIds flags dirs without matching active batch (174.441125ms)
✔ buildStaleWorktreesDoctorCheck warns on stale worktree dirs (164.930208ms)
✔ buildStaleWorktreesDoctorCheck passes when only active batch dir exists (168.21325ms)
✔ runDoctorChecks includes stale worktrees warning (10800.021084ms)
✔ buildStallConfigDoctorCheck warns when stall timeout unset for real pi (0.602042ms)
✔ buildStallConfigDoctorCheck passes when stall timeout configured high (0.103625ms)
✔ isStubWorkerMode respects SPINE_WORKER_STUB (0.076708ms)
✔ resolveConfiguredStallMinutes returns null when missing (0.065208ms)
✔ suggestMaxParallel(4) → 2 (0.528791ms)
✔ suggestMaxParallel(8) → 4 (0.066292ms)
✔ suggestMaxParallel(1) → 1 (0.116708ms)
✔ suggestMaxParallel(2) → 1 (0.05475ms)
✔ buildMaxParallelDoctorCheck warns when configured exceeds suggested + 1 (0.166291ms)
✔ buildMaxParallelDoctorCheck no warning when configured matches suggested (0.064916ms)
✔ buildMaxParallelDoctorCheck no warning at default 3 when suggested is 2 (4-core) (0.055ms)
✔ supervisor settings paths are registered (0.548542ms)
✔ agents.supervisor.enabled accepts booleans and CLI strings (0.147125ms)
✔ agents.supervisor.pollIntervalMs enforces minimum 1000ms (0.170375ms)
✔ agents.supervisor.model accepts inherit and optional empty (0.085292ms)
✔ agents.supervisor.autoNudge accepts booleans (0.07125ms)
✔ buildSupervisorConfigDoctorCheck passes when disabled (0.133625ms)
✔ buildSupervisorConfigDoctorCheck fails when enabled and template missing (4.251709ms)
✔ buildSupervisorConfigDoctorCheck fails when enabled and model invalid (3.102042ms)
✔ buildSupervisorConfigDoctorCheck passes when enabled with template and valid model (2.360167ms)
✔ collectTaskPacketSizeIssues flags XL and too many steps on pending packet (2.649042ms)
✔ collectTaskPacketSizeIssues ignores tasks with .DONE (1.166333ms)
✔ classifyBatchStateSource uses path and content markers (0.582458ms)
✔ assessOrchestratorCoexistence passes when no batch-state files (191.392916ms)
✔ assessOrchestratorCoexistence fails on active Taskplane batch in .pi (2337.4755ms)
✔ assessOrchestratorCoexistence fails when spine and Taskplane batches both active (5683.669ms)
✔ buildCoexistencePreflightCheck blocks spine start when Taskplane batch active (2138.275458ms)
✔ runBatchPreflight fails with orchestrator-coexistence when Taskplane batch active (3748.610125ms)
✔ runDoctorChecks reports mutual exclusion failure for Taskplane batch (6896.089083ms)
✔ buildCoexistenceDoctorCheck passes when only pi-spine batch is active (1459.58175ms)
✔ buildWorktreeHealthDoctorCheck passes with no worktrees (231.418834ms)
✔ buildWorktreeHealthDoctorCheck flags absolute gitdir (235.563792ms)
✔ /spine-status reports idle reconciliation on clean repo (358.384291ms)
✔ /spine-deps delegates to CLI and notifies graph output (290.679542ms)
✔ /spine-plan succeeds after preflight passes (8149.664042ms)
✔ /spine-dismiss archives limbo batch state (1404.330917ms)
✔ /spine-pause pauses a running spine batch (331.181375ms)
✔ /spine-resume resumes a paused spine batch (1319.621083ms)
✔ /spine-retry-task resets a failed task (310.227708ms)
✔ /spine-skip-task skips a failed task (306.708333ms)
✔ /spine-abort archives an active spine batch (302.160666ms)
✔ /spine-next prints reconciliation suggestion (281.196792ms)
✔ /spine-validate checks pending task packets (350.832583ms)
✔ /spine-handoff writes operator note and notifies (2033.153375ms)
✔ /spine-gate inspects integrate gate state (348.255292ms)
✔ /spine-integrate dry-run reports merge preview (627.361833ms)
✔ /spine-settings shows interactive configuration menu (151.923791ms)
✔ /spine-dashboard notifies listen URL and port source (206.018417ms)
✔ /spine entry warns on limbo_stale diagnosis (1011.006833ms)
✔ /spine entry warns on needs_retry diagnosis (946.476833ms)
✔ /spine entry reports running batch headline (920.75675ms)
✔ /spine entry starts batch when scope provided after preflight (8366.27225ms)
✔ /spine-deps truncates very large dependency output (1174.810958ms)
✔ parseSpineOrchestrateArgs defaults to pending scope and wave 0 (1.38575ms)
✔ formatOrchestratePrompt includes wave tasks, outer loop, and skill link (0.272875ms)
✔ formatOrchestratePrompt states no auto gate approve or integrate (0.127833ms)
✔ formatOrchestratePrompt respects --from-wave filter (0.079125ms)
✔ formatOrchestratePrompt reports empty plan guidance (0.076709ms)
✔ /spine-orchestrate emits structured prompt from spine plan (8245.184792ms)
✔ /spine-orchestrate does not invoke gate or integrate CLI (6118.809417ms)
✔ /spine-orchestrate fails when preflight fails (4876.842583ms)
✔ spine-config template documents commented worktreeSetupHook example (0.812208ms)
✔ stripTemplateOnlyKeys removes _examples from init output (0.118667ms)
✔ extractPubspecAssetPaths parses flutter asset entries (0.604791ms)
✔ runInit copies Flutter worktree setup hook template to scripts/ (23.589166ms)
✔ copyFlutterWorktreeSetupHookTemplate skips existing hook without force (14.135ms)
✔ findGitignoredPubspecAssetsOnMain detects gitignored assets present on main (163.26475ms)
✔ buildGitignoredPubspecAssetsDoctorCheck warns when hook not configured (175.924209ms)
✔ buildGitignoredPubspecAssetsDoctorCheck warns when lane missing gitignored assets (179.439375ms)
✔ parseMigrateArgs rejects --source without value (0.678708ms)
✔ runMigrateFromTaskplane fails when source file is missing (2.713375ms)
✔ runMigrateFromTaskplane refuses overwrite without force (4.028917ms)
✔ runMigrateFromTaskplane dry-run does not write config (1.097167ms)
✔ loadTaskplaneConfig reads repo fixture (0.693792ms)
✔ mapTaskplaneToSpine maps repo fixture to valid spine config (0.79525ms)
✔ mapTaskplaneToSpine honors tasksRootOverride (0.23775ms)
✔ mapTaskplaneToSpine ignores unknown keys (0.2345ms)
✔ mapMaxParallel clamps invalid and excessive values (0.0695ms)
✔ loadTaskplaneConfig fails loud on missing file (0.274416ms)
✔ DEFAULT_TASKPLANE_SOURCE_PATH matches repo layout (0.113792ms)
✔ normalizeFileScopePath strips trailing globs and normalizes separators (0.703875ms)
✔ pathsOverlap detects parent/child and rejects unrelated prefixes (0.079834ms)
✔ fileScopesOverlap detects parent/child directory overlap (1.789208ms)
✔ fileScopesOverlap detects exact file overlap in same wave scenario (0.08475ms)
✔ fileScopePatternsOverlap handles wildcard file globs (0.3055ms)
✔ fileScopePatternsOverlap does not treat dotted sibling paths as overlapping (0.63575ms)
✔ fileScopePatternsOverlap handles literal paths with regex metacharacters (1.323625ms)
✔ expandFileScopeProbes produces nested paths for directory globs (0.176708ms)
✔ findWaveFileScopeOverlaps returns pairs within the same wave only (0.617542ms)
✔ findWaveFileScopeOverlaps matches issue #31 parent/child safety paths (0.1265ms)
✔ findWaveFileScopeOverlaps ignores single-task waves (0.271416ms)
✔ planWaves serializes two tasks with the same file to one virtual lane (0.275792ms)
✔ assignLanesToWaves uses glob-aware overlap for wildcard scopes (0.094375ms)
✔ formatFileScopeOverlapWarnings lists wave and task pairs (0.117042ms)
✔ buildPlan reports file-scope overlaps and serializes conflicting tasks (30.699292ms)
✔ formatPlanHuman shows serial lane as bullet list with titles (1.745709ms)
✔ formatPlanHuman shows parallel lanes and omits tick jargon (0.118209ms)
✔ formatPlanHuman includes start hints for multi-wave plans (0.109667ms)
✔ topoWaves groups tasks into deterministic dependency waves (1.02125ms)
✔ buildGraph includes nodes that only appear as dependencies (0.107417ms)
✔ findCyclePath returns a closed cycle path (0.893291ms)
✔ repo spine-tasks plan has wave0 TP-006||TP-007 and wave1 TP-008 (36.04775ms)
✔ TP-034/038/041 disjoint scopes get three virtual lanes in tick 0 (1.189166ms)
✔ overlapping file scopes share one virtual lane (serialized) (0.170875ms)
✔ buildPlan for TP-034 TP-038 TP-041 lists three lanes in human output (24.809292ms)
✔ spine plan CLI shows three lanes for TP-034 TP-038 TP-041 (175.055584ms)
✔ assignLanesToWaves assigns disjoint file scopes to separate virtual lanes (0.747667ms)
✔ assignLanesToWaves packs overlapping file scopes into same virtual lane (0.125583ms)
✔ assignLanesToWaves respects maxParallel by queueing excess virtual lanes into ticks (0.114375ms)
✔ filterPendingTaskIds excludes tasks with .DONE marker (15.430667ms)
✔ parseScope pending mode returns pending IDs and excluded count (5.253584ms)
✔ parseScope pending throws when all tasks are done (3.817625ms)
✔ buildPlan pending scope preserves dependency waves (10.523125ms)
✔ filterPendingTaskIds excludes tasks with .SUPERSEDED marker (5.504542ms)
✔ summarizePendingScope counts excluded tasks (6.542333ms)
✔ runSpinePlan pending with all .DONE returns exit 0 informational output (65.510917ms)
✔ runSpinePlan pending JSON with all .DONE returns synthetic plan (12.477834ms)
✔ runSpinePlan pending with all .DONE does not throw (3.775708ms)
✔ parseScope pending empty error carries structured metadata (11.799625ms)
✔ runSpinePlan pending output includes maxParallel from config (8.234292ms)
✔ buildPlan rejects invalid heading separator (27.068833ms)
✔ buildPlan rejects missing testing coverage (5.516333ms)
✔ buildPlan rejects missing File Scope section (4.174833ms)
✔ runSpinePlan exits with validation errors for invalid PROMPT (5.390625ms)
✔ buildPlan accepts valid PROMPT packets (6.473625ms)
✔ parseScope glob escapes literal dots in path patterns (4.383792ms)
✔ parseScope glob escapes literal parentheses in path patterns (2.086209ms)
✔ parseScope glob with plus in path pattern matches literally (2.157459ms)
✔ parseScope TP-* glob scopes remain unchanged (3.569ms)
✔ parseScope('all') selects all discovered tasks (14.399917ms)
✔ parseScope('TP-002') selects explicit task IDs (3.235583ms)
✔ parseScope supports glob path patterns (3.214667ms)
✔ resolveWaveTaskIds returns wave task IDs (0.882041ms)
✔ resolveWaveTaskIds rejects out-of-range and empty waves (0.142292ms)
✔ filterPlanToWave narrows plan to one wave (0.617459ms)
✔ parseBatchStartWaveFilter accepts --wave and --through-wave (0.141292ms)
✔ parseBatchStartWaveFilter rejects conflicting and invalid flags (0.085375ms)
✔ registerSpineSlashCommands registers all PRD §15.1 command names (0.682583ms)
✔ /spine-retry-task without task id notifies usage error (0.16075ms)
✔ /spine-skip-task without task id notifies usage error (0.116916ms)
✔ /spine-plan notifies error when preflight fails (7967.615375ms)
✔ /spine handler runs preflight before batch guidance (5766.465958ms)
✔ buildDepsReport returns empty graph for isolated task with no deps (216.340458ms)
✔ buildDepsReport detects synthetic dependency cycle (196.818833ms)
✔ cycleNodesFromPath deduplicates closing node (0.197541ms)
✔ depsToEdges and formatDepsHuman render dependency flow (0.170958ms)
✔ repo fixture TP-031 scope shows TP-030 dependency edge (10.401458ms)
✔ spine deps CLI emits JSON shape with nodes, edges, cycles, waves (376.40025ms)
✔ spine deps CLI exits 1 when cycle detected (437.964583ms)
✔ findCyclePath returns path for cyclic graph (0.221083ms)
✔ init --preset taskplane-compat --tasks-root taskplane-tasks --dry-run produces expected keys (7.454708ms)
✔ init --preset taskplane-compat defaults tasksRoot to taskplane-tasks (2.853125ms)
✔ plain init applies spine defaults without preset flag (3.674667ms)
✔ init rejects unknown preset (0.86525ms)
✔ fresh init creates config, agents, tasks root, and gitignore entries (12.767042ms)
✔ init skips constitution.md when it already exists without --force (9.937708ms)
✔ buildConstitutionMd substitutes project title from directory name (0.487541ms)
✔ init without --force refuses when spine-config.json exists (10.874416ms)
✔ --tasks-root taskplane-tasks sets paths.tasksRoot correctly (9.401125ms)
✔ --dry-run makes no filesystem changes (2.797125ms)
✔ init skips CONTEXT.md when it already exists without --force (7.349208ms)
✔ init --force overwrites existing CONTEXT.md (10.671167ms)
✔ buildContextMd substitutes project title from directory name (0.37225ms)
✔ --dry-run plans CONTEXT.md create without writing files (1.756792ms)
✔ ensureGitignoreEntries appends only missing entries (0.988458ms)
✔ runPreflightPlanCheck builds wave plan during preflight (1523.083833ms)
✔ runReconciliationCheck returns real diagnosis for running batch (1956.57975ms)
✔ checkDoctor fails when doctor reports issues (0.27375ms)
✔ checkStalePathSpine fails when PATH spine version is stale (0.980333ms)
✔ checkGitClean lists up to 20 dirty paths (116.35975ms)
✔ checkNoActiveBatch passes when no batch-state file exists (367.648125ms)
✔ checkNoActiveBatch calls reconciliation when batch-state exists (369.860417ms)
✔ checkTasksRoot validates discoverable task folders (305.904333ms)
✔ checkDependenciesJson validates version and task IDs (324.629875ms)
✔ runBatchPreflight passes on initialized clean fixture (1446.943875ms)
✔ runBatchPreflight fails when git working tree is dirty (1318.442917ms)
✔ runPreflightPlanCheck validates pending scope only (SP-122) (355.4475ms)
✔ checkTasksValidate exposes distinct tasks-validate check id (252.627666ms)
✔ runBatchPreflight includes tasks-validate check distinct from plan (1152.802375ms)
✔ runBatchPreflight fails on limbo fixture with dismiss suggestion (3496.608833ms)
✔ runBatchPreflight passes when all tasks have .DONE (zero pending) (1100.027208ms)
✔ checkGitClean passes when only rules-manifest generatedAt drifted (247.066708ms)
✔ checkGitClean still fails when rules-manifest rules[] differ (251.181834ms)
✔ spine run pending is alias for batch start pending (535.923208ms)
✔ spine run all dry-run matches pending-filtered batch start (465.375666ms)
✔ applySetting merges nested dotted paths (0.661708ms)
✔ runSettingsSetOperation rejects unknown path (0.212208ms)
✔ runSettingsSetOperation rejects invalid value (0.132459ms)
✔ runSettingsSetOperation returns merged config on success (0.348709ms)
✔ writeSpineConfigAtomic writes valid JSON atomically (262.0095ms)
✔ spine settings set updates maxParallel on disk (695.981917ms)
✔ spine settings set rejects bad value (569.274708ms)
✔ spine settings set --dry-run leaves config unchanged (562.901333ms)
✔ spine settings set --json reports write metadata (592.981834ms)
✔ spine settings set exits 1 with suggestedCommand when config missing (825.537833ms)
✔ getValueAtPath reads nested config values (0.617625ms)
✔ formatSettingsShow lists all editable fields in human mode (0.419083ms)
✔ formatSettingsShow returns JSON fields array for all settings (0.553209ms)
✔ formatSettingsShow single path mode prints one value (0.132583ms)
✔ formatSettingsShow rejects unknown path (0.100042ms)
✔ buildSettingsShowFields mirrors registry order (0.222375ms)
✔ spine settings show CLI prints editable fields from temp config (553.871333ms)
✔ spine settings show CLI single path and JSON modes (716.447417ms)
✔ spine settings show CLI exits 1 with suggestedCommand when config missing (743.169167ms)
✔ formatSettingsSlashMenu lists at least five editable fields with set hints (0.696375ms)
✔ runSpineSettingsSlash notifies menu with live config fields (409.900625ms)
✔ runSpineSettingsSlash set subcommand persists a valid change (300.8845ms)
✔ runSpineSettingsSlash set reports usage error without path and value (395.621792ms)
✔ runSpineSettingsSlash reports missing config with suggested init (331.595541ms)
✔ fileScopesOverlap detects parent/child path overlap (0.712709ms)
✔ extractExploreSlugsFromContext finds explore findings paths (0.575084ms)
✔ collectWaveMCountFindings warns when a wave has more than four M tasks (0.113292ms)
✔ collectPromptJsonDepsDriftFindings reports missing JSON entry (0.109334ms)
✔ runSpineTasksAnalyze exits 0 for clean scope (382.121667ms)
✔ runSpineTasksAnalyze reports parallel file-scope overlap as blocking (388.518541ms)
✔ runSpineTasksAnalyze reports dependency cycle as blocking (404.667ms)
✔ runSpineTasksAnalyze exits 0 when only warnings are present (372.293958ms)
✔ runSpineTasksAnalyze warns for missing explore findings referenced in CONTEXT (417.110791ms)
✔ runSpineTasksAnalyze --json emits AnalyzeTasksResult (338.213208ms)
✔ spine tasks analyze CLI exits 1 for blocking overlap (472.41825ms)
✔ spine tasks analyze CLI exits 0 for warnings-only scope (438.077416ms)
✔ spine help tasks documents analyze subcommand (171.774833ms)
✔ parseContract extracts all five contract fields from a valid table (3.34875ms)
✔ validateContract passes for a valid contract table (2.957875ms)
✔ parseContract and validateContract handle an empty contract table (0.223041ms)
✔ validateContract warns on unknown contract fields (0.122583ms)
✔ parseContract reports duplicate field rows as errors (0.149875ms)
✔ parseContract accepts plain-text testCommand values (0.077375ms)
✔ parseContract returns hasSection false when Contract heading is absent (0.087917ms)
✔ CONTRACT_FIELD_NAMES lists all normative contract fields (0.068792ms)
✔ parseContract resolves see File Scope to File Scope bullet paths (0.148917ms)
✔ parseContract excludes optional File Scope bullets from see File Scope expansion (0.14575ms)
✔ validateContract errors on em-dash placeholders in required mode (0.11775ms)
✔ validateContract errors on see File Scope with empty File Scope section in required mode (0.239083ms)
✔ validateContract warns on placeholders in optional mode (0.082834ms)
✔ parseContract treats em dash contract cells as empty path lists (0.112417ms)
✔ parseContract splits comma-separated paths inside a single backtick wrapper (SP-396) (0.0775ms)
✔ parseContract splits comma-separated artifacts inside a single backtick wrapper (0.070959ms)
✔ validateContract warns on comma-in-single-backtick path lists in optional mode (0.17625ms)
✔ validateContract errors on comma-in-single-backtick path lists in required mode (0.117625ms)
✔ mergeDeps unions identical sets from PROMPT and JSON (0.876125ms)
✔ mergeDeps JSON wins when PROMPT and JSON disagree (0.085959ms)
✔ mergeTaskDeps uses golden fixtures end-to-end (1.534292ms)
✔ mergeDeps returns PROMPT deps when JSON has no entry (0.09375ms)
✔ TASK_HEADING_RE requires em dash (U+2014) (0.588541ms)
✔ parsePrompt extracts required sections and steps from golden S fixture (1.165792ms)
✔ validatePrompt rejects hyphen separator in heading (0.58375ms)
✔ discoverTasks finds three golden fixtures (8.883916ms)
✔ parsePromptDependencies parses list and Requires forms (0.436833ms)
✔ parseStatus mirrors step numbers and checkbox state (1.067417ms)
✔ getStepProgress aggregates checkbox completion (0.342833ms)
✔ listIncompleteSteps returns unchecked items per step (0.286292ms)
✔ FX-invalid-no-testing fails validatePrompt for missing Testing step (1.891334ms)
✔ FX-missing-contract fails validatePrompt in required contract mode (0.714834ms)
✔ FX-valid-contract passes validatePrompt in required contract mode (1.304792ms)
✔ FX-final-replan has Review Level >= 1 for REPLAN integration path (0.723292ms)
✔ formatTasksValidateHuman prefixes summary before failure details (0.729708ms)
✔ runSpineTasksValidate exits 0 for valid PROMPT packets (398.775ms)
✔ runSpineTasksValidate reports same failure message as planner for invalid PROMPT (381.676958ms)
✔ runSpineTasksValidate returns exit 2 for missing config (363.999125ms)
✔ runSpineTasksValidate returns exit 2 for unresolved scope (389.225917ms)
✔ spine tasks validate CLI exits 0 for valid scope (488.918417ms)
✔ spine tasks validate CLI exits 1 for invalid PROMPT (471.482209ms)
✔ buildTasksValidateResult matches TasksValidateResult schema (0.276375ms)
✔ collectTaskAdvisoryWarnings reports folder, STATUS, and deps mismatches (0.284292ms)
✔ runSpineTasksValidate --json emits TasksValidateResult (346.780083ms)
✔ runSpineTasksValidate --warnings-only keeps exit 0 for advisory issues (237.203958ms)
✔ spine tasks validate CLI --json exits 0 for valid scope (324.151167ms)
✔ spine help tasks documents validate subcommand (119.95275ms)
✔ spine tasks validate CLI exits 2 for config error (308.032375ms)
✔ validateContract warns when fileScopeMustNotChange includes spine-tasks/** (4.291375ms)
✔ validateContract warns when pattern matches current task folder only (1.738291ms)
✔ validateContract is quiet for parallel product-path guards (0.621916ms)
✔ collectFileScopeMustNotChangeWarnings dedupes broad spine-tasks ban over task folder (0.163917ms)
✔ collectFileScopeMustNotChangeWarnings ignores other task folders (0.178875ms)
✔ collectFileScopeMustNotChangeWarnings respects custom tasksRoot (0.154583ms)
✔ collectFileScopeMustNotChangeWarnings skips current-task check without taskId (0.1685ms)
✔ collectStaleFileScopeMustChangeWarnings is quiet when scope paths unchanged since task intro (646.684375ms)
✔ collectStaleFileScopeMustChangeWarnings warns when scope paths changed on main after task intro (780.414625ms)
✔ collectStaleFileScopeMustChangeWarnings ignores tasks without fileScopeMustChange (549.941084ms)
✔ parseReportProgressArgs reads step and checkbox flags (0.528166ms)
✔ reportTaskProgress appends task.step_completed with metadata (4.206459ms)
✔ reportTaskProgress writes journal line on disk (27.202833ms)
✔ reportTaskProgress fails closed without batch context (0.19125ms)
✔ runSpineReportProgress returns non-zero when batchId missing (0.225541ms)
✔ runSpineReportProgress does not write with attach env when attach suppressed (1.212709ms)
✔ requestWorkerGate fails closed without batch context (0.553708ms)
✔ requestWorkerGate returns not_supported for integrate gate (5.688166ms)
✔ requestWorkerGate returns not_supported when no gate record (manual deferred) (1.329ms)
✔ buildReviewStepCliArgs maps params and adds --stub when SPINE_WORKER_STUB=1 (0.857333ms)
✔ executeSpineReviewStep fails closed without SPINE_TASK_FOLDER (0.233542ms)
✔ spine_review_step handler returns APPROVE via stub review (24.177208ms)
✔ spine_review_step handler marks stub spawn failure as tool error (5.826ms)
✔ spine_review_step skips nested reviewer spawn inside worker session (35.059333ms)
✔ registerSpineWorkerTools registers all three PRD worker tools (0.892542ms)
✔ executeSpineReportProgress appends task.step_completed via tool handler (22.375625ms)
✔ executeSpineReportProgress fails closed without batch context (0.37675ms)
✔ spine_request_gate tool returns structured not_supported shape (8.102292ms)
✔ executeSpineRequestGate fails closed without batch context (0.245542ms)
ℹ tests 1732
ℹ suites 0
ℹ pass 1731
ℹ fail 1
ℹ cancelled 0
ℹ skipped 0
ℹ todo 0
ℹ duration_ms 197710.294292

✖ failing tests:

test at tests/dashboard:1:1
✖ tests/dashboard (61.081166ms)
  'test failed'

